{
  "type" : "FeatureCollection",
  "features" : [{"type":"Feature","id":1,"geometry":{"type":"MultiPoint","coordinates":[[-79.504193839999971,43.599924370000053]]},"properties":{"OBJECTID":1,"_id":1,"LOC_ID":1013,"LOC_NAME":"Lakeshore Community Childcare Centre","AUSPICE":"Non Profit Agency","ADDRESS":"101 SEVENTH ST","PCODE":"M8V 3B5","ward":3,"PHONE":"(416) 394-7601","bldg_type":"Public Elementary School","BLDGNAME":"Seventh Street Public School","IGSPACE":0,"TGSPACE":20,"PGSPACE":32,"KGSPACE":52,"SGSPACE":60,"TOTSPACE":164,"subsidy":"Y","run_date":"28JUL26","cwelcc_flag":"Y"}},{"type":"Feature","id":2,"geometry":{"type":"MultiPoint","coordinates":[[-79.420374889999948,43.705765579000058]]},"properties":{"OBJECTID":2,"_id":2,"LOC_ID":1014,"LOC_NAME":"Alternative Primary School Parent Group","AUSPICE":"Non Profit Agency","ADDRESS":"1100 SPADINA RD","PCODE":"M5N 2M6","ward":8,"PHONE":"(416) 322-5385","bldg_type":"Public Elementary School","BLDGNAME":"North Preparatory Public School","IGSPACE":0,"TGSPACE":0,"PGSPACE":12,"KGSPACE":26,"SGSPACE":30,"TOTSPACE":68,"subsidy":"Y","run_date":"28JUL26","cwelcc_flag":"Y"}},{"type":"Feature","id":3,"geometry":{"type":"MultiPoint","coordinates":[[-79.175461624999969,43.793287951000025]]},"properties":{"OBJECTID":3,"_id":3,"LOC_ID":1015,"LOC_NAME":"Cardinal Leger Child Care Centre (Scarborough)","AUSPICE":"Non Profit Agency","ADDRESS":"600 MORRISH RD","PCODE":"M1C 4Y1","ward":25,"PHONE":"(416) 287-0578","bldg_type":"Catholic Elementary School","BLDGNAME":"Cardinal Leger Catholic School","IGSPACE":0,"TGSPACE":10,"PGSPACE":16,"KGSPACE":26,"SGSPACE":50,"TOTSPACE":102,"subsidy":"Y","run_date":"28JUL26","cwelcc_flag":"Y"}},{"type":"Feature","id":4,"geometry":{"type":"MultiPoint","coordinates":[[-79.383809195999959,43.649682410000025]]},"properties":{"OBJECTID":4,"_id":4,"LOC_ID":1016,"LOC_NAME":"George Brown - Richmond Adelaide Childcare Centre","AUSPICE":"Non Profit Agency","ADDRESS":"130 ADELAIDE ST W","PCODE":"M5H 3P5","ward":10,"PHONE":"(416) 415-2453","bldg_type":"Other","BLDGNAME":null,"IGSPACE":10,"TGSPACE":15,"PGSPACE":40,"KGSPACE":0,"SGSPACE":0,"TOTSPACE":65,"subsidy":"Y","run_date":"28JUL26","cwelcc_flag":"Y"}},{"type":"Feature","id":5,"geometry":{"type":"MultiPoint","coordinates":[[-79.281028628999934,43.702952357000072]]},"properties":{"OBJECTID":5,"_id":5,"LOC_ID":1017,"LOC_NAME":"Woodland Nursery School (Warden Woods Community Centre)","AUSPICE":"Non Profit Agency","ADDRESS":"1 FIRVALLEY CRT","PCODE":"M1L 1N8","ward":20,"PHONE":"(416) 694-1138x163","bldg_type":"High Rise Apartment","BLDGNAME":null,"IGSPACE":0,"TGSPACE":10,"PGSPACE":16,"KGSPACE":0,"SGSPACE":0,"TOTSPACE":26,"subsidy":"Y","run_date":"28JUL26","cwelcc_flag":"Y"}},{"type":"Feature","id":6,"geometry":{"type":"MultiPoint","coordinates":[[-79.227026427999988,43.785264658000074]]},"properties":{"OBJECTID":6,"_id":6,"LOC_ID":1021,"LOC_NAME":"Centennial College Progress Campus Child Care Centre","AUSPICE":"Non Profit Agency","ADDRESS":"941 PROGRESS AVE","PCODE":"M1G 3T8","ward":24,"PHONE":"(416) 289-5065","bldg_type":"Community College/University","BLDGNAME":"Centennial College Of Applied Arts & Technology","IGSPACE":10,"TGSPACE":20,"PGSPACE":32,"KGSPACE":0,"SGSPACE":0,"TOTSPACE":62,"subsidy":"Y","run_date":"28JUL26","cwelcc_flag":"Y"}},{"type":"Feature","id":7,"geometry":{"type":"MultiPoint","coordinates":[[-79.479517488999988,43.730867839000041]]},"properties":{"OBJECTID":7,"_id":7,"LOC_ID":1029,"LOC_NAME":"Air-O-Down Child Care Centre","AUSPICE":"Non Profit Agency","ADDRESS":"7 HAWKSDALE RD","PCODE":"M3K 1W3","ward":6,"PHONE":"(416) 633-2014","bldg_type":"Public High School","BLDGNAME":"Downsview Secondary School","IGSPACE":10,"TGSPACE":15,"PGSPACE":24,"KGSPACE":0,"SGSPACE":0,"TOTSPACE":49,"subsidy":"Y","run_date":"28JUL26","cwelcc_flag":"Y"}},{"type":"Feature","id":8,"geometry":{"type":"MultiPoint","coordinates":[[-79.223431246999951,43.75836952800006]]},"properties":{"OBJECTID":8,"_id":8,"LOC_ID":1031,"LOC_NAME":"Cedarbrae Day Nurseries (20 Greencrest)","AUSPICE":"Commercial Agency","ADDRESS":"20 GREENCREST CIRCT","PCODE":"M1G 1B8","ward":24,"PHONE":"(416) 431-2504","bldg_type":"High Rise Apartment","BLDGNAME":"Greencrest Property","IGSPACE":0,"TGSPACE":0,"PGSPACE":16,"KGSPACE":0,"SGSPACE":30,"TOTSPACE":46,"subsidy":"Y","run_date":"28JUL26","cwelcc_flag":"Y"}},{"type":"Feature","id":9,"geometry":{"type":"MultiPoint","coordinates":[[-79.298153964999983,43.712697777000074]]},"properties":{"OBJECTID":9,"_id":9,"LOC_ID":1037,"LOC_NAME":"Tiago Avenue Community Child Care","AUSPICE":"Non Profit Agency","ADDRESS":"145 TIAGO AVE","PCODE":"M4B 2A6","ward":19,"PHONE":"(416) 285-5644","bldg_type":"Public Elementary School","BLDGNAME":"Victoria Park Public School","IGSPACE":0,"TGSPACE":0,"PGSPACE":16,"KGSPACE":0,"SGSPACE":25,"TOTSPACE":41,"subsidy":"Y","run_date":"28JUL26","cwelcc_flag":"Y"}},{"type":"Feature","id":10,"geometry":{"type":"MultiPoint","coordinates":[[-79.427182304999974,43.727425311000047]]},"properties":{"OBJECTID":10,"_id":10,"LOC_ID":1041,"LOC_NAME":"Ledbury Park Child Care Program","AUSPICE":"Non Profit Agency","ADDRESS":"95 FALKIRK ST","PCODE":"M5M 4K1","ward":8,"PHONE":"(416) 782-2539","bldg_type":"Public Elementary School","BLDGNAME":"Ledbury Park Public School","IGSPACE":0,"TGSPACE":0,"PGSPACE":24,"KGSPACE":39,"SGSPACE":90,"TOTSPACE":153,"subsidy":"Y","run_date":"28JUL26","cwelcc_flag":"Y"}},{"type":"Feature","id":11,"geometry":{"type":"MultiPoint","coordinates":[[-79.548275663999959,43.601781232000064]]},"properties":{"OBJECTID":11,"_id":11,"LOC_ID":1044,"LOC_NAME":"Alderwood Action After School","AUSPICE":"Non Profit Agency","ADDRESS":"544 HORNER AVE","PCODE":"M8W 2C2","ward":3,"PHONE":"(416) 259-7738","bldg_type":"Public Elementary School","BLDGNAME":"Sir Adam Beck School","IGSPACE":0,"TGSPACE":15,"PGSPACE":32,"KGSPACE":52,"SGSPACE":90,"TOTSPACE":189,"subsidy":"Y","run_date":"28JUL26","cwelcc_flag":"Y"}},{"type":"Feature","id":12,"geometry":{"type":"MultiPoint","coordinates":[[-79.231567532999975,43.774364871000046]]},"properties":{"OBJECTID":12,"_id":12,"LOC_ID":1045,"LOC_NAME":"Children's Village Day Care Centre #1","AUSPICE":"Commercial Agency","ADDRESS":"1050 MARKHAM RD","PCODE":"M1H 2Y7","ward":24,"PHONE":"(416) 438-3355","bldg_type":"High Rise Apartment","BLDGNAME":null,"IGSPACE":10,"TGSPACE":10,"PGSPACE":32,"KGSPACE":12,"SGSPACE":30,"TOTSPACE":94,"subsidy":"Y","run_date":"28JUL26","cwelcc_flag":"Y"}},{"type":"Feature","id":13,"geometry":{"type":"MultiPoint","coordinates":[[-79.446112846999938,43.645180313000026]]},"properties":{"OBJECTID":13,"_id":13,"LOC_ID":1046,"LOC_NAME":"Ferncliff Daycare And After School Group","AUSPICE":"Non Profit Agency","ADDRESS":"128 FERN AVE","PCODE":"M6R 1K3","ward":4,"PHONE":"(416) 588-1463","bldg_type":"Public Elementary School","BLDGNAME":"Fern Avenue Junior And Senior Public School","IGSPACE":0,"TGSPACE":0,"PGSPACE":32,"KGSPACE":52,"SGSPACE":90,"TOTSPACE":174,"subsidy":"Y","run_date":"28JUL26","cwelcc_flag":"Y"}},{"type":"Feature","id":14,"geometry":{"type":"MultiPoint","coordinates":[[-79.28982694299998,43.676435914000081]]},"properties":{"OBJECTID":14,"_id":14,"LOC_ID":1055,"LOC_NAME":"Balmy Beach Community Day Care Centre","AUSPICE":"Non Profit Agency","ADDRESS":"14 PINE AVE","PCODE":"M4E 1L6","ward":19,"PHONE":"(416) 698-5668","bldg_type":"Public Elementary School","BLDGNAME":"Balmy Beach Public School","IGSPACE":0,"TGSPACE":0,"PGSPACE":16,"KGSPACE":52,"SGSPACE":90,"TOTSPACE":158,"subsidy":"Y","run_date":"28JUL26","cwelcc_flag":"Y"}},{"type":"Feature","id":15,"geometry":{"type":"MultiPoint","coordinates":[[-79.54886381099999,43.728029827000057]]},"properties":{"OBJECTID":15,"_id":15,"LOC_ID":1060,"LOC_NAME":"Braeburn Woods Day Care Centre","AUSPICE":"Non Profit Agency","ADDRESS":"15 TANDRIDGE CRES","PCODE":"M9W 2N8","ward":1,"PHONE":"(416) 745-9472","bldg_type":"Public Elementary School","BLDGNAME":"Braeburn Junior School","IGSPACE":0,"TGSPACE":10,"PGSPACE":16,"KGSPACE":25,"SGSPACE":30,"TOTSPACE":81,"subsidy":"Y","run_date":"28JUL26","cwelcc_flag":"Y"}},{"type":"Feature","id":16,"geometry":{"type":"MultiPoint","coordinates":[[-79.347389706999934,43.689484493000066]]},"properties":{"OBJECTID":16,"_id":16,"LOC_ID":1065,"LOC_NAME":"Network Child Care Services - Child's Nest Early Learning Centre","AUSPICE":"Non Profit Agency","ADDRESS":"121 COSBURN AVE","PCODE":"M4J 2L1","ward":14,"PHONE":"(416) 530-0722x4070","bldg_type":"House","BLDGNAME":null,"IGSPACE":20,"TGSPACE":20,"PGSPACE":0,"KGSPACE":0,"SGSPACE":0,"TOTSPACE":40,"subsidy":"Y","run_date":"28JUL26","cwelcc_flag":"Y"}},{"type":"Feature","id":17,"geometry":{"type":"MultiPoint","coordinates":[[-79.59095808099994,43.734260973000062]]},"properties":{"OBJECTID":17,"_id":17,"LOC_ID":1067,"LOC_NAME":"Martingrove Child Care Centre","AUSPICE":"Commercial Agency","ADDRESS":"256 JOHN GARLAND BLVD","PCODE":"M9V 1N8","ward":1,"PHONE":"(416) 742-1812","bldg_type":"House","BLDGNAME":null,"IGSPACE":0,"TGSPACE":15,"PGSPACE":32,"KGSPACE":0,"SGSPACE":15,"TOTSPACE":62,"subsidy":"Y","run_date":"28JUL26","cwelcc_flag":"Y"}},{"type":"Feature","id":18,"geometry":{"type":"MultiPoint","coordinates":[[-79.229639470999984,43.780534456000055]]},"properties":{"OBJECTID":18,"_id":18,"LOC_ID":1070,"LOC_NAME":"Discovery Place Child Care Centre Ltd.","AUSPICE":"Commercial Agency","ADDRESS":"22 TUXEDO CRT","PCODE":"M1G 3S3","ward":24,"PHONE":"(416) 439-0521","bldg_type":"Purpose Built","BLDGNAME":null,"IGSPACE":10,"TGSPACE":20,"PGSPACE":48,"KGSPACE":20,"SGSPACE":45,"TOTSPACE":143,"subsidy":"Y","run_date":"28JUL26","cwelcc_flag":"Y"}},{"type":"Feature","id":19,"geometry":{"type":"MultiPoint","coordinates":[[-79.556154450999941,43.695906597000032]]},"properties":{"OBJECTID":19,"_id":19,"LOC_ID":1072,"LOC_NAME":"Carefree Preschool Inc.","AUSPICE":"Commercial Agency","ADDRESS":"370 DIXON RD","PCODE":"M9R 1T2","ward":1,"PHONE":"(416) 244-5529","bldg_type":"High Rise Apartment","BLDGNAME":null,"IGSPACE":20,"TGSPACE":30,"PGSPACE":48,"KGSPACE":0,"SGSPACE":0,"TOTSPACE":98,"subsidy":"N","run_date":"28JUL26","cwelcc_flag":"Y"}},{"type":"Feature","id":20,"geometry":{"type":"MultiPoint","coordinates":[[-79.191280442999982,43.758963359000063]]},"properties":{"OBJECTID":20,"_id":20,"LOC_ID":1079,"LOC_NAME":"East Scarb. Boys' & Girls' Club - Eastside Child Care Centre","AUSPICE":"Non Profit Agency","ADDRESS":"20 WALDOCK ST","PCODE":"M1E 2E5","ward":24,"PHONE":"(416) 287-0007","bldg_type":"Public Elementary School","BLDGNAME":"Eastview Public School","IGSPACE":0,"TGSPACE":15,"PGSPACE":24,"KGSPACE":26,"SGSPACE":45,"TOTSPACE":110,"subsidy":"Y","run_date":"28JUL26","cwelcc_flag":"Y"}},{"type":"Feature","id":21,"geometry":{"type":"MultiPoint","coordinates":[[-79.54403210299995,43.750621290000026]]},"properties":{"OBJECTID":21,"_id":21,"LOC_ID":1083,"LOC_NAME":"Lori Gardens Centre For Early Learning","AUSPICE":"Commercial Agency","ADDRESS":"2405 FINCH AVE W","PCODE":"M9M 2X2","ward":7,"PHONE":"(416) 743-1222x221","bldg_type":"High Rise Apartment","BLDGNAME":null,"IGSPACE":10,"TGSPACE":15,"PGSPACE":28,"KGSPACE":22,"SGSPACE":25,"TOTSPACE":100,"subsidy":"Y","run_date":"28JUL26","cwelcc_flag":"Y"}},{"type":"Feature","id":22,"geometry":{"type":"MultiPoint","coordinates":[[-79.347270062999939,43.689496922000046]]},"properties":{"OBJECTID":22,"_id":22,"LOC_ID":1086,"LOC_NAME":"Network - Child's Nest Early Years And Child Care Centre - 123 Cosburn","AUSPICE":"Non Profit Agency","ADDRESS":"123 COSBURN AVE","PCODE":"M4J 2L1","ward":14,"PHONE":"(416) 530-0722x4077","bldg_type":"House","BLDGNAME":null,"IGSPACE":0,"TGSPACE":10,"PGSPACE":48,"KGSPACE":0,"SGSPACE":0,"TOTSPACE":58,"subsidy":"Y","run_date":"28JUL26","cwelcc_flag":"Y"}},{"type":"Feature","id":23,"geometry":{"type":"MultiPoint","coordinates":[[-79.193338504999986,43.757428446000063]]},"properties":{"OBJECTID":23,"_id":23,"LOC_ID":1091,"LOC_NAME":"Eastside Club Day Care - 100 Galloway Road","AUSPICE":"Non Profit Agency","ADDRESS":"100 GALLOWAY RD","PCODE":"M1E 1W7","ward":24,"PHONE":"(416) 281-0262x238","bldg_type":"Community/Recreation Centre","BLDGNAME":null,"IGSPACE":10,"TGSPACE":15,"PGSPACE":24,"KGSPACE":0,"SGSPACE":0,"TOTSPACE":49,"subsidy":"Y","run_date":"28JUL26","cwelcc_flag":"Y"}},{"type":"Feature","id":24,"geometry":{"type":"MultiPoint","coordinates":[[-79.487633824999989,43.614947382000025]]},"properties":{"OBJECTID":24,"_id":24,"LOC_ID":1093,"LOC_NAME":"Martin Luther Child Care - Superior","AUSPICE":"Non Profit Agency","ADDRESS":"5 SUPERIOR AVE","PCODE":"M8V 2M1","ward":3,"PHONE":"(416) 259-2861","bldg_type":"House","BLDGNAME":null,"IGSPACE":0,"TGSPACE":10,"PGSPACE":16,"KGSPACE":0,"SGSPACE":0,"TOTSPACE":26,"subsidy":"Y","run_date":"28JUL26","cwelcc_flag":"Y"}},{"type":"Feature","id":25,"geometry":{"type":"MultiPoint","coordinates":[[-79.355709442999967,43.809486383000035]]},"properties":{"OBJECTID":25,"_id":25,"LOC_ID":1094,"LOC_NAME":"Arbor Glen Community Child Care Centre","AUSPICE":"Non Profit Agency","ADDRESS":"55 FRESHMEADOW DR","PCODE":"M2H 3H6","ward":17,"PHONE":"(416) 497-4040","bldg_type":"Public Elementary School","BLDGNAME":"Arbor Glen Public School","IGSPACE":0,"TGSPACE":0,"PGSPACE":24,"KGSPACE":26,"SGSPACE":45,"TOTSPACE":95,"subsidy":"Y","run_date":"28JUL26","cwelcc_flag":"Y"}},{"type":"Feature","id":26,"geometry":{"type":"MultiPoint","coordinates":[[-79.349680083999942,43.677150668000081]]},"properties":{"OBJECTID":26,"_id":26,"LOC_ID":1095,"LOC_NAME":"Frankland Day Care Centre","AUSPICE":"Non Profit Agency","ADDRESS":"816 LOGAN AVE","PCODE":"M4K 3E1","ward":14,"PHONE":"(416) 463-1413","bldg_type":"Public Elementary School","BLDGNAME":"Frankland Community School","IGSPACE":0,"TGSPACE":0,"PGSPACE":0,"KGSPACE":26,"SGSPACE":50,"TOTSPACE":76,"subsidy":"Y","run_date":"28JUL26","cwelcc_flag":"Y"}},{"type":"Feature","id":27,"geometry":{"type":"MultiPoint","coordinates":[[-79.498405688999981,43.620566264000047]]},"properties":{"OBJECTID":27,"_id":27,"LOC_ID":1098,"LOC_NAME":"Early Adventures Nursery School & Child Care","AUSPICE":"Commercial Agency","ADDRESS":"200 MELROSE ST","PCODE":"M8Y 1B7","ward":3,"PHONE":"(416) 251-5151","bldg_type":"Public Elementary School","BLDGNAME":"George R Gauld Public School","IGSPACE":0,"TGSPACE":15,"PGSPACE":24,"KGSPACE":26,"SGSPACE":30,"TOTSPACE":95,"subsidy":"Y","run_date":"28JUL26","cwelcc_flag":"Y"}},{"type":"Feature","id":28,"geometry":{"type":"MultiPoint","coordinates":[[-79.321345626999971,43.686068457000033]]},"properties":{"OBJECTID":28,"_id":28,"LOC_ID":1101,"LOC_NAME":"Beatty Buddies Daycare","AUSPICE":"Non Profit Agency","ADDRESS":"55 WOODINGTON AVE","PCODE":"M4C 3J6","ward":19,"PHONE":"(416) 570-8687","bldg_type":"Public Elementary School","BLDGNAME":"Earl Beatty Public School","IGSPACE":0,"TGSPACE":15,"PGSPACE":40,"KGSPACE":65,"SGSPACE":120,"TOTSPACE":240,"subsidy":"Y","run_date":"28JUL26","cwelcc_flag":"Y"}},{"type":"Feature","id":29,"geometry":{"type":"MultiPoint","coordinates":[[-79.306329152999979,43.708448244000067]]},"properties":{"OBJECTID":29,"_id":29,"LOC_ID":1103,"LOC_NAME":"Selwyn Community Child Care Centre","AUSPICE":"Non Profit Agency","ADDRESS":"1 SELWYN AVE","PCODE":"M4B 3J9","ward":19,"PHONE":"(416) 285-9730","bldg_type":"Public Elementary School","BLDGNAME":"Selwyn Public School","IGSPACE":0,"TGSPACE":0,"PGSPACE":16,"KGSPACE":26,"SGSPACE":45,"TOTSPACE":87,"subsidy":"Y","run_date":"28JUL26","cwelcc_flag":"Y"}},{"type":"Feature","id":30,"geometry":{"type":"MultiPoint","coordinates":[[-79.566552193999939,43.719313229000079]]},"properties":{"OBJECTID":30,"_id":30,"LOC_ID":1104,"LOC_NAME":"Mandi Day Care","AUSPICE":"Non Profit Agency","ADDRESS":"30 BARRHEAD CRES","PCODE":"M9W 3Z7","ward":1,"PHONE":"(416) 749-8110","bldg_type":"Public (school closed)","BLDGNAME":"Mississauga Private School/ Rexdale (Closed)","IGSPACE":0,"TGSPACE":25,"PGSPACE":32,"KGSPACE":0,"SGSPACE":15,"TOTSPACE":72,"subsidy":"Y","run_date":"28JUL26","cwelcc_flag":"Y"}},{"type":"Feature","id":31,"geometry":{"type":"MultiPoint","coordinates":[[-79.366000713999938,43.699854125000059]]},"properties":{"OBJECTID":31,"_id":31,"LOC_ID":1111,"LOC_NAME":"Rolph Road Day Care","AUSPICE":"Non Profit Agency","ADDRESS":"31 ROLPH RD","PCODE":"M4G 3M5","ward":15,"PHONE":"(416) 487-5862","bldg_type":"Public Elementary School","BLDGNAME":"Rolph Road Public School","IGSPACE":0,"TGSPACE":0,"PGSPACE":24,"KGSPACE":78,"SGSPACE":90,"TOTSPACE":192,"subsidy":"Y","run_date":"28JUL26","cwelcc_flag":"Y"}},{"type":"Feature","id":32,"geometry":{"type":"MultiPoint","coordinates":[[-79.203341362999936,43.751490726000043]]},"properties":{"OBJECTID":32,"_id":32,"LOC_ID":1116,"LOC_NAME":"Guildwood Child Care","AUSPICE":"Commercial Agency","ADDRESS":"3969 KINGSTON RD","PCODE":"M1J 3H8","ward":24,"PHONE":"(416) 261-4476","bldg_type":"High Rise Apartment","BLDGNAME":null,"IGSPACE":10,"TGSPACE":20,"PGSPACE":32,"KGSPACE":8,"SGSPACE":30,"TOTSPACE":100,"subsidy":"Y","run_date":"28JUL26","cwelcc_flag":"Y"}},{"type":"Feature","id":33,"geometry":{"type":"MultiPoint","coordinates":[[-79.469923192999943,43.697850989000074]]},"properties":{"OBJECTID":33,"_id":33,"LOC_ID":1123,"LOC_NAME":"Ernie Boccia Creative Child Day Care (Rasheda Alli)","AUSPICE":"Commercial Agency","ADDRESS":"1 NORTHWESTERN AVE","PCODE":"M6M 2J7","ward":5,"PHONE":"(416) 653-6305","bldg_type":"Multi Human Services Facility","BLDGNAME":"Harold And Grace Baker Centre","IGSPACE":10,"TGSPACE":20,"PGSPACE":16,"KGSPACE":0,"SGSPACE":0,"TOTSPACE":46,"subsidy":"Y","run_date":"28JUL26","cwelcc_flag":"Y"}},{"type":"Feature","id":34,"geometry":{"type":"MultiPoint","coordinates":[[-79.561694871999975,43.649167929000043]]},"properties":{"OBJECTID":34,"_id":34,"LOC_ID":1125,"LOC_NAME":"First Stage - Burnhamthorpe","AUSPICE":"Non Profit Agency","ADDRESS":"500 THE EAST MALL","PCODE":"M9B 2C4","ward":2,"PHONE":"(416) 394-7534","bldg_type":"Public High School","BLDGNAME":"Burnhamthorpe Collegiate Institute","IGSPACE":10,"TGSPACE":15,"PGSPACE":16,"KGSPACE":0,"SGSPACE":0,"TOTSPACE":41,"subsidy":"Y","run_date":"28JUL26","cwelcc_flag":"Y"}},{"type":"Feature","id":35,"geometry":{"type":"MultiPoint","coordinates":[[-79.455405700999961,43.691703239000049]]},"properties":{"OBJECTID":35,"_id":35,"LOC_ID":1127,"LOC_NAME":"Fairbank Memorial Day Care Centre","AUSPICE":"Non Profit Agency","ADDRESS":"555 HARVIE AVE","PCODE":"M6E 4M2","ward":9,"PHONE":"(416) 656-8675","bldg_type":"Public Elementary School","BLDGNAME":"Fairbank Memorial","IGSPACE":0,"TGSPACE":15,"PGSPACE":16,"KGSPACE":26,"SGSPACE":30,"TOTSPACE":87,"subsidy":"Y","run_date":"28JUL26","cwelcc_flag":"Y"}},{"type":"Feature","id":36,"geometry":{"type":"MultiPoint","coordinates":[[-79.586705391999942,43.730922404000069]]},"properties":{"OBJECTID":36,"_id":36,"LOC_ID":1129,"LOC_NAME":"First Stage - West Humber","AUSPICE":"Non Profit Agency","ADDRESS":"1675 MARTIN GROVE RD","PCODE":"M9V 3S3","ward":1,"PHONE":"(416) 394-7515","bldg_type":"Public High School","BLDGNAME":"West Humber Collegiate Institute","IGSPACE":10,"TGSPACE":15,"PGSPACE":16,"KGSPACE":0,"SGSPACE":0,"TOTSPACE":41,"subsidy":"Y","run_date":"28JUL26","cwelcc_flag":"Y"}},{"type":"Feature","id":37,"geometry":{"type":"MultiPoint","coordinates":[[-79.334971164999956,43.70898427700007]]},"properties":{"OBJECTID":37,"_id":37,"LOC_ID":1130,"LOC_NAME":"Red Apple Day Care (Overlea)","AUSPICE":"Non Profit Agency","ADDRESS":"135 OVERLEA BLVD","PCODE":"M3C 1B3","ward":15,"PHONE":"(416) 429-5437","bldg_type":"Public High School","BLDGNAME":"Marc Garneau Collegiate Institute","IGSPACE":10,"TGSPACE":10,"PGSPACE":16,"KGSPACE":0,"SGSPACE":0,"TOTSPACE":36,"subsidy":"Y","run_date":"28JUL26","cwelcc_flag":"Y"}},{"type":"Feature","id":38,"geometry":{"type":"MultiPoint","coordinates":[[-79.40948362599994,43.648530085000061]]},"properties":{"OBJECTID":38,"_id":38,"LOC_ID":1135,"LOC_NAME":"Fraser School - Community Day Care Centre","AUSPICE":"Non Profit Agency","ADDRESS":"79 MANNING AVE","PCODE":"M6J 2K6","ward":10,"PHONE":"(416) 603-7372","bldg_type":"Public Elementary School","BLDGNAME":"Charles G. Fraser Public School","IGSPACE":0,"TGSPACE":10,"PGSPACE":40,"KGSPACE":26,"SGSPACE":60,"TOTSPACE":136,"subsidy":"Y","run_date":"28JUL26","cwelcc_flag":"Y"}},{"type":"Feature","id":39,"geometry":{"type":"MultiPoint","coordinates":[[-79.216887669999949,43.763903609000067]]},"properties":{"OBJECTID":39,"_id":39,"LOC_ID":1137,"LOC_NAME":"Golf Road School Child Care Centre Inc.","AUSPICE":"Non Profit Agency","ADDRESS":"730 SCARBOROUGH GOLF CLUB RD","PCODE":"M1G 1H7","ward":24,"PHONE":"(416) 289-1061","bldg_type":"Public Elementary School","BLDGNAME":"Golf Road Junior Public School","IGSPACE":0,"TGSPACE":10,"PGSPACE":16,"KGSPACE":26,"SGSPACE":30,"TOTSPACE":82,"subsidy":"Y","run_date":"28JUL26","cwelcc_flag":"Y"}},{"type":"Feature","id":40,"geometry":{"type":"MultiPoint","coordinates":[[-79.411056254999949,43.774107859000026]]},"properties":{"OBJECTID":40,"_id":40,"LOC_ID":1138,"LOC_NAME":"McKee McKids Enrichment Centre","AUSPICE":"Non Profit Agency","ADDRESS":"35 CHURCH AVE","PCODE":"M2N 6X6","ward":18,"PHONE":"(416) 222-1414","bldg_type":"Public Elementary School","BLDGNAME":"McKee Public School","IGSPACE":0,"TGSPACE":0,"PGSPACE":24,"KGSPACE":52,"SGSPACE":90,"TOTSPACE":166,"subsidy":"Y","run_date":"28JUL26","cwelcc_flag":"Y"}},{"type":"Feature","id":41,"geometry":{"type":"MultiPoint","coordinates":[[-79.364043706999951,43.711103192000053]]},"properties":{"OBJECTID":41,"_id":41,"LOC_ID":1140,"LOC_NAME":"Leaside Day Care Centre","AUSPICE":"Non Profit Agency","ADDRESS":"206 LAIRD DR","PCODE":"M4G 3W4","ward":15,"PHONE":"(416) 487-5862","bldg_type":"Other","BLDGNAME":null,"IGSPACE":20,"TGSPACE":35,"PGSPACE":44,"KGSPACE":0,"SGSPACE":0,"TOTSPACE":99,"subsidy":"Y","run_date":"28JUL26","cwelcc_flag":"Y"}},{"type":"Feature","id":42,"geometry":{"type":"MultiPoint","coordinates":[[-79.548993307999979,43.690822116000049]]},"properties":{"OBJECTID":42,"_id":42,"LOC_ID":1141,"LOC_NAME":"Gold Circle Early Childhood Day Care Centre","AUSPICE":"Non Profit Agency","ADDRESS":"25 POYNTER DR","PCODE":"M9R 1K8","ward":2,"PHONE":"(416) 241-2000","bldg_type":"Public Elementary School","BLDGNAME":"Westway Junior Public School","IGSPACE":0,"TGSPACE":15,"PGSPACE":24,"KGSPACE":26,"SGSPACE":45,"TOTSPACE":110,"subsidy":"Y","run_date":"28JUL26","cwelcc_flag":"Y"}},{"type":"Feature","id":43,"geometry":{"type":"MultiPoint","coordinates":[[-79.496450188999972,43.637715182000079]]},"properties":{"OBJECTID":43,"_id":43,"LOC_ID":1148,"LOC_NAME":"Park Lawn Preschool","AUSPICE":"Non Profit Agency","ADDRESS":"71 BALLACAINE DR","PCODE":"M8Y 4B6","ward":3,"PHONE":"(416) 236-2974","bldg_type":"Public Elementary School","BLDGNAME":"Park Lawn Junior And Middle School","IGSPACE":0,"TGSPACE":15,"PGSPACE":24,"KGSPACE":39,"SGSPACE":75,"TOTSPACE":153,"subsidy":"Y","run_date":"28JUL26","cwelcc_flag":"Y"}},{"type":"Feature","id":44,"geometry":{"type":"MultiPoint","coordinates":[[-79.473272727999984,43.684566865000079]]},"properties":{"OBJECTID":44,"_id":44,"LOC_ID":1150,"LOC_NAME":"Lef - George Harvey Child Care Centre","AUSPICE":"Non Profit Agency","ADDRESS":"1700 KEELE ST","PCODE":"M6M 3W5","ward":5,"PHONE":"(416) 658-9244","bldg_type":"Public High School","BLDGNAME":"George Harvey Collegiate Institute","IGSPACE":10,"TGSPACE":15,"PGSPACE":16,"KGSPACE":0,"SGSPACE":0,"TOTSPACE":41,"subsidy":"Y","run_date":"28JUL26","cwelcc_flag":"Y"}},{"type":"Feature","id":45,"geometry":{"type":"MultiPoint","coordinates":[[-79.352328557999954,43.677270845000066]]},"properties":{"OBJECTID":45,"_id":45,"LOC_ID":1157,"LOC_NAME":"Children's Circle Of St. Barnabas","AUSPICE":"Non Profit Agency","ADDRESS":"361 DANFORTH AVE","PCODE":"M4K 1P1","ward":14,"PHONE":"(416) 461-5151x6","bldg_type":"Place of Worship","BLDGNAME":"St. Barnabas Anglican Church","IGSPACE":10,"TGSPACE":15,"PGSPACE":56,"KGSPACE":26,"SGSPACE":45,"TOTSPACE":152,"subsidy":"Y","run_date":"28JUL26","cwelcc_flag":"Y"}},{"type":"Feature","id":46,"geometry":{"type":"MultiPoint","coordinates":[[-79.187935452999966,43.772154307000051]]},"properties":{"OBJECTID":46,"_id":46,"LOC_ID":1160,"LOC_NAME":"Morningside Children's Centre","AUSPICE":"Commercial Agency","ADDRESS":"292 MORNINGSIDE AVE","PCODE":"M1E 3E7","ward":24,"PHONE":"(416) 282-9956","bldg_type":"House","BLDGNAME":null,"IGSPACE":0,"TGSPACE":15,"PGSPACE":24,"KGSPACE":0,"SGSPACE":0,"TOTSPACE":39,"subsidy":"Y","run_date":"28JUL26","cwelcc_flag":"Y"}},{"type":"Feature","id":47,"geometry":{"type":"MultiPoint","coordinates":[[-79.358084392999956,43.798981667000078]]},"properties":{"OBJECTID":47,"_id":47,"LOC_ID":1167,"LOC_NAME":"McNicoll Avenue Child Care Program","AUSPICE":"Non Profit Agency","ADDRESS":"155 MCNICOLL AVE","PCODE":"M2H 2C1","ward":17,"PHONE":"(416) 499-9743","bldg_type":"Public (school closed)","BLDGNAME":"McNicoll Avenue Public School","IGSPACE":10,"TGSPACE":15,"PGSPACE":24,"KGSPACE":0,"SGSPACE":0,"TOTSPACE":49,"subsidy":"Y","run_date":"28JUL26","cwelcc_flag":"Y"}},{"type":"Feature","id":48,"geometry":{"type":"MultiPoint","coordinates":[[-79.19998667699997,43.750821073000054]]},"properties":{"OBJECTID":48,"_id":48,"LOC_ID":1169,"LOC_NAME":"N.Y.A.D. Guildwood","AUSPICE":"Non Profit Agency","ADDRESS":"225 LIVINGSTON RD","PCODE":"M1E 1L8","ward":24,"PHONE":"(416) 261-6540","bldg_type":"Public Elementary School","BLDGNAME":"Guildwood Junior Public School","IGSPACE":0,"TGSPACE":0,"PGSPACE":16,"KGSPACE":26,"SGSPACE":30,"TOTSPACE":72,"subsidy":"Y","run_date":"28JUL26","cwelcc_flag":"Y"}},{"type":"Feature","id":49,"geometry":{"type":"MultiPoint","coordinates":[[-79.427304750999951,43.640041336000081]]},"properties":{"OBJECTID":49,"_id":49,"LOC_ID":1174,"LOC_NAME":"Bonaventure Child Care Centre","AUSPICE":"Non Profit Agency","ADDRESS":"295 DUFFERIN ST","PCODE":"M6K 3G2","ward":10,"PHONE":"(416) 588-4318","bldg_type":"High Rise Apartment","BLDGNAME":null,"IGSPACE":10,"TGSPACE":25,"PGSPACE":32,"KGSPACE":0,"SGSPACE":0,"TOTSPACE":67,"subsidy":"Y","run_date":"28JUL26","cwelcc_flag":"Y"}},{"type":"Feature","id":50,"geometry":{"type":"MultiPoint","coordinates":[[-79.394247851999978,43.655569189000062]]},"properties":{"OBJECTID":50,"_id":50,"LOC_ID":1180,"LOC_NAME":"Children's Primary Centre","AUSPICE":"Non Profit Agency","ADDRESS":"177 BEVERLEY ST","PCODE":"M5T 1Y7","ward":11,"PHONE":"(416) 977-1204","bldg_type":"Place of Worship","BLDGNAME":"Chinese Presbyterian Church","IGSPACE":0,"TGSPACE":0,"PGSPACE":32,"KGSPACE":12,"SGSPACE":0,"TOTSPACE":44,"subsidy":"N","run_date":"28JUL26","cwelcc_flag":"Y"}},{"type":"Feature","id":51,"geometry":{"type":"MultiPoint","coordinates":[[-79.49278831099997,43.668458286000032]]},"properties":{"OBJECTID":51,"_id":51,"LOC_ID":1182,"LOC_NAME":"Happy Day Child Care Centre","AUSPICE":"Commercial Agency","ADDRESS":"676 JANE ST","PCODE":"M6N 4A7","ward":5,"PHONE":"(416) 528-1469","bldg_type":"Purpose Built","BLDGNAME":null,"IGSPACE":0,"TGSPACE":0,"PGSPACE":24,"KGSPACE":12,"SGSPACE":20,"TOTSPACE":56,"subsidy":"Y","run_date":"28JUL26","cwelcc_flag":"Y"}},{"type":"Feature","id":52,"geometry":{"type":"MultiPoint","coordinates":[[-79.427386593999984,43.684175563000053]]},"properties":{"OBJECTID":52,"_id":52,"LOC_ID":1190,"LOC_NAME":"Abiona Centre For Infant And Early Mental Health Elc Humewood Campus","AUSPICE":"Non Profit Agency","ADDRESS":"40 HUMEWOOD DR","PCODE":"M6C 2W4","ward":12,"PHONE":"(416) 651-5657x226","bldg_type":"House","BLDGNAME":"Humewood House","IGSPACE":10,"TGSPACE":15,"PGSPACE":0,"KGSPACE":0,"SGSPACE":0,"TOTSPACE":25,"subsidy":"Y","run_date":"28JUL26","cwelcc_flag":"Y"}},{"type":"Feature","id":53,"geometry":{"type":"MultiPoint","coordinates":[[-79.188141954999935,43.785651926000071]]},"properties":{"OBJECTID":53,"_id":53,"LOC_ID":1192,"LOC_NAME":"Nsheemaehn Child Care Centre","AUSPICE":"Non Profit Agency","ADDRESS":"1255 MILITARY TRAIL","PCODE":"M1C 1A3","ward":25,"PHONE":"(416) 287-7624","bldg_type":"Purpose Built","BLDGNAME":"University Of Toronto Scarborough Campus","IGSPACE":10,"TGSPACE":10,"PGSPACE":32,"KGSPACE":0,"SGSPACE":0,"TOTSPACE":52,"subsidy":"Y","run_date":"28JUL26","cwelcc_flag":"Y"}},{"type":"Feature","id":54,"geometry":{"type":"MultiPoint","coordinates":[[-79.31684738499996,43.686816763000081]]},"properties":{"OBJECTID":54,"_id":54,"LOC_ID":1193,"LOC_NAME":"Childspace Day Care Corporation # 1 (50 Woodmount)","AUSPICE":"Non Profit Agency","ADDRESS":"50 WOODMOUNT AVE","PCODE":"M4C 3X9","ward":19,"PHONE":"(416) 425-7763","bldg_type":"Catholic Elementary School","BLDGNAME":"St. Brigid's Catholic School","IGSPACE":0,"TGSPACE":0,"PGSPACE":0,"KGSPACE":52,"SGSPACE":77,"TOTSPACE":129,"subsidy":"Y","run_date":"28JUL26","cwelcc_flag":"Y"}},{"type":"Feature","id":55,"geometry":{"type":"MultiPoint","coordinates":[[-79.510582112999941,43.69864751800003]]},"properties":{"OBJECTID":55,"_id":55,"LOC_ID":1194,"LOC_NAME":"Royal Day Care Weston Inc","AUSPICE":"Commercial Agency","ADDRESS":"1737 WESTON RD","PCODE":"M9N 1V5","ward":5,"PHONE":"(416) 249-9115","bldg_type":"Purpose Built","BLDGNAME":"Royal Daycare","IGSPACE":0,"TGSPACE":10,"PGSPACE":24,"KGSPACE":29,"SGSPACE":39,"TOTSPACE":102,"subsidy":"Y","run_date":"28JUL26","cwelcc_flag":"Y"}},{"type":"Feature","id":56,"geometry":{"type":"MultiPoint","coordinates":[[-79.248525837999978,43.755600294000033]]},"properties":{"OBJECTID":56,"_id":56,"LOC_ID":1196,"LOC_NAME":"Rosalie Hall Early Learning And Child Care Centre","AUSPICE":"Non Profit Agency","ADDRESS":"3020 LAWRENCE AVE E","PCODE":"M1P 2T7","ward":21,"PHONE":"(416) 438-6880x252","bldg_type":"Other","BLDGNAME":null,"IGSPACE":30,"TGSPACE":25,"PGSPACE":24,"KGSPACE":0,"SGSPACE":0,"TOTSPACE":79,"subsidy":"Y","run_date":"28JUL26","cwelcc_flag":"Y"}},{"type":"Feature","id":57,"geometry":{"type":"MultiPoint","coordinates":[[-79.428020449999963,43.686635093000064]]},"properties":{"OBJECTID":57,"_id":57,"LOC_ID":1201,"LOC_NAME":"Humewood Day Care Centre","AUSPICE":"Non Profit Agency","ADDRESS":"15 CHERRYWOOD AVE","PCODE":"M6C 2X4","ward":12,"PHONE":"(416) 658-8886","bldg_type":"Public Elementary School","BLDGNAME":"Humewood Community School","IGSPACE":0,"TGSPACE":0,"PGSPACE":32,"KGSPACE":52,"SGSPACE":30,"TOTSPACE":114,"subsidy":"Y","run_date":"28JUL26","cwelcc_flag":"Y"}},{"type":"Feature","id":58,"geometry":{"type":"MultiPoint","coordinates":[[-79.562580342999979,43.735470479000071]]},"properties":{"OBJECTID":58,"_id":58,"LOC_ID":1204,"LOC_NAME":"Rexdale Day Nursery","AUSPICE":"Non Profit Agency","ADDRESS":"925 ALBION RD","PCODE":"M9V 1A6","ward":1,"PHONE":"(416) 743-5057","bldg_type":"Community/Rec Centre - City","BLDGNAME":"Thistletown Multi Service Centre","IGSPACE":0,"TGSPACE":0,"PGSPACE":48,"KGSPACE":0,"SGSPACE":25,"TOTSPACE":73,"subsidy":"Y","run_date":"28JUL26","cwelcc_flag":"Y"}},{"type":"Feature","id":59,"geometry":{"type":"MultiPoint","coordinates":[[-79.205448223999952,43.765211236000027]]},"properties":{"OBJECTID":59,"_id":59,"LOC_ID":1205,"LOC_NAME":"Sandbox Day Care Centre","AUSPICE":"Commercial Agency","ADDRESS":"15 ORTON PARK RD","PCODE":"M1G 3G3","ward":24,"PHONE":"(416) 431-3327","bldg_type":"High Rise Apartment","BLDGNAME":null,"IGSPACE":0,"TGSPACE":10,"PGSPACE":42,"KGSPACE":12,"SGSPACE":28,"TOTSPACE":92,"subsidy":"Y","run_date":"28JUL26","cwelcc_flag":"Y"}},{"type":"Feature","id":60,"geometry":{"type":"MultiPoint","coordinates":[[-79.48968444999997,43.635618734000047]]},"properties":{"OBJECTID":60,"_id":60,"LOC_ID":1207,"LOC_NAME":"Humber Bay Child Care Centre","AUSPICE":"Non Profit Agency","ADDRESS":"50 CLOVERHILL RD","PCODE":"M8Y 1T3","ward":3,"PHONE":"(416) 251-8240","bldg_type":"Public Elementary School","BLDGNAME":"Etienne Brule Junior Public School","IGSPACE":0,"TGSPACE":15,"PGSPACE":24,"KGSPACE":39,"SGSPACE":60,"TOTSPACE":138,"subsidy":"Y","run_date":"28JUL26","cwelcc_flag":"Y"}},{"type":"Feature","id":61,"geometry":{"type":"MultiPoint","coordinates":[[-79.606839865999973,43.729166546000044]]},"properties":{"OBJECTID":61,"_id":61,"LOC_ID":1211,"LOC_NAME":"Humber Child Development Centre","AUSPICE":"Non Profit Agency","ADDRESS":"205 HUMBER COLLEGE BLVD","PCODE":"M9W 5L7","ward":1,"PHONE":"(416) 675-5057","bldg_type":"Community College/University","BLDGNAME":"Humber College Of Applied Arts And Technology","IGSPACE":20,"TGSPACE":30,"PGSPACE":48,"KGSPACE":0,"SGSPACE":0,"TOTSPACE":98,"subsidy":"Y","run_date":"28JUL26","cwelcc_flag":"Y"}},{"type":"Feature","id":62,"geometry":{"type":"MultiPoint","coordinates":[[-79.415995187999954,43.721960645000081]]},"properties":{"OBJECTID":62,"_id":62,"LOC_ID":1213,"LOC_NAME":"Avenue Road Child Care (1498 Avenue Road)","AUSPICE":"Commercial Agency","ADDRESS":"1498 AVENUE RD","PCODE":"M5N 2J1","ward":8,"PHONE":"(416) 783-2773","bldg_type":"Place of Worship","BLDGNAME":"St. Ansgar Church","IGSPACE":0,"TGSPACE":30,"PGSPACE":64,"KGSPACE":0,"SGSPACE":0,"TOTSPACE":94,"subsidy":"Y","run_date":"28JUL26","cwelcc_flag":"Y"}},{"type":"Feature","id":63,"geometry":{"type":"MultiPoint","coordinates":[[-79.499064274999967,43.681235374000039]]},"properties":{"OBJECTID":63,"_id":63,"LOC_ID":1216,"LOC_NAME":"Lef - Roseland Day Care","AUSPICE":"Non Profit Agency","ADDRESS":"990 JANE ST","PCODE":"M6N 4E2","ward":5,"PHONE":"(416) 763-0068","bldg_type":"Public Elementary School","BLDGNAME":"Roseland Public School","IGSPACE":0,"TGSPACE":10,"PGSPACE":16,"KGSPACE":26,"SGSPACE":30,"TOTSPACE":82,"subsidy":"Y","run_date":"28JUL26","cwelcc_flag":"Y"}},{"type":"Feature","id":64,"geometry":{"type":"MultiPoint","coordinates":[[-79.481017277999968,43.680309004000037]]},"properties":{"OBJECTID":64,"_id":64,"LOC_ID":1221,"LOC_NAME":"Romero Bears Child Care Centre","AUSPICE":"Non Profit Agency","ADDRESS":"99 HUMBER BLVD","PCODE":"M6N 2H4","ward":5,"PHONE":"(416) 509-0159","bldg_type":"Catholic High School","BLDGNAME":"Archbishop Romero Catholic School","IGSPACE":0,"TGSPACE":10,"PGSPACE":16,"KGSPACE":0,"SGSPACE":0,"TOTSPACE":26,"subsidy":"Y","run_date":"28JUL26","cwelcc_flag":"Y"}},{"type":"Feature","id":65,"geometry":{"type":"MultiPoint","coordinates":[[-79.357738980999954,43.780829622000056]]},"properties":{"OBJECTID":65,"_id":65,"LOC_ID":1229,"LOC_NAME":"Lescon Learners Child Care","AUSPICE":"Non Profit Agency","ADDRESS":"34 LESCON RD","PCODE":"M2J 2G6","ward":17,"PHONE":"(416) 499-7325","bldg_type":"Public Elementary School","BLDGNAME":"Lescon Public School","IGSPACE":10,"TGSPACE":10,"PGSPACE":24,"KGSPACE":26,"SGSPACE":30,"TOTSPACE":100,"subsidy":"Y","run_date":"28JUL26","cwelcc_flag":"Y"}},{"type":"Feature","id":66,"geometry":{"type":"MultiPoint","coordinates":[[-79.347284836999961,43.677347497000028]]},"properties":{"OBJECTID":66,"_id":66,"LOC_ID":1231,"LOC_NAME":"Childspace Day Care Corporation # 2 (690 Carlaw)","AUSPICE":"Non Profit Agency","ADDRESS":"690 CARLAW AVE","PCODE":"M4K 3K9","ward":14,"PHONE":"(416) 469-0560","bldg_type":"Catholic Elementary School","BLDGNAME":"Holy Name Catholic School","IGSPACE":0,"TGSPACE":15,"PGSPACE":24,"KGSPACE":26,"SGSPACE":50,"TOTSPACE":115,"subsidy":"Y","run_date":"28JUL26","cwelcc_flag":"Y"}},{"type":"Feature","id":67,"geometry":{"type":"MultiPoint","coordinates":[[-79.296590410999954,43.701811908000025]]},"properties":{"OBJECTID":67,"_id":67,"LOC_ID":1232,"LOC_NAME":"Dawes Road Centre For Early Learning","AUSPICE":"Commercial Agency","ADDRESS":"391 DAWES RD","PCODE":"M4B 2E6","ward":19,"PHONE":"(416) 755-8348x221","bldg_type":"Other","BLDGNAME":null,"IGSPACE":20,"TGSPACE":20,"PGSPACE":40,"KGSPACE":0,"SGSPACE":0,"TOTSPACE":80,"subsidy":"Y","run_date":"28JUL26","cwelcc_flag":"Y"}},{"type":"Feature","id":68,"geometry":{"type":"MultiPoint","coordinates":[[-79.594842584999981,43.738134746000071]]},"properties":{"OBJECTID":68,"_id":68,"LOC_ID":1235,"LOC_NAME":"Silverstone Learning Centre","AUSPICE":"Commercial Agency","ADDRESS":"520 SILVERSTONE DR","PCODE":"M9V 3L5","ward":1,"PHONE":"(416) 741-0414","bldg_type":"Public Elementary School","BLDGNAME":"Melody Village Public School","IGSPACE":0,"TGSPACE":10,"PGSPACE":24,"KGSPACE":20,"SGSPACE":30,"TOTSPACE":84,"subsidy":"Y","run_date":"28JUL26","cwelcc_flag":"Y"}},{"type":"Feature","id":69,"geometry":{"type":"MultiPoint","coordinates":[[-79.437844130999963,43.653049691000035]]},"properties":{"OBJECTID":69,"_id":69,"LOC_ID":1248,"LOC_NAME":"Brock Early Learning Centre","AUSPICE":"Non Profit Agency","ADDRESS":"93 MARGUERETTA ST","PCODE":"M6H 3S4","ward":9,"PHONE":"(416) 535-3491","bldg_type":"Public Elementary School","BLDGNAME":"Brock Avenue Public School","IGSPACE":0,"TGSPACE":15,"PGSPACE":32,"KGSPACE":26,"SGSPACE":60,"TOTSPACE":133,"subsidy":"Y","run_date":"28JUL26","cwelcc_flag":"Y"}},{"type":"Feature","id":70,"geometry":{"type":"MultiPoint","coordinates":[[-79.569517737999945,43.729716175000078]]},"properties":{"OBJECTID":70,"_id":70,"LOC_ID":1250,"LOC_NAME":"Sunny Faces Day Care Centre - Rivercrest","AUSPICE":"Non Profit Agency","ADDRESS":"30 HAREFIELD DR","PCODE":"M9W 4C9","ward":1,"PHONE":"(416) 744-0778","bldg_type":"Public Elementary School","BLDGNAME":"Rivercrest Public School","IGSPACE":0,"TGSPACE":0,"PGSPACE":24,"KGSPACE":26,"SGSPACE":50,"TOTSPACE":100,"subsidy":"Y","run_date":"28JUL26","cwelcc_flag":"Y"}},{"type":"Feature","id":71,"geometry":{"type":"MultiPoint","coordinates":[[-79.441705400999979,43.728692180000053]]},"properties":{"OBJECTID":71,"_id":71,"LOC_ID":1254,"LOC_NAME":"Baycrest Child Care Centre","AUSPICE":"Non Profit Agency","ADDRESS":"50 AMEER AVE","PCODE":"M6A 2L3","ward":8,"PHONE":"(416) 784-1316","bldg_type":"Public Elementary School","BLDGNAME":"Baycrest Public School","IGSPACE":10,"TGSPACE":30,"PGSPACE":48,"KGSPACE":26,"SGSPACE":30,"TOTSPACE":144,"subsidy":"Y","run_date":"28JUL26","cwelcc_flag":"Y"}},{"type":"Feature","id":72,"geometry":{"type":"MultiPoint","coordinates":[[-79.400723992999986,43.664580770000043]]},"properties":{"OBJECTID":72,"_id":72,"LOC_ID":1255,"LOC_NAME":"Campus Community Co-Operative Day Care","AUSPICE":"Non Profit Agency","ADDRESS":"370 HURON ST","PCODE":"M5S 2G4","ward":11,"PHONE":"(416) 946-0875","bldg_type":"Purpose Built","BLDGNAME":null,"IGSPACE":10,"TGSPACE":15,"PGSPACE":24,"KGSPACE":0,"SGSPACE":0,"TOTSPACE":49,"subsidy":"Y","run_date":"28JUL26","cwelcc_flag":"Y"}},{"type":"Feature","id":73,"geometry":{"type":"MultiPoint","coordinates":[[-79.472600900999964,43.685143312000037]]},"properties":{"OBJECTID":73,"_id":73,"LOC_ID":1266,"LOC_NAME":"Network Child Care Services - Just Kids Child Care Centre","AUSPICE":"Non Profit Agency","ADDRESS":"1695 KEELE ST","PCODE":"M6M 3W7","ward":5,"PHONE":"(416) 530-0722x4037","bldg_type":"Place of Worship","BLDGNAME":"York Memorial Church","IGSPACE":10,"TGSPACE":20,"PGSPACE":32,"KGSPACE":0,"SGSPACE":0,"TOTSPACE":62,"subsidy":"Y","run_date":"28JUL26","cwelcc_flag":"Y"}},{"type":"Feature","id":74,"geometry":{"type":"MultiPoint","coordinates":[[-79.319338637999977,43.698199915000032]]},"properties":{"OBJECTID":74,"_id":74,"LOC_ID":1267,"LOC_NAME":"Plains Road Child Care Inc.","AUSPICE":"Non Profit Agency","ADDRESS":"520 PLAINS RD","PCODE":"M4C 2Z1","ward":19,"PHONE":"(416) 421-2273","bldg_type":"Catholic Elementary School","BLDGNAME":"Canadian Martyrs Catholic School","IGSPACE":10,"TGSPACE":20,"PGSPACE":32,"KGSPACE":52,"SGSPACE":60,"TOTSPACE":174,"subsidy":"Y","run_date":"28JUL26","cwelcc_flag":"Y"}},{"type":"Feature","id":75,"geometry":{"type":"MultiPoint","coordinates":[[-79.436308518999965,43.694955384000025]]},"properties":{"OBJECTID":75,"_id":75,"LOC_ID":1271,"LOC_NAME":"J.R. Wilcox Day Care Centre","AUSPICE":"Non Profit Agency","ADDRESS":"231 AVA RD","PCODE":"M6C 1X3","ward":12,"PHONE":"(416) 656-1781","bldg_type":"Public Elementary School","BLDGNAME":"J.R. Wilcox Community School","IGSPACE":10,"TGSPACE":15,"PGSPACE":24,"KGSPACE":52,"SGSPACE":60,"TOTSPACE":161,"subsidy":"Y","run_date":"28JUL26","cwelcc_flag":"Y"}},{"type":"Feature","id":76,"geometry":{"type":"MultiPoint","coordinates":[[-79.478412375999937,43.689884238000047]]},"properties":{"OBJECTID":76,"_id":76,"LOC_ID":1272,"LOC_NAME":"Lef- Silverthorn Early Learning Earth Centre","AUSPICE":"Non Profit Agency","ADDRESS":"2700 EGLINTON AVE W","PCODE":"M6M 1V1","ward":5,"PHONE":"(416) 653-9702","bldg_type":"Office Building","BLDGNAME":"York Civic Centre","IGSPACE":10,"TGSPACE":10,"PGSPACE":16,"KGSPACE":0,"SGSPACE":0,"TOTSPACE":36,"subsidy":"Y","run_date":"28JUL26","cwelcc_flag":"Y"}},{"type":"Feature","id":77,"geometry":{"type":"MultiPoint","coordinates":[[-79.236341372999959,43.795002025000031]]},"properties":{"OBJECTID":77,"_id":77,"LOC_ID":1278,"LOC_NAME":"Sheppard Square Day Nursery","AUSPICE":"Commercial Agency","ADDRESS":"5600 SHEPPARD AVE E","PCODE":"M1B 2L4","ward":23,"PHONE":"(416) 292-3607","bldg_type":"High Rise Apartment","BLDGNAME":"Apartment Building","IGSPACE":10,"TGSPACE":30,"PGSPACE":48,"KGSPACE":0,"SGSPACE":30,"TOTSPACE":118,"subsidy":"Y","run_date":"28JUL26","cwelcc_flag":"Y"}},{"type":"Feature","id":78,"geometry":{"type":"MultiPoint","coordinates":[[-79.57319924799998,43.643652170000053]]},"properties":{"OBJECTID":78,"_id":78,"LOC_ID":1280,"LOC_NAME":"Tiny Treasure Montessori","AUSPICE":"Commercial Agency","ADDRESS":"627 BURNHAMTHORPE RD","PCODE":"M9C 2Y9","ward":2,"PHONE":"(416) 622-6443","bldg_type":"Place of Worship","BLDGNAME":"Renforth Baptist Church","IGSPACE":0,"TGSPACE":10,"PGSPACE":48,"KGSPACE":12,"SGSPACE":0,"TOTSPACE":70,"subsidy":"N","run_date":"28JUL26","cwelcc_flag":"N"}},{"type":"Feature","id":79,"geometry":{"type":"MultiPoint","coordinates":[[-79.554061280999974,43.695979678000072]]},"properties":{"OBJECTID":79,"_id":79,"LOC_ID":1285,"LOC_NAME":"Kingsview Child Care","AUSPICE":"Commercial Agency","ADDRESS":"340 DIXON RD","PCODE":"M9R 1T1","ward":1,"PHONE":"(416) 249-7601","bldg_type":"High Rise Apartment","BLDGNAME":null,"IGSPACE":20,"TGSPACE":15,"PGSPACE":40,"KGSPACE":0,"SGSPACE":24,"TOTSPACE":99,"subsidy":"Y","run_date":"28JUL26","cwelcc_flag":"Y"}},{"type":"Feature","id":80,"geometry":{"type":"MultiPoint","coordinates":[[-79.568852315999948,43.634619389000079]]},"properties":{"OBJECTID":80,"_id":80,"LOC_ID":1287,"LOC_NAME":"Terry Tan Child Centre (Bloordale)","AUSPICE":"Non Profit Agency","ADDRESS":"4258 BLOOR ST W","PCODE":"M9C 1Z7","ward":2,"PHONE":"(416) 621-9722","bldg_type":"Place of Worship","BLDGNAME":"Bloordale United Church","IGSPACE":10,"TGSPACE":25,"PGSPACE":32,"KGSPACE":0,"SGSPACE":0,"TOTSPACE":67,"subsidy":"Y","run_date":"28JUL26","cwelcc_flag":"Y"}},{"type":"Feature","id":81,"geometry":{"type":"MultiPoint","coordinates":[[-79.290343322999945,43.809294037000029]]},"properties":{"OBJECTID":81,"_id":81,"LOC_ID":1288,"LOC_NAME":"A & A Daycare Centre","AUSPICE":"Non Profit Agency","ADDRESS":"3380 MIDLAND AVE","PCODE":"M1V 5B5","ward":22,"PHONE":"(416) 298-4489","bldg_type":"Other","BLDGNAME":null,"IGSPACE":20,"TGSPACE":40,"PGSPACE":72,"KGSPACE":0,"SGSPACE":0,"TOTSPACE":132,"subsidy":"Y","run_date":"28JUL26","cwelcc_flag":"Y"}},{"type":"Feature","id":82,"geometry":{"type":"MultiPoint","coordinates":[[-79.395609013999945,43.680379433000041]]},"properties":{"OBJECTID":82,"_id":82,"LOC_ID":1294,"LOC_NAME":"Cottingham Child Care Centre","AUSPICE":"Non Profit Agency","ADDRESS":"85 BIRCH AVE","PCODE":"M4V 1E3","ward":12,"PHONE":"(416) 929-6841","bldg_type":"Public Elementary School","BLDGNAME":"Cottingham Public School","IGSPACE":0,"TGSPACE":0,"PGSPACE":24,"KGSPACE":26,"SGSPACE":30,"TOTSPACE":80,"subsidy":"Y","run_date":"28JUL26","cwelcc_flag":"Y"}},{"type":"Feature","id":83,"geometry":{"type":"MultiPoint","coordinates":[[-79.198844400999974,43.766722961000028]]},"properties":{"OBJECTID":83,"_id":83,"LOC_ID":1297,"LOC_NAME":"West Hill Centre For Early Learning (Centres For Early Learning Inc.)","AUSPICE":"Commercial Agency","ADDRESS":"4010 LAWRENCE AVE E","PCODE":"M1E 2R4","ward":24,"PHONE":"(416) 283-4294x221","bldg_type":"High Rise Apartment","BLDGNAME":null,"IGSPACE":10,"TGSPACE":15,"PGSPACE":24,"KGSPACE":16,"SGSPACE":0,"TOTSPACE":65,"subsidy":"Y","run_date":"28JUL26","cwelcc_flag":"Y"}},{"type":"Feature","id":84,"geometry":{"type":"MultiPoint","coordinates":[[-79.552113786999939,43.722227300000043]]},"properties":{"OBJECTID":84,"_id":84,"LOC_ID":1298,"LOC_NAME":"B.F. Toronto Centre For Early Childhood Education","AUSPICE":"Commercial Agency","ADDRESS":"45 GOLFDOWN DR","PCODE":"M9W 2H8","ward":1,"PHONE":"(416) 746-6542x200","bldg_type":"Public Elementary School","BLDGNAME":"The Elms Junior Middle School","IGSPACE":0,"TGSPACE":10,"PGSPACE":32,"KGSPACE":26,"SGSPACE":30,"TOTSPACE":98,"subsidy":"Y","run_date":"28JUL26","cwelcc_flag":"Y"}},{"type":"Feature","id":85,"geometry":{"type":"MultiPoint","coordinates":[[-79.390626832999942,43.781607059000066]]},"properties":{"OBJECTID":85,"_id":85,"LOC_ID":1306,"LOC_NAME":"Bayview Gardens Day Care Centre","AUSPICE":"Commercial Agency","ADDRESS":"3125 BAYVIEW AVE","PCODE":"M2K 1G2","ward":17,"PHONE":"(416) 222-9405","bldg_type":"Church","BLDGNAME":"Greek Orthodox Community Centre","IGSPACE":0,"TGSPACE":30,"PGSPACE":44,"KGSPACE":0,"SGSPACE":0,"TOTSPACE":74,"subsidy":"Y","run_date":"28JUL26","cwelcc_flag":"Y"}},{"type":"Feature","id":86,"geometry":{"type":"MultiPoint","coordinates":[[-79.525920274999976,43.704983252000034]]},"properties":{"OBJECTID":86,"_id":86,"LOC_ID":1309,"LOC_NAME":"Tlc - Tender Loving Care (Cross St.)","AUSPICE":"Commercial Agency","ADDRESS":"44 CROSS ST","PCODE":"M9N 2B9","ward":5,"PHONE":"(416) 248-5401","bldg_type":"House","BLDGNAME":null,"IGSPACE":0,"TGSPACE":10,"PGSPACE":16,"KGSPACE":10,"SGSPACE":24,"TOTSPACE":60,"subsidy":"Y","run_date":"28JUL26","cwelcc_flag":"Y"}},{"type":"Feature","id":87,"geometry":{"type":"MultiPoint","coordinates":[[-79.263604169999951,43.749978759000044]]},"properties":{"OBJECTID":87,"_id":87,"LOC_ID":1324,"LOC_NAME":"Cedarbrae Day Nursery (1375 Midland)","AUSPICE":"Commercial Agency","ADDRESS":"1375 MIDLAND AVE","PCODE":"M1P 3B7","ward":21,"PHONE":"(416) 751-2358","bldg_type":"High Rise Apartment","BLDGNAME":null,"IGSPACE":20,"TGSPACE":35,"PGSPACE":16,"KGSPACE":0,"SGSPACE":0,"TOTSPACE":71,"subsidy":"Y","run_date":"28JUL26","cwelcc_flag":"Y"}},{"type":"Feature","id":88,"geometry":{"type":"MultiPoint","coordinates":[[-79.493091532999983,43.694140114000049]]},"properties":{"OBJECTID":88,"_id":88,"LOC_ID":1328,"LOC_NAME":"Donald C. Macdonald Child Care Centre","AUSPICE":"Non Profit Agency","ADDRESS":"116 INDUSTRY ST","PCODE":"M6M 4L8","ward":5,"PHONE":"(416) 769-2328","bldg_type":"Other","BLDGNAME":"York Business Opportunities Centre","IGSPACE":10,"TGSPACE":25,"PGSPACE":31,"KGSPACE":0,"SGSPACE":0,"TOTSPACE":66,"subsidy":"Y","run_date":"28JUL26","cwelcc_flag":"Y"}},{"type":"Feature","id":89,"geometry":{"type":"MultiPoint","coordinates":[[-79.486256134999962,43.735357223000051]]},"properties":{"OBJECTID":89,"_id":89,"LOC_ID":1335,"LOC_NAME":"Blaydon Community Day Care Centre","AUSPICE":"Non Profit Agency","ADDRESS":"25 BLAYDON AVE","PCODE":"M3M 2C9","ward":6,"PHONE":"(416) 638-1461","bldg_type":"Public Elementary School","BLDGNAME":"Blaydon Public School","IGSPACE":0,"TGSPACE":10,"PGSPACE":16,"KGSPACE":26,"SGSPACE":22,"TOTSPACE":74,"subsidy":"Y","run_date":"28JUL26","cwelcc_flag":"Y"}},{"type":"Feature","id":90,"geometry":{"type":"MultiPoint","coordinates":[[-79.436702822999962,43.691021697000053]]},"properties":{"OBJECTID":90,"_id":90,"LOC_ID":1336,"LOC_NAME":"Lef - Vaughan Road Infant And Toddler Centre","AUSPICE":"Non Profit Agency","ADDRESS":"529 VAUGHAN RD","PCODE":"M6C 2R1","ward":12,"PHONE":"(416) 658-1874","bldg_type":"Public High School","BLDGNAME":"Vaughan Road Collegiate","IGSPACE":10,"TGSPACE":15,"PGSPACE":24,"KGSPACE":0,"SGSPACE":0,"TOTSPACE":49,"subsidy":"Y","run_date":"28JUL26","cwelcc_flag":"Y"}},{"type":"Feature","id":91,"geometry":{"type":"MultiPoint","coordinates":[[-79.263839673999939,43.750627720000068]]},"properties":{"OBJECTID":91,"_id":91,"LOC_ID":1339,"LOC_NAME":"Cedarbrae Day Nursery","AUSPICE":"Commercial Agency","ADDRESS":"1385 MIDLAND AVE","PCODE":"M1P 3B8","ward":21,"PHONE":"(416) 751-0664","bldg_type":"High Rise Apartment","BLDGNAME":null,"IGSPACE":0,"TGSPACE":0,"PGSPACE":32,"KGSPACE":20,"SGSPACE":45,"TOTSPACE":97,"subsidy":"Y","run_date":"28JUL26","cwelcc_flag":"Y"}},{"type":"Feature","id":92,"geometry":{"type":"MultiPoint","coordinates":[[-79.390767625999956,43.708008523000046]]},"properties":{"OBJECTID":92,"_id":92,"LOC_ID":1340,"LOC_NAME":"Central Eglinton Childrens' Centre","AUSPICE":"Non Profit Agency","ADDRESS":"223 EGLINTON AVE E","PCODE":"M4P 1L1","ward":12,"PHONE":"(416) 440-0383","bldg_type":"Public Elementary School","BLDGNAME":"Eglinton Public School","IGSPACE":0,"TGSPACE":15,"PGSPACE":48,"KGSPACE":104,"SGSPACE":105,"TOTSPACE":272,"subsidy":"Y","run_date":"28JUL26","cwelcc_flag":"Y"}},{"type":"Feature","id":93,"geometry":{"type":"MultiPoint","coordinates":[[-79.239886513999977,43.744044251000048]]},"properties":{"OBJECTID":93,"_id":93,"LOC_ID":1347,"LOC_NAME":"Children Of Tomorrow - John McCrae","AUSPICE":"Non Profit Agency","ADDRESS":"431 MCCOWAN RD","PCODE":"M1J 1J1","ward":21,"PHONE":"(416) 261-9893","bldg_type":"Public Elementary School","BLDGNAME":"John McCrae Public School","IGSPACE":0,"TGSPACE":0,"PGSPACE":0,"KGSPACE":52,"SGSPACE":60,"TOTSPACE":112,"subsidy":"Y","run_date":"28JUL26","cwelcc_flag":"Y"}},{"type":"Feature","id":94,"geometry":{"type":"MultiPoint","coordinates":[[-79.495694402999959,43.702506305000043]]},"properties":{"OBJECTID":94,"_id":94,"LOC_ID":1348,"LOC_NAME":"Brookhaven Child Care","AUSPICE":"Non Profit Agency","ADDRESS":"70 BROOKHAVEN DR","PCODE":"M6M 4N8","ward":5,"PHONE":"(416) 249-6587","bldg_type":"Public Elementary School","BLDGNAME":"Brookhaven Public School","IGSPACE":0,"TGSPACE":15,"PGSPACE":24,"KGSPACE":52,"SGSPACE":60,"TOTSPACE":151,"subsidy":"Y","run_date":"28JUL26","cwelcc_flag":"Y"}},{"type":"Feature","id":95,"geometry":{"type":"MultiPoint","coordinates":[[-79.566615071999934,43.637840779000044]]},"properties":{"OBJECTID":95,"_id":95,"LOC_ID":1350,"LOC_NAME":"Terry Tan Child Care (Rossburn) Facility #4450","AUSPICE":"Non Profit Agency","ADDRESS":"15 ROSSBURN DR","PCODE":"M9C 2P7","ward":2,"PHONE":"(416) 621-9722x201","bldg_type":"Public Elementary School","BLDGNAME":"Eatonville Public School","IGSPACE":10,"TGSPACE":10,"PGSPACE":32,"KGSPACE":26,"SGSPACE":30,"TOTSPACE":108,"subsidy":"Y","run_date":"28JUL26","cwelcc_flag":"Y"}},{"type":"Feature","id":96,"geometry":{"type":"MultiPoint","coordinates":[[-79.299570625999934,43.782939327000065]]},"properties":{"OBJECTID":96,"_id":96,"LOC_ID":1351,"LOC_NAME":"Birchmount Place Centre For Early Learning","AUSPICE":"Commercial Agency","ADDRESS":"2360 BIRCHMOUNT RD","PCODE":"M1T 2M4","ward":22,"PHONE":"(416) 291-0304x221","bldg_type":"High Rise Apartment","BLDGNAME":null,"IGSPACE":10,"TGSPACE":15,"PGSPACE":32,"KGSPACE":0,"SGSPACE":24,"TOTSPACE":81,"subsidy":"Y","run_date":"28JUL26","cwelcc_flag":"Y"}},{"type":"Feature","id":97,"geometry":{"type":"MultiPoint","coordinates":[[-79.528339975999984,43.597813879000057]]},"properties":{"OBJECTID":97,"_id":97,"LOC_ID":1356,"LOC_NAME":"Vincent Massey Academy - (521909 Ontario Ltd.)","AUSPICE":"Commercial Agency","ADDRESS":"68 DAISY AVE","PCODE":"M8W 1S1","ward":3,"PHONE":"(416) 252-3304x225","bldg_type":"Other","BLDGNAME":"Vincent Massey Academy","IGSPACE":0,"TGSPACE":30,"PGSPACE":32,"KGSPACE":0,"SGSPACE":0,"TOTSPACE":62,"subsidy":"N","run_date":"28JUL26","cwelcc_flag":"N"}},{"type":"Feature","id":98,"geometry":{"type":"MultiPoint","coordinates":[[-79.257688103999953,43.783841891000066]]},"properties":{"OBJECTID":98,"_id":98,"LOC_ID":1360,"LOC_NAME":"Immanuel Child Care Centre","AUSPICE":"Non Profit Agency","ADDRESS":"21 CHANNEL NINE CRT","PCODE":"M1S 4B5","ward":23,"PHONE":"(416) 293-9361","bldg_type":"Place of Worship","BLDGNAME":"Immanuel School Society Of East Toronto","IGSPACE":0,"TGSPACE":30,"PGSPACE":56,"KGSPACE":0,"SGSPACE":0,"TOTSPACE":86,"subsidy":"Y","run_date":"28JUL26","cwelcc_flag":"Y"}},{"type":"Feature","id":99,"geometry":{"type":"MultiPoint","coordinates":[[-79.337483238999937,43.682041628000036]]},"properties":{"OBJECTID":99,"_id":99,"LOC_ID":1361,"LOC_NAME":"Dandylion Childcare Centre","AUSPICE":"Non Profit Agency","ADDRESS":"53 DONLANDS AVE","PCODE":"M4J 3N7","ward":14,"PHONE":"(416) 469-0091","bldg_type":"Public Elementary School","BLDGNAME":"Wilkinson Public School (Annex)","IGSPACE":0,"TGSPACE":0,"PGSPACE":32,"KGSPACE":78,"SGSPACE":150,"TOTSPACE":260,"subsidy":"Y","run_date":"28JUL26","cwelcc_flag":"Y"}},{"type":"Feature","id":100,"geometry":{"type":"MultiPoint","coordinates":[[-79.28701195299999,43.764935932000071]]},"properties":{"OBJECTID":100,"_id":100,"LOC_ID":1367,"LOC_NAME":"Kiddies Lodge Day Care Centre","AUSPICE":"Commercial Agency","ADDRESS":"764 ELLESMERE RD","PCODE":"M1P 2W4","ward":21,"PHONE":"(416) 298-6092","bldg_type":"Place of Worship","BLDGNAME":"Members In Christ Assemblies","IGSPACE":0,"TGSPACE":15,"PGSPACE":24,"KGSPACE":0,"SGSPACE":30,"TOTSPACE":69,"subsidy":"N","run_date":"28JUL26","cwelcc_flag":"N"}},{"type":"Feature","id":101,"geometry":{"type":"MultiPoint","coordinates":[[-79.248828648999961,43.749035702000072]]},"properties":{"OBJECTID":101,"_id":101,"LOC_ID":1371,"LOC_NAME":"Knob Hill Day Nursery","AUSPICE":"Non Profit Agency","ADDRESS":"23 GAGE AVE","PCODE":"M1J 1T3","ward":21,"PHONE":"(416) 439-9864","bldg_type":"Place of Worship","BLDGNAME":"Knob Hill United Church","IGSPACE":10,"TGSPACE":15,"PGSPACE":24,"KGSPACE":0,"SGSPACE":0,"TOTSPACE":49,"subsidy":"Y","run_date":"28JUL26","cwelcc_flag":"Y"}},{"type":"Feature","id":102,"geometry":{"type":"MultiPoint","coordinates":[[-79.368876059999934,43.660521620000054]]},"properties":{"OBJECTID":102,"_id":102,"LOC_ID":1372,"LOC_NAME":"Tng Central Neighbourhood House","AUSPICE":"Non Profit Agency","ADDRESS":"349 ONTARIO ST","PCODE":"M5A 2V8","ward":13,"PHONE":"(416) 925-4363x110","bldg_type":"Community/Recreation Centre","BLDGNAME":"Central Neighbourhood House","IGSPACE":10,"TGSPACE":20,"PGSPACE":16,"KGSPACE":0,"SGSPACE":0,"TOTSPACE":46,"subsidy":"Y","run_date":"28JUL26","cwelcc_flag":"Y"}},{"type":"Feature","id":103,"geometry":{"type":"MultiPoint","coordinates":[[-79.50359204199998,43.737906172000066]]},"properties":{"OBJECTID":103,"_id":103,"LOC_ID":1373,"LOC_NAME":"Calico Saints Child Care Centre","AUSPICE":"Non Profit Agency","ADDRESS":"35 CALICO DR","PCODE":"M3L 1V5","ward":6,"PHONE":"(416) 741-8499","bldg_type":"Public Elementary School","BLDGNAME":"Calico Public School","IGSPACE":10,"TGSPACE":15,"PGSPACE":24,"KGSPACE":52,"SGSPACE":60,"TOTSPACE":161,"subsidy":"Y","run_date":"28JUL26","cwelcc_flag":"Y"}},{"type":"Feature","id":104,"geometry":{"type":"MultiPoint","coordinates":[[-79.516017397999974,43.759157587000061]]},"properties":{"OBJECTID":104,"_id":104,"LOC_ID":1374,"LOC_NAME":"Palisades Centre For Early Learning","AUSPICE":"Commercial Agency","ADDRESS":"15 SAN ROMANOWAY","PCODE":"M3N 2Y9","ward":7,"PHONE":"(416) 663-4431x221","bldg_type":"Community/Recreation Centre","BLDGNAME":"Palisades Recreation Centre","IGSPACE":20,"TGSPACE":15,"PGSPACE":40,"KGSPACE":32,"SGSPACE":30,"TOTSPACE":137,"subsidy":"Y","run_date":"28JUL26","cwelcc_flag":"Y"}},{"type":"Feature","id":105,"geometry":{"type":"MultiPoint","coordinates":[[-79.394784881999954,43.698961435000058]]},"properties":{"OBJECTID":105,"_id":105,"LOC_ID":1379,"LOC_NAME":"Davisville Care Programme Inc.","AUSPICE":"Non Profit Agency","ADDRESS":"50 DAVISVILLE AVE","PCODE":"M4S 1E8","ward":12,"PHONE":"(416) 487-7479","bldg_type":"Public Elementary School","BLDGNAME":"Davisville Public School","IGSPACE":10,"TGSPACE":20,"PGSPACE":32,"KGSPACE":91,"SGSPACE":165,"TOTSPACE":318,"subsidy":"Y","run_date":"28JUL26","cwelcc_flag":"Y"}},{"type":"Feature","id":106,"geometry":{"type":"MultiPoint","coordinates":[[-79.414057573999969,43.657646075000059]]},"properties":{"OBJECTID":106,"_id":106,"LOC_ID":1381,"LOC_NAME":"Centro Clinton Day Care Centre","AUSPICE":"Non Profit Agency","ADDRESS":"460 MANNING AVE","PCODE":"M6G 2V7","ward":11,"PHONE":"(416) 537-5841","bldg_type":"Public Elementary School","BLDGNAME":"Clinton Public School","IGSPACE":0,"TGSPACE":20,"PGSPACE":48,"KGSPACE":39,"SGSPACE":67,"TOTSPACE":174,"subsidy":"Y","run_date":"28JUL26","cwelcc_flag":"Y"}},{"type":"Feature","id":107,"geometry":{"type":"MultiPoint","coordinates":[[-79.238885254999957,43.79192308100005]]},"properties":{"OBJECTID":107,"_id":107,"LOC_ID":1383,"LOC_NAME":"Kimbercroft Day Nursery 2","AUSPICE":"Commercial Agency","ADDRESS":"39 KIMBERCROFT CRT","PCODE":"M1S 5B5","ward":23,"PHONE":"(416) 321-1694","bldg_type":"High Rise Apartment","BLDGNAME":null,"IGSPACE":0,"TGSPACE":0,"PGSPACE":48,"KGSPACE":0,"SGSPACE":30,"TOTSPACE":78,"subsidy":"Y","run_date":"28JUL26","cwelcc_flag":"Y"}},{"type":"Feature","id":108,"geometry":{"type":"MultiPoint","coordinates":[[-79.282623223999963,43.768435059000069]]},"properties":{"OBJECTID":108,"_id":108,"LOC_ID":1391,"LOC_NAME":"Progress Childcare (Scarborough Inc. #1 (3 Glamorgan)","AUSPICE":"Non Profit Agency","ADDRESS":"3 GLAMORGAN AVE","PCODE":"M1P 4N9","ward":21,"PHONE":"(416) 291-3368","bldg_type":"High Rise Apartment","BLDGNAME":null,"IGSPACE":10,"TGSPACE":10,"PGSPACE":48,"KGSPACE":22,"SGSPACE":0,"TOTSPACE":90,"subsidy":"Y","run_date":"28JUL26","cwelcc_flag":"Y"}},{"type":"Feature","id":109,"geometry":{"type":"MultiPoint","coordinates":[[-79.288450815999965,43.807406097000069]]},"properties":{"OBJECTID":109,"_id":109,"LOC_ID":1395,"LOC_NAME":"Tamarack Day Care Centre (765566 Ontario Inc)","AUSPICE":"Commercial Agency","ADDRESS":"3315 MIDLAND AVE","PCODE":"M1V 4W7","ward":23,"PHONE":"(416) 293-3152","bldg_type":"Purpose Built","BLDGNAME":"Commercial Space","IGSPACE":0,"TGSPACE":25,"PGSPACE":48,"KGSPACE":24,"SGSPACE":45,"TOTSPACE":142,"subsidy":"Y","run_date":"28JUL26","cwelcc_flag":"Y"}},{"type":"Feature","id":110,"geometry":{"type":"MultiPoint","coordinates":[[-79.396549386999936,43.690217265000058]]},"properties":{"OBJECTID":110,"_id":110,"LOC_ID":1396,"LOC_NAME":"Mothercraft Robertson House (32 Heath Street West)","AUSPICE":"Non Profit Agency","ADDRESS":"32 HEATH ST W","PCODE":"M4V 1T3","ward":12,"PHONE":"(416) 920-3515x5115","bldg_type":"Purpose Built","BLDGNAME":"Mothercraft","IGSPACE":10,"TGSPACE":25,"PGSPACE":24,"KGSPACE":0,"SGSPACE":0,"TOTSPACE":59,"subsidy":"Y","run_date":"28JUL26","cwelcc_flag":"Y"}},{"type":"Feature","id":111,"geometry":{"type":"MultiPoint","coordinates":[[-79.214483490999953,43.809723233000057]]},"properties":{"OBJECTID":111,"_id":111,"LOC_ID":1402,"LOC_NAME":"Mother Of Compassion Child Care","AUSPICE":"Non Profit Agency","ADDRESS":"40 SEWELLS RD","PCODE":"M1B 3G5","ward":25,"PHONE":"(416) 724-1462","bldg_type":"Catholic High School","BLDGNAME":"Mother Theresa Catholic Secondary School","IGSPACE":10,"TGSPACE":15,"PGSPACE":24,"KGSPACE":0,"SGSPACE":0,"TOTSPACE":49,"subsidy":"Y","run_date":"28JUL26","cwelcc_flag":"Y"}},{"type":"Feature","id":112,"geometry":{"type":"MultiPoint","coordinates":[[-79.586425869999971,43.740245500000071]]},"properties":{"OBJECTID":112,"_id":112,"LOC_ID":1413,"LOC_NAME":"Albion Early Learning  & Child Care Centre","AUSPICE":"Public (City Operated) Agency","ADDRESS":"1545 ALBION RD","PCODE":"M9V 1B2","ward":1,"PHONE":"(416) 392-5083","bldg_type":"Purpose Built","BLDGNAME":null,"IGSPACE":10,"TGSPACE":20,"PGSPACE":24,"KGSPACE":0,"SGSPACE":0,"TOTSPACE":54,"subsidy":"Y","run_date":"28JUL26","cwelcc_flag":"Y"}},{"type":"Feature","id":113,"geometry":{"type":"MultiPoint","coordinates":[[-79.331640179999965,43.695042025000078]]},"properties":{"OBJECTID":113,"_id":113,"LOC_ID":1414,"LOC_NAME":"Centennial College East York Day Care (Plains Rd)","AUSPICE":"Non Profit Agency","ADDRESS":"175 PLAINS RD","PCODE":"M4J 2R2","ward":14,"PHONE":"(416) 289-5065","bldg_type":"Public Elementary School","BLDGNAME":"Diefenbaker Public School","IGSPACE":0,"TGSPACE":0,"PGSPACE":0,"KGSPACE":26,"SGSPACE":30,"TOTSPACE":56,"subsidy":"Y","run_date":"28JUL26","cwelcc_flag":"Y"}},{"type":"Feature","id":114,"geometry":{"type":"MultiPoint","coordinates":[[-79.488260656999955,43.745424353000033]]},"properties":{"OBJECTID":114,"_id":114,"LOC_ID":1420,"LOC_NAME":"Cast For Kids Child Care Centre","AUSPICE":"Non Profit Agency","ADDRESS":"1430 SHEPPARD AVE W","PCODE":"M3M 2W9","ward":6,"PHONE":"(416) 638-4487","bldg_type":"Public Elementary School","BLDGNAME":"Sheppard Public School","IGSPACE":10,"TGSPACE":15,"PGSPACE":24,"KGSPACE":26,"SGSPACE":45,"TOTSPACE":120,"subsidy":"Y","run_date":"28JUL26","cwelcc_flag":"Y"}},{"type":"Feature","id":115,"geometry":{"type":"MultiPoint","coordinates":[[-79.308286292999981,43.774342252000054]]},"properties":{"OBJECTID":115,"_id":115,"LOC_ID":1425,"LOC_NAME":"Vradenburg Community Child Care Centre","AUSPICE":"Non Profit Agency","ADDRESS":"50 VRADENBERG DR","PCODE":"M1T 1M6","ward":22,"PHONE":"(416) 497-7016","bldg_type":"Public Elementary School","BLDGNAME":"Vradenburg Junior Public School","IGSPACE":10,"TGSPACE":15,"PGSPACE":24,"KGSPACE":26,"SGSPACE":30,"TOTSPACE":105,"subsidy":"Y","run_date":"28JUL26","cwelcc_flag":"Y"}},{"type":"Feature","id":116,"geometry":{"type":"MultiPoint","coordinates":[[-79.567479495999976,43.748336109000036]]},"properties":{"OBJECTID":116,"_id":116,"LOC_ID":1426,"LOC_NAME":"Educare Kindergarten - Islington","AUSPICE":"Commercial Agency","ADDRESS":"2825 ISLINGTON AVE","PCODE":"M9L 2K1","ward":7,"PHONE":"(416) 749-0415","bldg_type":"High Rise Apartment","BLDGNAME":"Swiss Court","IGSPACE":0,"TGSPACE":10,"PGSPACE":32,"KGSPACE":18,"SGSPACE":30,"TOTSPACE":90,"subsidy":"Y","run_date":"28JUL26","cwelcc_flag":"Y"}},{"type":"Feature","id":117,"geometry":{"type":"MultiPoint","coordinates":[[-79.262368321999986,43.756986915000027]]},"properties":{"OBJECTID":117,"_id":117,"LOC_ID":1430,"LOC_NAME":"N.Y.A.D. Donwood Inc","AUSPICE":"Non Profit Agency","ADDRESS":"61 DORCOT AVE","PCODE":"M1P 3K5","ward":21,"PHONE":"(416) 759-7648","bldg_type":"Public Elementary School","BLDGNAME":"Donwood Park Public School","IGSPACE":0,"TGSPACE":10,"PGSPACE":16,"KGSPACE":26,"SGSPACE":15,"TOTSPACE":67,"subsidy":"Y","run_date":"28JUL26","cwelcc_flag":"Y"}},{"type":"Feature","id":118,"geometry":{"type":"MultiPoint","coordinates":[[-79.332759751999959,43.715431088000059]]},"properties":{"OBJECTID":118,"_id":118,"LOC_ID":1434,"LOC_NAME":"Champions Children's Centre","AUSPICE":"Non Profit Agency","ADDRESS":"9 GRENOBLE DR","PCODE":"M3C 1C3","ward":16,"PHONE":"(416) 467-5983","bldg_type":"Public Elementary School","BLDGNAME":"Grenoble Public School","IGSPACE":0,"TGSPACE":0,"PGSPACE":16,"KGSPACE":52,"SGSPACE":60,"TOTSPACE":128,"subsidy":"Y","run_date":"28JUL26","cwelcc_flag":"Y"}},{"type":"Feature","id":119,"geometry":{"type":"MultiPoint","coordinates":[[-79.293638406999946,43.738267078000035]]},"properties":{"OBJECTID":119,"_id":119,"LOC_ID":1439,"LOC_NAME":"Wexford Community Childcare Centre","AUSPICE":"Non Profit Agency","ADDRESS":"1 WAYNE AVE","PCODE":"M1R 1Y1","ward":21,"PHONE":"(416) 759-1965","bldg_type":"Public Elementary School","BLDGNAME":"George Peck Public School","IGSPACE":10,"TGSPACE":15,"PGSPACE":16,"KGSPACE":26,"SGSPACE":30,"TOTSPACE":97,"subsidy":"Y","run_date":"28JUL26","cwelcc_flag":"Y"}},{"type":"Feature","id":120,"geometry":{"type":"MultiPoint","coordinates":[[-79.387462319999941,43.792319441000075]]},"properties":{"OBJECTID":120,"_id":120,"LOC_ID":1440,"LOC_NAME":"Petit Pearson Child Care - North York","AUSPICE":"Non Profit Agency","ADDRESS":"7 SNOWCREST AVE","PCODE":"M2K 2K5","ward":17,"PHONE":"(416) 222-2769","bldg_type":"Public Elementary School","BLDGNAME":"Lester B. Pearson Public School","IGSPACE":0,"TGSPACE":15,"PGSPACE":24,"KGSPACE":78,"SGSPACE":90,"TOTSPACE":207,"subsidy":"Y","run_date":"28JUL26","cwelcc_flag":"Y"}},{"type":"Feature","id":121,"geometry":{"type":"MultiPoint","coordinates":[[-79.45892048099995,43.75473432800004]]},"properties":{"OBJECTID":121,"_id":121,"LOC_ID":1445,"LOC_NAME":"Children Are People Education","AUSPICE":"Non Profit Agency","ADDRESS":"272 CODSELL AVE","PCODE":"M3H 3X2","ward":6,"PHONE":"(416) 633-8831","bldg_type":"Community/Recreation Centre","BLDGNAME":"Borochov Centre","IGSPACE":20,"TGSPACE":55,"PGSPACE":80,"KGSPACE":0,"SGSPACE":0,"TOTSPACE":155,"subsidy":"Y","run_date":"28JUL26","cwelcc_flag":"Y"}},{"type":"Feature","id":122,"geometry":{"type":"MultiPoint","coordinates":[[-79.262642737999954,43.734096177000026]]},"properties":{"OBJECTID":122,"_id":122,"LOC_ID":1448,"LOC_NAME":"Rainbow Village Childcare Centre (Mid-Scarborough Child Care)","AUSPICE":"Non Profit Agency","ADDRESS":"2460 EGLINTON AVE E","PCODE":"M1K 5J7","ward":21,"PHONE":"(416) 266-5835","bldg_type":"Purpose Built","BLDGNAME":null,"IGSPACE":6,"TGSPACE":25,"PGSPACE":56,"KGSPACE":13,"SGSPACE":30,"TOTSPACE":130,"subsidy":"Y","run_date":"28JUL26","cwelcc_flag":"Y"}},{"type":"Feature","id":123,"geometry":{"type":"MultiPoint","coordinates":[[-79.287695859999985,43.693969417000062]]},"properties":{"OBJECTID":123,"_id":123,"LOC_ID":1452,"LOC_NAME":"Cambridge Place Centre For Early Learning","AUSPICE":"Commercial Agency","ADDRESS":"30 DENTON AVE","PCODE":"M1L 4P2","ward":20,"PHONE":"(416) 699-9636x221","bldg_type":"High Rise Apartment","BLDGNAME":"Apartment Building","IGSPACE":10,"TGSPACE":15,"PGSPACE":48,"KGSPACE":20,"SGSPACE":0,"TOTSPACE":93,"subsidy":"Y","run_date":"28JUL26","cwelcc_flag":"Y"}},{"type":"Feature","id":124,"geometry":{"type":"MultiPoint","coordinates":[[-79.321136291999949,43.678997338000045]]},"properties":{"OBJECTID":124,"_id":124,"LOC_ID":1453,"LOC_NAME":"Downtown Montessori At Coatsworth (Formerly Ward Nine -Coatsworth)","AUSPICE":"Non Profit Agency","ADDRESS":"11 COATSWORTH CRES","PCODE":"M4C 5P8","ward":19,"PHONE":"(416) 694-9444","bldg_type":"High Rise Apartment","BLDGNAME":"Hanson Building","IGSPACE":10,"TGSPACE":15,"PGSPACE":32,"KGSPACE":0,"SGSPACE":0,"TOTSPACE":57,"subsidy":"Y","run_date":"28JUL26","cwelcc_flag":"Y"}},{"type":"Feature","id":125,"geometry":{"type":"MultiPoint","coordinates":[[-79.413938590999976,43.695376253000063]]},"properties":{"OBJECTID":125,"_id":125,"LOC_ID":1454,"LOC_NAME":"Dunloe Children's Centre","AUSPICE":"Non Profit Agency","ADDRESS":"78 DUNLOE RD","PCODE":"M5P 2T6","ward":12,"PHONE":"(416) 483-6559","bldg_type":"Public Elementary School","BLDGNAME":"Forest Hill Public School","IGSPACE":0,"TGSPACE":0,"PGSPACE":56,"KGSPACE":0,"SGSPACE":30,"TOTSPACE":86,"subsidy":"Y","run_date":"28JUL26","cwelcc_flag":"Y"}},{"type":"Feature","id":126,"geometry":{"type":"MultiPoint","coordinates":[[-79.44758595899998,43.78781402900006]]},"properties":{"OBJECTID":126,"_id":126,"LOC_ID":1458,"LOC_NAME":"Enriched Child Care Learning Centre","AUSPICE":"Commercial Agency","ADDRESS":"6030 BATHURST ST","PCODE":"M2R 1Z9","ward":6,"PHONE":"(416) 650-5355","bldg_type":"High Rise Apartment","BLDGNAME":null,"IGSPACE":0,"TGSPACE":10,"PGSPACE":24,"KGSPACE":0,"SGSPACE":0,"TOTSPACE":34,"subsidy":"Y","run_date":"28JUL26","cwelcc_flag":"Y"}},{"type":"Feature","id":127,"geometry":{"type":"MultiPoint","coordinates":[[-79.219073381999976,43.746181504000049]]},"properties":{"OBJECTID":127,"_id":127,"LOC_ID":1460,"LOC_NAME":"Children's Village Day Care Centre #3","AUSPICE":"Commercial Agency","ADDRESS":"225 MARKHAM RD","PCODE":"M1J 3C6","ward":24,"PHONE":"(416) 267-9677","bldg_type":"High Rise Apartment","BLDGNAME":null,"IGSPACE":10,"TGSPACE":15,"PGSPACE":24,"KGSPACE":16,"SGSPACE":40,"TOTSPACE":105,"subsidy":"Y","run_date":"28JUL26","cwelcc_flag":"Y"}},{"type":"Feature","id":128,"geometry":{"type":"MultiPoint","coordinates":[[-79.452272092999976,43.650426307000032]]},"properties":{"OBJECTID":128,"_id":128,"LOC_ID":1462,"LOC_NAME":"Howard Park Children's Centre","AUSPICE":"Non Profit Agency","ADDRESS":"30 MARMADUKE ST","PCODE":"M6R 1T2","ward":4,"PHONE":"(416) 532-3945","bldg_type":"Public Elementary School","BLDGNAME":"Howard Public School","IGSPACE":0,"TGSPACE":0,"PGSPACE":0,"KGSPACE":78,"SGSPACE":120,"TOTSPACE":198,"subsidy":"Y","run_date":"28JUL26","cwelcc_flag":"Y"}},{"type":"Feature","id":129,"geometry":{"type":"MultiPoint","coordinates":[[-79.235713800999974,43.73988203600004]]},"properties":{"OBJECTID":129,"_id":129,"LOC_ID":1466,"LOC_NAME":"Heart Beatz Child Care - Cliffcrest Site","AUSPICE":"Non Profit Agency","ADDRESS":"2938 EGLINTON AVE E","PCODE":"M1J 2E4","ward":21,"PHONE":"(416) 267-6293","bldg_type":"Commercial Building","BLDGNAME":"Torrance Plaza","IGSPACE":10,"TGSPACE":20,"PGSPACE":24,"KGSPACE":0,"SGSPACE":0,"TOTSPACE":54,"subsidy":"Y","run_date":"28JUL26","cwelcc_flag":"Y"}},{"type":"Feature","id":130,"geometry":{"type":"MultiPoint","coordinates":[[-79.321250471999974,43.681331449000027]]},"properties":{"OBJECTID":130,"_id":130,"LOC_ID":1467,"LOC_NAME":"Earl Haig Community Day Care (15 Earl Haig Avenue)","AUSPICE":"Non Profit Agency","ADDRESS":"15 EARL HAIG AVE","PCODE":"M4C 1E2","ward":19,"PHONE":"(416) 694-9572x101","bldg_type":"Public Elementary School","BLDGNAME":"Earl Haig Public School","IGSPACE":10,"TGSPACE":15,"PGSPACE":46,"KGSPACE":65,"SGSPACE":130,"TOTSPACE":266,"subsidy":"Y","run_date":"28JUL26","cwelcc_flag":"Y"}},{"type":"Feature","id":131,"geometry":{"type":"MultiPoint","coordinates":[[-79.41433356899995,43.77007450900004]]},"properties":{"OBJECTID":131,"_id":131,"LOC_ID":1477,"LOC_NAME":"Yonge Hearts Child Care Centre","AUSPICE":"Non Profit Agency","ADDRESS":"5176 YONGE ST","PCODE":"M2N 5P6","ward":18,"PHONE":"(416) 730-8898","bldg_type":"Purpose Built","BLDGNAME":"Yonge Hearts Child Care Centre","IGSPACE":20,"TGSPACE":30,"PGSPACE":64,"KGSPACE":0,"SGSPACE":0,"TOTSPACE":114,"subsidy":"Y","run_date":"28JUL26","cwelcc_flag":"Y"}},{"type":"Feature","id":132,"geometry":{"type":"MultiPoint","coordinates":[[-79.297705242999939,43.682810687000028]]},"properties":{"OBJECTID":132,"_id":132,"LOC_ID":1482,"LOC_NAME":"East Toronto Village Children's Centre","AUSPICE":"Non Profit Agency","ADDRESS":"43 KIMBERLEY AVE","PCODE":"M4E 2Z4","ward":19,"PHONE":"(416) 694-1733","bldg_type":"Place of Worship","BLDGNAME":"St. Saviour's Anglican Church","IGSPACE":0,"TGSPACE":20,"PGSPACE":32,"KGSPACE":0,"SGSPACE":0,"TOTSPACE":52,"subsidy":"Y","run_date":"28JUL26","cwelcc_flag":"Y"}},{"type":"Feature","id":133,"geometry":{"type":"MultiPoint","coordinates":[[-79.350300222999977,43.790879028000063]]},"properties":{"OBJECTID":133,"_id":133,"LOC_ID":1484,"LOC_NAME":"Phoenix Child Centre","AUSPICE":"Non Profit Agency","ADDRESS":"625 SENECA HILL DR","PCODE":"M2J 2W6","ward":17,"PHONE":"(416) 492-8888","bldg_type":"Public Elementary School","BLDGNAME":"Seneca Hill Public School","IGSPACE":0,"TGSPACE":0,"PGSPACE":30,"KGSPACE":52,"SGSPACE":30,"TOTSPACE":112,"subsidy":"Y","run_date":"28JUL26","cwelcc_flag":"Y"}},{"type":"Feature","id":134,"geometry":{"type":"MultiPoint","coordinates":[[-79.218768112999953,43.744688035000081]]},"properties":{"OBJECTID":134,"_id":134,"LOC_ID":1486,"LOC_NAME":"Scarborough Village Day Nursery 1","AUSPICE":"Commercial Agency","ADDRESS":"215 MARKHAM RD","PCODE":"M1J 3C4","ward":24,"PHONE":"(416) 261-5048","bldg_type":"High Rise Apartment","BLDGNAME":null,"IGSPACE":10,"TGSPACE":15,"PGSPACE":24,"KGSPACE":13,"SGSPACE":15,"TOTSPACE":77,"subsidy":"Y","run_date":"28JUL26","cwelcc_flag":"Y"}},{"type":"Feature","id":135,"geometry":{"type":"MultiPoint","coordinates":[[-79.350153062999937,43.778443048000042]]},"properties":{"OBJECTID":135,"_id":135,"LOC_ID":1488,"LOC_NAME":"Esterbrooke Child Care","AUSPICE":"Commercial Agency","ADDRESS":"35 ESTERBROOKE AVE","PCODE":"M2J 2C6","ward":17,"PHONE":"(416) 492-1109","bldg_type":"High Rise Apartment","BLDGNAME":"Esterbrooke Properties Inc","IGSPACE":0,"TGSPACE":0,"PGSPACE":24,"KGSPACE":10,"SGSPACE":20,"TOTSPACE":54,"subsidy":"N","run_date":"28JUL26","cwelcc_flag":"Y"}},{"type":"Feature","id":136,"geometry":{"type":"MultiPoint","coordinates":[[-79.424213405999978,43.667857551000054]]},"properties":{"OBJECTID":136,"_id":136,"LOC_ID":1491,"LOC_NAME":"Les Bouts D'Choux","AUSPICE":"Non Profit Agency","ADDRESS":"98 ESSEX ST","PCODE":"M6G 1T3","ward":11,"PHONE":"(416) 960-9929","bldg_type":"Catholic Elementary (French)","BLDGNAME":"Ecole Sacre Coeur","IGSPACE":10,"TGSPACE":10,"PGSPACE":40,"KGSPACE":26,"SGSPACE":30,"TOTSPACE":116,"subsidy":"Y","run_date":"28JUL26","cwelcc_flag":"Y"}},{"type":"Feature","id":137,"geometry":{"type":"MultiPoint","coordinates":[[-79.434557684999959,43.789955418000034]]},"properties":{"OBJECTID":137,"_id":137,"LOC_ID":1495,"LOC_NAME":"Pleasant Child Care Of North York","AUSPICE":"Non Profit Agency","ADDRESS":"288 PLEASANT AVE","PCODE":"M2R 2R1","ward":18,"PHONE":"(416) 733-2280","bldg_type":"Public Elementary School","BLDGNAME":"Pleasant Public School","IGSPACE":0,"TGSPACE":10,"PGSPACE":24,"KGSPACE":26,"SGSPACE":50,"TOTSPACE":110,"subsidy":"Y","run_date":"28JUL26","cwelcc_flag":"Y"}},{"type":"Feature","id":138,"geometry":{"type":"MultiPoint","coordinates":[[-79.299964231999979,43.687784183000076]]},"properties":{"OBJECTID":138,"_id":138,"LOC_ID":1496,"LOC_NAME":"Main Square Day Care Centre","AUSPICE":"Non Profit Agency","ADDRESS":"265 MAIN ST","PCODE":"M4C 4X3","ward":19,"PHONE":"(416) 691-3909","bldg_type":"High Rise Apartment","BLDGNAME":null,"IGSPACE":0,"TGSPACE":15,"PGSPACE":24,"KGSPACE":0,"SGSPACE":26,"TOTSPACE":65,"subsidy":"Y","run_date":"28JUL26","cwelcc_flag":"Y"}},{"type":"Feature","id":139,"geometry":{"type":"MultiPoint","coordinates":[[-79.43106195699994,43.678076368000063]]},"properties":{"OBJECTID":139,"_id":139,"LOC_ID":1498,"LOC_NAME":"McMurrich Sprouts","AUSPICE":"Non Profit Agency","ADDRESS":"115 WINONA DR","PCODE":"M6G 3S8","ward":12,"PHONE":"(416) 656-7957","bldg_type":"Public Elementary School","BLDGNAME":"McMurrich Public School","IGSPACE":10,"TGSPACE":15,"PGSPACE":40,"KGSPACE":52,"SGSPACE":60,"TOTSPACE":177,"subsidy":"Y","run_date":"28JUL26","cwelcc_flag":"Y"}},{"type":"Feature","id":140,"geometry":{"type":"MultiPoint","coordinates":[[-79.446697332999975,43.739855033000026]]},"properties":{"OBJECTID":140,"_id":140,"LOC_ID":1500,"LOC_NAME":"Faywood Boulevard Child Care Centre","AUSPICE":"Non Profit Agency","ADDRESS":"95 FAYWOOD BLVD","PCODE":"M3H 2X5","ward":6,"PHONE":"(416) 633-8420","bldg_type":"Public Elementary School","BLDGNAME":"Faywood Public School","IGSPACE":0,"TGSPACE":0,"PGSPACE":24,"KGSPACE":52,"SGSPACE":80,"TOTSPACE":156,"subsidy":"Y","run_date":"28JUL26","cwelcc_flag":"Y"}},{"type":"Feature","id":141,"geometry":{"type":"MultiPoint","coordinates":[[-79.329129800999965,43.764589122000075]]},"properties":{"OBJECTID":141,"_id":141,"LOC_ID":1504,"LOC_NAME":"Fenside Drive Children's Centre","AUSPICE":"Non Profit Agency","ADDRESS":"131 FENSIDE DR","PCODE":"M3A 2V9","ward":16,"PHONE":"(416) 444-2441","bldg_type":"Public Elementary School","BLDGNAME":"Fenside Public School","IGSPACE":0,"TGSPACE":15,"PGSPACE":32,"KGSPACE":39,"SGSPACE":60,"TOTSPACE":146,"subsidy":"Y","run_date":"28JUL26","cwelcc_flag":"Y"}},{"type":"Feature","id":142,"geometry":{"type":"MultiPoint","coordinates":[[-79.216183609999973,43.743424849000064]]},"properties":{"OBJECTID":142,"_id":142,"LOC_ID":1507,"LOC_NAME":"Cougar Court Child Care Centre 25","AUSPICE":"Commercial Agency","ADDRESS":"3225 EGLINTON AVE E","PCODE":"M1J 2H7","ward":24,"PHONE":"(416) 267-0366","bldg_type":"Other","BLDGNAME":null,"IGSPACE":0,"TGSPACE":0,"PGSPACE":16,"KGSPACE":0,"SGSPACE":60,"TOTSPACE":76,"subsidy":"Y","run_date":"28JUL26","cwelcc_flag":"Y"}},{"type":"Feature","id":143,"geometry":{"type":"MultiPoint","coordinates":[[-79.217805186999954,43.741772882000078]]},"properties":{"OBJECTID":143,"_id":143,"LOC_ID":1509,"LOC_NAME":"Scarborough Village Day Nursery 2","AUSPICE":"Commercial Agency","ADDRESS":"155 MARKHAM RD","PCODE":"M1M 3A1","ward":24,"PHONE":"(416) 267-8881","bldg_type":"Place of Worship","BLDGNAME":"Christ Church","IGSPACE":0,"TGSPACE":0,"PGSPACE":16,"KGSPACE":0,"SGSPACE":15,"TOTSPACE":31,"subsidy":"Y","run_date":"28JUL26","cwelcc_flag":"Y"}},{"type":"Feature","id":144,"geometry":{"type":"MultiPoint","coordinates":[[-79.267353210999943,43.729575208000028]]},"properties":{"OBJECTID":144,"_id":144,"LOC_ID":1520,"LOC_NAME":"Birds And Bees Day Care Centre","AUSPICE":"Commercial Agency","ADDRESS":"720 KENNEDY RD","PCODE":"M1K 2B7","ward":20,"PHONE":"(416) 261-5741","bldg_type":"High Rise Apartment","BLDGNAME":null,"IGSPACE":0,"TGSPACE":15,"PGSPACE":41,"KGSPACE":0,"SGSPACE":30,"TOTSPACE":86,"subsidy":"Y","run_date":"28JUL26","cwelcc_flag":"Y"}},{"type":"Feature","id":145,"geometry":{"type":"MultiPoint","coordinates":[[-79.360071838999943,43.806300699000076]]},"properties":{"OBJECTID":145,"_id":145,"LOC_ID":1521,"LOC_NAME":"Cliffwood Community Child Care","AUSPICE":"Non Profit Agency","ADDRESS":"140 CLIFFWOOD RD","PCODE":"M2H 2E4","ward":17,"PHONE":"(416) 490-8848","bldg_type":"Public Elementary School","BLDGNAME":"Cliffwood Public School","IGSPACE":0,"TGSPACE":15,"PGSPACE":24,"KGSPACE":52,"SGSPACE":75,"TOTSPACE":166,"subsidy":"Y","run_date":"28JUL26","cwelcc_flag":"Y"}},{"type":"Feature","id":146,"geometry":{"type":"MultiPoint","coordinates":[[-79.394974202999947,43.783833079000033]]},"properties":{"OBJECTID":146,"_id":146,"LOC_ID":1522,"LOC_NAME":"Finch Flyers Child Care Program","AUSPICE":"Non Profit Agency","ADDRESS":"277 FINCH AVE E","PCODE":"M2N 4S3","ward":18,"PHONE":"(416) 225-8778","bldg_type":"Public Elementary School","BLDGNAME":"Finch Public School","IGSPACE":0,"TGSPACE":10,"PGSPACE":24,"KGSPACE":52,"SGSPACE":60,"TOTSPACE":146,"subsidy":"Y","run_date":"28JUL26","cwelcc_flag":"Y"}},{"type":"Feature","id":147,"geometry":{"type":"MultiPoint","coordinates":[[-79.265948417999937,43.715239662000045]]},"properties":{"OBJECTID":147,"_id":147,"LOC_ID":1525,"LOC_NAME":"Hilltop Daycare Centre","AUSPICE":"Non Profit Agency","ADDRESS":"160 NORTH BONNINGTON AVE","PCODE":"M1K 1Y1","ward":20,"PHONE":"(416) 266-1085","bldg_type":"Purpose Built","BLDGNAME":null,"IGSPACE":10,"TGSPACE":15,"PGSPACE":32,"KGSPACE":0,"SGSPACE":15,"TOTSPACE":72,"subsidy":"Y","run_date":"28JUL26","cwelcc_flag":"Y"}},{"type":"Feature","id":148,"geometry":{"type":"MultiPoint","coordinates":[[-79.402379731999986,43.651281707000066]]},"properties":{"OBJECTID":148,"_id":148,"LOC_ID":1529,"LOC_NAME":"George Brown - Fashion District/Ryerson Child Care Centre","AUSPICE":"Non Profit Agency","ADDRESS":"96 DENISON AVE","PCODE":"M5T 1E4","ward":10,"PHONE":"(416) 415-4616","bldg_type":"Public Elementary School","BLDGNAME":"Ryerson Public School","IGSPACE":0,"TGSPACE":0,"PGSPACE":0,"KGSPACE":26,"SGSPACE":30,"TOTSPACE":56,"subsidy":"Y","run_date":"28JUL26","cwelcc_flag":"Y"}},{"type":"Feature","id":149,"geometry":{"type":"MultiPoint","coordinates":[[-79.283867856999962,43.685108675000038]]},"properties":{"OBJECTID":149,"_id":149,"LOC_ID":1531,"LOC_NAME":"Today's Child Tomorrow's Future Children's Centre (290 Blantyre)","AUSPICE":"Non Profit Agency","ADDRESS":"290 BLANTYRE AVE","PCODE":"M1N 2S4","ward":20,"PHONE":"(416) 698-0069","bldg_type":"Public Elementary School","BLDGNAME":"Blantyre Public School","IGSPACE":0,"TGSPACE":0,"PGSPACE":32,"KGSPACE":39,"SGSPACE":45,"TOTSPACE":116,"subsidy":"Y","run_date":"28JUL26","cwelcc_flag":"Y"}},{"type":"Feature","id":150,"geometry":{"type":"MultiPoint","coordinates":[[-79.249059373999955,43.71410867700007]]},"properties":{"OBJECTID":150,"_id":150,"LOC_ID":1533,"LOC_NAME":"John A. Leslie Childcare - Scarborough","AUSPICE":"Non Profit Agency","ADDRESS":"459 MIDLAND AVE","PCODE":"M1N 4A7","ward":20,"PHONE":"(416) 261-3238","bldg_type":"Public Elementary School","BLDGNAME":"John A. Leslie Public School","IGSPACE":0,"TGSPACE":15,"PGSPACE":24,"KGSPACE":26,"SGSPACE":30,"TOTSPACE":95,"subsidy":"Y","run_date":"28JUL26","cwelcc_flag":"Y"}},{"type":"Feature","id":151,"geometry":{"type":"MultiPoint","coordinates":[[-79.435747324999966,43.713223823000078]]},"properties":{"OBJECTID":151,"_id":151,"LOC_ID":1536,"LOC_NAME":"Dalemount Child Care","AUSPICE":"Non Profit Agency","ADDRESS":"101 ENGLEMOUNT AVE","PCODE":"M6B 4L5","ward":8,"PHONE":"(416) 781-9493","bldg_type":"Public Elementary School","BLDGNAME":"Glen Park Public School","IGSPACE":0,"TGSPACE":0,"PGSPACE":26,"KGSPACE":26,"SGSPACE":50,"TOTSPACE":102,"subsidy":"Y","run_date":"28JUL26","cwelcc_flag":"Y"}},{"type":"Feature","id":152,"geometry":{"type":"MultiPoint","coordinates":[[-79.272378092999986,43.730549770000039]]},"properties":{"OBJECTID":152,"_id":152,"LOC_ID":1538,"LOC_NAME":"Kenlinton Child Care Centre (Operator-Stonehill) Facility #16008","AUSPICE":"Commercial Agency","ADDRESS":"2283 EGLINTON AVE E","PCODE":"M1K 2N4","ward":20,"PHONE":"(416) 759-4525","bldg_type":"High Rise Apartment","BLDGNAME":"Apartment Building","IGSPACE":0,"TGSPACE":0,"PGSPACE":32,"KGSPACE":0,"SGSPACE":30,"TOTSPACE":62,"subsidy":"Y","run_date":"28JUL26","cwelcc_flag":"Y"}},{"type":"Feature","id":153,"geometry":{"type":"MultiPoint","coordinates":[[-79.398763826999982,43.670536824000067]]},"properties":{"OBJECTID":153,"_id":153,"LOC_ID":1539,"LOC_NAME":"Friends Day Care Centre","AUSPICE":"Non Profit Agency","ADDRESS":"60 LOWTHER AVE","PCODE":"M5R 1C7","ward":11,"PHONE":"(416) 922-7022","bldg_type":"Church","BLDGNAME":"Quakers Meeting House","IGSPACE":0,"TGSPACE":0,"PGSPACE":22,"KGSPACE":0,"SGSPACE":0,"TOTSPACE":22,"subsidy":"Y","run_date":"28JUL26","cwelcc_flag":"Y"}},{"type":"Feature","id":154,"geometry":{"type":"MultiPoint","coordinates":[[-79.264672081999947,43.72561636100005]]},"properties":{"OBJECTID":154,"_id":154,"LOC_ID":1544,"LOC_NAME":"Kennedy Road Kiddy Kare - (Kennedy Road Church Of The Nazarene)","AUSPICE":"Non Profit Agency","ADDRESS":"661 KENNEDY RD","PCODE":"M1K 2B8","ward":20,"PHONE":"(416) 261-1414","bldg_type":"Church","BLDGNAME":null,"IGSPACE":0,"TGSPACE":10,"PGSPACE":24,"KGSPACE":0,"SGSPACE":30,"TOTSPACE":64,"subsidy":"Y","run_date":"28JUL26","cwelcc_flag":"Y"}},{"type":"Feature","id":155,"geometry":{"type":"MultiPoint","coordinates":[[-79.25779831899996,43.719047733000025]]},"properties":{"OBJECTID":155,"_id":155,"LOC_ID":1547,"LOC_NAME":"Today's Child Tomorrow's Future Children's Centre","AUSPICE":"Non Profit Agency","ADDRESS":"725 DANFORTH RD","PCODE":"M1K 1G4","ward":20,"PHONE":"(416) 266-9888","bldg_type":"Public Elementary School","BLDGNAME":"Norman Cook Junior Public School","IGSPACE":0,"TGSPACE":15,"PGSPACE":21,"KGSPACE":26,"SGSPACE":23,"TOTSPACE":85,"subsidy":"Y","run_date":"28JUL26","cwelcc_flag":"Y"}},{"type":"Feature","id":156,"geometry":{"type":"MultiPoint","coordinates":[[-79.454119900999956,43.760649166000064]]},"properties":{"OBJECTID":156,"_id":156,"LOC_ID":1548,"LOC_NAME":"Gan Yeladim Day Care Centre","AUSPICE":"Non Profit Agency","ADDRESS":"100 ELDER ST","PCODE":"M3H 5G7","ward":6,"PHONE":"(416) 638-1796","bldg_type":"Synagogue","BLDGNAME":"Beth Emeth Bais Yehuda Synagogue","IGSPACE":0,"TGSPACE":10,"PGSPACE":26,"KGSPACE":0,"SGSPACE":0,"TOTSPACE":36,"subsidy":"Y","run_date":"28JUL26","cwelcc_flag":"Y"}},{"type":"Feature","id":157,"geometry":{"type":"MultiPoint","coordinates":[[-79.352191153999968,43.788658960000078]]},"properties":{"OBJECTID":157,"_id":157,"LOC_ID":1551,"LOC_NAME":"Don Valley Christian Child Care","AUSPICE":"Non Profit Agency","ADDRESS":"25 AXSMITH CRES","PCODE":"M2J 3K2","ward":17,"PHONE":"(416) 491-6485","bldg_type":"Place of Worship","BLDGNAME":"Don Valley Bible Chapel","IGSPACE":10,"TGSPACE":15,"PGSPACE":24,"KGSPACE":0,"SGSPACE":0,"TOTSPACE":49,"subsidy":"Y","run_date":"28JUL26","cwelcc_flag":"Y"}},{"type":"Feature","id":158,"geometry":{"type":"MultiPoint","coordinates":[[-79.331009152999968,43.711726217000034]]},"properties":{"OBJECTID":158,"_id":158,"LOC_ID":1554,"LOC_NAME":"Pride In Heritage Children's Centre - North York","AUSPICE":"Non Profit Agency","ADDRESS":"55 GATEWAY BLVD","PCODE":"M3C 1B4","ward":16,"PHONE":"(416) 467-5981","bldg_type":"Public Elementary School","BLDGNAME":"Gateway Public School","IGSPACE":0,"TGSPACE":10,"PGSPACE":24,"KGSPACE":52,"SGSPACE":75,"TOTSPACE":161,"subsidy":"Y","run_date":"28JUL26","cwelcc_flag":"Y"}},{"type":"Feature","id":159,"geometry":{"type":"MultiPoint","coordinates":[[-79.422923640999954,43.681940252000061]]},"properties":{"OBJECTID":159,"_id":159,"LOC_ID":1559,"LOC_NAME":"St. Michael And All Angels Day Care Centre","AUSPICE":"Non Profit Agency","ADDRESS":"611 ST CLAIR AVE W","PCODE":"M6C 1A3","ward":12,"PHONE":"(416) 653-1424","bldg_type":"Place of Worship","BLDGNAME":"St. Michael's And All Angels Church","IGSPACE":10,"TGSPACE":15,"PGSPACE":40,"KGSPACE":0,"SGSPACE":0,"TOTSPACE":65,"subsidy":"Y","run_date":"28JUL26","cwelcc_flag":"Y"}},{"type":"Feature","id":160,"geometry":{"type":"MultiPoint","coordinates":[[-79.329342294999947,43.711441633000049]]},"properties":{"OBJECTID":160,"_id":160,"LOC_ID":1562,"LOC_NAME":"Gateway Day Care Centre","AUSPICE":"Commercial Agency","ADDRESS":"100 LEEWARD GLENWAY","PCODE":"M3C 2Z1","ward":16,"PHONE":"(416) 424-2419","bldg_type":"High Rise Apartment","BLDGNAME":null,"IGSPACE":10,"TGSPACE":15,"PGSPACE":24,"KGSPACE":0,"SGSPACE":12,"TOTSPACE":61,"subsidy":"Y","run_date":"28JUL26","cwelcc_flag":"Y"}},{"type":"Feature","id":161,"geometry":{"type":"MultiPoint","coordinates":[[-79.421254805999979,43.754369299000075]]},"properties":{"OBJECTID":161,"_id":161,"LOC_ID":1566,"LOC_NAME":"Glen Cameron For Kids","AUSPICE":"Non Profit Agency","ADDRESS":"211 CAMERON AVE","PCODE":"M2N 1E8","ward":18,"PHONE":"(416) 225-5788","bldg_type":"Public Elementary School","BLDGNAME":"Cameron Public School","IGSPACE":0,"TGSPACE":0,"PGSPACE":16,"KGSPACE":26,"SGSPACE":79,"TOTSPACE":121,"subsidy":"Y","run_date":"28JUL26","cwelcc_flag":"Y"}},{"type":"Feature","id":162,"geometry":{"type":"MultiPoint","coordinates":[[-79.487091620999934,43.72302376500005]]},"properties":{"OBJECTID":162,"_id":162,"LOC_ID":1567,"LOC_NAME":"Downsview Child Care Centre","AUSPICE":"Non Profit Agency","ADDRESS":"159 SIR WILLIAM HEARST AVE","PCODE":"M3M 0B7","ward":6,"PHONE":"(647) 722-8593","bldg_type":"Office Building","BLDGNAME":"Ontario Ministry Of Transportation Building D","IGSPACE":10,"TGSPACE":20,"PGSPACE":24,"KGSPACE":0,"SGSPACE":0,"TOTSPACE":54,"subsidy":"Y","run_date":"28JUL26","cwelcc_flag":"Y"}},{"type":"Feature","id":163,"geometry":{"type":"MultiPoint","coordinates":[[-79.323294664999935,43.752466599000059]]},"properties":{"OBJECTID":163,"_id":163,"LOC_ID":1570,"LOC_NAME":"Ranchdale Rompers Day Care","AUSPICE":"Non Profit Agency","ADDRESS":"60 RANCHDALE CRES","PCODE":"M3A 2M3","ward":16,"PHONE":"(416) 441-1233","bldg_type":"Public Elementary School","BLDGNAME":"Ranchdale Public School","IGSPACE":0,"TGSPACE":10,"PGSPACE":24,"KGSPACE":26,"SGSPACE":60,"TOTSPACE":120,"subsidy":"Y","run_date":"28JUL26","cwelcc_flag":"Y"}},{"type":"Feature","id":164,"geometry":{"type":"MultiPoint","coordinates":[[-79.338536157999954,43.733615634000046]]},"properties":{"OBJECTID":164,"_id":164,"LOC_ID":1577,"LOC_NAME":"Playhouse Child Care Centre","AUSPICE":"Non Profit Agency","ADDRESS":"15 GREENLAND RD","PCODE":"M3C 1N1","ward":16,"PHONE":"(416) 441-3170","bldg_type":"Public Elementary School","BLDGNAME":"Greenland Public School","IGSPACE":10,"TGSPACE":10,"PGSPACE":32,"KGSPACE":26,"SGSPACE":0,"TOTSPACE":78,"subsidy":"Y","run_date":"28JUL26","cwelcc_flag":"Y"}},{"type":"Feature","id":165,"geometry":{"type":"MultiPoint","coordinates":[[-79.463757488999988,43.709775397000044]]},"properties":{"OBJECTID":165,"_id":165,"LOC_ID":1578,"LOC_NAME":"Rejoyce Caledon Community Child Care","AUSPICE":"Non Profit Agency","ADDRESS":"26 JOYCE PKY","PCODE":"M6B 2S9","ward":8,"PHONE":"(416) 789-1485","bldg_type":"Public Elementary School","BLDGNAME":"Joyce Public School","IGSPACE":0,"TGSPACE":15,"PGSPACE":24,"KGSPACE":46,"SGSPACE":45,"TOTSPACE":130,"subsidy":"Y","run_date":"28JUL26","cwelcc_flag":"Y"}},{"type":"Feature","id":166,"geometry":{"type":"MultiPoint","coordinates":[[-79.372319596999944,43.656582836000041]]},"properties":{"OBJECTID":166,"_id":166,"LOC_ID":1580,"LOC_NAME":"Garderie La Farandole De Toronto Inc.","AUSPICE":"Non Profit Agency","ADDRESS":"14 PEMBROKE ST","PCODE":"M5A 2N7","ward":13,"PHONE":"(647) 426-4456","bldg_type":"Public Elementary (French)","BLDGNAME":"Ecole Elementaire Gabrielle-Roy","IGSPACE":10,"TGSPACE":10,"PGSPACE":32,"KGSPACE":52,"SGSPACE":45,"TOTSPACE":149,"subsidy":"Y","run_date":"28JUL26","cwelcc_flag":"Y"}},{"type":"Feature","id":167,"geometry":{"type":"MultiPoint","coordinates":[[-79.43294406199999,43.702616187000046]]},"properties":{"OBJECTID":167,"_id":167,"LOC_ID":1585,"LOC_NAME":"West Prep Children's Centre Of Toronto","AUSPICE":"Non Profit Agency","ADDRESS":"70 RIDGE HILL DR","PCODE":"M6C 2J6","ward":8,"PHONE":"(416) 783-4302","bldg_type":"Public Elementary School","BLDGNAME":"West Preparatory Public School","IGSPACE":0,"TGSPACE":15,"PGSPACE":32,"KGSPACE":52,"SGSPACE":60,"TOTSPACE":159,"subsidy":"Y","run_date":"28JUL26","cwelcc_flag":"Y"}},{"type":"Feature","id":168,"geometry":{"type":"MultiPoint","coordinates":[[-79.338536157999954,43.733615634000046]]},"properties":{"OBJECTID":168,"_id":168,"LOC_ID":1588,"LOC_NAME":"Greenland Recreational After School Program","AUSPICE":"Non Profit Agency","ADDRESS":"15 GREENLAND RD","PCODE":"M3C 1N1","ward":16,"PHONE":"(416) 444-7427","bldg_type":"Public Elementary School","BLDGNAME":"Greenland Public School","IGSPACE":0,"TGSPACE":0,"PGSPACE":0,"KGSPACE":0,"SGSPACE":60,"TOTSPACE":60,"subsidy":"Y","run_date":"28JUL26","cwelcc_flag":"N"}},{"type":"Feature","id":169,"geometry":{"type":"MultiPoint","coordinates":[[-79.447024736999936,43.749148308000031]]},"properties":{"OBJECTID":169,"_id":169,"LOC_ID":1589,"LOC_NAME":"Dublin Heights Community Child Care","AUSPICE":"Non Profit Agency","ADDRESS":"100 BAINBRIDGE AVE","PCODE":"M3H 2K2","ward":6,"PHONE":"(416) 638-0612x0","bldg_type":"Public Elementary School","BLDGNAME":"Dublin Heights Elementary And Middle School","IGSPACE":0,"TGSPACE":10,"PGSPACE":24,"KGSPACE":52,"SGSPACE":80,"TOTSPACE":166,"subsidy":"Y","run_date":"28JUL26","cwelcc_flag":"Y"}},{"type":"Feature","id":170,"geometry":{"type":"MultiPoint","coordinates":[[-79.408252927999968,43.643937460000075]]},"properties":{"OBJECTID":170,"_id":170,"LOC_ID":1593,"LOC_NAME":"Garrison Creek Community Day Care","AUSPICE":"Non Profit Agency","ADDRESS":"222 NIAGARA ST","PCODE":"M6J 2L3","ward":10,"PHONE":"(416) 703-0541","bldg_type":"Public Elementary School","BLDGNAME":"Niagara Street Public School","IGSPACE":0,"TGSPACE":15,"PGSPACE":20,"KGSPACE":52,"SGSPACE":65,"TOTSPACE":152,"subsidy":"Y","run_date":"28JUL26","cwelcc_flag":"Y"}},{"type":"Feature","id":171,"geometry":{"type":"MultiPoint","coordinates":[[-79.360120465999955,43.740904836000027]]},"properties":{"OBJECTID":171,"_id":171,"LOC_ID":1598,"LOC_NAME":"Rippleton Roadsters Child Care Program","AUSPICE":"Non Profit Agency","ADDRESS":"21 RIPPLETON RD","PCODE":"M3B 1H4","ward":15,"PHONE":"(416) 449-4559","bldg_type":"Public Elementary School","BLDGNAME":"Rippleton Public School","IGSPACE":0,"TGSPACE":0,"PGSPACE":48,"KGSPACE":78,"SGSPACE":60,"TOTSPACE":186,"subsidy":"Y","run_date":"28JUL26","cwelcc_flag":"Y"}},{"type":"Feature","id":172,"geometry":{"type":"MultiPoint","coordinates":[[-79.542013089999955,43.739086569000051]]},"properties":{"OBJECTID":172,"_id":172,"LOC_ID":1601,"LOC_NAME":"Gulfstream Day Care Centre","AUSPICE":"Non Profit Agency","ADDRESS":"20 GULFSTREAM RD","PCODE":"M9M 1S3","ward":7,"PHONE":"(416) 746-5714","bldg_type":"Public Elementary School","BLDGNAME":"Gulfstream Public School","IGSPACE":10,"TGSPACE":15,"PGSPACE":24,"KGSPACE":26,"SGSPACE":45,"TOTSPACE":120,"subsidy":"Y","run_date":"28JUL26","cwelcc_flag":"Y"}},{"type":"Feature","id":173,"geometry":{"type":"MultiPoint","coordinates":[[-79.497233542999936,43.721959636000065]]},"properties":{"OBJECTID":173,"_id":173,"LOC_ID":1603,"LOC_NAME":"Highview Wilson Child Care","AUSPICE":"Non Profit Agency","ADDRESS":"22 HIGHVIEW AVE","PCODE":"M3M 1C4","ward":6,"PHONE":"(416) 245-6221","bldg_type":"Public Elementary School","BLDGNAME":"Highview Public School","IGSPACE":0,"TGSPACE":0,"PGSPACE":16,"KGSPACE":26,"SGSPACE":30,"TOTSPACE":72,"subsidy":"Y","run_date":"28JUL26","cwelcc_flag":"Y"}},{"type":"Feature","id":174,"geometry":{"type":"MultiPoint","coordinates":[[-79.350726512999984,43.799407590000044]]},"properties":{"OBJECTID":174,"_id":174,"LOC_ID":1605,"LOC_NAME":"Hillmount Child Care","AUSPICE":"Non Profit Agency","ADDRESS":"245 MCNICOLL AVE","PCODE":"M2H 2C6","ward":17,"PHONE":"(416) 494-0877","bldg_type":"Public Elementary School","BLDGNAME":"Hillmount Public School","IGSPACE":0,"TGSPACE":0,"PGSPACE":24,"KGSPACE":26,"SGSPACE":30,"TOTSPACE":80,"subsidy":"Y","run_date":"28JUL26","cwelcc_flag":"Y"}},{"type":"Feature","id":175,"geometry":{"type":"MultiPoint","coordinates":[[-79.391832380999972,43.770527111000035]]},"properties":{"OBJECTID":175,"_id":175,"LOC_ID":1607,"LOC_NAME":"Hollywood All-Stars Child Care","AUSPICE":"Non Profit Agency","ADDRESS":"360 HOLLYWOOD AVE","PCODE":"M2N 3L4","ward":18,"PHONE":"(416) 221-7827","bldg_type":"Public Elementary School","BLDGNAME":"Hollywood Public School","IGSPACE":10,"TGSPACE":30,"PGSPACE":32,"KGSPACE":39,"SGSPACE":90,"TOTSPACE":201,"subsidy":"Y","run_date":"28JUL26","cwelcc_flag":"Y"}},{"type":"Feature","id":176,"geometry":{"type":"MultiPoint","coordinates":[[-79.408864297999969,43.718325974000038]]},"properties":{"OBJECTID":176,"_id":176,"LOC_ID":1613,"LOC_NAME":"John Ross Robertson Child Centre","AUSPICE":"Non Profit Agency","ADDRESS":"130 GLENGROVE AVE W","PCODE":"M4R 1P2","ward":8,"PHONE":"(416) 484-4825","bldg_type":"Public Elementary School","BLDGNAME":"John Ross Robertson Public School","IGSPACE":0,"TGSPACE":0,"PGSPACE":40,"KGSPACE":52,"SGSPACE":120,"TOTSPACE":212,"subsidy":"Y","run_date":"28JUL26","cwelcc_flag":"Y"}},{"type":"Feature","id":177,"geometry":{"type":"MultiPoint","coordinates":[[-79.30272731499997,43.668464240000048]]},"properties":{"OBJECTID":177,"_id":177,"LOC_ID":1614,"LOC_NAME":"Kew Beach Day Care Co-Op Inc.","AUSPICE":"Non Profit Agency","ADDRESS":"101 KIPPENDAVIE AVE","PCODE":"M4L 3R3","ward":19,"PHONE":"(416) 698-6226","bldg_type":"Public Elementary School","BLDGNAME":"Kew Beach Junior Public School","IGSPACE":0,"TGSPACE":0,"PGSPACE":40,"KGSPACE":52,"SGSPACE":74,"TOTSPACE":166,"subsidy":"Y","run_date":"28JUL26","cwelcc_flag":"Y"}},{"type":"Feature","id":178,"geometry":{"type":"MultiPoint","coordinates":[[-79.417686471999957,43.646216608000032]]},"properties":{"OBJECTID":178,"_id":178,"LOC_ID":1617,"LOC_NAME":"Givins/Shaw School Community Day Care","AUSPICE":"Non Profit Agency","ADDRESS":"49 GIVINS ST","PCODE":"M6J 2X5","ward":10,"PHONE":"(416) 531-4628","bldg_type":"Public Elementary School","BLDGNAME":"Givins Shaw Junior Senior Public School","IGSPACE":0,"TGSPACE":0,"PGSPACE":24,"KGSPACE":52,"SGSPACE":45,"TOTSPACE":121,"subsidy":"Y","run_date":"28JUL26","cwelcc_flag":"Y"}},{"type":"Feature","id":179,"geometry":{"type":"MultiPoint","coordinates":[[-79.321776405999969,43.76473267700004]]},"properties":{"OBJECTID":179,"_id":179,"LOC_ID":1618,"LOC_NAME":"Roywood Child Care North York","AUSPICE":"Non Profit Agency","ADDRESS":"11 ROYWOOD DR","PCODE":"M3A 2C7","ward":16,"PHONE":"(416) 391-0222","bldg_type":"Public Elementary School","BLDGNAME":"Roywood Public School","IGSPACE":0,"TGSPACE":0,"PGSPACE":16,"KGSPACE":13,"SGSPACE":30,"TOTSPACE":59,"subsidy":"Y","run_date":"28JUL26","cwelcc_flag":"Y"}},{"type":"Feature","id":180,"geometry":{"type":"MultiPoint","coordinates":[[-79.460498023999946,43.768558383000027]]},"properties":{"OBJECTID":180,"_id":180,"LOC_ID":1619,"LOC_NAME":"Wilmington Best Child Care Centre","AUSPICE":"Non Profit Agency","ADDRESS":"330 WILMINGTON AVE","PCODE":"M3H 5L1","ward":6,"PHONE":"(416) 633-2665","bldg_type":"Public Elementary School","BLDGNAME":"Wilmington Elementary School","IGSPACE":0,"TGSPACE":0,"PGSPACE":24,"KGSPACE":78,"SGSPACE":69,"TOTSPACE":171,"subsidy":"Y","run_date":"28JUL26","cwelcc_flag":"Y"}},{"type":"Feature","id":181,"geometry":{"type":"MultiPoint","coordinates":[[-79.472831273999986,43.661423188000072]]},"properties":{"OBJECTID":181,"_id":181,"LOC_ID":1624,"LOC_NAME":"Junction Day Care Centre","AUSPICE":"Non Profit Agency","ADDRESS":"265 ANNETTE ST","PCODE":"M6P 1R3","ward":4,"PHONE":"(416) 767-2991","bldg_type":"Public Elementary School","BLDGNAME":"Annette Street Public School","IGSPACE":0,"TGSPACE":0,"PGSPACE":32,"KGSPACE":78,"SGSPACE":120,"TOTSPACE":230,"subsidy":"Y","run_date":"28JUL26","cwelcc_flag":"Y"}},{"type":"Feature","id":182,"geometry":{"type":"MultiPoint","coordinates":[[-79.309286465999946,43.687548330000027]]},"properties":{"OBJECTID":182,"_id":182,"LOC_ID":1625,"LOC_NAME":"Gledhill Avenue Child Care Centre","AUSPICE":"Non Profit Agency","ADDRESS":"2 GLEDHILL AVE","PCODE":"M4C 5K6","ward":19,"PHONE":"(647) 548-8340","bldg_type":"Public Elementary School","BLDGNAME":"Gledhill Junior Public School","IGSPACE":0,"TGSPACE":0,"PGSPACE":24,"KGSPACE":104,"SGSPACE":60,"TOTSPACE":188,"subsidy":"Y","run_date":"28JUL26","cwelcc_flag":"Y"}},{"type":"Feature","id":183,"geometry":{"type":"MultiPoint","coordinates":[[-79.363540250999961,43.79721913000003]]},"properties":{"OBJECTID":183,"_id":183,"LOC_ID":1629,"LOC_NAME":"Kids Haven Community Child Care","AUSPICE":"Non Profit Agency","ADDRESS":"46 CRESTHAVEN DR","PCODE":"M2H 1M1","ward":17,"PHONE":"(416) 492-8336","bldg_type":"Public Elementary School","BLDGNAME":"Cresthaven Public School","IGSPACE":0,"TGSPACE":10,"PGSPACE":32,"KGSPACE":13,"SGSPACE":0,"TOTSPACE":55,"subsidy":"Y","run_date":"28JUL26","cwelcc_flag":"Y"}},{"type":"Feature","id":184,"geometry":{"type":"MultiPoint","coordinates":[[-79.432692283999984,43.665806445000044]]},"properties":{"OBJECTID":184,"_id":184,"LOC_ID":1630,"LOC_NAME":"Kids Korner Day Care","AUSPICE":"Non Profit Agency","ADDRESS":"180 WESTMORELAND AVE","PCODE":"M6H 3A2","ward":9,"PHONE":"(416) 536-4102","bldg_type":"Community/Recreation Centre","BLDGNAME":"Dovercourt Boys And Girls Club","IGSPACE":0,"TGSPACE":0,"PGSPACE":24,"KGSPACE":0,"SGSPACE":0,"TOTSPACE":24,"subsidy":"Y","run_date":"28JUL26","cwelcc_flag":"Y"}},{"type":"Feature","id":185,"geometry":{"type":"MultiPoint","coordinates":[[-79.501737567999953,43.771350312000038]]},"properties":{"OBJECTID":185,"_id":185,"LOC_ID":1633,"LOC_NAME":"York University Co-Operative Day Care Centre","AUSPICE":"Non Profit Agency","ADDRESS":"90 ATKINSON RD","PCODE":"M3J 2S5","ward":7,"PHONE":"(416) 736-2100x33273","bldg_type":"High Rise Apartment","BLDGNAME":"Atkinson Residence","IGSPACE":20,"TGSPACE":35,"PGSPACE":55,"KGSPACE":24,"SGSPACE":15,"TOTSPACE":149,"subsidy":"Y","run_date":"28JUL26","cwelcc_flag":"Y"}},{"type":"Feature","id":186,"geometry":{"type":"MultiPoint","coordinates":[[-79.422365483999954,43.668235743000025]]},"properties":{"OBJECTID":186,"_id":186,"LOC_ID":1635,"LOC_NAME":"Hawthorne-On-Essex Day Care","AUSPICE":"Non Profit Agency","ADDRESS":"50 ESSEX ST","PCODE":"M6G 1T3","ward":11,"PHONE":"(416) 393-9291","bldg_type":"Public Elementary School","BLDGNAME":"Hawthorne II Alternative Bilingual School","IGSPACE":0,"TGSPACE":15,"PGSPACE":32,"KGSPACE":52,"SGSPACE":80,"TOTSPACE":179,"subsidy":"Y","run_date":"28JUL26","cwelcc_flag":"Y"}},{"type":"Feature","id":187,"geometry":{"type":"MultiPoint","coordinates":[[-79.461596578999945,43.657507475000045]]},"properties":{"OBJECTID":187,"_id":187,"LOC_ID":1636,"LOC_NAME":"Keelmount Daycare Centre","AUSPICE":"Non Profit Agency","ADDRESS":"99 MOUNTVIEW AVE","PCODE":"M6P 2L5","ward":4,"PHONE":"(416) 763-6824","bldg_type":"Public Elementary School","BLDGNAME":"Keele Public School","IGSPACE":0,"TGSPACE":15,"PGSPACE":24,"KGSPACE":52,"SGSPACE":90,"TOTSPACE":181,"subsidy":"Y","run_date":"28JUL26","cwelcc_flag":"Y"}},{"type":"Feature","id":188,"geometry":{"type":"MultiPoint","coordinates":[[-79.319473114999937,43.677903881000077]]},"properties":{"OBJECTID":188,"_id":188,"LOC_ID":1643,"LOC_NAME":"Le Petit Chaperon Rouge - Gainsborough","AUSPICE":"Non Profit Agency","ADDRESS":"250 GAINSBOROUGH RD","PCODE":"M4L 3C6","ward":19,"PHONE":"(416) 465-2582","bldg_type":"Catholic Elementary (French)","BLDGNAME":"École Élémentaire Catholique Georges-Etienne-Cartier","IGSPACE":0,"TGSPACE":0,"PGSPACE":16,"KGSPACE":48,"SGSPACE":103,"TOTSPACE":167,"subsidy":"Y","run_date":"28JUL26","cwelcc_flag":"Y"}},{"type":"Feature","id":189,"geometry":{"type":"MultiPoint","coordinates":[[-79.373902128999987,43.718496864000031]]},"properties":{"OBJECTID":189,"_id":189,"LOC_ID":1644,"LOC_NAME":"Kindercircle Day Care","AUSPICE":"Non Profit Agency","ADDRESS":"150 KILGOUR RD","PCODE":"M4G 1R8","ward":15,"PHONE":"(416) 424-3818","bldg_type":"Hospital/Health Centre","BLDGNAME":"Holland Bloorview Kids Rehab","IGSPACE":10,"TGSPACE":15,"PGSPACE":0,"KGSPACE":0,"SGSPACE":0,"TOTSPACE":25,"subsidy":"Y","run_date":"28JUL26","cwelcc_flag":"Y"}},{"type":"Feature","id":190,"geometry":{"type":"MultiPoint","coordinates":[[-79.405731526999944,43.656397816000037]]},"properties":{"OBJECTID":190,"_id":190,"LOC_ID":1645,"LOC_NAME":"Kensington Kids Early Learning Centre","AUSPICE":"Non Profit Agency","ADDRESS":"401 COLLEGE ST","PCODE":"M5T 1S9","ward":11,"PHONE":"(416) 927-0870","bldg_type":"Public Elementary School","BLDGNAME":"Kensington Community School","IGSPACE":10,"TGSPACE":15,"PGSPACE":48,"KGSPACE":26,"SGSPACE":0,"TOTSPACE":99,"subsidy":"Y","run_date":"28JUL26","cwelcc_flag":"Y"}},{"type":"Feature","id":191,"geometry":{"type":"MultiPoint","coordinates":[[-79.44445400799998,43.720087576000026]]},"properties":{"OBJECTID":191,"_id":191,"LOC_ID":1651,"LOC_NAME":"Lawrence Heights Community Day Care Centre","AUSPICE":"Non Profit Agency","ADDRESS":"10 FLEMINGTON RD","PCODE":"M6A 2N4","ward":8,"PHONE":"(416) 787-4105","bldg_type":"Public Elementary School","BLDGNAME":"Flemington Public School","IGSPACE":10,"TGSPACE":20,"PGSPACE":24,"KGSPACE":39,"SGSPACE":45,"TOTSPACE":138,"subsidy":"Y","run_date":"28JUL26","cwelcc_flag":"Y"}},{"type":"Feature","id":192,"geometry":{"type":"MultiPoint","coordinates":[[-79.435569688999976,43.772582211000042]]},"properties":{"OBJECTID":192,"_id":192,"LOC_ID":1653,"LOC_NAME":"Yorkview Kids Care - North York","AUSPICE":"Non Profit Agency","ADDRESS":"130 YORKVIEW DR","PCODE":"M2R 1K1","ward":18,"PHONE":"(416) 221-7656","bldg_type":"Public Elementary School","BLDGNAME":"Yorkview Public School","IGSPACE":0,"TGSPACE":0,"PGSPACE":16,"KGSPACE":65,"SGSPACE":45,"TOTSPACE":126,"subsidy":"Y","run_date":"28JUL26","cwelcc_flag":"Y"}},{"type":"Feature","id":193,"geometry":{"type":"MultiPoint","coordinates":[[-79.383950094999989,43.653428613000074]]},"properties":{"OBJECTID":193,"_id":193,"LOC_ID":1663,"LOC_NAME":"Hester How Early Learning Centre","AUSPICE":"Non Profit Agency","ADDRESS":"100 QUEEN ST W","PCODE":"M5H 2N2","ward":10,"PHONE":"(416) 392-7981","bldg_type":"Office Building","BLDGNAME":"Toronto City Hall","IGSPACE":16,"TGSPACE":20,"PGSPACE":24,"KGSPACE":23,"SGSPACE":0,"TOTSPACE":83,"subsidy":"Y","run_date":"28JUL26","cwelcc_flag":"Y"}},{"type":"Feature","id":194,"geometry":{"type":"MultiPoint","coordinates":[[-79.377875372999938,43.72193764900004]]},"properties":{"OBJECTID":194,"_id":194,"LOC_ID":1664,"LOC_NAME":"Sunnybrook Creche","AUSPICE":"Non Profit Agency","ADDRESS":"2075 BAYVIEW AVE","PCODE":"M4N 3M5","ward":15,"PHONE":"(416) 480-4465","bldg_type":"Other","BLDGNAME":"Sunnybrook Health Science Centre","IGSPACE":10,"TGSPACE":25,"PGSPACE":36,"KGSPACE":0,"SGSPACE":0,"TOTSPACE":71,"subsidy":"Y","run_date":"28JUL26","cwelcc_flag":"Y"}},{"type":"Feature","id":195,"geometry":{"type":"MultiPoint","coordinates":[[-79.418843717999948,43.658681585000068]]},"properties":{"OBJECTID":195,"_id":195,"LOC_ID":1665,"LOC_NAME":"Montrose Child Care Centre Inc.","AUSPICE":"Non Profit Agency","ADDRESS":"301 MONTROSE AVE","PCODE":"M6G 3G9","ward":11,"PHONE":"(416) 532-6675","bldg_type":"Public Elementary School","BLDGNAME":"Montrose Public School","IGSPACE":10,"TGSPACE":15,"PGSPACE":16,"KGSPACE":26,"SGSPACE":50,"TOTSPACE":117,"subsidy":"Y","run_date":"28JUL26","cwelcc_flag":"Y"}},{"type":"Feature","id":196,"geometry":{"type":"MultiPoint","coordinates":[[-79.510658887999966,43.755585095000072]]},"properties":{"OBJECTID":196,"_id":196,"LOC_ID":1670,"LOC_NAME":"Topcliff Community Child Care","AUSPICE":"Non Profit Agency","ADDRESS":"65 TOPCLIFF AVE","PCODE":"M3N 1L6","ward":7,"PHONE":"(416) 630-8960","bldg_type":"Public Elementary School","BLDGNAME":"Topcliff Public School","IGSPACE":0,"TGSPACE":0,"PGSPACE":24,"KGSPACE":26,"SGSPACE":45,"TOTSPACE":95,"subsidy":"Y","run_date":"28JUL26","cwelcc_flag":"Y"}},{"type":"Feature","id":197,"geometry":{"type":"MultiPoint","coordinates":[[-79.366955063999967,43.660824533000039]]},"properties":{"OBJECTID":197,"_id":197,"LOC_ID":1680,"LOC_NAME":"Lord Dufferin Community Day Care Centre","AUSPICE":"Non Profit Agency","ADDRESS":"350 PARLIAMENT ST","PCODE":"M5A 2Z7","ward":13,"PHONE":"(416) 960-8604","bldg_type":"Public Elementary School","BLDGNAME":"Lord Dufferin Public School","IGSPACE":0,"TGSPACE":0,"PGSPACE":0,"KGSPACE":40,"SGSPACE":100,"TOTSPACE":140,"subsidy":"Y","run_date":"28JUL26","cwelcc_flag":"Y"}},{"type":"Feature","id":198,"geometry":{"type":"MultiPoint","coordinates":[[-79.43106195699994,43.678076368000063]]},"properties":{"OBJECTID":198,"_id":198,"LOC_ID":1683,"LOC_NAME":"Oakwood Children's House","AUSPICE":"Non Profit Agency","ADDRESS":"115 WINONA DR","PCODE":"M6G 3S8","ward":12,"PHONE":"(416) 656-3831","bldg_type":"Public Elementary School","BLDGNAME":"McMurrich Public School","IGSPACE":0,"TGSPACE":0,"PGSPACE":16,"KGSPACE":0,"SGSPACE":0,"TOTSPACE":16,"subsidy":"Y","run_date":"28JUL26","cwelcc_flag":"Y"}},{"type":"Feature","id":199,"geometry":{"type":"MultiPoint","coordinates":[[-79.497002442999985,43.755602199000066]]},"properties":{"OBJECTID":199,"_id":199,"LOC_ID":1687,"LOC_NAME":"Faith Lutheran Day Care Centre Of Downsview","AUSPICE":"Non Profit Agency","ADDRESS":"96 HUCKNALL RD","PCODE":"M3J 1V8","ward":7,"PHONE":"(416) 633-4718","bldg_type":"Place of Worship","BLDGNAME":"Faith Lutheran Church","IGSPACE":0,"TGSPACE":15,"PGSPACE":24,"KGSPACE":0,"SGSPACE":0,"TOTSPACE":39,"subsidy":"Y","run_date":"28JUL26","cwelcc_flag":"Y"}},{"type":"Feature","id":200,"geometry":{"type":"MultiPoint","coordinates":[[-79.347174395999957,43.665409919000069]]},"properties":{"OBJECTID":200,"_id":200,"LOC_ID":1690,"LOC_NAME":"Matthew-John Early Learning Centre","AUSPICE":"Non Profit Agency","ADDRESS":"135 FIRST AVE","PCODE":"M4M 1W9","ward":14,"PHONE":"(416) 466-8001","bldg_type":"Place of Worship","BLDGNAME":"St. Matthew's Anglican Church","IGSPACE":0,"TGSPACE":15,"PGSPACE":32,"KGSPACE":26,"SGSPACE":0,"TOTSPACE":73,"subsidy":"Y","run_date":"28JUL26","cwelcc_flag":"Y"}},{"type":"Feature","id":201,"geometry":{"type":"MultiPoint","coordinates":[[-79.339493777999962,43.733445298000049]]},"properties":{"OBJECTID":201,"_id":201,"LOC_ID":1691,"LOC_NAME":"St Mark's Day Care Centre - Greenland Road","AUSPICE":"Non Profit Agency","ADDRESS":"1 GREENLAND RD","PCODE":"M3C 1N1","ward":16,"PHONE":"(416) 444-6948","bldg_type":"Place of Worship","BLDGNAME":"St. Mark's Presbyterian Church","IGSPACE":0,"TGSPACE":10,"PGSPACE":32,"KGSPACE":13,"SGSPACE":0,"TOTSPACE":55,"subsidy":"Y","run_date":"28JUL26","cwelcc_flag":"Y"}},{"type":"Feature","id":202,"geometry":{"type":"MultiPoint","coordinates":[[-79.402421582999978,43.670575509000059]]},"properties":{"OBJECTID":202,"_id":202,"LOC_ID":1692,"LOC_NAME":"Huron Superfriends Inc.","AUSPICE":"Non Profit Agency","ADDRESS":"541 HURON ST","PCODE":"M5R 2R6","ward":11,"PHONE":"(416) 921-7551","bldg_type":"Public Elementary School","BLDGNAME":"Huron Street Public School","IGSPACE":0,"TGSPACE":0,"PGSPACE":0,"KGSPACE":52,"SGSPACE":59,"TOTSPACE":111,"subsidy":"Y","run_date":"28JUL26","cwelcc_flag":"Y"}},{"type":"Feature","id":203,"geometry":{"type":"MultiPoint","coordinates":[[-79.354758588999971,43.777136731000041]]},"properties":{"OBJECTID":203,"_id":203,"LOC_ID":1693,"LOC_NAME":"Rendezvous Child Care Centre","AUSPICE":"Non Profit Agency","ADDRESS":"18 DALLINGTON DR","PCODE":"M2J 2G3","ward":17,"PHONE":"(416) 490-9360","bldg_type":"Public Elementary School","BLDGNAME":"Dallington Public School","IGSPACE":0,"TGSPACE":0,"PGSPACE":16,"KGSPACE":26,"SGSPACE":65,"TOTSPACE":107,"subsidy":"Y","run_date":"28JUL26","cwelcc_flag":"Y"}},{"type":"Feature","id":204,"geometry":{"type":"MultiPoint","coordinates":[[-79.39512685699998,43.650013614000045]]},"properties":{"OBJECTID":204,"_id":204,"LOC_ID":1698,"LOC_NAME":"Ogden Day Care Centre","AUSPICE":"Non Profit Agency","ADDRESS":"33 PHOEBE ST","PCODE":"M5T 1A8","ward":10,"PHONE":"(416) 593-0624","bldg_type":"Public Elementary School","BLDGNAME":"Ogden Public School","IGSPACE":0,"TGSPACE":15,"PGSPACE":24,"KGSPACE":52,"SGSPACE":30,"TOTSPACE":121,"subsidy":"Y","run_date":"28JUL26","cwelcc_flag":"Y"}},{"type":"Feature","id":205,"geometry":{"type":"MultiPoint","coordinates":[[-79.337604398999986,43.750680654000064]]},"properties":{"OBJECTID":205,"_id":205,"LOC_ID":1699,"LOC_NAME":"Three Valleys Children's Centre","AUSPICE":"Non Profit Agency","ADDRESS":"76 THREE VALLEYS DR","PCODE":"M3A 3B7","ward":16,"PHONE":"(416) 443-9414","bldg_type":"Public Elementary School","BLDGNAME":"Three Valleys Public School","IGSPACE":0,"TGSPACE":10,"PGSPACE":32,"KGSPACE":26,"SGSPACE":60,"TOTSPACE":128,"subsidy":"Y","run_date":"28JUL26","cwelcc_flag":"Y"}},{"type":"Feature","id":206,"geometry":{"type":"MultiPoint","coordinates":[[-79.391188076999981,43.659007725000038]]},"properties":{"OBJECTID":206,"_id":206,"LOC_ID":1702,"LOC_NAME":"Hydrokids - Opg","AUSPICE":"Non Profit Agency","ADDRESS":"700 UNIVERSITY AVE","PCODE":"M5G 1X6","ward":11,"PHONE":"(416) 551-9537","bldg_type":"Other","BLDGNAME":"Ontario Power Generation","IGSPACE":10,"TGSPACE":20,"PGSPACE":52,"KGSPACE":0,"SGSPACE":0,"TOTSPACE":82,"subsidy":"Y","run_date":"28JUL26","cwelcc_flag":"Y"}},{"type":"Feature","id":207,"geometry":{"type":"MultiPoint","coordinates":[[-79.513884746999963,43.750659840000026]]},"properties":{"OBJECTID":207,"_id":207,"LOC_ID":1705,"LOC_NAME":"Tot World Child Care Centre","AUSPICE":"Non Profit Agency","ADDRESS":"25 YORKWOODS GATE","PCODE":"M3N 1K1","ward":7,"PHONE":"(416) 638-3003","bldg_type":"Public Elementary School","BLDGNAME":"Yorkwoods Elementary School","IGSPACE":10,"TGSPACE":15,"PGSPACE":24,"KGSPACE":26,"SGSPACE":30,"TOTSPACE":105,"subsidy":"Y","run_date":"28JUL26","cwelcc_flag":"Y"}},{"type":"Feature","id":208,"geometry":{"type":"MultiPoint","coordinates":[[-79.353935361999959,43.680650211000057]]},"properties":{"OBJECTID":208,"_id":208,"LOC_ID":1712,"LOC_NAME":"Jackman Community Daycare","AUSPICE":"Non Profit Agency","ADDRESS":"79 JACKMAN AVE","PCODE":"M4K 2X5","ward":14,"PHONE":"(416) 466-8715x226","bldg_type":"Public Elementary School","BLDGNAME":"Jackman Avenue Public School","IGSPACE":0,"TGSPACE":0,"PGSPACE":40,"KGSPACE":52,"SGSPACE":150,"TOTSPACE":242,"subsidy":"Y","run_date":"28JUL26","cwelcc_flag":"Y"}},{"type":"Feature","id":209,"geometry":{"type":"MultiPoint","coordinates":[[-79.392183189999969,43.658555789000047]]},"properties":{"OBJECTID":209,"_id":209,"LOC_ID":1714,"LOC_NAME":"Orde Day Care Centre (Orde Street)","AUSPICE":"Non Profit Agency","ADDRESS":"18 ORDE ST","PCODE":"M5T 1N7","ward":11,"PHONE":"(416) 598-3412","bldg_type":"Public Elementary School","BLDGNAME":"Orde Street Public School","IGSPACE":0,"TGSPACE":0,"PGSPACE":32,"KGSPACE":39,"SGSPACE":75,"TOTSPACE":146,"subsidy":"Y","run_date":"28JUL26","cwelcc_flag":"Y"}},{"type":"Feature","id":210,"geometry":{"type":"MultiPoint","coordinates":[[-79.502258375999986,43.726603867000051]]},"properties":{"OBJECTID":210,"_id":210,"LOC_ID":1715,"LOC_NAME":"Tumpane Child Care Centre - (Ideal Child Services Group)","AUSPICE":"Non Profit Agency","ADDRESS":"48 TUMPANE ST","PCODE":"M3M 1L8","ward":6,"PHONE":"(416) 244-2465","bldg_type":"Public Elementary School","BLDGNAME":"Tumpane Public School","IGSPACE":0,"TGSPACE":15,"PGSPACE":24,"KGSPACE":52,"SGSPACE":60,"TOTSPACE":151,"subsidy":"Y","run_date":"28JUL26","cwelcc_flag":"Y"}},{"type":"Feature","id":211,"geometry":{"type":"MultiPoint","coordinates":[[-79.459725098999968,43.720162060000064]]},"properties":{"OBJECTID":211,"_id":211,"LOC_ID":1717,"LOC_NAME":"Start Right Child Care Centre","AUSPICE":"Non Profit Agency","ADDRESS":"38 ORFUS RD","PCODE":"M6A 1L6","ward":8,"PHONE":"(416) 781-7066","bldg_type":"Public High School","BLDGNAME":"Yorkdale Secondary School And Adult Learning Centre","IGSPACE":10,"TGSPACE":15,"PGSPACE":24,"KGSPACE":0,"SGSPACE":0,"TOTSPACE":49,"subsidy":"Y","run_date":"28JUL26","cwelcc_flag":"Y"}},{"type":"Feature","id":212,"geometry":{"type":"MultiPoint","coordinates":[[-79.353703274999987,43.786395807000076]]},"properties":{"OBJECTID":212,"_id":212,"LOC_ID":1721,"LOC_NAME":"Van Horne Day Care","AUSPICE":"Commercial Agency","ADDRESS":"201 VAN HORNE AVE","PCODE":"M2J 2T7","ward":17,"PHONE":"(416) 493-3353","bldg_type":"High Rise Apartment","BLDGNAME":null,"IGSPACE":0,"TGSPACE":10,"PGSPACE":16,"KGSPACE":0,"SGSPACE":24,"TOTSPACE":50,"subsidy":"Y","run_date":"28JUL26","cwelcc_flag":"Y"}},{"type":"Feature","id":213,"geometry":{"type":"MultiPoint","coordinates":[[-79.351600872999938,43.770284042000071]]},"properties":{"OBJECTID":213,"_id":213,"LOC_ID":1731,"LOC_NAME":"Shaughnessy Boulevard Children's Centre","AUSPICE":"Non Profit Agency","ADDRESS":"30 SHAUGHNESSY BLVD","PCODE":"M2J 1H5","ward":17,"PHONE":"(416) 499-6500","bldg_type":"Public Elementary School","BLDGNAME":"Shaughnessy Public School","IGSPACE":0,"TGSPACE":20,"PGSPACE":40,"KGSPACE":39,"SGSPACE":60,"TOTSPACE":159,"subsidy":"Y","run_date":"28JUL26","cwelcc_flag":"Y"}},{"type":"Feature","id":214,"geometry":{"type":"MultiPoint","coordinates":[[-79.468493702999979,43.781250680000028]]},"properties":{"OBJECTID":214,"_id":214,"LOC_ID":1737,"LOC_NAME":"Sunburst Children's Centre","AUSPICE":"Non Profit Agency","ADDRESS":"4905 DUFFERIN ST","PCODE":"M3H 5T4","ward":6,"PHONE":"(416) 739-4684","bldg_type":"Other","BLDGNAME":"Environment Canada Atmospheric Environment Service","IGSPACE":10,"TGSPACE":15,"PGSPACE":16,"KGSPACE":0,"SGSPACE":0,"TOTSPACE":41,"subsidy":"Y","run_date":"28JUL26","cwelcc_flag":"Y"}},{"type":"Feature","id":215,"geometry":{"type":"MultiPoint","coordinates":[[-79.321464426999967,43.756059335000032]]},"properties":{"OBJECTID":215,"_id":215,"LOC_ID":1738,"LOC_NAME":"Victoria Park Child Care Centre","AUSPICE":"Non Profit Agency","ADDRESS":"15 WALLINGFORD RD","PCODE":"M3A 2V1","ward":16,"PHONE":"(416) 445-0287","bldg_type":"Public High School","BLDGNAME":"Victoria Park Secondary School","IGSPACE":10,"TGSPACE":10,"PGSPACE":16,"KGSPACE":0,"SGSPACE":0,"TOTSPACE":36,"subsidy":"Y","run_date":"28JUL26","cwelcc_flag":"Y"}},{"type":"Feature","id":216,"geometry":{"type":"MultiPoint","coordinates":[[-79.469192968999948,43.660640124000054]]},"properties":{"OBJECTID":216,"_id":216,"LOC_ID":1740,"LOC_NAME":"St. John's Early Enrichment Day Care Centre","AUSPICE":"Non Profit Agency","ADDRESS":"288 HUMBERSIDE AVE","PCODE":"M6P 1L5","ward":4,"PHONE":"(416) 762-8125","bldg_type":"Place of Worship","BLDGNAME":"St. John's Anglican Church","IGSPACE":10,"TGSPACE":20,"PGSPACE":24,"KGSPACE":0,"SGSPACE":0,"TOTSPACE":54,"subsidy":"Y","run_date":"28JUL26","cwelcc_flag":"Y"}},{"type":"Feature","id":217,"geometry":{"type":"MultiPoint","coordinates":[[-79.415204950999964,43.66814490400003]]},"properties":{"OBJECTID":217,"_id":217,"LOC_ID":1749,"LOC_NAME":"Palmerston Community Daycare","AUSPICE":"Non Profit Agency","ADDRESS":"734 PALMERSTON AVE","PCODE":"M6G 2R4","ward":11,"PHONE":"(416) 533-9526","bldg_type":"Public Elementary School","BLDGNAME":"Palmerston Public School","IGSPACE":0,"TGSPACE":0,"PGSPACE":24,"KGSPACE":39,"SGSPACE":30,"TOTSPACE":93,"subsidy":"Y","run_date":"28JUL26","cwelcc_flag":"Y"}},{"type":"Feature","id":218,"geometry":{"type":"MultiPoint","coordinates":[[-79.511912430999985,43.757886118000044]]},"properties":{"OBJECTID":218,"_id":218,"LOC_ID":1750,"LOC_NAME":"Sandalwood Centre For Early Learning (Centres For Early Learning Inc.)","AUSPICE":"Commercial Agency","ADDRESS":"1825 FINCH AVE W","PCODE":"M3N 1M7","ward":7,"PHONE":"(416) 638-0357x231","bldg_type":"High Rise Apartment","BLDGNAME":null,"IGSPACE":10,"TGSPACE":25,"PGSPACE":56,"KGSPACE":24,"SGSPACE":30,"TOTSPACE":145,"subsidy":"Y","run_date":"28JUL26","cwelcc_flag":"Y"}},{"type":"Feature","id":219,"geometry":{"type":"MultiPoint","coordinates":[[-79.519937195999944,43.762144009000053]]},"properties":{"OBJECTID":219,"_id":219,"LOC_ID":1751,"LOC_NAME":"Seafield Day Nursery","AUSPICE":"Commercial Agency","ADDRESS":"100 YORK GATE BLVD","PCODE":"M3N 2C4","ward":7,"PHONE":"(416) 663-0596","bldg_type":"High Rise Apartment","BLDGNAME":null,"IGSPACE":10,"TGSPACE":15,"PGSPACE":40,"KGSPACE":24,"SGSPACE":30,"TOTSPACE":119,"subsidy":"Y","run_date":"28JUL26","cwelcc_flag":"Y"}},{"type":"Feature","id":220,"geometry":{"type":"MultiPoint","coordinates":[[-79.36498011499998,43.649797535000062]]},"properties":{"OBJECTID":220,"_id":220,"LOC_ID":1755,"LOC_NAME":"St. Lawrence Co-Operative Day Care School Age (230 The Esplanade)","AUSPICE":"Non Profit Agency","ADDRESS":"230 THE ESPLANADE","PCODE":"M5A 4J6","ward":13,"PHONE":"(416) 363-9425","bldg_type":"Community/Recreation Centre","BLDGNAME":"St. Lawrence Community Centre","IGSPACE":0,"TGSPACE":0,"PGSPACE":48,"KGSPACE":26,"SGSPACE":0,"TOTSPACE":74,"subsidy":"Y","run_date":"28JUL26","cwelcc_flag":"Y"}},{"type":"Feature","id":221,"geometry":{"type":"MultiPoint","coordinates":[[-79.287986009999941,43.672833583000056]]},"properties":{"OBJECTID":221,"_id":221,"LOC_ID":1756,"LOC_NAME":"Lakeside Co-Operative Playschool Inc.","AUSPICE":"Non Profit Agency","ADDRESS":"2226 QUEEN ST E","PCODE":"M4E 1E9","ward":19,"PHONE":"(416) 524-5676","bldg_type":"Place of Worship","BLDGNAME":null,"IGSPACE":0,"TGSPACE":9,"PGSPACE":16,"KGSPACE":0,"SGSPACE":0,"TOTSPACE":25,"subsidy":"Y","run_date":"28JUL26","cwelcc_flag":"Y"}},{"type":"Feature","id":222,"geometry":{"type":"MultiPoint","coordinates":[[-79.339560570999936,43.677253306000068]]},"properties":{"OBJECTID":222,"_id":222,"LOC_ID":1758,"LOC_NAME":"Pape Children's House","AUSPICE":"Non Profit Agency","ADDRESS":"540 JONES AVE","PCODE":"M4J 3G9","ward":14,"PHONE":"(416) 463-2043","bldg_type":"Public Elementary School","BLDGNAME":"Pape Avenue Public School","IGSPACE":0,"TGSPACE":15,"PGSPACE":32,"KGSPACE":52,"SGSPACE":60,"TOTSPACE":159,"subsidy":"Y","run_date":"28JUL26","cwelcc_flag":"Y"}},{"type":"Feature","id":223,"geometry":{"type":"MultiPoint","coordinates":[[-79.360060798999939,43.674919446000047]]},"properties":{"OBJECTID":223,"_id":223,"LOC_ID":1765,"LOC_NAME":"Pat Schulz Child Care Centre","AUSPICE":"Non Profit Agency","ADDRESS":"1 DANFORTH AVE","PCODE":"M4K 1M8","ward":14,"PHONE":"(416) 393-0939","bldg_type":"Public High School","BLDGNAME":"City Adult Learning Centre","IGSPACE":10,"TGSPACE":15,"PGSPACE":24,"KGSPACE":0,"SGSPACE":0,"TOTSPACE":49,"subsidy":"Y","run_date":"28JUL26","cwelcc_flag":"Y"}},{"type":"Feature","id":224,"geometry":{"type":"MultiPoint","coordinates":[[-79.323076479999941,43.673873274000073]]},"properties":{"OBJECTID":224,"_id":224,"LOC_ID":1768,"LOC_NAME":"Roden Community Child Care Centre","AUSPICE":"Non Profit Agency","ADDRESS":"151 HIAWATHA RD","PCODE":"M4L 2Y1","ward":14,"PHONE":"(416) 461-3010","bldg_type":"Public Elementary School","BLDGNAME":"Roden Public School","IGSPACE":0,"TGSPACE":0,"PGSPACE":16,"KGSPACE":13,"SGSPACE":30,"TOTSPACE":59,"subsidy":"Y","run_date":"28JUL26","cwelcc_flag":"Y"}},{"type":"Feature","id":225,"geometry":{"type":"MultiPoint","coordinates":[[-79.425194328999964,43.652331833000062]]},"properties":{"OBJECTID":225,"_id":225,"LOC_ID":1769,"LOC_NAME":"West End Parents Day Care Centre","AUSPICE":"Non Profit Agency","ADDRESS":"375 DOVERCOURT RD","PCODE":"M6J 3E5","ward":9,"PHONE":"(416) 534-6761","bldg_type":"Public (school closed)","BLDGNAME":"Ossington/Old Orchard Public School - Closed School","IGSPACE":0,"TGSPACE":30,"PGSPACE":48,"KGSPACE":0,"SGSPACE":0,"TOTSPACE":78,"subsidy":"Y","run_date":"28JUL26","cwelcc_flag":"Y"}},{"type":"Feature","id":226,"geometry":{"type":"MultiPoint","coordinates":[[-79.297469800999977,43.674511059000054]]},"properties":{"OBJECTID":226,"_id":226,"LOC_ID":1775,"LOC_NAME":"Williamson Road Day Care Centre","AUSPICE":"Non Profit Agency","ADDRESS":"24 WILLIAMSON RD","PCODE":"M4E 1K5","ward":19,"PHONE":"(416) 691-8861","bldg_type":"Public Elementary School","BLDGNAME":"Williamson Road Public School","IGSPACE":0,"TGSPACE":0,"PGSPACE":0,"KGSPACE":26,"SGSPACE":90,"TOTSPACE":116,"subsidy":"Y","run_date":"28JUL26","cwelcc_flag":"Y"}},{"type":"Feature","id":227,"geometry":{"type":"MultiPoint","coordinates":[[-79.321957844999986,43.666195515000027]]},"properties":{"OBJECTID":227,"_id":227,"LOC_ID":1778,"LOC_NAME":"Woodgreen Community Services (Woodfield Child Care Centre)","AUSPICE":"Non Profit Agency","ADDRESS":"70 WOODFIELD RD","PCODE":"M4L 2W6","ward":14,"PHONE":"(416) 645-6000x1158","bldg_type":"Public Elementary School","BLDGNAME":"Duke Of Connaught Public School","IGSPACE":6,"TGSPACE":25,"PGSPACE":24,"KGSPACE":78,"SGSPACE":45,"TOTSPACE":178,"subsidy":"Y","run_date":"28JUL26","cwelcc_flag":"Y"}},{"type":"Feature","id":228,"geometry":{"type":"MultiPoint","coordinates":[[-79.34016668999999,43.660166916000037]]},"properties":{"OBJECTID":228,"_id":228,"LOC_ID":1786,"LOC_NAME":"Woodgreen Community Services (Morse Child Care Centre)","AUSPICE":"Non Profit Agency","ADDRESS":"180 CARLAW AVE","PCODE":"M4M 2R9","ward":14,"PHONE":"(416) 645-6000x1158","bldg_type":"Public Elementary School","BLDGNAME":"Morse Street Public School","IGSPACE":0,"TGSPACE":15,"PGSPACE":24,"KGSPACE":78,"SGSPACE":75,"TOTSPACE":192,"subsidy":"Y","run_date":"28JUL26","cwelcc_flag":"Y"}},{"type":"Feature","id":229,"geometry":{"type":"MultiPoint","coordinates":[[-79.314182081999945,43.735959416000071]]},"properties":{"OBJECTID":229,"_id":229,"LOC_ID":1787,"LOC_NAME":"Muppets Preschool Centre (Victoria Village)","AUSPICE":"Commercial Agency","ADDRESS":"88 SWEENEY DR","PCODE":"M4A 1T7","ward":16,"PHONE":"(416) 759-5159","bldg_type":"Public Elementary School","BLDGNAME":"Victoria Village Elementary School","IGSPACE":0,"TGSPACE":30,"PGSPACE":72,"KGSPACE":52,"SGSPACE":90,"TOTSPACE":244,"subsidy":"Y","run_date":"28JUL26","cwelcc_flag":"Y"}},{"type":"Feature","id":230,"geometry":{"type":"MultiPoint","coordinates":[[-79.328901475999942,43.748425003000079]]},"properties":{"OBJECTID":230,"_id":230,"LOC_ID":1792,"LOC_NAME":"Muppets Too Preschool Centre","AUSPICE":"Commercial Agency","ADDRESS":"45 CASSANDRA BLVD","PCODE":"M3A 1S5","ward":16,"PHONE":"(416) 449-3010","bldg_type":"Public Elementary School","BLDGNAME":"Cassandra Public School","IGSPACE":0,"TGSPACE":15,"PGSPACE":24,"KGSPACE":26,"SGSPACE":65,"TOTSPACE":130,"subsidy":"Y","run_date":"28JUL26","cwelcc_flag":"Y"}},{"type":"Feature","id":231,"geometry":{"type":"MultiPoint","coordinates":[[-79.415848023999956,43.679051040000047]]},"properties":{"OBJECTID":231,"_id":231,"LOC_ID":1793,"LOC_NAME":"Wychwood Tigers Daycare Centre","AUSPICE":"Non Profit Agency","ADDRESS":"44 HILTON AVE","PCODE":"M5R 3E6","ward":12,"PHONE":"(416) 532-1841","bldg_type":"Public Elementary School","BLDGNAME":"Hillcrest Community School","IGSPACE":0,"TGSPACE":0,"PGSPACE":44,"KGSPACE":52,"SGSPACE":90,"TOTSPACE":186,"subsidy":"Y","run_date":"28JUL26","cwelcc_flag":"Y"}},{"type":"Feature","id":232,"geometry":{"type":"MultiPoint","coordinates":[[-79.365709333999973,43.647819780000077]]},"properties":{"OBJECTID":232,"_id":232,"LOC_ID":1800,"LOC_NAME":"St. Lawrence Co-Operative Day Care (2 Princess Street)","AUSPICE":"Non Profit Agency","ADDRESS":"2 PRINCESS ST","PCODE":"M5A 4G6","ward":10,"PHONE":"(416) 363-9506","bldg_type":"Purpose Built","BLDGNAME":null,"IGSPACE":0,"TGSPACE":25,"PGSPACE":24,"KGSPACE":0,"SGSPACE":0,"TOTSPACE":49,"subsidy":"Y","run_date":"28JUL26","cwelcc_flag":"Y"}},{"type":"Feature","id":233,"geometry":{"type":"MultiPoint","coordinates":[[-79.372788101999959,43.670316471000035]]},"properties":{"OBJECTID":233,"_id":233,"LOC_ID":1812,"LOC_NAME":"George Brown - Rose Avenue Child Care Centre","AUSPICE":"Non Profit Agency","ADDRESS":"675 ONTARIO ST","PCODE":"M4X 1N4","ward":13,"PHONE":"(416) 922-8827","bldg_type":"Public Elementary School","BLDGNAME":"Rose Avenue Public School","IGSPACE":10,"TGSPACE":10,"PGSPACE":24,"KGSPACE":52,"SGSPACE":75,"TOTSPACE":171,"subsidy":"Y","run_date":"28JUL26","cwelcc_flag":"Y"}},{"type":"Feature","id":234,"geometry":{"type":"MultiPoint","coordinates":[[-79.477481715999943,43.655929301000072]]},"properties":{"OBJECTID":234,"_id":234,"LOC_ID":1818,"LOC_NAME":"Runnymede Adventure Club","AUSPICE":"Non Profit Agency","ADDRESS":"357 RUNNYMEDE RD","PCODE":"M6S 2Y7","ward":4,"PHONE":"(416) 766-5599","bldg_type":"Public Elementary School","BLDGNAME":"Runnymede Public School","IGSPACE":0,"TGSPACE":0,"PGSPACE":0,"KGSPACE":78,"SGSPACE":140,"TOTSPACE":218,"subsidy":"Y","run_date":"28JUL26","cwelcc_flag":"Y"}},{"type":"Feature","id":235,"geometry":{"type":"MultiPoint","coordinates":[[-79.429748789999962,43.663128560000075]]},"properties":{"OBJECTID":235,"_id":235,"LOC_ID":1819,"LOC_NAME":"Bloorcourt Village Early Learning Centre","AUSPICE":"Commercial Agency","ADDRESS":"823 DOVERCOURT RD","PCODE":"M6H 2X4","ward":9,"PHONE":"(416) 536-0574","bldg_type":"Purpose Built","BLDGNAME":null,"IGSPACE":10,"TGSPACE":30,"PGSPACE":36,"KGSPACE":0,"SGSPACE":30,"TOTSPACE":106,"subsidy":"Y","run_date":"28JUL26","cwelcc_flag":"Y"}},{"type":"Feature","id":236,"geometry":{"type":"MultiPoint","coordinates":[[-79.449123696999948,43.643200100000058]]},"properties":{"OBJECTID":236,"_id":236,"LOC_ID":1823,"LOC_NAME":"Sunnyside Garden Day Care","AUSPICE":"Non Profit Agency","ADDRESS":"225 GARDEN AVE","PCODE":"M6R 1H9","ward":4,"PHONE":"(416) 533-2008","bldg_type":"Public Elementary School","BLDGNAME":"Garden Public School","IGSPACE":0,"TGSPACE":15,"PGSPACE":23,"KGSPACE":65,"SGSPACE":90,"TOTSPACE":193,"subsidy":"Y","run_date":"28JUL26","cwelcc_flag":"Y"}},{"type":"Feature","id":237,"geometry":{"type":"MultiPoint","coordinates":[[-79.380479826999988,43.657765630000029]]},"properties":{"OBJECTID":237,"_id":237,"LOC_ID":1824,"LOC_NAME":"Toronto Metropolitan University Early Learning Centre (Tmu Elc)","AUSPICE":"Non Profit Agency","ADDRESS":"350 VICTORIA ST","PCODE":"M5B 2K3","ward":13,"PHONE":"(416) 979-5338","bldg_type":"Community College/University","BLDGNAME":"Ryerson University","IGSPACE":0,"TGSPACE":15,"PGSPACE":24,"KGSPACE":0,"SGSPACE":0,"TOTSPACE":39,"subsidy":"Y","run_date":"28JUL26","cwelcc_flag":"Y"}},{"type":"Feature","id":238,"geometry":{"type":"MultiPoint","coordinates":[[-79.44734823999994,43.657198297000036]]},"properties":{"OBJECTID":238,"_id":238,"LOC_ID":1832,"LOC_NAME":"Candy Factory Swallows Day Care (The)","AUSPICE":"Commercial Agency","ADDRESS":"1411 BLOOR ST W","PCODE":"M6P 3L4","ward":9,"PHONE":"(416) 537-4154","bldg_type":"House","BLDGNAME":"Plato Adult Education Centre","IGSPACE":10,"TGSPACE":25,"PGSPACE":40,"KGSPACE":0,"SGSPACE":0,"TOTSPACE":75,"subsidy":"Y","run_date":"28JUL26","cwelcc_flag":"Y"}},{"type":"Feature","id":239,"geometry":{"type":"MultiPoint","coordinates":[[-79.391471038999953,43.652043323000044]]},"properties":{"OBJECTID":239,"_id":239,"LOC_ID":1833,"LOC_NAME":"University Settlement Day Care Centre","AUSPICE":"Non Profit Agency","ADDRESS":"23 GRANGE RD","PCODE":"M5T 1C3","ward":10,"PHONE":"(416) 598-3444x246","bldg_type":"Community/Recreation Centre","BLDGNAME":"University Settlement Recreation Centre","IGSPACE":10,"TGSPACE":20,"PGSPACE":24,"KGSPACE":0,"SGSPACE":0,"TOTSPACE":54,"subsidy":"Y","run_date":"28JUL26","cwelcc_flag":"Y"}},{"type":"Feature","id":240,"geometry":{"type":"MultiPoint","coordinates":[[-79.411045413999943,43.676012342000035]]},"properties":{"OBJECTID":240,"_id":240,"LOC_ID":1835,"LOC_NAME":"George Brown - Casa Loma Child Care Centre","AUSPICE":"Non Profit Agency","ADDRESS":"160 KENDAL AVE","PCODE":"M5R 1M3","ward":12,"PHONE":"(416) 415-4616","bldg_type":"Community College/University","BLDGNAME":"Casa Loma Campus","IGSPACE":10,"TGSPACE":15,"PGSPACE":40,"KGSPACE":0,"SGSPACE":0,"TOTSPACE":65,"subsidy":"Y","run_date":"28JUL26","cwelcc_flag":"Y"}},{"type":"Feature","id":241,"geometry":{"type":"MultiPoint","coordinates":[[-79.466011148999939,43.733025827000063]]},"properties":{"OBJECTID":241,"_id":241,"LOC_ID":1837,"LOC_NAME":"Ancaster Early Learning & Child Care Centre","AUSPICE":"Public (City Operated) Agency","ADDRESS":"45 ANCASTER RD","PCODE":"M3K 1S7","ward":6,"PHONE":"(416) 392-5064","bldg_type":"Other","BLDGNAME":null,"IGSPACE":10,"TGSPACE":25,"PGSPACE":24,"KGSPACE":0,"SGSPACE":0,"TOTSPACE":59,"subsidy":"Y","run_date":"28JUL26","cwelcc_flag":"Y"}},{"type":"Feature","id":242,"geometry":{"type":"MultiPoint","coordinates":[[-79.439885161999939,43.683531656000071]]},"properties":{"OBJECTID":242,"_id":242,"LOC_ID":1838,"LOC_NAME":"Rawlinson Early Learning & Child Care Centre","AUSPICE":"Public (City Operated) Agency","ADDRESS":"40 EARNSCLIFFE RD","PCODE":"M6E 1J5","ward":9,"PHONE":"(416) 392-5068","bldg_type":"Public Elementary School","BLDGNAME":"Rawlinson Community School","IGSPACE":10,"TGSPACE":20,"PGSPACE":24,"KGSPACE":0,"SGSPACE":0,"TOTSPACE":54,"subsidy":"Y","run_date":"28JUL26","cwelcc_flag":"Y"}},{"type":"Feature","id":243,"geometry":{"type":"MultiPoint","coordinates":[[-79.399901163999971,43.650242422000076]]},"properties":{"OBJECTID":243,"_id":243,"LOC_ID":1839,"LOC_NAME":"Alexandra Park Early Learning & Child Care Centre","AUSPICE":"Public (City Operated) Agency","ADDRESS":"75 AUGUSTA SQ","PCODE":"M5T 2K5","ward":10,"PHONE":"(416) 392-5515","bldg_type":"Low Rise Apartment","BLDGNAME":null,"IGSPACE":10,"TGSPACE":10,"PGSPACE":16,"KGSPACE":0,"SGSPACE":0,"TOTSPACE":36,"subsidy":"Y","run_date":"28JUL26","cwelcc_flag":"Y"}},{"type":"Feature","id":244,"geometry":{"type":"MultiPoint","coordinates":[[-79.221141308999961,43.801434104000066]]},"properties":{"OBJECTID":244,"_id":244,"LOC_ID":1840,"LOC_NAME":"Berner Trail Early Learning & Child Care Centre","AUSPICE":"Public (City Operated) Agency","ADDRESS":"120 BERNER TRAIL","PCODE":"M1B 1B3","ward":23,"PHONE":"(416) 392-6273","bldg_type":"Public Elementary School","BLDGNAME":"Berner Trail Public School","IGSPACE":10,"TGSPACE":25,"PGSPACE":24,"KGSPACE":0,"SGSPACE":0,"TOTSPACE":59,"subsidy":"Y","run_date":"28JUL26","cwelcc_flag":"Y"}},{"type":"Feature","id":245,"geometry":{"type":"MultiPoint","coordinates":[[-79.357837696999979,43.79272820500006]]},"properties":{"OBJECTID":245,"_id":245,"LOC_ID":1842,"LOC_NAME":"Brahms Early Learning & Child Care Centre","AUSPICE":"Public (City Operated) Agency","ADDRESS":"5 BRAHMS AVE","PCODE":"M2H 1H2","ward":17,"PHONE":"(416) 392-6262","bldg_type":"High Rise Apartment","BLDGNAME":null,"IGSPACE":6,"TGSPACE":10,"PGSPACE":24,"KGSPACE":0,"SGSPACE":0,"TOTSPACE":40,"subsidy":"Y","run_date":"28JUL26","cwelcc_flag":"Y"}},{"type":"Feature","id":246,"geometry":{"type":"MultiPoint","coordinates":[[-79.571265269999969,43.67570429500006]]},"properties":{"OBJECTID":246,"_id":246,"LOC_ID":1843,"LOC_NAME":"Willowridge Early Learning & Child Care Centre","AUSPICE":"Public (City Operated) Agency","ADDRESS":"30 EARLDOWN DR","PCODE":"M9R 2L3","ward":1,"PHONE":"(416) 392-5086","bldg_type":"Purpose Built","BLDGNAME":null,"IGSPACE":0,"TGSPACE":10,"PGSPACE":32,"KGSPACE":0,"SGSPACE":0,"TOTSPACE":42,"subsidy":"Y","run_date":"28JUL26","cwelcc_flag":"Y"}},{"type":"Feature","id":247,"geometry":{"type":"MultiPoint","coordinates":[[-79.339764105999961,43.674967456000047]]},"properties":{"OBJECTID":247,"_id":247,"LOC_ID":1847,"LOC_NAME":"Blake Street Early Learning & Child Care Centre","AUSPICE":"Public (City Operated) Agency","ADDRESS":"84 BLAKE ST","PCODE":"M4J 3C9","ward":14,"PHONE":"(416) 392-5055","bldg_type":"Community/Recreation Centre","BLDGNAME":"Eastview Neighbourhood Community Centre","IGSPACE":10,"TGSPACE":15,"PGSPACE":24,"KGSPACE":0,"SGSPACE":0,"TOTSPACE":49,"subsidy":"Y","run_date":"28JUL26","cwelcc_flag":"Y"}},{"type":"Feature","id":248,"geometry":{"type":"MultiPoint","coordinates":[[-79.567272696999964,43.74373969100003]]},"properties":{"OBJECTID":248,"_id":248,"LOC_ID":1848,"LOC_NAME":"Rowntree Early Learning & Child Care Centre","AUSPICE":"Public (City Operated) Agency","ADDRESS":"2765 ISLINGTON AVE","PCODE":"M9V 5C2","ward":1,"PHONE":"(416) 392-5089","bldg_type":"High Rise Apartment","BLDGNAME":null,"IGSPACE":10,"TGSPACE":10,"PGSPACE":16,"KGSPACE":0,"SGSPACE":0,"TOTSPACE":36,"subsidy":"Y","run_date":"28JUL26","cwelcc_flag":"Y"}},{"type":"Feature","id":249,"geometry":{"type":"MultiPoint","coordinates":[[-79.256313275999958,43.736255093000068]]},"properties":{"OBJECTID":249,"_id":249,"LOC_ID":1850,"LOC_NAME":"Gilder Early Learning & Child Care Centre","AUSPICE":"Public (City Operated) Agency","ADDRESS":"31 GILDER DR","PCODE":"M1K 4P8","ward":21,"PHONE":"(416) 392-5696","bldg_type":"High Rise Apartment","BLDGNAME":null,"IGSPACE":10,"TGSPACE":20,"PGSPACE":0,"KGSPACE":0,"SGSPACE":0,"TOTSPACE":30,"subsidy":"Y","run_date":"28JUL26","cwelcc_flag":"Y"}},{"type":"Feature","id":250,"geometry":{"type":"MultiPoint","coordinates":[[-79.516067267999972,43.767166179000071]]},"properties":{"OBJECTID":250,"_id":250,"LOC_ID":1851,"LOC_NAME":"Edgeley Early Learning & Child Care Centre","AUSPICE":"Public (City Operated) Agency","ADDRESS":"405 DRIFTWOOD AVE","PCODE":"M3N 2P6","ward":7,"PHONE":"(416) 392-6271","bldg_type":"Purpose Built","BLDGNAME":null,"IGSPACE":10,"TGSPACE":15,"PGSPACE":32,"KGSPACE":0,"SGSPACE":0,"TOTSPACE":57,"subsidy":"Y","run_date":"28JUL26","cwelcc_flag":"Y"}},{"type":"Feature","id":251,"geometry":{"type":"MultiPoint","coordinates":[[-79.539556980999976,43.748722706000081]]},"properties":{"OBJECTID":251,"_id":251,"LOC_ID":1852,"LOC_NAME":"Emery Early Learning & Child Care Centre","AUSPICE":"Public (City Operated) Agency","ADDRESS":"3395 WESTON RD","PCODE":"M9M 2V9","ward":7,"PHONE":"(416) 392-3370","bldg_type":"Public High School","BLDGNAME":"Emery Collegiate Institute","IGSPACE":10,"TGSPACE":10,"PGSPACE":16,"KGSPACE":0,"SGSPACE":0,"TOTSPACE":36,"subsidy":"Y","run_date":"28JUL26","cwelcc_flag":"Y"}},{"type":"Feature","id":252,"geometry":{"type":"MultiPoint","coordinates":[[-79.277287738999973,43.700037759000054]]},"properties":{"OBJECTID":252,"_id":252,"LOC_ID":1853,"LOC_NAME":"Taylor Creek Early Learning & Child Care Centre","AUSPICE":"Public (City Operated) Agency","ADDRESS":"644 WARDEN AVE","PCODE":"M1L 3Z3","ward":20,"PHONE":"(416) 392-4750","bldg_type":"Public Elementary School","BLDGNAME":"Taylor Creek Public School","IGSPACE":10,"TGSPACE":10,"PGSPACE":24,"KGSPACE":0,"SGSPACE":0,"TOTSPACE":44,"subsidy":"Y","run_date":"28JUL26","cwelcc_flag":"Y"}},{"type":"Feature","id":253,"geometry":{"type":"MultiPoint","coordinates":[[-79.530735816999936,43.594365124000035]]},"properties":{"OBJECTID":253,"_id":253,"LOC_ID":1854,"LOC_NAME":"Thomas Berry Early Learning & Child Care Centre","AUSPICE":"Public (City Operated) Agency","ADDRESS":"3495 LAKE SHORE BLVD W","PCODE":"M8W 1N5","ward":3,"PHONE":"(416) 392-5080","bldg_type":"Other","BLDGNAME":"Old James S. Bell Public School (Closed)","IGSPACE":10,"TGSPACE":20,"PGSPACE":32,"KGSPACE":0,"SGSPACE":0,"TOTSPACE":62,"subsidy":"Y","run_date":"28JUL26","cwelcc_flag":"Y"}},{"type":"Feature","id":254,"geometry":{"type":"MultiPoint","coordinates":[[-79.193646561999969,43.762340279000057]]},"properties":{"OBJECTID":254,"_id":254,"LOC_ID":1855,"LOC_NAME":"Galloway Early Learning & Child Care Centre","AUSPICE":"Public (City Operated) Agency","ADDRESS":"4299 KINGSTON RD","PCODE":"M1E 2M9","ward":24,"PHONE":"(416) 392-5235","bldg_type":"High Rise Apartment","BLDGNAME":null,"IGSPACE":10,"TGSPACE":15,"PGSPACE":24,"KGSPACE":0,"SGSPACE":0,"TOTSPACE":49,"subsidy":"Y","run_date":"28JUL26","cwelcc_flag":"Y"}},{"type":"Feature","id":255,"geometry":{"type":"MultiPoint","coordinates":[[-79.506668869999942,43.716084417000047]]},"properties":{"OBJECTID":255,"_id":255,"LOC_ID":1857,"LOC_NAME":"Falstaff Early Learning & Child Care Centre","AUSPICE":"Public (City Operated) Agency","ADDRESS":"10 FALSTAFF AVE","PCODE":"M6L 2C7","ward":5,"PHONE":"(416) 392-5688","bldg_type":"Purpose Built","BLDGNAME":null,"IGSPACE":16,"TGSPACE":20,"PGSPACE":32,"KGSPACE":0,"SGSPACE":0,"TOTSPACE":68,"subsidy":"Y","run_date":"28JUL26","cwelcc_flag":"Y"}},{"type":"Feature","id":256,"geometry":{"type":"MultiPoint","coordinates":[[-79.25076480499996,43.726007156000037]]},"properties":{"OBJECTID":256,"_id":256,"LOC_ID":1858,"LOC_NAME":"Canadiana Court Early Learning & Child Care Centre","AUSPICE":"Public (City Operated) Agency","ADDRESS":"20 GORDONRIDGE PL","PCODE":"M1K 4H5","ward":20,"PHONE":"(416) 392-5698","bldg_type":"Community/Recreation Centre","BLDGNAME":"Gordonridge Community Centre","IGSPACE":10,"TGSPACE":10,"PGSPACE":24,"KGSPACE":0,"SGSPACE":0,"TOTSPACE":44,"subsidy":"Y","run_date":"28JUL26","cwelcc_flag":"Y"}},{"type":"Feature","id":257,"geometry":{"type":"MultiPoint","coordinates":[[-79.203575708999949,43.781638099000077]]},"properties":{"OBJECTID":257,"_id":257,"LOC_ID":1860,"LOC_NAME":"Centenary Seven Oaks  Early Learning & Child Care Centre","AUSPICE":"Public (City Operated) Agency","ADDRESS":"9 NEILSON RD","PCODE":"M1E 5E1","ward":24,"PHONE":"(416) 392-4750","bldg_type":"Purpose Built","BLDGNAME":"Seven Oaks Home For The Aged","IGSPACE":10,"TGSPACE":15,"PGSPACE":24,"KGSPACE":0,"SGSPACE":0,"TOTSPACE":49,"subsidy":"Y","run_date":"28JUL26","cwelcc_flag":"Y"}},{"type":"Feature","id":258,"geometry":{"type":"MultiPoint","coordinates":[[-79.49305789999994,43.688032553000028]]},"properties":{"OBJECTID":258,"_id":258,"LOC_ID":1861,"LOC_NAME":"Mount Dennis Early Learning & Child Care Centre","AUSPICE":"Public (City Operated) Agency","ADDRESS":"1234 WESTON RD","PCODE":"M6M 4P8","ward":5,"PHONE":"(416) 392-5686","bldg_type":"Purpose Built","BLDGNAME":null,"IGSPACE":20,"TGSPACE":30,"PGSPACE":48,"KGSPACE":0,"SGSPACE":0,"TOTSPACE":98,"subsidy":"Y","run_date":"28JUL26","cwelcc_flag":"Y"}},{"type":"Feature","id":259,"geometry":{"type":"MultiPoint","coordinates":[[-79.571612407999964,43.725034721000043]]},"properties":{"OBJECTID":259,"_id":259,"LOC_ID":1863,"LOC_NAME":"Kipling Early Learning & Child Care Centre","AUSPICE":"Public (City Operated) Agency","ADDRESS":"2233 KIPLING AVE","PCODE":"M9W 4L3","ward":1,"PHONE":"(416) 397-9961","bldg_type":"Other","BLDGNAME":"Kipling Acres Home For The Aged","IGSPACE":10,"TGSPACE":10,"PGSPACE":16,"KGSPACE":0,"SGSPACE":0,"TOTSPACE":36,"subsidy":"Y","run_date":"28JUL26","cwelcc_flag":"Y"}},{"type":"Feature","id":260,"geometry":{"type":"MultiPoint","coordinates":[[-79.331687361999968,43.717940678000048]]},"properties":{"OBJECTID":260,"_id":260,"LOC_ID":1869,"LOC_NAME":"Flemingdon Early Learning & Child Care Centre","AUSPICE":"Public (City Operated) Agency","ADDRESS":"29 ST DENNIS DR","PCODE":"M3C 3J3","ward":16,"PHONE":"(416) 392-3170","bldg_type":"Community/Recreation Centre","BLDGNAME":"Dennis R Timbrell Resource Centre","IGSPACE":10,"TGSPACE":10,"PGSPACE":32,"KGSPACE":0,"SGSPACE":0,"TOTSPACE":52,"subsidy":"Y","run_date":"28JUL26","cwelcc_flag":"Y"}},{"type":"Feature","id":261,"geometry":{"type":"MultiPoint","coordinates":[[-79.364295178999953,43.658647944000052]]},"properties":{"OBJECTID":261,"_id":261,"LOC_ID":1870,"LOC_NAME":"Regent Park Early Learning & Child Care Centre","AUSPICE":"Public (City Operated) Agency","ADDRESS":"40 REGENT ST","PCODE":"M5A 3N7","ward":13,"PHONE":"(416) 392-5513","bldg_type":"Purpose Built","BLDGNAME":null,"IGSPACE":10,"TGSPACE":10,"PGSPACE":16,"KGSPACE":0,"SGSPACE":0,"TOTSPACE":36,"subsidy":"Y","run_date":"28JUL26","cwelcc_flag":"Y"}},{"type":"Feature","id":262,"geometry":{"type":"MultiPoint","coordinates":[[-79.304155351999952,43.716515920000063]]},"properties":{"OBJECTID":262,"_id":262,"LOC_ID":1874,"LOC_NAME":"O'Connor Satellite Early Learning & Child Care Centre","AUSPICE":"Public (City Operated) Agency","ADDRESS":"1665 O CONNOR DR","PCODE":"M4A 1W5","ward":19,"PHONE":"(416) 392-3980","bldg_type":"Public Elementary School","BLDGNAME":"O'Connor Public School","IGSPACE":0,"TGSPACE":0,"PGSPACE":24,"KGSPACE":0,"SGSPACE":0,"TOTSPACE":24,"subsidy":"Y","run_date":"28JUL26","cwelcc_flag":"Y"}},{"type":"Feature","id":263,"geometry":{"type":"MultiPoint","coordinates":[[-79.301852981999957,43.717659104000063]]},"properties":{"OBJECTID":263,"_id":263,"LOC_ID":1875,"LOC_NAME":"O'Connor Early Learning & Child Care Centre","AUSPICE":"Public (City Operated) Agency","ADDRESS":"1386 VICTORIA PARK AVE","PCODE":"M4A 2L8","ward":19,"PHONE":"(416) 392-6545","bldg_type":"Community/Recreation Centre","BLDGNAME":"O'Connor Community Centre","IGSPACE":10,"TGSPACE":20,"PGSPACE":16,"KGSPACE":0,"SGSPACE":0,"TOTSPACE":46,"subsidy":"Y","run_date":"28JUL26","cwelcc_flag":"Y"}},{"type":"Feature","id":264,"geometry":{"type":"MultiPoint","coordinates":[[-79.526810689999934,43.771163954000031]]},"properties":{"OBJECTID":264,"_id":264,"LOC_ID":1878,"LOC_NAME":"Blacksmith Child Care Centre","AUSPICE":"Non Profit Agency","ADDRESS":"45 BLACKSMITH CRES","PCODE":"M3N 1V5","ward":7,"PHONE":"(416) 665-3839","bldg_type":"Public Elementary School","BLDGNAME":"Blacksmith Public School","IGSPACE":0,"TGSPACE":10,"PGSPACE":16,"KGSPACE":26,"SGSPACE":30,"TOTSPACE":82,"subsidy":"Y","run_date":"28JUL26","cwelcc_flag":"Y"}},{"type":"Feature","id":265,"geometry":{"type":"MultiPoint","coordinates":[[-79.493205094999951,43.751055819000044]]},"properties":{"OBJECTID":265,"_id":265,"LOC_ID":1882,"LOC_NAME":"Stilecroft Superkids","AUSPICE":"Non Profit Agency","ADDRESS":"50 STILECROFT DR","PCODE":"M3J 1A7","ward":6,"PHONE":"(416) 638-0352","bldg_type":"Public Elementary School","BLDGNAME":"Stilecroft Public School","IGSPACE":0,"TGSPACE":10,"PGSPACE":16,"KGSPACE":13,"SGSPACE":15,"TOTSPACE":54,"subsidy":"Y","run_date":"28JUL26","cwelcc_flag":"Y"}},{"type":"Feature","id":266,"geometry":{"type":"MultiPoint","coordinates":[[-79.454858587999979,43.670920013000057]]},"properties":{"OBJECTID":266,"_id":266,"LOC_ID":1887,"LOC_NAME":"Davenport Perth Early Learning & Child Care Centre","AUSPICE":"Public (City Operated) Agency","ADDRESS":"1900 DAVENPORT RD","PCODE":"M6N 1B7","ward":9,"PHONE":"(416) 392-5066","bldg_type":"Community/Recreation Centre","BLDGNAME":"Davenport Perth Community Centre","IGSPACE":10,"TGSPACE":10,"PGSPACE":16,"KGSPACE":0,"SGSPACE":0,"TOTSPACE":36,"subsidy":"Y","run_date":"28JUL26","cwelcc_flag":"Y"}},{"type":"Feature","id":267,"geometry":{"type":"MultiPoint","coordinates":[[-79.315576869999973,43.666300712000066]]},"properties":{"OBJECTID":267,"_id":267,"LOC_ID":1888,"LOC_NAME":"Coxwell Early Learning & Child Care Centre","AUSPICE":"Public (City Operated) Agency","ADDRESS":"1631 QUEEN ST E","PCODE":"M4L 1G4","ward":19,"PHONE":"(416) 392-5076","bldg_type":"Multi Human Services Facility","BLDGNAME":"Toronto Employment And Social Services-Toronto East Office","IGSPACE":0,"TGSPACE":10,"PGSPACE":24,"KGSPACE":0,"SGSPACE":0,"TOTSPACE":34,"subsidy":"Y","run_date":"28JUL26","cwelcc_flag":"Y"}},{"type":"Feature","id":268,"geometry":{"type":"MultiPoint","coordinates":[[-79.39159889299998,43.67360478300003]]},"properties":{"OBJECTID":268,"_id":268,"LOC_ID":1889,"LOC_NAME":"Jesse Ketchum Early Learning & Child Care Centre","AUSPICE":"Public (City Operated) Agency","ADDRESS":"7 BERRYMAN ST","PCODE":"M5R 1M7","ward":11,"PHONE":"(416) 392-5061","bldg_type":"Public Elementary School","BLDGNAME":"Jesse Ketchum Public School","IGSPACE":0,"TGSPACE":10,"PGSPACE":16,"KGSPACE":0,"SGSPACE":0,"TOTSPACE":26,"subsidy":"Y","run_date":"28JUL26","cwelcc_flag":"Y"}},{"type":"Feature","id":269,"geometry":{"type":"MultiPoint","coordinates":[[-79.333812146999946,43.680841582000028]]},"properties":{"OBJECTID":269,"_id":269,"LOC_ID":1890,"LOC_NAME":"Danforth Early Learning & Child Care Centre","AUSPICE":"Public (City Operated) Agency","ADDRESS":"1125 DANFORTH AVE","PCODE":"M4J 1M5","ward":14,"PHONE":"(416) 392-5070","bldg_type":"Purpose Built","BLDGNAME":"Danforth Child Care Centre","IGSPACE":20,"TGSPACE":20,"PGSPACE":24,"KGSPACE":0,"SGSPACE":0,"TOTSPACE":64,"subsidy":"Y","run_date":"28JUL26","cwelcc_flag":"Y"}},{"type":"Feature","id":270,"geometry":{"type":"MultiPoint","coordinates":[[-79.379178169999989,43.663608426000053]]},"properties":{"OBJECTID":270,"_id":270,"LOC_ID":1891,"LOC_NAME":"Church Street School Day Care Service Inc.","AUSPICE":"Non Profit Agency","ADDRESS":"83 ALEXANDER ST","PCODE":"M4Y 1B7","ward":13,"PHONE":"(416) 925-1197","bldg_type":"Public Elementary School","BLDGNAME":"Church Street Public School","IGSPACE":0,"TGSPACE":10,"PGSPACE":16,"KGSPACE":52,"SGSPACE":82,"TOTSPACE":160,"subsidy":"Y","run_date":"28JUL26","cwelcc_flag":"Y"}},{"type":"Feature","id":271,"geometry":{"type":"MultiPoint","coordinates":[[-79.368341448999956,43.662371348000079]]},"properties":{"OBJECTID":271,"_id":271,"LOC_ID":1893,"LOC_NAME":"The Yonge Street Mission / Davis Centre","AUSPICE":"Non Profit Agency","ADDRESS":"270 GERRARD ST E","PCODE":"M5A 2G4","ward":13,"PHONE":"(416) 355-3574","bldg_type":"Community/Recreation Centre","BLDGNAME":"Christian Community Centre","IGSPACE":10,"TGSPACE":15,"PGSPACE":40,"KGSPACE":0,"SGSPACE":0,"TOTSPACE":65,"subsidy":"Y","run_date":"28JUL26","cwelcc_flag":"Y"}},{"type":"Feature","id":272,"geometry":{"type":"MultiPoint","coordinates":[[-79.386779285999978,43.765882842000053]]},"properties":{"OBJECTID":272,"_id":272,"LOC_ID":1895,"LOC_NAME":"North York Jr Ymca","AUSPICE":"Non Profit Agency","ADDRESS":"567 SHEPPARD AVE E","PCODE":"M2K 1B2","ward":17,"PHONE":"(416) 225-7773x440","bldg_type":"Community/Recreation Centre","BLDGNAME":"North York Ymca","IGSPACE":0,"TGSPACE":30,"PGSPACE":48,"KGSPACE":0,"SGSPACE":0,"TOTSPACE":78,"subsidy":"Y","run_date":"28JUL26","cwelcc_flag":"Y"}},{"type":"Feature","id":273,"geometry":{"type":"MultiPoint","coordinates":[[-79.425887631999956,43.653456547000076]]},"properties":{"OBJECTID":273,"_id":273,"LOC_ID":1896,"LOC_NAME":"West End Jr Ymca","AUSPICE":"Non Profit Agency","ADDRESS":"931 COLLEGE ST","PCODE":"M6H 1A1","ward":9,"PHONE":"(416) 536-1166x440","bldg_type":"Community/Recreation Centre","BLDGNAME":"West End Ymca","IGSPACE":0,"TGSPACE":30,"PGSPACE":40,"KGSPACE":0,"SGSPACE":15,"TOTSPACE":85,"subsidy":"Y","run_date":"28JUL26","cwelcc_flag":"Y"}},{"type":"Feature","id":274,"geometry":{"type":"MultiPoint","coordinates":[[-79.384844783999938,43.663631531000078]]},"properties":{"OBJECTID":274,"_id":274,"LOC_ID":1898,"LOC_NAME":"Ymca Child Development Centre (Ymca)","AUSPICE":"Non Profit Agency","ADDRESS":"15 BREADALBANE ST","PCODE":"M4Y 1C2","ward":13,"PHONE":"(416) 513-1164x1","bldg_type":"Community/Recreation Centre","BLDGNAME":"Toronto Central Ymca","IGSPACE":10,"TGSPACE":30,"PGSPACE":48,"KGSPACE":26,"SGSPACE":30,"TOTSPACE":144,"subsidy":"Y","run_date":"28JUL26","cwelcc_flag":"Y"}},{"type":"Feature","id":275,"geometry":{"type":"MultiPoint","coordinates":[[-79.500022906999959,43.603725079000071]]},"properties":{"OBJECTID":275,"_id":275,"LOC_ID":1900,"LOC_NAME":"Second Street School Age Ymca","AUSPICE":"Non Profit Agency","ADDRESS":"71 SECOND ST","PCODE":"M8V 2X4","ward":3,"PHONE":"(416) 252-8544","bldg_type":"Public Elementary School","BLDGNAME":"Second Street School","IGSPACE":0,"TGSPACE":0,"PGSPACE":0,"KGSPACE":26,"SGSPACE":75,"TOTSPACE":101,"subsidy":"Y","run_date":"28JUL26","cwelcc_flag":"Y"}},{"type":"Feature","id":276,"geometry":{"type":"MultiPoint","coordinates":[[-79.503430659999935,43.603564725000069]]},"properties":{"OBJECTID":276,"_id":276,"LOC_ID":1901,"LOC_NAME":"Lamp Jr Ymca","AUSPICE":"Non Profit Agency","ADDRESS":"185 FIFTH ST","PCODE":"M8V 2Z5","ward":3,"PHONE":"(416) 252-8544","bldg_type":"Community/Recreation Centre","BLDGNAME":"Lamp Community Centre","IGSPACE":0,"TGSPACE":15,"PGSPACE":32,"KGSPACE":0,"SGSPACE":0,"TOTSPACE":47,"subsidy":"Y","run_date":"28JUL26","cwelcc_flag":"Y"}},{"type":"Feature","id":277,"geometry":{"type":"MultiPoint","coordinates":[[-79.499448650999966,43.762571206000075]]},"properties":{"OBJECTID":277,"_id":277,"LOC_ID":1902,"LOC_NAME":"University City Jr Ymca","AUSPICE":"Non Profit Agency","ADDRESS":"453 SENTINEL RD","PCODE":"M3J 2T6","ward":7,"PHONE":"(416) 661-2329","bldg_type":"Community/Recreation Centre","BLDGNAME":"University City Ymca","IGSPACE":20,"TGSPACE":30,"PGSPACE":40,"KGSPACE":0,"SGSPACE":0,"TOTSPACE":90,"subsidy":"Y","run_date":"28JUL26","cwelcc_flag":"Y"}},{"type":"Feature","id":278,"geometry":{"type":"MultiPoint","coordinates":[[-79.390933318999942,43.769049281000036]]},"properties":{"OBJECTID":278,"_id":278,"LOC_ID":1907,"LOC_NAME":"St. Gabriel's Jr Ymca","AUSPICE":"Non Profit Agency","ADDRESS":"396 SPRING GARDEN AVE","PCODE":"M2N 3H5","ward":18,"PHONE":"(416) 221-5000","bldg_type":"Catholic Elementary School","BLDGNAME":"St. Gabriel's Separate School","IGSPACE":0,"TGSPACE":0,"PGSPACE":16,"KGSPACE":26,"SGSPACE":45,"TOTSPACE":87,"subsidy":"Y","run_date":"28JUL26","cwelcc_flag":"Y"}},{"type":"Feature","id":279,"geometry":{"type":"MultiPoint","coordinates":[[-79.216183609999973,43.743424849000064]]},"properties":{"OBJECTID":279,"_id":279,"LOC_ID":1909,"LOC_NAME":"Cougar Court Child Care Centre 15","AUSPICE":"Commercial Agency","ADDRESS":"3225 EGLINTON AVE E","PCODE":"M1J 2H7","ward":24,"PHONE":"(416) 267-0366","bldg_type":"Other","BLDGNAME":null,"IGSPACE":30,"TGSPACE":55,"PGSPACE":64,"KGSPACE":0,"SGSPACE":0,"TOTSPACE":149,"subsidy":"Y","run_date":"28JUL26","cwelcc_flag":"Y"}},{"type":"Feature","id":280,"geometry":{"type":"MultiPoint","coordinates":[[-79.300660254999968,43.776676644000077]]},"properties":{"OBJECTID":280,"_id":280,"LOC_ID":1911,"LOC_NAME":"Lynngate Jr Ymca","AUSPICE":"Non Profit Agency","ADDRESS":"129 CASS AVE","PCODE":"M1T 2B5","ward":22,"PHONE":"(416) 293-3020","bldg_type":"Public Elementary School","BLDGNAME":"Lynngate Jr Public School","IGSPACE":0,"TGSPACE":10,"PGSPACE":16,"KGSPACE":13,"SGSPACE":30,"TOTSPACE":69,"subsidy":"Y","run_date":"28JUL26","cwelcc_flag":"Y"}},{"type":"Feature","id":281,"geometry":{"type":"MultiPoint","coordinates":[[-79.315095386999985,43.780796266000038]]},"properties":{"OBJECTID":281,"_id":281,"LOC_ID":1912,"LOC_NAME":"Bridlewood Jr Ymca","AUSPICE":"Non Profit Agency","ADDRESS":"60 BRIDLEWOOD BLVD","PCODE":"M1T 1P7","ward":22,"PHONE":"(416) 492-3364","bldg_type":"Public Elementary School","BLDGNAME":"Bridlewood Public School","IGSPACE":0,"TGSPACE":0,"PGSPACE":24,"KGSPACE":26,"SGSPACE":30,"TOTSPACE":80,"subsidy":"Y","run_date":"28JUL26","cwelcc_flag":"Y"}},{"type":"Feature","id":282,"geometry":{"type":"MultiPoint","coordinates":[[-79.307836182999949,43.754822067000077]]},"properties":{"OBJECTID":282,"_id":282,"LOC_ID":1913,"LOC_NAME":"Maryvale Jr Ymca","AUSPICE":"Non Profit Agency","ADDRESS":"1325 PHARMACY AVE","PCODE":"M1R 2J1","ward":21,"PHONE":"(416) 447-8115","bldg_type":"Public Elementary School","BLDGNAME":"Maryvale Public School","IGSPACE":0,"TGSPACE":10,"PGSPACE":24,"KGSPACE":13,"SGSPACE":30,"TOTSPACE":77,"subsidy":"Y","run_date":"28JUL26","cwelcc_flag":"Y"}},{"type":"Feature","id":283,"geometry":{"type":"MultiPoint","coordinates":[[-79.317889289999982,43.809205322000025]]},"properties":{"OBJECTID":283,"_id":283,"LOC_ID":1914,"LOC_NAME":"David Lewis Jr Ymca","AUSPICE":"Non Profit Agency","ADDRESS":"130 FUNDY BAY BLVD","PCODE":"M1W 3G1","ward":22,"PHONE":"(416) 490-1624","bldg_type":"Public Elementary School","BLDGNAME":"David Lewis Public School","IGSPACE":0,"TGSPACE":0,"PGSPACE":16,"KGSPACE":26,"SGSPACE":30,"TOTSPACE":72,"subsidy":"Y","run_date":"28JUL26","cwelcc_flag":"Y"}},{"type":"Feature","id":284,"geometry":{"type":"MultiPoint","coordinates":[[-79.45947198999994,43.664524893000078]]},"properties":{"OBJECTID":284,"_id":284,"LOC_ID":1915,"LOC_NAME":"High Park Jr Ymca","AUSPICE":"Non Profit Agency","ADDRESS":"2665 DUNDAS ST W","PCODE":"M6P 1Y1","ward":4,"PHONE":"(416) 763-1195","bldg_type":"Community/Recreation Centre","BLDGNAME":null,"IGSPACE":10,"TGSPACE":30,"PGSPACE":40,"KGSPACE":0,"SGSPACE":0,"TOTSPACE":80,"subsidy":"Y","run_date":"28JUL26","cwelcc_flag":"Y"}},{"type":"Feature","id":285,"geometry":{"type":"MultiPoint","coordinates":[[-79.576718745999983,43.656637342000067]]},"properties":{"OBJECTID":285,"_id":285,"LOC_ID":1918,"LOC_NAME":"Wellesworth School Age Ymca","AUSPICE":"Non Profit Agency","ADDRESS":"225 WELLESWORTH DR","PCODE":"M9C 4S5","ward":2,"PHONE":"(647) 281-4410","bldg_type":"Public Elementary School","BLDGNAME":"Wellesworth Public School","IGSPACE":0,"TGSPACE":0,"PGSPACE":0,"KGSPACE":13,"SGSPACE":30,"TOTSPACE":43,"subsidy":"Y","run_date":"28JUL26","cwelcc_flag":"Y"}},{"type":"Feature","id":286,"geometry":{"type":"MultiPoint","coordinates":[[-79.546252913999979,43.645316949000062]]},"properties":{"OBJECTID":286,"_id":286,"LOC_ID":1919,"LOC_NAME":"Wedgewood School Age Ymca","AUSPICE":"Non Profit Agency","ADDRESS":"5 SWAN AVE","PCODE":"M9B 1V1","ward":2,"PHONE":"(647) 281-4410","bldg_type":"Public Elementary School","BLDGNAME":"Wedgewood Public School","IGSPACE":0,"TGSPACE":0,"PGSPACE":0,"KGSPACE":39,"SGSPACE":90,"TOTSPACE":129,"subsidy":"Y","run_date":"28JUL26","cwelcc_flag":"Y"}},{"type":"Feature","id":287,"geometry":{"type":"MultiPoint","coordinates":[[-79.49371346099997,43.758698527000035]]},"properties":{"OBJECTID":287,"_id":287,"LOC_ID":1926,"LOC_NAME":"Derrydown School Age Ymca","AUSPICE":"Non Profit Agency","ADDRESS":"120 DERRYDOWN RD","PCODE":"M3J 1R7","ward":7,"PHONE":"(437) 225-8035","bldg_type":"Public Elementary School","BLDGNAME":"Derrydown Public School","IGSPACE":0,"TGSPACE":0,"PGSPACE":0,"KGSPACE":26,"SGSPACE":30,"TOTSPACE":56,"subsidy":"Y","run_date":"28JUL26","cwelcc_flag":"Y"}},{"type":"Feature","id":288,"geometry":{"type":"MultiPoint","coordinates":[[-79.302695676999974,43.781293598000047]]},"properties":{"OBJECTID":288,"_id":288,"LOC_ID":1927,"LOC_NAME":"Holy Spirit Jr Ymca","AUSPICE":"Non Profit Agency","ADDRESS":"3530 SHEPPARD AVE E","PCODE":"M1T 3K7","ward":22,"PHONE":"(416) 913-0958","bldg_type":"Catholic Elementary School","BLDGNAME":"Holy Spirit Separate School","IGSPACE":0,"TGSPACE":0,"PGSPACE":32,"KGSPACE":26,"SGSPACE":45,"TOTSPACE":103,"subsidy":"Y","run_date":"28JUL26","cwelcc_flag":"Y"}},{"type":"Feature","id":289,"geometry":{"type":"MultiPoint","coordinates":[[-79.303571293999937,43.785129855000037]]},"properties":{"OBJECTID":289,"_id":289,"LOC_ID":1928,"LOC_NAME":"Pauline Johnson School Age Ymca","AUSPICE":"Non Profit Agency","ADDRESS":"35 DUNMURRAY BLVD","PCODE":"M1T 2K2","ward":22,"PHONE":"(416) 913-0958","bldg_type":"Public Elementary School","BLDGNAME":"Pauline Johnson Junior Public School","IGSPACE":0,"TGSPACE":0,"PGSPACE":0,"KGSPACE":26,"SGSPACE":45,"TOTSPACE":71,"subsidy":"Y","run_date":"28JUL26","cwelcc_flag":"Y"}},{"type":"Feature","id":290,"geometry":{"type":"MultiPoint","coordinates":[[-79.289557040999966,43.771308916000066]]},"properties":{"OBJECTID":290,"_id":290,"LOC_ID":1929,"LOC_NAME":"Glamorgan School Age Ymca","AUSPICE":"Non Profit Agency","ADDRESS":"51 ANTRIM CRES","PCODE":"M1P 4N4","ward":21,"PHONE":"(647) 438-7124","bldg_type":"Public Elementary School","BLDGNAME":"Glamorgan Public School","IGSPACE":0,"TGSPACE":0,"PGSPACE":0,"KGSPACE":13,"SGSPACE":30,"TOTSPACE":43,"subsidy":"Y","run_date":"28JUL26","cwelcc_flag":"Y"}},{"type":"Feature","id":291,"geometry":{"type":"MultiPoint","coordinates":[[-79.301568068999984,43.691772104000052]]},"properties":{"OBJECTID":291,"_id":291,"LOC_ID":1931,"LOC_NAME":"Secord School Age Ymca","AUSPICE":"Non Profit Agency","ADDRESS":"91 BARRINGTON AVE","PCODE":"M4C 4Y9","ward":19,"PHONE":"(647) 439-9905","bldg_type":"Community/Rec Centre - City","BLDGNAME":"Secord Community Centre","IGSPACE":0,"TGSPACE":0,"PGSPACE":0,"KGSPACE":0,"SGSPACE":30,"TOTSPACE":30,"subsidy":"Y","run_date":"28JUL26","cwelcc_flag":"N"}},{"type":"Feature","id":292,"geometry":{"type":"MultiPoint","coordinates":[[-79.165034006999974,43.768513555000027]]},"properties":{"OBJECTID":292,"_id":292,"LOC_ID":1934,"LOC_NAME":"William G. Miller School Age Ymca","AUSPICE":"Non Profit Agency","ADDRESS":"60 BENNETT RD","PCODE":"M1E 3Y3","ward":25,"PHONE":"(416) 724-1925","bldg_type":"Public Elementary School","BLDGNAME":"William G. Miller Junior Public School","IGSPACE":0,"TGSPACE":0,"PGSPACE":0,"KGSPACE":26,"SGSPACE":30,"TOTSPACE":56,"subsidy":"Y","run_date":"28JUL26","cwelcc_flag":"Y"}},{"type":"Feature","id":293,"geometry":{"type":"MultiPoint","coordinates":[[-79.327135743999975,43.689995257000078]]},"properties":{"OBJECTID":293,"_id":293,"LOC_ID":1935,"LOC_NAME":"McGregor Jr Ymca","AUSPICE":"Non Profit Agency","ADDRESS":"555 MORTIMER AVE","PCODE":"M4J 2G9","ward":14,"PHONE":"(647) 439-9905","bldg_type":"Public Elementary School","BLDGNAME":"McGregor Public School","IGSPACE":0,"TGSPACE":0,"PGSPACE":38,"KGSPACE":78,"SGSPACE":135,"TOTSPACE":251,"subsidy":"Y","run_date":"28JUL26","cwelcc_flag":"Y"}},{"type":"Feature","id":294,"geometry":{"type":"MultiPoint","coordinates":[[-79.351709980999942,43.68760238200008]]},"properties":{"OBJECTID":294,"_id":294,"LOC_ID":1937,"LOC_NAME":"Chester Jr Ymca","AUSPICE":"Non Profit Agency","ADDRESS":"115 GOWAN AVE","PCODE":"M4K 2E4","ward":14,"PHONE":"(416) 421-8101","bldg_type":"Public Elementary School","BLDGNAME":"Chester Public School","IGSPACE":0,"TGSPACE":10,"PGSPACE":24,"KGSPACE":52,"SGSPACE":75,"TOTSPACE":161,"subsidy":"Y","run_date":"28JUL26","cwelcc_flag":"Y"}},{"type":"Feature","id":295,"geometry":{"type":"MultiPoint","coordinates":[[-79.348157726999943,43.691927727000063]]},"properties":{"OBJECTID":295,"_id":295,"LOC_ID":1938,"LOC_NAME":"William Burgess Jr Ymca","AUSPICE":"Non Profit Agency","ADDRESS":"100 TORRENS AVE","PCODE":"M4J 2P5","ward":14,"PHONE":"(416) 423-5518","bldg_type":"Public Elementary School","BLDGNAME":"William Burgess Public School","IGSPACE":0,"TGSPACE":15,"PGSPACE":24,"KGSPACE":52,"SGSPACE":75,"TOTSPACE":166,"subsidy":"Y","run_date":"28JUL26","cwelcc_flag":"Y"}},{"type":"Feature","id":296,"geometry":{"type":"MultiPoint","coordinates":[[-79.594315500999983,43.731388262000053]]},"properties":{"OBJECTID":296,"_id":296,"LOC_ID":1939,"LOC_NAME":"Albion Heights School Age Ymca","AUSPICE":"Non Profit Agency","ADDRESS":"45 LYNMONT RD","PCODE":"M9V 3W9","ward":1,"PHONE":"(416) 744-4265","bldg_type":"Public Elementary School","BLDGNAME":"Albion Heights Public School","IGSPACE":0,"TGSPACE":0,"PGSPACE":0,"KGSPACE":13,"SGSPACE":15,"TOTSPACE":28,"subsidy":"Y","run_date":"28JUL26","cwelcc_flag":"Y"}},{"type":"Feature","id":297,"geometry":{"type":"MultiPoint","coordinates":[[-79.491055374999974,43.660452647000056]]},"properties":{"OBJECTID":297,"_id":297,"LOC_ID":1941,"LOC_NAME":"Humbercrest School Age Ymca","AUSPICE":"Non Profit Agency","ADDRESS":"14 ST MARKS RD","PCODE":"M6S 2H7","ward":4,"PHONE":"(416) 769-6715","bldg_type":"Public Elementary School","BLDGNAME":"Humbercrest Junior Senior Public School","IGSPACE":0,"TGSPACE":0,"PGSPACE":0,"KGSPACE":65,"SGSPACE":121,"TOTSPACE":186,"subsidy":"Y","run_date":"28JUL26","cwelcc_flag":"Y"}},{"type":"Feature","id":298,"geometry":{"type":"MultiPoint","coordinates":[[-79.331933541999945,43.782453191000059]]},"properties":{"OBJECTID":298,"_id":298,"LOC_ID":1942,"LOC_NAME":"Brian Drive School Age Program (Ymca)","AUSPICE":"Non Profit Agency","ADDRESS":"95 BRIAN DR","PCODE":"M2J 3Y6","ward":17,"PHONE":"(416) 493-3008","bldg_type":"Public Elementary School","BLDGNAME":"Brian Public School","IGSPACE":0,"TGSPACE":0,"PGSPACE":0,"KGSPACE":0,"SGSPACE":60,"TOTSPACE":60,"subsidy":"Y","run_date":"28JUL26","cwelcc_flag":"N"}},{"type":"Feature","id":299,"geometry":{"type":"MultiPoint","coordinates":[[-79.359886402999962,43.788617550000026]]},"properties":{"OBJECTID":299,"_id":299,"LOC_ID":1943,"LOC_NAME":"Crestview School Age Program Ymca","AUSPICE":"Non Profit Agency","ADDRESS":"101 SENECA HILL DR","PCODE":"M2J 2W3","ward":17,"PHONE":"(416) 221-5000","bldg_type":"Public Elementary School","BLDGNAME":"Crestview Public School","IGSPACE":0,"TGSPACE":0,"PGSPACE":0,"KGSPACE":26,"SGSPACE":60,"TOTSPACE":86,"subsidy":"Y","run_date":"28JUL26","cwelcc_flag":"Y"}},{"type":"Feature","id":300,"geometry":{"type":"MultiPoint","coordinates":[[-79.249785030999988,43.745292280000058]]},"properties":{"OBJECTID":300,"_id":300,"LOC_ID":1951,"LOC_NAME":"Knob Hill School Age Ymca","AUSPICE":"Non Profit Agency","ADDRESS":"25 SEMINOLE AVE","PCODE":"M1J 1M8","ward":21,"PHONE":"(416) 296-9907","bldg_type":"Public Elementary School","BLDGNAME":"Knob Hill Public School","IGSPACE":0,"TGSPACE":0,"PGSPACE":0,"KGSPACE":13,"SGSPACE":30,"TOTSPACE":43,"subsidy":"Y","run_date":"28JUL26","cwelcc_flag":"Y"}},{"type":"Feature","id":301,"geometry":{"type":"MultiPoint","coordinates":[[-79.260121986999934,43.745712249000064]]},"properties":{"OBJECTID":301,"_id":301,"LOC_ID":1952,"LOC_NAME":"Hunter's Glen School Age Ymca","AUSPICE":"Non Profit Agency","ADDRESS":"16 HAILEYBURY DR","PCODE":"M1K 4X5","ward":21,"PHONE":"(416) 261-9092","bldg_type":"Public Elementary School","BLDGNAME":"Hunter's Glen Junior Public School","IGSPACE":0,"TGSPACE":0,"PGSPACE":0,"KGSPACE":13,"SGSPACE":30,"TOTSPACE":43,"subsidy":"Y","run_date":"28JUL26","cwelcc_flag":"Y"}},{"type":"Feature","id":302,"geometry":{"type":"MultiPoint","coordinates":[[-79.274092871999983,43.811708503000034]]},"properties":{"OBJECTID":302,"_id":302,"LOC_ID":1956,"LOC_NAME":"Brimwood School Age Ymca","AUSPICE":"Non Profit Agency","ADDRESS":"151 BRIMWOOD BLVD","PCODE":"M1V 1E5","ward":23,"PHONE":"(416) 293-7326","bldg_type":"Public Elementary School","BLDGNAME":"Brimwood  Blvd. Jr. Public School","IGSPACE":0,"TGSPACE":0,"PGSPACE":0,"KGSPACE":26,"SGSPACE":30,"TOTSPACE":56,"subsidy":"Y","run_date":"28JUL26","cwelcc_flag":"Y"}},{"type":"Feature","id":303,"geometry":{"type":"MultiPoint","coordinates":[[-79.299760620999962,43.701048900000046]]},"properties":{"OBJECTID":303,"_id":303,"LOC_ID":1958,"LOC_NAME":"George Webster Jr Ymca","AUSPICE":"Non Profit Agency","ADDRESS":"50 CHAPMAN AVE","PCODE":"M4B 1C5","ward":19,"PHONE":"(416) 288-0997","bldg_type":"Public Elementary School","BLDGNAME":"George Webster Public School","IGSPACE":10,"TGSPACE":15,"PGSPACE":24,"KGSPACE":39,"SGSPACE":45,"TOTSPACE":133,"subsidy":"Y","run_date":"28JUL26","cwelcc_flag":"Y"}},{"type":"Feature","id":304,"geometry":{"type":"MultiPoint","coordinates":[[-79.44611770399996,43.773882768000078]]},"properties":{"OBJECTID":304,"_id":304,"LOC_ID":3495,"LOC_NAME":"Northview Heights Early Learning Centre - North York","AUSPICE":"Non Profit Agency","ADDRESS":"550 FINCH AVE W","PCODE":"M2R 1N6","ward":6,"PHONE":"(416) 739-0987","bldg_type":"Public High School","BLDGNAME":"Northview Heights Secondary School","IGSPACE":6,"TGSPACE":15,"PGSPACE":8,"KGSPACE":0,"SGSPACE":0,"TOTSPACE":29,"subsidy":"Y","run_date":"28JUL26","cwelcc_flag":"Y"}},{"type":"Feature","id":305,"geometry":{"type":"MultiPoint","coordinates":[[-79.254374517999963,43.774606633000076]]},"properties":{"OBJECTID":305,"_id":305,"LOC_ID":3497,"LOC_NAME":"Scarborough Jr Ymca","AUSPICE":"Non Profit Agency","ADDRESS":"230 TOWN CENTRE CRT","PCODE":"M1P 4Y7","ward":21,"PHONE":"(416) 296-9907","bldg_type":"Community/Recreation Centre","BLDGNAME":"Scarborough Ymca","IGSPACE":20,"TGSPACE":30,"PGSPACE":40,"KGSPACE":0,"SGSPACE":0,"TOTSPACE":90,"subsidy":"Y","run_date":"28JUL26","cwelcc_flag":"Y"}},{"type":"Feature","id":306,"geometry":{"type":"MultiPoint","coordinates":[[-79.349609375999989,43.73996105100008]]},"properties":{"OBJECTID":306,"_id":306,"LOC_ID":3499,"LOC_NAME":"Blue Wave Child Care Centre","AUSPICE":"Non Profit Agency","ADDRESS":"50 DUNCAIRN RD","PCODE":"M3B 1C8","ward":16,"PHONE":"(416) 445-0602","bldg_type":"Public Elementary School","BLDGNAME":"Norman Ingram Public School","IGSPACE":10,"TGSPACE":20,"PGSPACE":24,"KGSPACE":52,"SGSPACE":0,"TOTSPACE":106,"subsidy":"Y","run_date":"28JUL26","cwelcc_flag":"Y"}},{"type":"Feature","id":307,"geometry":{"type":"MultiPoint","coordinates":[[-79.179270026999973,43.793187917000068]]},"properties":{"OBJECTID":307,"_id":307,"LOC_ID":3507,"LOC_NAME":"Morrish Jr Ymca","AUSPICE":"Non Profit Agency","ADDRESS":"61 CANMORE BLVD","PCODE":"M1C 3T7","ward":25,"PHONE":"(416) 724-1925","bldg_type":"Public Elementary School","BLDGNAME":"Morrish Public School","IGSPACE":0,"TGSPACE":10,"PGSPACE":16,"KGSPACE":13,"SGSPACE":30,"TOTSPACE":69,"subsidy":"Y","run_date":"28JUL26","cwelcc_flag":"Y"}},{"type":"Feature","id":308,"geometry":{"type":"MultiPoint","coordinates":[[-79.54108144099996,43.64652082200007]]},"properties":{"OBJECTID":308,"_id":308,"LOC_ID":3513,"LOC_NAME":"Our Lady Of Peace School Age Program (Ymca)","AUSPICE":"Non Profit Agency","ADDRESS":"70 MATTICE AVE","PCODE":"M9B 1T6","ward":2,"PHONE":"(647) 281-4410","bldg_type":"Catholic Elementary School","BLDGNAME":"Our Lady Of Peace Catholic School","IGSPACE":0,"TGSPACE":0,"PGSPACE":0,"KGSPACE":52,"SGSPACE":75,"TOTSPACE":127,"subsidy":"Y","run_date":"28JUL26","cwelcc_flag":"Y"}},{"type":"Feature","id":309,"geometry":{"type":"MultiPoint","coordinates":[[-79.518557439999938,43.597345678000067]]},"properties":{"OBJECTID":309,"_id":309,"LOC_ID":3537,"LOC_NAME":"Marguerite Butt Early Learning & Child Care Centre","AUSPICE":"Public (City Operated) Agency","ADDRESS":"3197 LAKE SHORE BLVD W","PCODE":"M8V 3X5","ward":3,"PHONE":"(416) 392-4652","bldg_type":"Other","BLDGNAME":"Lakeshore Lodge Home For The Aged","IGSPACE":10,"TGSPACE":20,"PGSPACE":32,"KGSPACE":0,"SGSPACE":0,"TOTSPACE":62,"subsidy":"Y","run_date":"28JUL26","cwelcc_flag":"Y"}},{"type":"Feature","id":310,"geometry":{"type":"MultiPoint","coordinates":[[-79.209368907999988,43.79692540800005]]},"properties":{"OBJECTID":310,"_id":310,"LOC_ID":3550,"LOC_NAME":"Lucy Maud Montgomery Jr Ymca","AUSPICE":"Non Profit Agency","ADDRESS":"95 MURISON BLVD","PCODE":"M1B 2L6","ward":25,"PHONE":"(416) 287-7925","bldg_type":"Public Elementary School","BLDGNAME":"Lucy Maud Montgomery Public School","IGSPACE":10,"TGSPACE":10,"PGSPACE":16,"KGSPACE":13,"SGSPACE":30,"TOTSPACE":79,"subsidy":"Y","run_date":"28JUL26","cwelcc_flag":"Y"}},{"type":"Feature","id":311,"geometry":{"type":"MultiPoint","coordinates":[[-79.349609375999989,43.73996105100008]]},"properties":{"OBJECTID":311,"_id":311,"LOC_ID":3551,"LOC_NAME":"Norman Ingram School Age Ymca","AUSPICE":"Non Profit Agency","ADDRESS":"50 DUNCAIRN RD","PCODE":"M3B 1C8","ward":16,"PHONE":"(416) 293-3020","bldg_type":"Public Elementary School","BLDGNAME":"Norman Ingram Public School","IGSPACE":0,"TGSPACE":0,"PGSPACE":0,"KGSPACE":0,"SGSPACE":30,"TOTSPACE":30,"subsidy":"Y","run_date":"28JUL26","cwelcc_flag":"N"}},{"type":"Feature","id":312,"geometry":{"type":"MultiPoint","coordinates":[[-79.388931495999941,43.646153794000043]]},"properties":{"OBJECTID":312,"_id":312,"LOC_ID":3596,"LOC_NAME":"Metro Hall Early Learning & Child Care Centre","AUSPICE":"Public (City Operated) Agency","ADDRESS":"55 JOHN ST","PCODE":"M5V 3C6","ward":10,"PHONE":"(416) 397-5171","bldg_type":"Office Building","BLDGNAME":"Metro Hall","IGSPACE":10,"TGSPACE":20,"PGSPACE":32,"KGSPACE":0,"SGSPACE":0,"TOTSPACE":62,"subsidy":"Y","run_date":"28JUL26","cwelcc_flag":"Y"}},{"type":"Feature","id":313,"geometry":{"type":"MultiPoint","coordinates":[[-79.381686022999986,43.677655730000026]]},"properties":{"OBJECTID":313,"_id":313,"LOC_ID":3629,"LOC_NAME":"The South Drive Children's Circle","AUSPICE":"Non Profit Agency","ADDRESS":"22 SOUTH DR","PCODE":"M4W 1R1","ward":11,"PHONE":"(416) 963-9242","bldg_type":"Public Elementary School","BLDGNAME":"Rosedale Public School","IGSPACE":0,"TGSPACE":0,"PGSPACE":22,"KGSPACE":52,"SGSPACE":52,"TOTSPACE":126,"subsidy":"Y","run_date":"28JUL26","cwelcc_flag":"Y"}},{"type":"Feature","id":314,"geometry":{"type":"MultiPoint","coordinates":[[-79.378775852999979,43.646519070000068]]},"properties":{"OBJECTID":314,"_id":314,"LOC_ID":3670,"LOC_NAME":"Mothercraft  Brookfield Place - 161 Bay Street","AUSPICE":"Non Profit Agency","ADDRESS":"161 BAY ST","PCODE":"M5J 2S1","ward":13,"PHONE":"(416) 367-1758","bldg_type":"Other","BLDGNAME":"Brookfield Place","IGSPACE":10,"TGSPACE":10,"PGSPACE":32,"KGSPACE":0,"SGSPACE":0,"TOTSPACE":52,"subsidy":"Y","run_date":"28JUL26","cwelcc_flag":"Y"}},{"type":"Feature","id":315,"geometry":{"type":"MultiPoint","coordinates":[[-79.443178334999971,43.771592918000067]]},"properties":{"OBJECTID":315,"_id":315,"LOC_ID":3701,"LOC_NAME":"Branson Pre-School Ltd.","AUSPICE":"Commercial Agency","ADDRESS":"4866 BATHURST ST","PCODE":"M2R 1X4","ward":6,"PHONE":"(416) 635-6580","bldg_type":"High Rise Apartment","BLDGNAME":null,"IGSPACE":0,"TGSPACE":10,"PGSPACE":32,"KGSPACE":0,"SGSPACE":0,"TOTSPACE":42,"subsidy":"Y","run_date":"28JUL26","cwelcc_flag":"Y"}},{"type":"Feature","id":316,"geometry":{"type":"MultiPoint","coordinates":[[-79.565452784999934,43.643772026000079]]},"properties":{"OBJECTID":316,"_id":316,"LOC_ID":3709,"LOC_NAME":"The Alderbuds Child Care Centre Of Etobicoke","AUSPICE":"Non Profit Agency","ADDRESS":"399 THE WEST MALL","PCODE":"M9C 2Y2","ward":2,"PHONE":"(416) 394-8284","bldg_type":"Office Building","BLDGNAME":"Etobicoke City Hall","IGSPACE":10,"TGSPACE":15,"PGSPACE":24,"KGSPACE":0,"SGSPACE":0,"TOTSPACE":49,"subsidy":"Y","run_date":"28JUL26","cwelcc_flag":"Y"}},{"type":"Feature","id":317,"geometry":{"type":"MultiPoint","coordinates":[[-79.41279098199999,43.709444234000046]]},"properties":{"OBJECTID":317,"_id":317,"LOC_ID":3712,"LOC_NAME":"Allenby Day Care","AUSPICE":"Non Profit Agency","ADDRESS":"391 ST CLEMENTS AVE","PCODE":"M5N 1M2","ward":8,"PHONE":"(416) 487-7108","bldg_type":"Public Elementary School","BLDGNAME":"Allenby Public School","IGSPACE":0,"TGSPACE":15,"PGSPACE":16,"KGSPACE":78,"SGSPACE":150,"TOTSPACE":259,"subsidy":"Y","run_date":"28JUL26","cwelcc_flag":"Y"}},{"type":"Feature","id":318,"geometry":{"type":"MultiPoint","coordinates":[[-79.409693274999938,43.702571551000062]]},"properties":{"OBJECTID":318,"_id":318,"LOC_ID":3733,"LOC_NAME":"Treetop Children's Centre","AUSPICE":"Non Profit Agency","ADDRESS":"80 BRAEMAR AVE","PCODE":"M5P 2L4","ward":12,"PHONE":"(416) 484-8702","bldg_type":"Public Elementary School","BLDGNAME":"Oriole Park Junior School","IGSPACE":0,"TGSPACE":0,"PGSPACE":43,"KGSPACE":52,"SGSPACE":60,"TOTSPACE":155,"subsidy":"Y","run_date":"28JUL26","cwelcc_flag":"Y"}},{"type":"Feature","id":319,"geometry":{"type":"MultiPoint","coordinates":[[-79.412056690999975,43.728868637000062]]},"properties":{"OBJECTID":319,"_id":319,"LOC_ID":3736,"LOC_NAME":"John Wanless Child Care","AUSPICE":"Non Profit Agency","ADDRESS":"245 FAIRLAWN AVE","PCODE":"M5M 1T2","ward":8,"PHONE":"(416) 488-8571","bldg_type":"Public Elementary School","BLDGNAME":"John Wanless Junior Public School","IGSPACE":0,"TGSPACE":0,"PGSPACE":0,"KGSPACE":78,"SGSPACE":163,"TOTSPACE":241,"subsidy":"Y","run_date":"28JUL26","cwelcc_flag":"Y"}},{"type":"Feature","id":320,"geometry":{"type":"MultiPoint","coordinates":[[-79.401312276999988,43.684912914000051]]},"properties":{"OBJECTID":320,"_id":320,"LOC_ID":3767,"LOC_NAME":"Unicorn Day Care Centre Toronto","AUSPICE":"Non Profit Agency","ADDRESS":"454 AVENUE RD","PCODE":"M4V 2J1","ward":12,"PHONE":"(416) 929-6841","bldg_type":"Public Elementary School","BLDGNAME":"Brown Junior Public School","IGSPACE":0,"TGSPACE":0,"PGSPACE":0,"KGSPACE":65,"SGSPACE":105,"TOTSPACE":170,"subsidy":"Y","run_date":"28JUL26","cwelcc_flag":"Y"}},{"type":"Feature","id":321,"geometry":{"type":"MultiPoint","coordinates":[[-79.300262339999961,43.79441990600003]]},"properties":{"OBJECTID":321,"_id":321,"LOC_ID":3774,"LOC_NAME":"Timothy Eaton Infant & Toddler Centre","AUSPICE":"Non Profit Agency","ADDRESS":"35 GLENDOWER CIRCT","PCODE":"M1T 2Z3","ward":22,"PHONE":"(416) 490-0434","bldg_type":"Public Elementary School","BLDGNAME":"Highland Heights Jr. Public School","IGSPACE":10,"TGSPACE":10,"PGSPACE":0,"KGSPACE":0,"SGSPACE":0,"TOTSPACE":20,"subsidy":"Y","run_date":"28JUL26","cwelcc_flag":"Y"}},{"type":"Feature","id":322,"geometry":{"type":"MultiPoint","coordinates":[[-79.356320185999948,43.686573868000039]]},"properties":{"OBJECTID":322,"_id":322,"LOC_ID":3792,"LOC_NAME":"Abiona Centre For Infant And Early Mental Health Elc Broadview Campus","AUSPICE":"Non Profit Agency","ADDRESS":"1102 BROADVIEW AVE","PCODE":"M4K 2S5","ward":14,"PHONE":"(437) 328-2816","bldg_type":"Purpose Built","BLDGNAME":"Massey Centre For Women","IGSPACE":10,"TGSPACE":20,"PGSPACE":32,"KGSPACE":0,"SGSPACE":0,"TOTSPACE":62,"subsidy":"Y","run_date":"28JUL26","cwelcc_flag":"Y"}},{"type":"Feature","id":323,"geometry":{"type":"MultiPoint","coordinates":[[-79.598650623999958,43.731726260000073]]},"properties":{"OBJECTID":323,"_id":323,"LOC_ID":3795,"LOC_NAME":"North Etobicoke Jr Ymca","AUSPICE":"Non Profit Agency","ADDRESS":"88 HUMBER COLLEGE BLVD","PCODE":"M9V 5G3","ward":1,"PHONE":"(416) 744-4265","bldg_type":"Low Rise Apartment","BLDGNAME":null,"IGSPACE":20,"TGSPACE":20,"PGSPACE":32,"KGSPACE":0,"SGSPACE":0,"TOTSPACE":72,"subsidy":"Y","run_date":"28JUL26","cwelcc_flag":"Y"}},{"type":"Feature","id":324,"geometry":{"type":"MultiPoint","coordinates":[[-79.277411308999945,43.729329202000031]]},"properties":{"OBJECTID":324,"_id":324,"LOC_ID":3810,"LOC_NAME":"Isabella Walton Child Care (Scarborough) Inc.","AUSPICE":"Non Profit Agency","ADDRESS":"835 BIRCHMOUNT RD","PCODE":"M1K 5K1","ward":20,"PHONE":"(416) 750-4598","bldg_type":"High Rise Apartment","BLDGNAME":null,"IGSPACE":10,"TGSPACE":10,"PGSPACE":32,"KGSPACE":0,"SGSPACE":0,"TOTSPACE":52,"subsidy":"Y","run_date":"28JUL26","cwelcc_flag":"Y"}},{"type":"Feature","id":325,"geometry":{"type":"MultiPoint","coordinates":[[-79.435320696999952,43.636509494000052]]},"properties":{"OBJECTID":325,"_id":325,"LOC_ID":3829,"LOC_NAME":"Queen Victoria Child Care Centre","AUSPICE":"Non Profit Agency","ADDRESS":"100 CLOSE AVE","PCODE":"M6K 2V3","ward":4,"PHONE":"(416) 530-0683","bldg_type":"Public Elementary School","BLDGNAME":"Dr Rita Cox - Kina Minogok Public School","IGSPACE":0,"TGSPACE":15,"PGSPACE":24,"KGSPACE":52,"SGSPACE":60,"TOTSPACE":151,"subsidy":"Y","run_date":"28JUL26","cwelcc_flag":"Y"}},{"type":"Feature","id":326,"geometry":{"type":"MultiPoint","coordinates":[[-79.203463481999961,43.815724368000076]]},"properties":{"OBJECTID":326,"_id":326,"LOC_ID":3875,"LOC_NAME":"Fleming Junior Ymca","AUSPICE":"Non Profit Agency","ADDRESS":"22 LITTLES RD","PCODE":"M1B 5B5","ward":25,"PHONE":"(416) 287-8534","bldg_type":"Public Elementary School","BLDGNAME":"Fleming Public School","IGSPACE":0,"TGSPACE":10,"PGSPACE":16,"KGSPACE":13,"SGSPACE":30,"TOTSPACE":69,"subsidy":"Y","run_date":"28JUL26","cwelcc_flag":"Y"}},{"type":"Feature","id":327,"geometry":{"type":"MultiPoint","coordinates":[[-79.454992254999979,43.711862297000039]]},"properties":{"OBJECTID":327,"_id":327,"LOC_ID":3880,"LOC_NAME":"Casa Del Zotto Children's Centre","AUSPICE":"Non Profit Agency","ADDRESS":"3010 DUFFERIN ST","PCODE":"M6B 4J5","ward":8,"PHONE":"(416) 819-2186","bldg_type":"High Rise Apartment","BLDGNAME":"Casa Del Zotto","IGSPACE":0,"TGSPACE":30,"PGSPACE":48,"KGSPACE":0,"SGSPACE":0,"TOTSPACE":78,"subsidy":"Y","run_date":"28JUL26","cwelcc_flag":"Y"}},{"type":"Feature","id":328,"geometry":{"type":"MultiPoint","coordinates":[[-79.381473109999945,43.654478057000063]]},"properties":{"OBJECTID":328,"_id":328,"LOC_ID":3884,"LOC_NAME":"Mothercraft  Toronto Eaton Centre","AUSPICE":"Non Profit Agency","ADDRESS":"14 TRINITY SQ","PCODE":"M5G 1B1","ward":13,"PHONE":"(416) 340-9651","bldg_type":"Other","BLDGNAME":"Marriott Hotel","IGSPACE":10,"TGSPACE":10,"PGSPACE":32,"KGSPACE":0,"SGSPACE":0,"TOTSPACE":52,"subsidy":"Y","run_date":"28JUL26","cwelcc_flag":"Y"}},{"type":"Feature","id":329,"geometry":{"type":"MultiPoint","coordinates":[[-79.523320849999948,43.77355495200004]]},"properties":{"OBJECTID":329,"_id":329,"LOC_ID":3893,"LOC_NAME":"Antica Village Children's Day Care Centre (646508 Ontario Ltd)","AUSPICE":"Commercial Agency","ADDRESS":"360 HULLMAR DR","PCODE":"M3N 2X7","ward":7,"PHONE":"(416) 661-8666","bldg_type":"Community/Recreation Centre","BLDGNAME":"Antica Recreation Centre","IGSPACE":0,"TGSPACE":0,"PGSPACE":16,"KGSPACE":0,"SGSPACE":15,"TOTSPACE":31,"subsidy":"Y","run_date":"28JUL26","cwelcc_flag":"Y"}},{"type":"Feature","id":330,"geometry":{"type":"MultiPoint","coordinates":[[-79.222071790999962,43.744119359000081]]},"properties":{"OBJECTID":330,"_id":330,"LOC_ID":3942,"LOC_NAME":"N.Y.A.D Scarborough Village","AUSPICE":"Non Profit Agency","ADDRESS":"15 LUELLA ST","PCODE":"M1J 3P2","ward":24,"PHONE":"(416) 261-4815","bldg_type":"Public Elementary School","BLDGNAME":"Scarborough Village Public School","IGSPACE":0,"TGSPACE":0,"PGSPACE":16,"KGSPACE":13,"SGSPACE":15,"TOTSPACE":44,"subsidy":"Y","run_date":"28JUL26","cwelcc_flag":"Y"}},{"type":"Feature","id":331,"geometry":{"type":"MultiPoint","coordinates":[[-79.586971573999961,43.644189384000072]]},"properties":{"OBJECTID":331,"_id":331,"LOC_ID":3952,"LOC_NAME":"Mill Valley Child Care (B.F. Toronto Centre)","AUSPICE":"Commercial Agency","ADDRESS":"411 MILL RD","PCODE":"M9C 1Y9","ward":2,"PHONE":"(416) 621-7553x10","bldg_type":"Public Elementary School","BLDGNAME":"Mill Valley","IGSPACE":0,"TGSPACE":0,"PGSPACE":32,"KGSPACE":26,"SGSPACE":45,"TOTSPACE":103,"subsidy":"Y","run_date":"28JUL26","cwelcc_flag":"Y"}},{"type":"Feature","id":332,"geometry":{"type":"MultiPoint","coordinates":[[-79.477042750999942,43.643679286000065]]},"properties":{"OBJECTID":332,"_id":332,"LOC_ID":3957,"LOC_NAME":"Swansea Kids Place","AUSPICE":"Non Profit Agency","ADDRESS":"207 WINDERMERE AVE","PCODE":"M6S 3J9","ward":4,"PHONE":"(416) 763-1908","bldg_type":"Public Elementary School","BLDGNAME":"Swansea Public School","IGSPACE":0,"TGSPACE":0,"PGSPACE":0,"KGSPACE":78,"SGSPACE":180,"TOTSPACE":258,"subsidy":"Y","run_date":"28JUL26","cwelcc_flag":"Y"}},{"type":"Feature","id":333,"geometry":{"type":"MultiPoint","coordinates":[[-79.433403398999985,43.636975893000056]]},"properties":{"OBJECTID":333,"_id":333,"LOC_ID":3959,"LOC_NAME":"Sunflower House","AUSPICE":"Non Profit Agency","ADDRESS":"162 DUNN AVE","PCODE":"M6K 2R6","ward":4,"PHONE":"(416) 530-0884","bldg_type":"House","BLDGNAME":null,"IGSPACE":10,"TGSPACE":10,"PGSPACE":24,"KGSPACE":0,"SGSPACE":0,"TOTSPACE":44,"subsidy":"Y","run_date":"28JUL26","cwelcc_flag":"Y"}},{"type":"Feature","id":334,"geometry":{"type":"MultiPoint","coordinates":[[-79.506088061999947,43.635957704000077]]},"properties":{"OBJECTID":334,"_id":334,"LOC_ID":3963,"LOC_NAME":"Le Petit Chaperon Rouge - Etobicoke (Facility #12270)","AUSPICE":"Non Profit Agency","ADDRESS":"755 ROYAL YORK RD","PCODE":"M8Y 2T3","ward":3,"PHONE":"(416) 236-4557","bldg_type":"Catholic Elementary (French)","BLDGNAME":"Ecole Sainte Marguerite D'Youville","IGSPACE":0,"TGSPACE":15,"PGSPACE":20,"KGSPACE":49,"SGSPACE":75,"TOTSPACE":159,"subsidy":"Y","run_date":"28JUL26","cwelcc_flag":"Y"}},{"type":"Feature","id":335,"geometry":{"type":"MultiPoint","coordinates":[[-79.556284460999962,43.646748767000076]]},"properties":{"OBJECTID":335,"_id":335,"LOC_ID":3967,"LOC_NAME":"Lady Bug Daycare Centre","AUSPICE":"Commercial Agency","ADDRESS":"400 BURNHAMTHORPE RD","PCODE":"M9B 2A8","ward":2,"PHONE":"(416) 626-1251","bldg_type":"Place of Worship","BLDGNAME":"St. James United Church","IGSPACE":0,"TGSPACE":0,"PGSPACE":48,"KGSPACE":0,"SGSPACE":0,"TOTSPACE":48,"subsidy":"N","run_date":"28JUL26","cwelcc_flag":"N"}},{"type":"Feature","id":336,"geometry":{"type":"MultiPoint","coordinates":[[-79.409729084999981,43.689506947000041]]},"properties":{"OBJECTID":336,"_id":336,"LOC_ID":3970,"LOC_NAME":"Grace Church On-The-Hill Child Care Centre","AUSPICE":"Non Profit Agency","ADDRESS":"300 LONSDALE RD","PCODE":"M4V 1X4","ward":12,"PHONE":"(416) 932-3502","bldg_type":"Place of Worship","BLDGNAME":"Grace Church On-The-Hill","IGSPACE":20,"TGSPACE":42,"PGSPACE":30,"KGSPACE":0,"SGSPACE":0,"TOTSPACE":92,"subsidy":"Y","run_date":"28JUL26","cwelcc_flag":"Y"}},{"type":"Feature","id":337,"geometry":{"type":"MultiPoint","coordinates":[[-79.426218068999958,43.662624052000069]]},"properties":{"OBJECTID":337,"_id":337,"LOC_ID":3972,"LOC_NAME":"Network Child Care Services - Ossington Avenue North","AUSPICE":"Non Profit Agency","ADDRESS":"756 OSSINGTON AVE","PCODE":"M6G 3T9","ward":9,"PHONE":"(416) 530-0722x4028","bldg_type":"Other","BLDGNAME":"Italian Congress Building","IGSPACE":10,"TGSPACE":15,"PGSPACE":24,"KGSPACE":0,"SGSPACE":0,"TOTSPACE":49,"subsidy":"Y","run_date":"28JUL26","cwelcc_flag":"Y"}},{"type":"Feature","id":338,"geometry":{"type":"MultiPoint","coordinates":[[-79.518967036999982,43.648219364000056]]},"properties":{"OBJECTID":338,"_id":338,"LOC_ID":3992,"LOC_NAME":"Our Lady Of Sorrows School Age Ymca","AUSPICE":"Non Profit Agency","ADDRESS":"32 MONTGOMERY RD","PCODE":"M8X 1Z4","ward":3,"PHONE":"(416) 305-6633","bldg_type":"Catholic Elementary School","BLDGNAME":"Our Lady Of Sorrows Catholic School","IGSPACE":0,"TGSPACE":0,"PGSPACE":0,"KGSPACE":26,"SGSPACE":135,"TOTSPACE":161,"subsidy":"Y","run_date":"28JUL26","cwelcc_flag":"Y"}},{"type":"Feature","id":339,"geometry":{"type":"MultiPoint","coordinates":[[-79.338051586999939,43.785819708000076]]},"properties":{"OBJECTID":339,"_id":339,"LOC_ID":4012,"LOC_NAME":"Kateri Kids Child Care Centre","AUSPICE":"Non Profit Agency","ADDRESS":"70 MARGARET AVE","PCODE":"M2J 4C5","ward":17,"PHONE":"(416) 496-2965","bldg_type":"Catholic Elementary School","BLDGNAME":"Blessed Kateri Tekakwitha Separate School","IGSPACE":0,"TGSPACE":0,"PGSPACE":16,"KGSPACE":0,"SGSPACE":30,"TOTSPACE":46,"subsidy":"Y","run_date":"28JUL26","cwelcc_flag":"Y"}},{"type":"Feature","id":340,"geometry":{"type":"MultiPoint","coordinates":[[-79.362182609999934,43.62652068400007]]},"properties":{"OBJECTID":340,"_id":340,"LOC_ID":4028,"LOC_NAME":"Waterfront Montessori Childrens Centre","AUSPICE":"Non Profit Agency","ADDRESS":"18 WYANDOT AVE","PCODE":"M5J 2M9","ward":10,"PHONE":"(416) 203-1017","bldg_type":"Community/Recreation Centre","BLDGNAME":"Algonquin Island Residents Association","IGSPACE":0,"TGSPACE":0,"PGSPACE":24,"KGSPACE":0,"SGSPACE":0,"TOTSPACE":24,"subsidy":"Y","run_date":"28JUL26","cwelcc_flag":"Y"}},{"type":"Feature","id":341,"geometry":{"type":"MultiPoint","coordinates":[[-79.303940069999953,43.815753423000046]]},"properties":{"OBJECTID":341,"_id":341,"LOC_ID":4044,"LOC_NAME":"Mary Ward Child Care Centre","AUSPICE":"Non Profit Agency","ADDRESS":"3200 KENNEDY RD","PCODE":"M1V 3S8","ward":22,"PHONE":"(416) 297-9660","bldg_type":"Catholic High School","BLDGNAME":"Mary Ward Separate School","IGSPACE":10,"TGSPACE":15,"PGSPACE":24,"KGSPACE":0,"SGSPACE":0,"TOTSPACE":49,"subsidy":"Y","run_date":"28JUL26","cwelcc_flag":"Y"}},{"type":"Feature","id":342,"geometry":{"type":"MultiPoint","coordinates":[[-79.151287387999957,43.799386255000059]]},"properties":{"OBJECTID":342,"_id":342,"LOC_ID":4049,"LOC_NAME":"Rouge Valley Jr Ymca","AUSPICE":"Non Profit Agency","ADDRESS":"30 DURNFORD RD","PCODE":"M1B 4X3","ward":25,"PHONE":"(416) 282-7253","bldg_type":"Public Elementary School","BLDGNAME":"Rouge Valley Public School","IGSPACE":0,"TGSPACE":10,"PGSPACE":16,"KGSPACE":26,"SGSPACE":30,"TOTSPACE":82,"subsidy":"Y","run_date":"28JUL26","cwelcc_flag":"Y"}},{"type":"Feature","id":343,"geometry":{"type":"MultiPoint","coordinates":[[-79.206547701999966,43.81797890200005]]},"properties":{"OBJECTID":343,"_id":343,"LOC_ID":4074,"LOC_NAME":"St. Bede Child Care Centre","AUSPICE":"Non Profit Agency","ADDRESS":"521 SEWELLS RD","PCODE":"M1B 5H3","ward":25,"PHONE":"(416) 724-7132","bldg_type":"Catholic Elementary School","BLDGNAME":"St. Bede's Separate School","IGSPACE":0,"TGSPACE":0,"PGSPACE":24,"KGSPACE":0,"SGSPACE":15,"TOTSPACE":39,"subsidy":"Y","run_date":"28JUL26","cwelcc_flag":"Y"}},{"type":"Feature","id":344,"geometry":{"type":"MultiPoint","coordinates":[[-79.378397268999947,43.687160338000069]]},"properties":{"OBJECTID":344,"_id":344,"LOC_ID":4110,"LOC_NAME":"Whitney Child Centre","AUSPICE":"Non Profit Agency","ADDRESS":"119 ROSEDALE HEIGHTS DR","PCODE":"M4T 1C7","ward":11,"PHONE":"(416) 481-0221","bldg_type":"Public Elementary School","BLDGNAME":"Whitney Public School","IGSPACE":0,"TGSPACE":15,"PGSPACE":48,"KGSPACE":52,"SGSPACE":82,"TOTSPACE":197,"subsidy":"Y","run_date":"28JUL26","cwelcc_flag":"Y"}},{"type":"Feature","id":345,"geometry":{"type":"MultiPoint","coordinates":[[-79.427039426999954,43.770762201000025]]},"properties":{"OBJECTID":345,"_id":345,"LOC_ID":4115,"LOC_NAME":"Churchill Chums School Age Child Care Centre","AUSPICE":"Non Profit Agency","ADDRESS":"188 CHURCHILL AVE","PCODE":"M2N 1Z5","ward":18,"PHONE":"(416) 221-5923","bldg_type":"Public Elementary School","BLDGNAME":"Churchill Public School","IGSPACE":10,"TGSPACE":20,"PGSPACE":32,"KGSPACE":52,"SGSPACE":75,"TOTSPACE":189,"subsidy":"Y","run_date":"28JUL26","cwelcc_flag":"Y"}},{"type":"Feature","id":346,"geometry":{"type":"MultiPoint","coordinates":[[-79.391556382999966,43.689651945000037]]},"properties":{"OBJECTID":346,"_id":346,"LOC_ID":4144,"LOC_NAME":"Heath And Ferndale Child Care Program","AUSPICE":"Non Profit Agency","ADDRESS":"23 FERNDALE AVE","PCODE":"M4T 2B4","ward":12,"PHONE":"(416) 961-9678","bldg_type":"Public Elementary School","BLDGNAME":"Deer Park Junior And Senior Public School","IGSPACE":0,"TGSPACE":15,"PGSPACE":48,"KGSPACE":78,"SGSPACE":120,"TOTSPACE":261,"subsidy":"Y","run_date":"28JUL26","cwelcc_flag":"Y"}},{"type":"Feature","id":347,"geometry":{"type":"MultiPoint","coordinates":[[-79.364230963999944,43.745848092000074]]},"properties":{"OBJECTID":347,"_id":347,"LOC_ID":4176,"LOC_NAME":"Denlow Community Child Care Centre - North York","AUSPICE":"Non Profit Agency","ADDRESS":"50 DENLOW BLVD","PCODE":"M3B 1P7","ward":15,"PHONE":"(416) 443-9394","bldg_type":"Public Elementary School","BLDGNAME":"Denlow Public School","IGSPACE":0,"TGSPACE":0,"PGSPACE":20,"KGSPACE":13,"SGSPACE":30,"TOTSPACE":63,"subsidy":"Y","run_date":"28JUL26","cwelcc_flag":"Y"}},{"type":"Feature","id":348,"geometry":{"type":"MultiPoint","coordinates":[[-79.506177454999943,43.688569188000031]]},"properties":{"OBJECTID":348,"_id":348,"LOC_ID":4186,"LOC_NAME":"York Humber Child Care","AUSPICE":"Non Profit Agency","ADDRESS":"100 EMMETT AVE","PCODE":"M6M 2E6","ward":5,"PHONE":"(416) 241-5534","bldg_type":"Public High School","BLDGNAME":"York Humber High School","IGSPACE":10,"TGSPACE":15,"PGSPACE":16,"KGSPACE":0,"SGSPACE":0,"TOTSPACE":41,"subsidy":"Y","run_date":"28JUL26","cwelcc_flag":"Y"}},{"type":"Feature","id":349,"geometry":{"type":"MultiPoint","coordinates":[[-79.37035732399994,43.762459427000067]]},"properties":{"OBJECTID":349,"_id":349,"LOC_ID":4218,"LOC_NAME":"Dunlace Children's Centre","AUSPICE":"Non Profit Agency","ADDRESS":"20 DUNLACE DR","PCODE":"M2L 2S1","ward":15,"PHONE":"(416) 445-7976","bldg_type":"Public Elementary School","BLDGNAME":"Dunlace Public School","IGSPACE":0,"TGSPACE":0,"PGSPACE":24,"KGSPACE":26,"SGSPACE":56,"TOTSPACE":106,"subsidy":"Y","run_date":"28JUL26","cwelcc_flag":"Y"}},{"type":"Feature","id":350,"geometry":{"type":"MultiPoint","coordinates":[[-79.397672099999966,43.711717738000061]]},"properties":{"OBJECTID":350,"_id":350,"LOC_ID":4240,"LOC_NAME":"French Connection","AUSPICE":"Non Profit Agency","ADDRESS":"40 ERSKINE AVE","PCODE":"M4P 1Y2","ward":15,"PHONE":"(416) 485-1678","bldg_type":"Public Elementary School","BLDGNAME":"John Fisher Public School","IGSPACE":0,"TGSPACE":0,"PGSPACE":16,"KGSPACE":52,"SGSPACE":80,"TOTSPACE":148,"subsidy":"Y","run_date":"28JUL26","cwelcc_flag":"Y"}},{"type":"Feature","id":351,"geometry":{"type":"MultiPoint","coordinates":[[-79.289607863999947,43.824705849000054]]},"properties":{"OBJECTID":351,"_id":351,"LOC_ID":4258,"LOC_NAME":"Port Royal Jr Ymca","AUSPICE":"Non Profit Agency","ADDRESS":"410 PORT ROYAL TRAIL","PCODE":"M1V 4R1","ward":23,"PHONE":"(416) 298-8911","bldg_type":"Public Elementary School","BLDGNAME":"Port Royal Public School","IGSPACE":0,"TGSPACE":0,"PGSPACE":24,"KGSPACE":26,"SGSPACE":60,"TOTSPACE":110,"subsidy":"Y","run_date":"28JUL26","cwelcc_flag":"Y"}},{"type":"Feature","id":352,"geometry":{"type":"MultiPoint","coordinates":[[-79.498307485999987,43.667575981000027]]},"properties":{"OBJECTID":352,"_id":352,"LOC_ID":4263,"LOC_NAME":"Lambton Park Child Care Centre","AUSPICE":"Non Profit Agency","ADDRESS":"50 BERNICE CRES","PCODE":"M6N 1W9","ward":5,"PHONE":"(416) 762-5177","bldg_type":"Public Elementary School","BLDGNAME":"Lambton Park Community School","IGSPACE":0,"TGSPACE":0,"PGSPACE":16,"KGSPACE":26,"SGSPACE":30,"TOTSPACE":72,"subsidy":"Y","run_date":"28JUL26","cwelcc_flag":"Y"}},{"type":"Feature","id":353,"geometry":{"type":"MultiPoint","coordinates":[[-79.415029712999967,43.646426517000066]]},"properties":{"OBJECTID":353,"_id":353,"LOC_ID":4310,"LOC_NAME":"Trinity Bellwoods Community Children's Group/Care (Crawford Street)","AUSPICE":"Non Profit Agency","ADDRESS":"155 CRAWFORD ST","PCODE":"M6J 2V5","ward":10,"PHONE":"(416) 537-9021","bldg_type":"Community/Rec Centre - City","BLDGNAME":"Trinity Community Recreation Centre","IGSPACE":0,"TGSPACE":0,"PGSPACE":0,"KGSPACE":0,"SGSPACE":35,"TOTSPACE":35,"subsidy":"Y","run_date":"28JUL26","cwelcc_flag":"N"}},{"type":"Feature","id":354,"geometry":{"type":"MultiPoint","coordinates":[[-79.331933541999945,43.782453191000059]]},"properties":{"OBJECTID":354,"_id":354,"LOC_ID":4319,"LOC_NAME":"Brian's Petit Amis","AUSPICE":"Non Profit Agency","ADDRESS":"95 BRIAN DR","PCODE":"M2J 3Y6","ward":17,"PHONE":"(416) 491-1231","bldg_type":"Public Elementary School","BLDGNAME":"Brian Public School","IGSPACE":0,"TGSPACE":10,"PGSPACE":24,"KGSPACE":52,"SGSPACE":0,"TOTSPACE":86,"subsidy":"Y","run_date":"28JUL26","cwelcc_flag":"Y"}},{"type":"Feature","id":355,"geometry":{"type":"MultiPoint","coordinates":[[-79.392519439999944,43.749064782000062]]},"properties":{"OBJECTID":355,"_id":355,"LOC_ID":4323,"LOC_NAME":"Owen Community Learning Centre","AUSPICE":"Non Profit Agency","ADDRESS":"111 OWEN BLVD","PCODE":"M2P 1G6","ward":15,"PHONE":"(416) 730-8948","bldg_type":"Public Elementary School","BLDGNAME":"Owen Public School","IGSPACE":0,"TGSPACE":0,"PGSPACE":40,"KGSPACE":52,"SGSPACE":110,"TOTSPACE":202,"subsidy":"Y","run_date":"28JUL26","cwelcc_flag":"Y"}},{"type":"Feature","id":356,"geometry":{"type":"MultiPoint","coordinates":[[-79.580075284999964,43.66646576800008]]},"properties":{"OBJECTID":356,"_id":356,"LOC_ID":4372,"LOC_NAME":"Briarcrest Child Care","AUSPICE":"Non Profit Agency","ADDRESS":"60 WELLESWORTH DR","PCODE":"M9C 4R3","ward":2,"PHONE":"(416) 620-9914","bldg_type":"Public Elementary School","BLDGNAME":"Briarcrest Junior Public School","IGSPACE":0,"TGSPACE":10,"PGSPACE":24,"KGSPACE":26,"SGSPACE":30,"TOTSPACE":90,"subsidy":"Y","run_date":"28JUL26","cwelcc_flag":"Y"}},{"type":"Feature","id":357,"geometry":{"type":"MultiPoint","coordinates":[[-79.416627977999951,43.776953517000038]]},"properties":{"OBJECTID":357,"_id":357,"LOC_ID":4436,"LOC_NAME":"St. Cyril's Before & After School Programme","AUSPICE":"Non Profit Agency","ADDRESS":"18 KEMPFORD BLVD","PCODE":"M2N 2B9","ward":18,"PHONE":"(416) 222-0151","bldg_type":"Catholic Elementary School","BLDGNAME":"St. Cyril's Separate School","IGSPACE":0,"TGSPACE":0,"PGSPACE":0,"KGSPACE":0,"SGSPACE":70,"TOTSPACE":70,"subsidy":"Y","run_date":"28JUL26","cwelcc_flag":"Y"}},{"type":"Feature","id":358,"geometry":{"type":"MultiPoint","coordinates":[[-79.425631412999962,43.661611745000073]]},"properties":{"OBJECTID":358,"_id":358,"LOC_ID":4543,"LOC_NAME":"Network Child Care Services - Ossington Avenue South","AUSPICE":"Non Profit Agency","ADDRESS":"720 OSSINGTON AVE","PCODE":"M6G 3T7","ward":9,"PHONE":"(416) 530-0722x4032","bldg_type":"Place of Worship","BLDGNAME":"Ossington Avenue Baptist Church","IGSPACE":0,"TGSPACE":15,"PGSPACE":24,"KGSPACE":0,"SGSPACE":0,"TOTSPACE":39,"subsidy":"Y","run_date":"28JUL26","cwelcc_flag":"Y"}},{"type":"Feature","id":359,"geometry":{"type":"MultiPoint","coordinates":[[-79.369662891999951,43.714443660000029]]},"properties":{"OBJECTID":359,"_id":359,"LOC_ID":4545,"LOC_NAME":"Northlea Community Child Care","AUSPICE":"Non Profit Agency","ADDRESS":"305 RUMSEY RD","PCODE":"M4G 1R4","ward":15,"PHONE":"(416) 424-2890","bldg_type":"Public Elementary School","BLDGNAME":"Northlea Public School","IGSPACE":0,"TGSPACE":15,"PGSPACE":24,"KGSPACE":72,"SGSPACE":114,"TOTSPACE":225,"subsidy":"Y","run_date":"28JUL26","cwelcc_flag":"Y"}},{"type":"Feature","id":360,"geometry":{"type":"MultiPoint","coordinates":[[-79.262162923999938,43.726493710000057]]},"properties":{"OBJECTID":360,"_id":360,"LOC_ID":4547,"LOC_NAME":"N.Y.A.D. Corvette","AUSPICE":"Non Profit Agency","ADDRESS":"30 CORVETTE AVE","PCODE":"M1K 3G2","ward":20,"PHONE":"(416) 266-4990","bldg_type":"Public Elementary School","BLDGNAME":"Corvette Junior Public School","IGSPACE":10,"TGSPACE":15,"PGSPACE":16,"KGSPACE":52,"SGSPACE":80,"TOTSPACE":173,"subsidy":"Y","run_date":"28JUL26","cwelcc_flag":"Y"}},{"type":"Feature","id":361,"geometry":{"type":"MultiPoint","coordinates":[[-79.38757725399995,43.651696608000066]]},"properties":{"OBJECTID":361,"_id":361,"LOC_ID":4565,"LOC_NAME":"Life-Bridge Child Care","AUSPICE":"Non Profit Agency","ADDRESS":"330 UNIVERSITY AVE","PCODE":"M5G 1R8","ward":10,"PHONE":"(416) 552-6323","bldg_type":"Office Building","BLDGNAME":"Canada Life Building","IGSPACE":10,"TGSPACE":15,"PGSPACE":32,"KGSPACE":0,"SGSPACE":0,"TOTSPACE":57,"subsidy":"Y","run_date":"28JUL26","cwelcc_flag":"Y"}},{"type":"Feature","id":362,"geometry":{"type":"MultiPoint","coordinates":[[-79.264155034999987,43.769038519000048]]},"properties":{"OBJECTID":362,"_id":362,"LOC_ID":4571,"LOC_NAME":"The Squirrels' Nest Child Care Centre","AUSPICE":"Non Profit Agency","ADDRESS":"1305 ELLESMERE RD","PCODE":"M1P 2Y2","ward":21,"PHONE":"(416) 438-6383","bldg_type":"Purpose Built","BLDGNAME":null,"IGSPACE":10,"TGSPACE":25,"PGSPACE":32,"KGSPACE":26,"SGSPACE":30,"TOTSPACE":123,"subsidy":"Y","run_date":"28JUL26","cwelcc_flag":"Y"}},{"type":"Feature","id":363,"geometry":{"type":"MultiPoint","coordinates":[[-79.277422069999943,43.822462605000055]]},"properties":{"OBJECTID":363,"_id":363,"LOC_ID":4590,"LOC_NAME":"Garderie Chez Tante Laure","AUSPICE":"Non Profit Agency","ADDRESS":"339 ALTON TOWERS CIR","PCODE":"M1V 4L3","ward":23,"PHONE":"(416) 284-7185","bldg_type":"Public Elementary (French)","BLDGNAME":"Ecole Elementaire Laure-Riese","IGSPACE":0,"TGSPACE":10,"PGSPACE":24,"KGSPACE":26,"SGSPACE":30,"TOTSPACE":90,"subsidy":"Y","run_date":"28JUL26","cwelcc_flag":"Y"}},{"type":"Feature","id":364,"geometry":{"type":"MultiPoint","coordinates":[[-79.446089099999938,43.783308168000076]]},"properties":{"OBJECTID":364,"_id":364,"LOC_ID":4637,"LOC_NAME":"Jrcc Preschool Day Care","AUSPICE":"Non Profit Agency","ADDRESS":"5950 BATHURST ST","PCODE":"M2R 1Y9","ward":6,"PHONE":"(416) 222-7105x501","bldg_type":"High Rise Apartment","BLDGNAME":null,"IGSPACE":0,"TGSPACE":15,"PGSPACE":48,"KGSPACE":0,"SGSPACE":0,"TOTSPACE":63,"subsidy":"Y","run_date":"28JUL26","cwelcc_flag":"Y"}},{"type":"Feature","id":365,"geometry":{"type":"MultiPoint","coordinates":[[-79.334859820999952,43.670047694000061]]},"properties":{"OBJECTID":365,"_id":365,"LOC_ID":4680,"LOC_NAME":"Woodgreen Community Services (Riverdale Child Care)","AUSPICE":"Non Profit Agency","ADDRESS":"1094 GERRARD ST E","PCODE":"M4M 2A1","ward":14,"PHONE":"(416) 645-6000x1158","bldg_type":"Public High School","BLDGNAME":"Riverdale Collegiate Institue","IGSPACE":10,"TGSPACE":15,"PGSPACE":24,"KGSPACE":0,"SGSPACE":0,"TOTSPACE":49,"subsidy":"Y","run_date":"28JUL26","cwelcc_flag":"Y"}},{"type":"Feature","id":366,"geometry":{"type":"MultiPoint","coordinates":[[-79.404700688999981,43.744584933000056]]},"properties":{"OBJECTID":366,"_id":366,"LOC_ID":4708,"LOC_NAME":"North York Little Prints Daycare","AUSPICE":"Non Profit Agency","ADDRESS":"20 YORK MILLS RD","PCODE":"M2P 2C2","ward":15,"PHONE":"(416) 229-0572","bldg_type":"Other","BLDGNAME":null,"IGSPACE":20,"TGSPACE":30,"PGSPACE":40,"KGSPACE":0,"SGSPACE":0,"TOTSPACE":90,"subsidy":"Y","run_date":"28JUL26","cwelcc_flag":"Y"}},{"type":"Feature","id":367,"geometry":{"type":"MultiPoint","coordinates":[[-79.218864560999975,43.808288047000076]]},"properties":{"OBJECTID":367,"_id":367,"LOC_ID":4714,"LOC_NAME":"Malvern Early Learning & Child Care Centre","AUSPICE":"Public (City Operated) Agency","ADDRESS":"1321 NEILSON RD","PCODE":"M1B 3C2","ward":25,"PHONE":"(416) 392-3766","bldg_type":"Purpose Built","BLDGNAME":null,"IGSPACE":10,"TGSPACE":20,"PGSPACE":32,"KGSPACE":0,"SGSPACE":0,"TOTSPACE":62,"subsidy":"Y","run_date":"28JUL26","cwelcc_flag":"Y"}},{"type":"Feature","id":368,"geometry":{"type":"MultiPoint","coordinates":[[-79.385533583999973,43.644901739000034]]},"properties":{"OBJECTID":368,"_id":368,"LOC_ID":4745,"LOC_NAME":"Downtown Montessori At Simcoe Place","AUSPICE":"Non Profit Agency","ADDRESS":"200 FRONT ST W","PCODE":"M5V 3K2","ward":10,"PHONE":"(416) 340-8757","bldg_type":"Other","BLDGNAME":"Simcoe Place","IGSPACE":12,"TGSPACE":15,"PGSPACE":48,"KGSPACE":0,"SGSPACE":0,"TOTSPACE":75,"subsidy":"Y","run_date":"28JUL26","cwelcc_flag":"Y"}},{"type":"Feature","id":369,"geometry":{"type":"MultiPoint","coordinates":[[-79.585142773999962,43.747141572000032]]},"properties":{"OBJECTID":369,"_id":369,"LOC_ID":4750,"LOC_NAME":"First Stage - North Albion","AUSPICE":"Non Profit Agency","ADDRESS":"2580 KIPLING AVE","PCODE":"M9V 3B2","ward":1,"PHONE":"(416) 394-4688","bldg_type":"Public High School","BLDGNAME":"North Albion Collegiate Institute","IGSPACE":10,"TGSPACE":15,"PGSPACE":16,"KGSPACE":0,"SGSPACE":0,"TOTSPACE":41,"subsidy":"Y","run_date":"28JUL26","cwelcc_flag":"Y"}},{"type":"Feature","id":370,"geometry":{"type":"MultiPoint","coordinates":[[-79.619181874999981,43.728885862000027]]},"properties":{"OBJECTID":370,"_id":370,"LOC_ID":4839,"LOC_NAME":"Macaulay - Humberwood Child Care Centre","AUSPICE":"Non Profit Agency","ADDRESS":"850 HUMBERWOOD BLVD","PCODE":"M9W 7A6","ward":1,"PHONE":"(416) 394-4766","bldg_type":"Catholic Elementary School","BLDGNAME":"Humberwood Downs / Holy Child Catholic School","IGSPACE":0,"TGSPACE":15,"PGSPACE":40,"KGSPACE":78,"SGSPACE":90,"TOTSPACE":223,"subsidy":"Y","run_date":"28JUL26","cwelcc_flag":"Y"}},{"type":"Feature","id":371,"geometry":{"type":"MultiPoint","coordinates":[[-79.327310336999972,43.69064579500008]]},"properties":{"OBJECTID":371,"_id":371,"LOC_ID":4847,"LOC_NAME":"Centennial College Early Childhood Education Centre(550 Mortimer)","AUSPICE":"Non Profit Agency","ADDRESS":"550 MORTIMER AVE","PCODE":"M4J 5C2","ward":14,"PHONE":"(416) 289-5065","bldg_type":"Purpose Built","BLDGNAME":"Centennial College Of Applied Arts & Technology","IGSPACE":10,"TGSPACE":15,"PGSPACE":32,"KGSPACE":0,"SGSPACE":0,"TOTSPACE":57,"subsidy":"Y","run_date":"28JUL26","cwelcc_flag":"Y"}},{"type":"Feature","id":372,"geometry":{"type":"MultiPoint","coordinates":[[-79.476946311999939,43.68695709900004]]},"properties":{"OBJECTID":372,"_id":372,"LOC_ID":4849,"LOC_NAME":"Macaulay - Keelesdale Child Care Centre","AUSPICE":"Non Profit Agency","ADDRESS":"200 BICKNELL AVE","PCODE":"M6M 4G9","ward":5,"PHONE":"(416) 394-4222","bldg_type":"Public Elementary School","BLDGNAME":"Keelesdale Junior Public School","IGSPACE":0,"TGSPACE":0,"PGSPACE":24,"KGSPACE":26,"SGSPACE":50,"TOTSPACE":100,"subsidy":"Y","run_date":"28JUL26","cwelcc_flag":"Y"}},{"type":"Feature","id":373,"geometry":{"type":"MultiPoint","coordinates":[[-79.36771826599994,43.774372989000028]]},"properties":{"OBJECTID":373,"_id":373,"LOC_ID":4936,"LOC_NAME":"Sheppard Business Park Child Care Centre","AUSPICE":"Commercial Agency","ADDRESS":"1220 SHEPPARD AVE E","PCODE":"M2K 2S5","ward":17,"PHONE":"(416) 499-1499","bldg_type":"Other","BLDGNAME":null,"IGSPACE":0,"TGSPACE":30,"PGSPACE":48,"KGSPACE":0,"SGSPACE":0,"TOTSPACE":78,"subsidy":"Y","run_date":"28JUL26","cwelcc_flag":"Y"}},{"type":"Feature","id":374,"geometry":{"type":"MultiPoint","coordinates":[[-79.380062433999967,43.77121539400008]]},"properties":{"OBJECTID":374,"_id":374,"LOC_ID":4937,"LOC_NAME":"Elkhorn Junior Y - (Ymca)","AUSPICE":"Non Profit Agency","ADDRESS":"10 ELKHORN DR","PCODE":"M2K 1J3","ward":17,"PHONE":"(416) 315-5627","bldg_type":"Public Elementary School","BLDGNAME":"Elkhorn Public School","IGSPACE":0,"TGSPACE":0,"PGSPACE":16,"KGSPACE":26,"SGSPACE":60,"TOTSPACE":102,"subsidy":"Y","run_date":"28JUL26","cwelcc_flag":"Y"}},{"type":"Feature","id":375,"geometry":{"type":"MultiPoint","coordinates":[[-79.377679016999934,43.704814314000032]]},"properties":{"OBJECTID":375,"_id":375,"LOC_ID":4965,"LOC_NAME":"Maurice Cody Child Care","AUSPICE":"Non Profit Agency","ADDRESS":"364 BELSIZE DR","PCODE":"M4S 1N2","ward":15,"PHONE":"(416) 484-4881","bldg_type":"Public Elementary School","BLDGNAME":"Maurice Cody Public School","IGSPACE":0,"TGSPACE":0,"PGSPACE":0,"KGSPACE":117,"SGSPACE":180,"TOTSPACE":297,"subsidy":"Y","run_date":"28JUL26","cwelcc_flag":"Y"}},{"type":"Feature","id":376,"geometry":{"type":"MultiPoint","coordinates":[[-79.371723694999957,43.647707800000035]]},"properties":{"OBJECTID":376,"_id":376,"LOC_ID":4970,"LOC_NAME":"St. Lawrence Infant Toddler Centre (4 Market Street)","AUSPICE":"Non Profit Agency","ADDRESS":"4 MARKET ST","PCODE":"M5E 1M6","ward":10,"PHONE":"(416) 363-5989","bldg_type":"High Rise Apartment","BLDGNAME":null,"IGSPACE":20,"TGSPACE":20,"PGSPACE":0,"KGSPACE":0,"SGSPACE":0,"TOTSPACE":40,"subsidy":"Y","run_date":"28JUL26","cwelcc_flag":"Y"}},{"type":"Feature","id":377,"geometry":{"type":"MultiPoint","coordinates":[[-79.302289411999936,43.688600533000056]]},"properties":{"OBJECTID":377,"_id":377,"LOC_ID":5070,"LOC_NAME":"Muppets Infant & Toddler Centre 312","AUSPICE":"Commercial Agency","ADDRESS":"312 MAIN ST","PCODE":"M4C 4X7","ward":19,"PHONE":"(416) 693-9879","bldg_type":"House","BLDGNAME":null,"IGSPACE":10,"TGSPACE":15,"PGSPACE":16,"KGSPACE":22,"SGSPACE":0,"TOTSPACE":63,"subsidy":"Y","run_date":"28JUL26","cwelcc_flag":"Y"}},{"type":"Feature","id":378,"geometry":{"type":"MultiPoint","coordinates":[[-79.547003968999945,43.695177675000025]]},"properties":{"OBJECTID":378,"_id":378,"LOC_ID":5166,"LOC_NAME":"Learning Jungle Briarcrest","AUSPICE":"Commercial Agency","ADDRESS":"1982 ISLINGTON AVE","PCODE":"M9P 3N5","ward":2,"PHONE":"(416) 244-8691","bldg_type":"Multi Human Services Facility","BLDGNAME":null,"IGSPACE":6,"TGSPACE":10,"PGSPACE":29,"KGSPACE":0,"SGSPACE":0,"TOTSPACE":45,"subsidy":"Y","run_date":"28JUL26","cwelcc_flag":"Y"}},{"type":"Feature","id":379,"geometry":{"type":"MultiPoint","coordinates":[[-79.390393902999961,43.653765729000042]]},"properties":{"OBJECTID":379,"_id":379,"LOC_ID":5300,"LOC_NAME":"Orde Day Care Satellite (St. Patrick Street)","AUSPICE":"Non Profit Agency","ADDRESS":"132 ST PATRICK ST","PCODE":"M5T 1V1","ward":10,"PHONE":"(416) 591-0040","bldg_type":"Public High School","BLDGNAME":"Contact Alternative School","IGSPACE":10,"TGSPACE":15,"PGSPACE":24,"KGSPACE":0,"SGSPACE":0,"TOTSPACE":49,"subsidy":"Y","run_date":"28JUL26","cwelcc_flag":"Y"}},{"type":"Feature","id":380,"geometry":{"type":"MultiPoint","coordinates":[[-79.280573994999941,43.738027414000044]]},"properties":{"OBJECTID":380,"_id":380,"LOC_ID":5406,"LOC_NAME":"Tic Toc Day Care Centre Inc","AUSPICE":"Commercial Agency","ADDRESS":"1117 BIRCHMOUNT RD","PCODE":"M1K 1S6","ward":21,"PHONE":"(416) 755-1789","bldg_type":"House","BLDGNAME":null,"IGSPACE":10,"TGSPACE":10,"PGSPACE":32,"KGSPACE":0,"SGSPACE":0,"TOTSPACE":52,"subsidy":"Y","run_date":"28JUL26","cwelcc_flag":"Y"}},{"type":"Feature","id":381,"geometry":{"type":"MultiPoint","coordinates":[[-79.229463415999987,43.769007278000061]]},"properties":{"OBJECTID":381,"_id":381,"LOC_ID":5468,"LOC_NAME":"Growing Tykes Learning Centre  910 Markham Road","AUSPICE":"Non Profit Agency","ADDRESS":"910 MARKHAM RD","PCODE":"M1H 2Y2","ward":24,"PHONE":"(416) 438-4088","bldg_type":"Purpose Built","BLDGNAME":"Growing Tykes Learning Centre","IGSPACE":30,"TGSPACE":40,"PGSPACE":64,"KGSPACE":0,"SGSPACE":15,"TOTSPACE":149,"subsidy":"Y","run_date":"28JUL26","cwelcc_flag":"Y"}},{"type":"Feature","id":382,"geometry":{"type":"MultiPoint","coordinates":[[-79.57691482499996,43.633409636000067]]},"properties":{"OBJECTID":382,"_id":382,"LOC_ID":5543,"LOC_NAME":"Millwood Jr Ymca","AUSPICE":"Non Profit Agency","ADDRESS":"222 MILL RD","PCODE":"M9C 1Y2","ward":2,"PHONE":"(416) 622-6331","bldg_type":"Public Elementary School","BLDGNAME":"Millwood Public School","IGSPACE":0,"TGSPACE":0,"PGSPACE":16,"KGSPACE":39,"SGSPACE":75,"TOTSPACE":130,"subsidy":"Y","run_date":"28JUL26","cwelcc_flag":"Y"}},{"type":"Feature","id":383,"geometry":{"type":"MultiPoint","coordinates":[[-79.255311679999977,43.736346151000077]]},"properties":{"OBJECTID":383,"_id":383,"LOC_ID":5702,"LOC_NAME":"Gilder Satellite Early Learning & Child Care Centre","AUSPICE":"Public (City Operated) Agency","ADDRESS":"47 GILDER DR","PCODE":"M1K 4P7","ward":21,"PHONE":"(416) 392-3743","bldg_type":"Low Rise Apartment","BLDGNAME":null,"IGSPACE":0,"TGSPACE":0,"PGSPACE":16,"KGSPACE":0,"SGSPACE":0,"TOTSPACE":16,"subsidy":"Y","run_date":"28JUL26","cwelcc_flag":"Y"}},{"type":"Feature","id":384,"geometry":{"type":"MultiPoint","coordinates":[[-79.33794867499995,43.762838827000053]]},"properties":{"OBJECTID":384,"_id":384,"LOC_ID":5792,"LOC_NAME":"Courtleigh Place Child Care Centre","AUSPICE":"Commercial Agency","ADDRESS":"135 FENELON DR","PCODE":"M3A 3K7","ward":16,"PHONE":"(416) 446-2875","bldg_type":"High Rise Apartment","BLDGNAME":null,"IGSPACE":10,"TGSPACE":25,"PGSPACE":24,"KGSPACE":0,"SGSPACE":0,"TOTSPACE":59,"subsidy":"Y","run_date":"28JUL26","cwelcc_flag":"Y"}},{"type":"Feature","id":385,"geometry":{"type":"MultiPoint","coordinates":[[-79.267541544999972,43.691984262000062]]},"properties":{"OBJECTID":385,"_id":385,"LOC_ID":5808,"LOC_NAME":"Scarborough Day Nursery School","AUSPICE":"Commercial Agency","ADDRESS":"51 EASTWOOD AVE","PCODE":"M1N 3G9","ward":20,"PHONE":"(416) 698-5833","bldg_type":"House","BLDGNAME":null,"IGSPACE":0,"TGSPACE":0,"PGSPACE":28,"KGSPACE":13,"SGSPACE":30,"TOTSPACE":71,"subsidy":"Y","run_date":"28JUL26","cwelcc_flag":"Y"}},{"type":"Feature","id":386,"geometry":{"type":"MultiPoint","coordinates":[[-79.302335039999946,43.688667147000046]]},"properties":{"OBJECTID":386,"_id":386,"LOC_ID":5828,"LOC_NAME":"Muppets Children's Centre 314","AUSPICE":"Commercial Agency","ADDRESS":"314 MAIN ST","PCODE":"M4C 4X7","ward":19,"PHONE":"(416) 690-8668","bldg_type":"House","BLDGNAME":null,"IGSPACE":10,"TGSPACE":10,"PGSPACE":32,"KGSPACE":0,"SGSPACE":0,"TOTSPACE":52,"subsidy":"Y","run_date":"28JUL26","cwelcc_flag":"Y"}},{"type":"Feature","id":387,"geometry":{"type":"MultiPoint","coordinates":[[-79.452441410999938,43.785800519000077]]},"properties":{"OBJECTID":387,"_id":387,"LOC_ID":5834,"LOC_NAME":"Rockford Child Care","AUSPICE":"Non Profit Agency","ADDRESS":"60 ROCKFORD RD","PCODE":"M2R 3A7","ward":6,"PHONE":"(416) 663-6286","bldg_type":"Public Elementary School","BLDGNAME":"Rockford Public School","IGSPACE":0,"TGSPACE":15,"PGSPACE":24,"KGSPACE":52,"SGSPACE":65,"TOTSPACE":156,"subsidy":"Y","run_date":"28JUL26","cwelcc_flag":"Y"}},{"type":"Feature","id":388,"geometry":{"type":"MultiPoint","coordinates":[[-79.394748432999961,43.647755433000043]]},"properties":{"OBJECTID":388,"_id":388,"LOC_ID":5847,"LOC_NAME":"Studio 1,2,3 Early Learning Centre","AUSPICE":"Non Profit Agency","ADDRESS":"401 RICHMOND ST W","PCODE":"M5V 3A8","ward":10,"PHONE":"(416) 343-0093","bldg_type":"Other","BLDGNAME":"401 Richmond","IGSPACE":0,"TGSPACE":10,"PGSPACE":20,"KGSPACE":0,"SGSPACE":0,"TOTSPACE":30,"subsidy":"Y","run_date":"28JUL26","cwelcc_flag":"Y"}},{"type":"Feature","id":389,"geometry":{"type":"MultiPoint","coordinates":[[-79.441551587999982,43.679411461000029]]},"properties":{"OBJECTID":389,"_id":389,"LOC_ID":5861,"LOC_NAME":"Harmony Childcare Centre","AUSPICE":"Non Profit Agency","ADDRESS":"124 NORTHCLIFFE BLVD","PCODE":"M6E 3K4","ward":9,"PHONE":"(416) 656-8902","bldg_type":"Catholic Elementary School","BLDGNAME":"St. Clare Catholic School","IGSPACE":0,"TGSPACE":0,"PGSPACE":44,"KGSPACE":46,"SGSPACE":75,"TOTSPACE":165,"subsidy":"Y","run_date":"28JUL26","cwelcc_flag":"Y"}},{"type":"Feature","id":390,"geometry":{"type":"MultiPoint","coordinates":[[-79.40587549299994,43.669613071000072]]},"properties":{"OBJECTID":390,"_id":390,"LOC_ID":5863,"LOC_NAME":"Institute Of Child Study After School Daycare","AUSPICE":"Non Profit Agency","ADDRESS":"45 WALMER RD","PCODE":"M5R 2X2","ward":11,"PHONE":"(416) 934-4512","bldg_type":"Other","BLDGNAME":"University Of Toronto","IGSPACE":0,"TGSPACE":0,"PGSPACE":24,"KGSPACE":26,"SGSPACE":164,"TOTSPACE":214,"subsidy":"N","run_date":"28JUL26","cwelcc_flag":"N"}},{"type":"Feature","id":391,"geometry":{"type":"MultiPoint","coordinates":[[-79.420285179999951,43.683084217000044]]},"properties":{"OBJECTID":391,"_id":391,"LOC_ID":5871,"LOC_NAME":"St. Alphonsus Day Care Centre","AUSPICE":"Non Profit Agency","ADDRESS":"540 ST CLAIR AVE W","PCODE":"M6C 1A4","ward":12,"PHONE":"(416) 651-2664","bldg_type":"Place of Worship","BLDGNAME":"St. Alphonsus Catholic Church","IGSPACE":0,"TGSPACE":10,"PGSPACE":30,"KGSPACE":10,"SGSPACE":15,"TOTSPACE":65,"subsidy":"N","run_date":"28JUL26","cwelcc_flag":"Y"}},{"type":"Feature","id":392,"geometry":{"type":"MultiPoint","coordinates":[[-79.427474550999989,43.68113281400008]]},"properties":{"OBJECTID":392,"_id":392,"LOC_ID":5873,"LOC_NAME":"Hippo Nursery School","AUSPICE":"Non Profit Agency","ADDRESS":"729 ST CLAIR AVE W","PCODE":"M6C 1B2","ward":12,"PHONE":"(416) 651-6718","bldg_type":"Place of Worship","BLDGNAME":"St. Matthews United Church","IGSPACE":0,"TGSPACE":10,"PGSPACE":32,"KGSPACE":0,"SGSPACE":0,"TOTSPACE":42,"subsidy":"N","run_date":"28JUL26","cwelcc_flag":"Y"}},{"type":"Feature","id":393,"geometry":{"type":"MultiPoint","coordinates":[[-79.368778085999963,43.693985401000077]]},"properties":{"OBJECTID":393,"_id":393,"LOC_ID":5878,"LOC_NAME":"Bennington Heights Child Care Centre","AUSPICE":"Commercial Agency","ADDRESS":"76 BENNINGTON HEIGHTS DR","PCODE":"M4G 1B1","ward":15,"PHONE":"(416) 423-6522","bldg_type":"Public Elementary School","BLDGNAME":"Bennington Heights Public School","IGSPACE":0,"TGSPACE":0,"PGSPACE":39,"KGSPACE":0,"SGSPACE":0,"TOTSPACE":39,"subsidy":"N","run_date":"28JUL26","cwelcc_flag":"Y"}},{"type":"Feature","id":394,"geometry":{"type":"MultiPoint","coordinates":[[-79.356128946999945,43.790773588000036]]},"properties":{"OBJECTID":394,"_id":394,"LOC_ID":5897,"LOC_NAME":"Seneca Hill Centre For Early Learning","AUSPICE":"Commercial Agency","ADDRESS":"350 SENECA HILL DR","PCODE":"M2J 4S7","ward":17,"PHONE":"(416) 499-5112x221","bldg_type":"High Rise Apartment","BLDGNAME":null,"IGSPACE":20,"TGSPACE":20,"PGSPACE":40,"KGSPACE":10,"SGSPACE":0,"TOTSPACE":90,"subsidy":"Y","run_date":"28JUL26","cwelcc_flag":"Y"}},{"type":"Feature","id":395,"geometry":{"type":"MultiPoint","coordinates":[[-79.397627700999976,43.710159268000041]]},"properties":{"OBJECTID":395,"_id":395,"LOC_ID":5908,"LOC_NAME":"St. Monica's Satellite (Central Eglinton)","AUSPICE":"Non Profit Agency","ADDRESS":"14 BROADWAY AVE","PCODE":"M4P 1T4","ward":15,"PHONE":"(416) 440-0383","bldg_type":"Catholic Elementary School","BLDGNAME":"St. Monica's Catholic School","IGSPACE":0,"TGSPACE":0,"PGSPACE":0,"KGSPACE":39,"SGSPACE":45,"TOTSPACE":84,"subsidy":"Y","run_date":"28JUL26","cwelcc_flag":"Y"}},{"type":"Feature","id":396,"geometry":{"type":"MultiPoint","coordinates":[[-79.470219611999937,43.750457081000036]]},"properties":{"OBJECTID":396,"_id":396,"LOC_ID":5958,"LOC_NAME":"Children's Playgarden /Toronto Military Family Resource Centre","AUSPICE":"Non Profit Agency","ADDRESS":"5 YUKON LANE","PCODE":"M3K 0A1","ward":6,"PHONE":"(416) 633-6200x4312","bldg_type":"Other","BLDGNAME":null,"IGSPACE":10,"TGSPACE":15,"PGSPACE":24,"KGSPACE":0,"SGSPACE":0,"TOTSPACE":49,"subsidy":"Y","run_date":"28JUL26","cwelcc_flag":"Y"}},{"type":"Feature","id":397,"geometry":{"type":"MultiPoint","coordinates":[[-79.352129660999935,43.67046046300004]]},"properties":{"OBJECTID":397,"_id":397,"LOC_ID":6103,"LOC_NAME":"Withrow Child Care Centre","AUSPICE":"Non Profit Agency","ADDRESS":"25 BAIN AVE","PCODE":"M4K 1E5","ward":14,"PHONE":"(416) 463-1457","bldg_type":"Public Elementary School","BLDGNAME":"Withrow Public School","IGSPACE":0,"TGSPACE":0,"PGSPACE":24,"KGSPACE":52,"SGSPACE":105,"TOTSPACE":181,"subsidy":"Y","run_date":"28JUL26","cwelcc_flag":"Y"}},{"type":"Feature","id":398,"geometry":{"type":"MultiPoint","coordinates":[[-79.370135207999965,43.707214735000036]]},"properties":{"OBJECTID":398,"_id":398,"LOC_ID":6366,"LOC_NAME":"Bessborough Child Care Centre","AUSPICE":"Non Profit Agency","ADDRESS":"211 BESSBOROUGH DR","PCODE":"M4G 3K2","ward":15,"PHONE":"(416) 467-0389","bldg_type":"Public Elementary School","BLDGNAME":"Bessborough Drive Public School","IGSPACE":0,"TGSPACE":0,"PGSPACE":0,"KGSPACE":39,"SGSPACE":86,"TOTSPACE":125,"subsidy":"Y","run_date":"28JUL26","cwelcc_flag":"Y"}},{"type":"Feature","id":399,"geometry":{"type":"MultiPoint","coordinates":[[-79.474581514999954,43.657091487000059]]},"properties":{"OBJECTID":399,"_id":399,"LOC_ID":6374,"LOC_NAME":"Children's Creative Corner Co-Op Nursery School","AUSPICE":"Non Profit Agency","ADDRESS":"125 EVELYN CRES","PCODE":"M6P 3E3","ward":4,"PHONE":"(416) 769-4938","bldg_type":"Public High School","BLDGNAME":"Western Technical Commercial School","IGSPACE":0,"TGSPACE":0,"PGSPACE":14,"KGSPACE":0,"SGSPACE":0,"TOTSPACE":14,"subsidy":"N","run_date":"28JUL26","cwelcc_flag":"Y"}},{"type":"Feature","id":400,"geometry":{"type":"MultiPoint","coordinates":[[-79.559057752999934,43.671222028000045]]},"properties":{"OBJECTID":400,"_id":400,"LOC_ID":6382,"LOC_NAME":"Princess Margaret School-Age Child Care Program","AUSPICE":"Non Profit Agency","ADDRESS":"65 TROMLEY DR","PCODE":"M9B 5Y7","ward":2,"PHONE":"(416) 394-6989","bldg_type":"Public Elementary School","BLDGNAME":"Princess Margaret Junior Public School","IGSPACE":0,"TGSPACE":0,"PGSPACE":0,"KGSPACE":39,"SGSPACE":75,"TOTSPACE":114,"subsidy":"Y","run_date":"28JUL26","cwelcc_flag":"Y"}},{"type":"Feature","id":401,"geometry":{"type":"MultiPoint","coordinates":[[-79.537018132999947,43.685944236000068]]},"properties":{"OBJECTID":401,"_id":401,"LOC_ID":6390,"LOC_NAME":"Plasp Father Serra Catholic School","AUSPICE":"Non Profit Agency","ADDRESS":"111 SUN ROW DR","PCODE":"M9P 3J3","ward":2,"PHONE":"(888) 739-4102","bldg_type":"Catholic Elementary School","BLDGNAME":"Father Serra Catholic School","IGSPACE":0,"TGSPACE":0,"PGSPACE":0,"KGSPACE":26,"SGSPACE":60,"TOTSPACE":86,"subsidy":"Y","run_date":"28JUL26","cwelcc_flag":"Y"}},{"type":"Feature","id":402,"geometry":{"type":"MultiPoint","coordinates":[[-79.544898561999958,43.660676066000065]]},"properties":{"OBJECTID":402,"_id":402,"LOC_ID":6395,"LOC_NAME":"St. Gregory's Before & After School Club","AUSPICE":"Non Profit Agency","ADDRESS":"126 RATHBURN RD","PCODE":"M9B 2K6","ward":2,"PHONE":"(416) 236-8794","bldg_type":"Catholic Elementary School","BLDGNAME":"St. Gregory's Catholic School","IGSPACE":0,"TGSPACE":0,"PGSPACE":0,"KGSPACE":39,"SGSPACE":60,"TOTSPACE":99,"subsidy":"Y","run_date":"28JUL26","cwelcc_flag":"Y"}},{"type":"Feature","id":403,"geometry":{"type":"MultiPoint","coordinates":[[-79.51439144699998,43.686941319000027]]},"properties":{"OBJECTID":403,"_id":403,"LOC_ID":6403,"LOC_NAME":"The Mint School - 4 La Rose Avenue (1118112 Ontario Limited)","AUSPICE":"Commercial Agency","ADDRESS":"4 LA ROSE AVE","PCODE":"M9P 1A5","ward":2,"PHONE":"(647) 880-8221","bldg_type":"Purpose Built","BLDGNAME":"Standalone Child Care Building","IGSPACE":0,"TGSPACE":15,"PGSPACE":32,"KGSPACE":0,"SGSPACE":0,"TOTSPACE":47,"subsidy":"N","run_date":"28JUL26","cwelcc_flag":"N"}},{"type":"Feature","id":404,"geometry":{"type":"MultiPoint","coordinates":[[-79.573808188999976,43.632247287000041]]},"properties":{"OBJECTID":404,"_id":404,"LOC_ID":6424,"LOC_NAME":"Plasp St. Clement Catholic School","AUSPICE":"Non Profit Agency","ADDRESS":"4319 BLOOR ST W","PCODE":"M9C 2A2","ward":2,"PHONE":"(888) 739-4102","bldg_type":"Catholic Elementary School","BLDGNAME":"St. Clements Catholic School","IGSPACE":10,"TGSPACE":15,"PGSPACE":24,"KGSPACE":26,"SGSPACE":60,"TOTSPACE":135,"subsidy":"Y","run_date":"28JUL26","cwelcc_flag":"Y"}},{"type":"Feature","id":405,"geometry":{"type":"MultiPoint","coordinates":[[-79.527651736999985,43.68651895000005]]},"properties":{"OBJECTID":405,"_id":405,"LOC_ID":6425,"LOC_NAME":"Humbervale Montessori School Inc (Facility #15068)","AUSPICE":"Commercial Agency","ADDRESS":"1447 ROYAL YORK RD","PCODE":"M9P 3V8","ward":2,"PHONE":"(416) 244-4001","bldg_type":"Commercial Building","BLDGNAME":"Humbervale Place","IGSPACE":0,"TGSPACE":0,"PGSPACE":56,"KGSPACE":0,"SGSPACE":0,"TOTSPACE":56,"subsidy":"N","run_date":"28JUL26","cwelcc_flag":"Y"}},{"type":"Feature","id":406,"geometry":{"type":"MultiPoint","coordinates":[[-79.507914012999947,43.652916926000046]]},"properties":{"OBJECTID":406,"_id":406,"LOC_ID":6427,"LOC_NAME":"Kingsway Nursery School","AUSPICE":"Commercial Agency","ADDRESS":"85 THE KINGSWAY","PCODE":"M8X 2T6","ward":3,"PHONE":"(416) 233-1491","bldg_type":"Place of Worship","BLDGNAME":"Kingsway Lampton United Church","IGSPACE":0,"TGSPACE":15,"PGSPACE":16,"KGSPACE":0,"SGSPACE":0,"TOTSPACE":31,"subsidy":"N","run_date":"28JUL26","cwelcc_flag":"N"}},{"type":"Feature","id":407,"geometry":{"type":"MultiPoint","coordinates":[[-79.505561746999945,43.594489549000059]]},"properties":{"OBJECTID":407,"_id":407,"LOC_ID":6433,"LOC_NAME":"New Toronto Nursery Co-Operative Inc","AUSPICE":"Non Profit Agency","ADDRESS":"153 LAKE SHORE DR","PCODE":"M8V 2A1","ward":3,"PHONE":"(416) 259-8776","bldg_type":"Other","BLDGNAME":"New Toronto Lawn Bowling Club","IGSPACE":0,"TGSPACE":0,"PGSPACE":16,"KGSPACE":0,"SGSPACE":0,"TOTSPACE":16,"subsidy":"N","run_date":"28JUL26","cwelcc_flag":"Y"}},{"type":"Feature","id":408,"geometry":{"type":"MultiPoint","coordinates":[[-79.505057607999959,43.649089137000033]]},"properties":{"OBJECTID":408,"_id":408,"LOC_ID":6437,"LOC_NAME":"Prince Edward Montessori School Of Toronto","AUSPICE":"Commercial Agency","ADDRESS":"2850 BLOOR ST W","PCODE":"M8X 1B2","ward":3,"PHONE":"(416) 234-9127","bldg_type":"Place of Worship","BLDGNAME":"All Saints Anglican Church","IGSPACE":0,"TGSPACE":0,"PGSPACE":32,"KGSPACE":0,"SGSPACE":0,"TOTSPACE":32,"subsidy":"N","run_date":"28JUL26","cwelcc_flag":"N"}},{"type":"Feature","id":409,"geometry":{"type":"MultiPoint","coordinates":[[-79.533610481999972,43.611189673000069]]},"properties":{"OBJECTID":409,"_id":409,"LOC_ID":6445,"LOC_NAME":"Sonechko Daycare Incorporated","AUSPICE":"Non Profit Agency","ADDRESS":"301 LANOR AVE","PCODE":"M8W 2R1","ward":3,"PHONE":"(416) 255-7555","bldg_type":"Public (school closed)","BLDGNAME":"Douglas Park Public School (Closed)","IGSPACE":0,"TGSPACE":9,"PGSPACE":24,"KGSPACE":0,"SGSPACE":0,"TOTSPACE":33,"subsidy":"N","run_date":"28JUL26","cwelcc_flag":"Y"}},{"type":"Feature","id":410,"geometry":{"type":"MultiPoint","coordinates":[[-79.541715481999972,43.672609082000065]]},"properties":{"OBJECTID":410,"_id":410,"LOC_ID":6447,"LOC_NAME":"St. George's School Age Child Care Programme","AUSPICE":"Non Profit Agency","ADDRESS":"70 PRINCESS ANNE CRES","PCODE":"M9A 2P7","ward":2,"PHONE":"(416) 576-3731","bldg_type":"Public Elementary School","BLDGNAME":"St. George's Junior Public School","IGSPACE":0,"TGSPACE":0,"PGSPACE":0,"KGSPACE":26,"SGSPACE":60,"TOTSPACE":86,"subsidy":"Y","run_date":"28JUL26","cwelcc_flag":"Y"}},{"type":"Feature","id":411,"geometry":{"type":"MultiPoint","coordinates":[[-79.506873248999966,43.642443985000057]]},"properties":{"OBJECTID":411,"_id":411,"LOC_ID":6449,"LOC_NAME":"Sunnylea Child Care Centre","AUSPICE":"Non Profit Agency","ADDRESS":"35 GLENROY AVE","PCODE":"M8Y 2M2","ward":3,"PHONE":"(416) 233-6509","bldg_type":"Public Elementary School","BLDGNAME":"Sunnylea Junior School","IGSPACE":0,"TGSPACE":10,"PGSPACE":24,"KGSPACE":39,"SGSPACE":72,"TOTSPACE":145,"subsidy":"Y","run_date":"28JUL26","cwelcc_flag":"Y"}},{"type":"Feature","id":412,"geometry":{"type":"MultiPoint","coordinates":[[-79.522299487999987,43.65009278000008]]},"properties":{"OBJECTID":412,"_id":412,"LOC_ID":6451,"LOC_NAME":"Sunnylea Co-Operative Nursery School","AUSPICE":"Non Profit Agency","ADDRESS":"86 MONTGOMERY RD","PCODE":"M9A 3N5","ward":2,"PHONE":"(416) 716-1258","bldg_type":"Public High School","BLDGNAME":"Etobicoke Collegiate","IGSPACE":0,"TGSPACE":15,"PGSPACE":16,"KGSPACE":0,"SGSPACE":0,"TOTSPACE":31,"subsidy":"N","run_date":"28JUL26","cwelcc_flag":"Y"}},{"type":"Feature","id":413,"geometry":{"type":"MultiPoint","coordinates":[[-79.526566602999935,43.665443505000042]]},"properties":{"OBJECTID":413,"_id":413,"LOC_ID":6453,"LOC_NAME":"Plasp Humber Valley Village Junior Middle School","AUSPICE":"Non Profit Agency","ADDRESS":"65 HARTFIELD RD","PCODE":"M9A 3E1","ward":2,"PHONE":"(888) 739-4102","bldg_type":"Public Elementary School","BLDGNAME":"Humber Valley Village Junior Middle Public School","IGSPACE":0,"TGSPACE":0,"PGSPACE":0,"KGSPACE":13,"SGSPACE":45,"TOTSPACE":58,"subsidy":"Y","run_date":"28JUL26","cwelcc_flag":"Y"}},{"type":"Feature","id":414,"geometry":{"type":"MultiPoint","coordinates":[[-79.541715481999972,43.672609082000065]]},"properties":{"OBJECTID":414,"_id":414,"LOC_ID":6459,"LOC_NAME":"Princess Margaret Nursery School","AUSPICE":"Non Profit Agency","ADDRESS":"70 PRINCESS ANNE CRES","PCODE":"M9A 2P7","ward":2,"PHONE":"(416) 889-9403","bldg_type":"Public Elementary School","BLDGNAME":"St. George's Junior Public School","IGSPACE":0,"TGSPACE":0,"PGSPACE":16,"KGSPACE":0,"SGSPACE":0,"TOTSPACE":16,"subsidy":"N","run_date":"28JUL26","cwelcc_flag":"N"}},{"type":"Feature","id":415,"geometry":{"type":"MultiPoint","coordinates":[[-79.531536122999967,43.630424981000033]]},"properties":{"OBJECTID":415,"_id":415,"LOC_ID":6463,"LOC_NAME":"Hydro Bright Lights Childcare Centre","AUSPICE":"Non Profit Agency","ADDRESS":"800 KIPLING AVE","PCODE":"M8Z 5G5","ward":3,"PHONE":"(416) 207-6856","bldg_type":"Purpose Built","BLDGNAME":"Ontario Power Generator Plant","IGSPACE":10,"TGSPACE":15,"PGSPACE":16,"KGSPACE":10,"SGSPACE":0,"TOTSPACE":51,"subsidy":"N","run_date":"28JUL26","cwelcc_flag":"Y"}},{"type":"Feature","id":416,"geometry":{"type":"MultiPoint","coordinates":[[-79.509314811999957,43.658657222000045]]},"properties":{"OBJECTID":416,"_id":416,"LOC_ID":6465,"LOC_NAME":"Lambton - Kingsway Before & After School Program Inc.","AUSPICE":"Non Profit Agency","ADDRESS":"525 PRINCE EDWARD DR N","PCODE":"M8X 2M6","ward":3,"PHONE":"(416) 394-6400","bldg_type":"Public Elementary School","BLDGNAME":"Lamton-Kingsway Junior Middle School","IGSPACE":0,"TGSPACE":0,"PGSPACE":0,"KGSPACE":52,"SGSPACE":120,"TOTSPACE":172,"subsidy":"Y","run_date":"28JUL26","cwelcc_flag":"Y"}},{"type":"Feature","id":417,"geometry":{"type":"MultiPoint","coordinates":[[-79.508917678999978,43.64273806500006]]},"properties":{"OBJECTID":417,"_id":417,"LOC_ID":6467,"LOC_NAME":"Royal York Road School","AUSPICE":"Non Profit Agency","ADDRESS":"851 ROYAL YORK RD","PCODE":"M8Y 2V3","ward":3,"PHONE":"(416) 239-1555","bldg_type":"Place of Worship","BLDGNAME":"Royal York Road United Church","IGSPACE":0,"TGSPACE":15,"PGSPACE":32,"KGSPACE":0,"SGSPACE":0,"TOTSPACE":47,"subsidy":"N","run_date":"28JUL26","cwelcc_flag":"Y"}},{"type":"Feature","id":418,"geometry":{"type":"MultiPoint","coordinates":[[-79.527081123999949,43.685221626000043]]},"properties":{"OBJECTID":418,"_id":418,"LOC_ID":6471,"LOC_NAME":"Plasp All Saints Catholic School","AUSPICE":"Non Profit Agency","ADDRESS":"1435 ROYAL YORK RD","PCODE":"M9P 3A7","ward":2,"PHONE":"(888) 739-4102","bldg_type":"Catholic Elementary School","BLDGNAME":"All Saints Catholic School","IGSPACE":0,"TGSPACE":0,"PGSPACE":0,"KGSPACE":26,"SGSPACE":75,"TOTSPACE":101,"subsidy":"Y","run_date":"28JUL26","cwelcc_flag":"Y"}},{"type":"Feature","id":419,"geometry":{"type":"MultiPoint","coordinates":[[-79.545231308999973,43.68323698100005]]},"properties":{"OBJECTID":419,"_id":419,"LOC_ID":6474,"LOC_NAME":"Silver Creek Centre For Early Learning & Development","AUSPICE":"Non Profit Agency","ADDRESS":"65 HARTSDALE DR","PCODE":"M9R 2S8","ward":2,"PHONE":"(416) 249-9770","bldg_type":"Public (school closed)","BLDGNAME":"Silver Creek Nursery School","IGSPACE":0,"TGSPACE":10,"PGSPACE":30,"KGSPACE":0,"SGSPACE":0,"TOTSPACE":40,"subsidy":"Y","run_date":"28JUL26","cwelcc_flag":"Y"}},{"type":"Feature","id":420,"geometry":{"type":"MultiPoint","coordinates":[[-79.322822130999953,43.762470729000029]]},"properties":{"OBJECTID":420,"_id":420,"LOC_ID":6476,"LOC_NAME":"Garderie Rayon De Soleil","AUSPICE":"Non Profit Agency","ADDRESS":"1 NESS DR","PCODE":"M3A 2W1","ward":16,"PHONE":"(416) 444-3464","bldg_type":"Catholic Elementary (French)","BLDGNAME":"Ste. Madeleine Catholic School","IGSPACE":0,"TGSPACE":10,"PGSPACE":24,"KGSPACE":13,"SGSPACE":30,"TOTSPACE":77,"subsidy":"Y","run_date":"28JUL26","cwelcc_flag":"Y"}},{"type":"Feature","id":421,"geometry":{"type":"MultiPoint","coordinates":[[-79.342347985999936,43.740691319000064]]},"properties":{"OBJECTID":421,"_id":421,"LOC_ID":6480,"LOC_NAME":"Wee Leprechauns Child Care Centre Ltd","AUSPICE":"Commercial Agency","ADDRESS":"235 THE DONWAY E","PCODE":"M3B 2Y8","ward":16,"PHONE":"(416) 385-1726","bldg_type":"Place of Worship","BLDGNAME":"Donway Baptist Church","IGSPACE":0,"TGSPACE":15,"PGSPACE":16,"KGSPACE":0,"SGSPACE":0,"TOTSPACE":31,"subsidy":"N","run_date":"28JUL26","cwelcc_flag":"Y"}},{"type":"Feature","id":422,"geometry":{"type":"MultiPoint","coordinates":[[-79.409763027999986,43.774929369000063]]},"properties":{"OBJECTID":422,"_id":422,"LOC_ID":6498,"LOC_NAME":"Lansing Co-Op Nursery School","AUSPICE":"Non Profit Agency","ADDRESS":"80 CHURCH AVE","PCODE":"M2N 4G1","ward":18,"PHONE":"(416) 225-4581","bldg_type":"Purpose Built","BLDGNAME":"Lansing Co-Op Nursery","IGSPACE":0,"TGSPACE":0,"PGSPACE":32,"KGSPACE":0,"SGSPACE":0,"TOTSPACE":32,"subsidy":"N","run_date":"28JUL26","cwelcc_flag":"Y"}},{"type":"Feature","id":423,"geometry":{"type":"MultiPoint","coordinates":[[-79.502338171999952,43.77341008500008]]},"properties":{"OBJECTID":423,"_id":423,"LOC_ID":6508,"LOC_NAME":"Lee Wiggins Childcare Centre (The)","AUSPICE":"Non Profit Agency","ADDRESS":"4700 KEELE ST","PCODE":"M3J 1P3","ward":7,"PHONE":"(416) 736-5959","bldg_type":"Other","BLDGNAME":"York University","IGSPACE":0,"TGSPACE":10,"PGSPACE":15,"KGSPACE":0,"SGSPACE":0,"TOTSPACE":25,"subsidy":"N","run_date":"28JUL26","cwelcc_flag":"Y"}},{"type":"Feature","id":424,"geometry":{"type":"MultiPoint","coordinates":[[-79.419522283999981,43.740910038000038]]},"properties":{"OBJECTID":424,"_id":424,"LOC_ID":6513,"LOC_NAME":"Armour Heights Child Care Program","AUSPICE":"Non Profit Agency","ADDRESS":"148 WILSON AVE","PCODE":"M5M 3A5","ward":8,"PHONE":"(416) 486-6881","bldg_type":"Public Elementary School","BLDGNAME":"Armour Heights Public School","IGSPACE":0,"TGSPACE":0,"PGSPACE":24,"KGSPACE":26,"SGSPACE":60,"TOTSPACE":110,"subsidy":"Y","run_date":"28JUL26","cwelcc_flag":"Y"}},{"type":"Feature","id":425,"geometry":{"type":"MultiPoint","coordinates":[[-79.488675537999939,43.725556009000059]]},"properties":{"OBJECTID":425,"_id":425,"LOC_ID":6519,"LOC_NAME":"Carmelite Missionary Sisters Of Saint Theresa Of The Child Jesus","AUSPICE":"Non Profit Agency","ADDRESS":"1196 WILSON AVE","PCODE":"M3M 1H3","ward":6,"PHONE":"(416) 636-6123","bldg_type":"Purpose Built","BLDGNAME":"Carmelite Missionary Sisters","IGSPACE":0,"TGSPACE":30,"PGSPACE":68,"KGSPACE":0,"SGSPACE":0,"TOTSPACE":98,"subsidy":"N","run_date":"28JUL26","cwelcc_flag":"Y"}},{"type":"Feature","id":426,"geometry":{"type":"MultiPoint","coordinates":[[-79.425556314999938,43.73960535100008]]},"properties":{"OBJECTID":426,"_id":426,"LOC_ID":6521,"LOC_NAME":"Temple Sinai Nursery School","AUSPICE":"Non Profit Agency","ADDRESS":"210 WILSON AVE","PCODE":"M5M 3B1","ward":8,"PHONE":"(416) 903-2188","bldg_type":"Synagogue","BLDGNAME":"Temple Sinai Congregation","IGSPACE":0,"TGSPACE":45,"PGSPACE":10,"KGSPACE":0,"SGSPACE":0,"TOTSPACE":55,"subsidy":"N","run_date":"28JUL26","cwelcc_flag":"Y"}},{"type":"Feature","id":427,"geometry":{"type":"MultiPoint","coordinates":[[-79.391829452999957,43.78690615000005]]},"properties":{"OBJECTID":427,"_id":427,"LOC_ID":6527,"LOC_NAME":"Blessed Trinity Before & After School","AUSPICE":"Non Profit Agency","ADDRESS":"3205 BAYVIEW AVE","PCODE":"M2K 1G3","ward":17,"PHONE":"(416) 226-3336","bldg_type":"Catholic Elementary School","BLDGNAME":"Blessed Trinity Catholic School","IGSPACE":0,"TGSPACE":15,"PGSPACE":22,"KGSPACE":26,"SGSPACE":40,"TOTSPACE":103,"subsidy":"Y","run_date":"28JUL26","cwelcc_flag":"Y"}},{"type":"Feature","id":428,"geometry":{"type":"MultiPoint","coordinates":[[-79.397727864999979,43.740723220000064]]},"properties":{"OBJECTID":428,"_id":428,"LOC_ID":6535,"LOC_NAME":"Hillcrest Progressive School","AUSPICE":"Non Profit Agency","ADDRESS":"59 PLYMBRIDGE RD","PCODE":"M2P 1A2","ward":15,"PHONE":"(416) 489-8355","bldg_type":"Purpose Built","BLDGNAME":"Hillcrest Progressive School","IGSPACE":0,"TGSPACE":15,"PGSPACE":22,"KGSPACE":33,"SGSPACE":0,"TOTSPACE":70,"subsidy":"N","run_date":"28JUL26","cwelcc_flag":"N"}},{"type":"Feature","id":429,"geometry":{"type":"MultiPoint","coordinates":[[-79.278737774999968,43.786770119000039]]},"properties":{"OBJECTID":429,"_id":429,"LOC_ID":6543,"LOC_NAME":"Agincourt Montessori School Inc.","AUSPICE":"Commercial Agency","ADDRESS":"2575 MIDLAND AVE","PCODE":"M1S 1R3","ward":23,"PHONE":"(416) 291-0726","bldg_type":"Place of Worship","BLDGNAME":"Knox United Church","IGSPACE":0,"TGSPACE":0,"PGSPACE":40,"KGSPACE":0,"SGSPACE":0,"TOTSPACE":40,"subsidy":"N","run_date":"28JUL26","cwelcc_flag":"N"}},{"type":"Feature","id":430,"geometry":{"type":"MultiPoint","coordinates":[[-79.309387157999936,43.803441261000046]]},"properties":{"OBJECTID":430,"_id":430,"LOC_ID":6545,"LOC_NAME":"Agincourt Temple Day Care(Governing Council Of The Salvation Army)","AUSPICE":"Non Profit Agency","ADDRESS":"3080 BIRCHMOUNT RD","PCODE":"M1W 3K3","ward":22,"PHONE":"(416) 497-0329x230","bldg_type":"Place of Worship","BLDGNAME":null,"IGSPACE":10,"TGSPACE":15,"PGSPACE":24,"KGSPACE":0,"SGSPACE":0,"TOTSPACE":49,"subsidy":"Y","run_date":"28JUL26","cwelcc_flag":"Y"}},{"type":"Feature","id":431,"geometry":{"type":"MultiPoint","coordinates":[[-79.324793451999938,43.794052270000066]]},"properties":{"OBJECTID":431,"_id":431,"LOC_ID":6549,"LOC_NAME":"Bridlegrove Daycare Centre","AUSPICE":"Non Profit Agency","ADDRESS":"2575 PHARMACY AVE","PCODE":"M1W 2K2","ward":22,"PHONE":"(416) 497-7667","bldg_type":"Place of Worship","BLDGNAME":"Bridlegrove Bible Chapel","IGSPACE":0,"TGSPACE":15,"PGSPACE":40,"KGSPACE":0,"SGSPACE":0,"TOTSPACE":55,"subsidy":"Y","run_date":"28JUL26","cwelcc_flag":"Y"}},{"type":"Feature","id":432,"geometry":{"type":"MultiPoint","coordinates":[[-79.172935606999943,43.77580288200005]]},"properties":{"OBJECTID":432,"_id":432,"LOC_ID":6551,"LOC_NAME":"Beechgrove Sunshine Child Care","AUSPICE":"Non Profit Agency","ADDRESS":"4679 KINGSTON RD","PCODE":"M1E 2P8","ward":25,"PHONE":"(416) 284-6523","bldg_type":"Commercial Building","BLDGNAME":null,"IGSPACE":10,"TGSPACE":23,"PGSPACE":48,"KGSPACE":0,"SGSPACE":40,"TOTSPACE":121,"subsidy":"N","run_date":"28JUL26","cwelcc_flag":"Y"}},{"type":"Feature","id":433,"geometry":{"type":"MultiPoint","coordinates":[[-79.230894182999975,43.719758090000028]]},"properties":{"OBJECTID":433,"_id":433,"LOC_ID":6553,"LOC_NAME":"Fairmount Sunshine Child Care","AUSPICE":"Non Profit Agency","ADDRESS":"31 SLOLEY RD","PCODE":"M1M 1C7","ward":20,"PHONE":"(416) 265-3572","bldg_type":"Public Elementary School","BLDGNAME":"Fairmount Junior Public School","IGSPACE":0,"TGSPACE":0,"PGSPACE":24,"KGSPACE":26,"SGSPACE":60,"TOTSPACE":110,"subsidy":"Y","run_date":"28JUL26","cwelcc_flag":"Y"}},{"type":"Feature","id":434,"geometry":{"type":"MultiPoint","coordinates":[[-79.206034864999936,43.738151962000074]]},"properties":{"OBJECTID":434,"_id":434,"LOC_ID":6555,"LOC_NAME":"Simcoe Sunshine Child Care (166 Sylvan Avenue)","AUSPICE":"Non Profit Agency","ADDRESS":"166 SYLVAN AVE","PCODE":"M1E 1A3","ward":24,"PHONE":"(416) 264-4958","bldg_type":"Public Elementary School","BLDGNAME":"Elizabeth Simcoe Junior Public School","IGSPACE":0,"TGSPACE":0,"PGSPACE":24,"KGSPACE":26,"SGSPACE":60,"TOTSPACE":110,"subsidy":"Y","run_date":"28JUL26","cwelcc_flag":"Y"}},{"type":"Feature","id":435,"geometry":{"type":"MultiPoint","coordinates":[[-79.21199715399996,43.739335915000026]]},"properties":{"OBJECTID":435,"_id":435,"LOC_ID":6557,"LOC_NAME":"Sunshine Child Care Centre (Mackie Sunshine C C. Inc) - 60 Heathfield","AUSPICE":"Non Profit Agency","ADDRESS":"60 HEATHFIELD DR","PCODE":"M1M 3B1","ward":24,"PHONE":"(416) 269-6309","bldg_type":"Public Elementary School","BLDGNAME":"George P. Mackie Public School","IGSPACE":0,"TGSPACE":0,"PGSPACE":0,"KGSPACE":26,"SGSPACE":30,"TOTSPACE":56,"subsidy":"Y","run_date":"28JUL26","cwelcc_flag":"Y"}},{"type":"Feature","id":436,"geometry":{"type":"MultiPoint","coordinates":[[-79.293638406999946,43.738267078000035]]},"properties":{"OBJECTID":436,"_id":436,"LOC_ID":6559,"LOC_NAME":"Holland-Bloorview Kids Rehab. (Scarborough Site)","AUSPICE":"Non Profit Agency","ADDRESS":"1 WAYNE AVE","PCODE":"M1R 1Y1","ward":21,"PHONE":"(416) 759-8079","bldg_type":"Public Elementary School","BLDGNAME":"George Peck Public School","IGSPACE":0,"TGSPACE":0,"PGSPACE":24,"KGSPACE":0,"SGSPACE":0,"TOTSPACE":24,"subsidy":"Y","run_date":"28JUL26","cwelcc_flag":"Y"}},{"type":"Feature","id":437,"geometry":{"type":"MultiPoint","coordinates":[[-79.308346370999971,43.76194657700006]]},"properties":{"OBJECTID":437,"_id":437,"LOC_ID":6563,"LOC_NAME":"After Four Children's Enrichment Program","AUSPICE":"Non Profit Agency","ADDRESS":"10 JAPONICA RD","PCODE":"M1R 4R7","ward":21,"PHONE":"(416) 446-7398","bldg_type":"Catholic Elementary School","BLDGNAME":"Our Lady Of Wisdom Catholic School","IGSPACE":0,"TGSPACE":0,"PGSPACE":0,"KGSPACE":0,"SGSPACE":60,"TOTSPACE":60,"subsidy":"N","run_date":"28JUL26","cwelcc_flag":"N"}},{"type":"Feature","id":438,"geometry":{"type":"MultiPoint","coordinates":[[-79.279833502999963,43.826871413000049]]},"properties":{"OBJECTID":438,"_id":438,"LOC_ID":6571,"LOC_NAME":"Banting And Best Child Care Centre (380 Goldhawk)","AUSPICE":"Non Profit Agency","ADDRESS":"380 GOLDHAWK TRAIL","PCODE":"M1V 4E7","ward":23,"PHONE":"(416) 291-6163","bldg_type":"Public Elementary School","BLDGNAME":"Banting And Best Public School","IGSPACE":0,"TGSPACE":0,"PGSPACE":32,"KGSPACE":26,"SGSPACE":60,"TOTSPACE":118,"subsidy":"Y","run_date":"28JUL26","cwelcc_flag":"Y"}},{"type":"Feature","id":439,"geometry":{"type":"MultiPoint","coordinates":[[-79.137419039999941,43.797804324000026]]},"properties":{"OBJECTID":439,"_id":439,"LOC_ID":6573,"LOC_NAME":"Charlottetown Blvd. Childcare Centre","AUSPICE":"Non Profit Agency","ADDRESS":"111 ISLAND RD","PCODE":"M1C 2P7","ward":25,"PHONE":"(416) 724-0147","bldg_type":"Commercial Building","BLDGNAME":"Westrouge Plaza","IGSPACE":0,"TGSPACE":15,"PGSPACE":48,"KGSPACE":26,"SGSPACE":30,"TOTSPACE":119,"subsidy":"N","run_date":"28JUL26","cwelcc_flag":"Y"}},{"type":"Feature","id":440,"geometry":{"type":"MultiPoint","coordinates":[[-79.278150600999936,43.800128951000033]]},"properties":{"OBJECTID":440,"_id":440,"LOC_ID":6575,"LOC_NAME":"Chartland Child Care Inc","AUSPICE":"Non Profit Agency","ADDRESS":"109 CHARTLAND BLVD S","PCODE":"M1S 2R7","ward":23,"PHONE":"(416) 292-7278","bldg_type":"Public Elementary School","BLDGNAME":"Chartland Junior Public School","IGSPACE":0,"TGSPACE":0,"PGSPACE":24,"KGSPACE":26,"SGSPACE":60,"TOTSPACE":110,"subsidy":"Y","run_date":"28JUL26","cwelcc_flag":"Y"}},{"type":"Feature","id":441,"geometry":{"type":"MultiPoint","coordinates":[[-79.304830586999969,43.817488228000059]]},"properties":{"OBJECTID":441,"_id":441,"LOC_ID":6577,"LOC_NAME":"Cheer Day Care Centre","AUSPICE":"Non Profit Agency","ADDRESS":"3300 KENNEDY RD","PCODE":"M1V 3S8","ward":22,"PHONE":"(416) 292-4720","bldg_type":"Place of Worship","BLDGNAME":"Toronto Chinese United Church","IGSPACE":0,"TGSPACE":15,"PGSPACE":32,"KGSPACE":0,"SGSPACE":0,"TOTSPACE":47,"subsidy":"Y","run_date":"28JUL26","cwelcc_flag":"Y"}},{"type":"Feature","id":442,"geometry":{"type":"MultiPoint","coordinates":[[-79.29758125099994,43.779368412000053]]},"properties":{"OBJECTID":442,"_id":442,"LOC_ID":6583,"LOC_NAME":"Good Shepherd Day Care Centre","AUSPICE":"Non Profit Agency","ADDRESS":"2230 BIRCHMOUNT RD","PCODE":"M1T 2M2","ward":22,"PHONE":"(416) 293-5631","bldg_type":"Place of Worship","BLDGNAME":"Toronto Mandarin Chinese Community Church","IGSPACE":0,"TGSPACE":10,"PGSPACE":40,"KGSPACE":0,"SGSPACE":23,"TOTSPACE":73,"subsidy":"N","run_date":"28JUL26","cwelcc_flag":"Y"}},{"type":"Feature","id":443,"geometry":{"type":"MultiPoint","coordinates":[[-79.164068183999973,43.795511013000066]]},"properties":{"OBJECTID":443,"_id":443,"LOC_ID":6587,"LOC_NAME":"Meadowvale Daycare Centre","AUSPICE":"Non Profit Agency","ADDRESS":"761 MEADOWVALE RD","PCODE":"M1C 1T1","ward":25,"PHONE":"(416) 281-4171","bldg_type":"Public Elementary School","BLDGNAME":"Meadowvale Public School","IGSPACE":0,"TGSPACE":0,"PGSPACE":16,"KGSPACE":13,"SGSPACE":30,"TOTSPACE":59,"subsidy":"Y","run_date":"28JUL26","cwelcc_flag":"Y"}},{"type":"Feature","id":444,"geometry":{"type":"MultiPoint","coordinates":[[-79.251173940999934,43.717302166000024]]},"properties":{"OBJECTID":444,"_id":444,"LOC_ID":6593,"LOC_NAME":"St. Crispins Day Care Centre","AUSPICE":"Non Profit Agency","ADDRESS":"530 MIDLAND AVE","PCODE":"M1N 1T1","ward":20,"PHONE":"(416) 267-1618","bldg_type":"Place of Worship","BLDGNAME":null,"IGSPACE":0,"TGSPACE":10,"PGSPACE":14,"KGSPACE":0,"SGSPACE":30,"TOTSPACE":54,"subsidy":"Y","run_date":"28JUL26","cwelcc_flag":"Y"}},{"type":"Feature","id":445,"geometry":{"type":"MultiPoint","coordinates":[[-79.187240845999952,43.753730623000081]]},"properties":{"OBJECTID":445,"_id":445,"LOC_ID":6597,"LOC_NAME":"Dearham Wood Daycare","AUSPICE":"Non Profit Agency","ADDRESS":"66 DEARHAM WOOD","PCODE":"M1E 1S4","ward":24,"PHONE":"(416) 283-7207","bldg_type":"Public Elementary School","BLDGNAME":"Poplar Road Public School","IGSPACE":0,"TGSPACE":0,"PGSPACE":24,"KGSPACE":26,"SGSPACE":45,"TOTSPACE":95,"subsidy":"Y","run_date":"28JUL26","cwelcc_flag":"Y"}},{"type":"Feature","id":446,"geometry":{"type":"MultiPoint","coordinates":[[-79.420587358999967,43.702394450000043]]},"properties":{"OBJECTID":446,"_id":446,"LOC_ID":6608,"LOC_NAME":"Holland-Bloorview Kids Rehab. - (Play & Learn Nursery)","AUSPICE":"Non Profit Agency","ADDRESS":"666 EGLINTON AVE W","PCODE":"M5N 1B9","ward":8,"PHONE":"(416) 782-1105","bldg_type":"Purpose Built","BLDGNAME":null,"IGSPACE":0,"TGSPACE":10,"PGSPACE":24,"KGSPACE":0,"SGSPACE":0,"TOTSPACE":34,"subsidy":"Y","run_date":"28JUL26","cwelcc_flag":"Y"}},{"type":"Feature","id":447,"geometry":{"type":"MultiPoint","coordinates":[[-79.38041005499997,43.678549972000042]]},"properties":{"OBJECTID":447,"_id":447,"LOC_ID":6616,"LOC_NAME":"Rosedale Moore Park Association/Mooredale Preschool - Coach House","AUSPICE":"Non Profit Agency","ADDRESS":"146 CRESCENT RD","PCODE":"M4W 1V2","ward":11,"PHONE":"(416) 922-3714x113","bldg_type":"Community/Recreation Centre","BLDGNAME":"Mooredale House","IGSPACE":0,"TGSPACE":0,"PGSPACE":38,"KGSPACE":23,"SGSPACE":0,"TOTSPACE":61,"subsidy":"N","run_date":"28JUL26","cwelcc_flag":"N"}},{"type":"Feature","id":448,"geometry":{"type":"MultiPoint","coordinates":[[-79.348686331999943,43.662077745000033]]},"properties":{"OBJECTID":448,"_id":448,"LOC_ID":6620,"LOC_NAME":"Shaawnong Aboriginal Head Start","AUSPICE":"Non Profit Agency","ADDRESS":"935 DUNDAS ST E","PCODE":"M4M 1R4","ward":14,"PHONE":"(416) 639-9036","bldg_type":"Public Elementary School","BLDGNAME":"Dundas Junior  Public School","IGSPACE":0,"TGSPACE":0,"PGSPACE":16,"KGSPACE":0,"SGSPACE":0,"TOTSPACE":16,"subsidy":"N","run_date":"28JUL26","cwelcc_flag":"N"}},{"type":"Feature","id":449,"geometry":{"type":"MultiPoint","coordinates":[[-79.294568675999983,43.680224380000027]]},"properties":{"OBJECTID":449,"_id":449,"LOC_ID":6624,"LOC_NAME":"Kids Club (Day Care Connection)","AUSPICE":"Non Profit Agency","ADDRESS":"780 KINGSTON RD","PCODE":"M4E 1R7","ward":19,"PHONE":"(416) 693-6596","bldg_type":"Catholic Elementary School","BLDGNAME":"St. John Catholic School","IGSPACE":0,"TGSPACE":0,"PGSPACE":0,"KGSPACE":26,"SGSPACE":92,"TOTSPACE":118,"subsidy":"Y","run_date":"28JUL26","cwelcc_flag":"Y"}},{"type":"Feature","id":450,"geometry":{"type":"MultiPoint","coordinates":[[-79.405041406999942,43.732569466000029]]},"properties":{"OBJECTID":450,"_id":450,"LOC_ID":6628,"LOC_NAME":"North Yonge Child Care","AUSPICE":"Commercial Agency","ADDRESS":"27 MELROSE AVE","PCODE":"M5M 1Y6","ward":8,"PHONE":"(416) 481-8900","bldg_type":"House","BLDGNAME":null,"IGSPACE":10,"TGSPACE":15,"PGSPACE":0,"KGSPACE":0,"SGSPACE":0,"TOTSPACE":25,"subsidy":"N","run_date":"28JUL26","cwelcc_flag":"Y"}},{"type":"Feature","id":451,"geometry":{"type":"MultiPoint","coordinates":[[-79.40496872999995,43.73255066400003]]},"properties":{"OBJECTID":451,"_id":451,"LOC_ID":6630,"LOC_NAME":"North Yonge Child Care 2","AUSPICE":"Commercial Agency","ADDRESS":"25 MELROSE AVE","PCODE":"M5M 1Y6","ward":8,"PHONE":"(416) 481-8900","bldg_type":"House","BLDGNAME":null,"IGSPACE":0,"TGSPACE":0,"PGSPACE":32,"KGSPACE":0,"SGSPACE":0,"TOTSPACE":32,"subsidy":"N","run_date":"28JUL26","cwelcc_flag":"Y"}},{"type":"Feature","id":452,"geometry":{"type":"MultiPoint","coordinates":[[-79.485014308999951,43.659338094000077]]},"properties":{"OBJECTID":452,"_id":452,"LOC_ID":6632,"LOC_NAME":"A Place To Play Nursery School Of Bloor West Village","AUSPICE":"Non Profit Agency","ADDRESS":"680 ANNETTE ST","PCODE":"M6S 2C8","ward":4,"PHONE":"(416) 767-6650","bldg_type":"Place of Worship","BLDGNAME":"Runnymede Presbyterian","IGSPACE":0,"TGSPACE":0,"PGSPACE":16,"KGSPACE":0,"SGSPACE":0,"TOTSPACE":16,"subsidy":"N","run_date":"28JUL26","cwelcc_flag":"Y"}},{"type":"Feature","id":453,"geometry":{"type":"MultiPoint","coordinates":[[-79.404062256999964,43.666206584000065]]},"properties":{"OBJECTID":453,"_id":453,"LOC_ID":6638,"LOC_NAME":"Miles Nadal Community Centre Nursery School","AUSPICE":"Non Profit Agency","ADDRESS":"750 SPADINA AVE","PCODE":"M5S 2J2","ward":11,"PHONE":"(416) 924-6211x6119","bldg_type":"Community/Recreation Centre","BLDGNAME":"Miles Nadal Jewish Community Centre","IGSPACE":0,"TGSPACE":30,"PGSPACE":72,"KGSPACE":32,"SGSPACE":60,"TOTSPACE":194,"subsidy":"N","run_date":"28JUL26","cwelcc_flag":"Y"}},{"type":"Feature","id":454,"geometry":{"type":"MultiPoint","coordinates":[[-79.479214387999946,43.65681014900008]]},"properties":{"OBJECTID":454,"_id":454,"LOC_ID":6640,"LOC_NAME":"Bloor West Nursery School","AUSPICE":"Non Profit Agency","ADDRESS":"432 RUNNYMEDE RD","PCODE":"M6S 2Y8","ward":4,"PHONE":"(416) 767-6729x103","bldg_type":"Place of Worship","BLDGNAME":"Runnymede United Church","IGSPACE":0,"TGSPACE":0,"PGSPACE":16,"KGSPACE":0,"SGSPACE":0,"TOTSPACE":16,"subsidy":"N","run_date":"28JUL26","cwelcc_flag":"Y"}},{"type":"Feature","id":455,"geometry":{"type":"MultiPoint","coordinates":[[-79.299130844999979,43.682093137000038]]},"properties":{"OBJECTID":455,"_id":455,"LOC_ID":6648,"LOC_NAME":"Community Centre 55 - Children Services (97 Main Street)","AUSPICE":"Non Profit Agency","ADDRESS":"97 MAIN ST","PCODE":"M4E 2V6","ward":19,"PHONE":"(416) 691-1113x231","bldg_type":"Community/Recreation Centre","BLDGNAME":"Community Centre 55","IGSPACE":0,"TGSPACE":0,"PGSPACE":24,"KGSPACE":0,"SGSPACE":0,"TOTSPACE":24,"subsidy":"N","run_date":"28JUL26","cwelcc_flag":"Y"}},{"type":"Feature","id":456,"geometry":{"type":"MultiPoint","coordinates":[[-79.435778957999958,43.666735608000067]]},"properties":{"OBJECTID":456,"_id":456,"LOC_ID":6652,"LOC_NAME":"Dover Gardens Nursery School","AUSPICE":"Non Profit Agency","ADDRESS":"228 BARTLETT AVE","PCODE":"M6H 3G4","ward":9,"PHONE":"(416) 533-7337","bldg_type":"Public Elementary School","BLDGNAME":"Dovercourt Public School","IGSPACE":0,"TGSPACE":0,"PGSPACE":16,"KGSPACE":0,"SGSPACE":0,"TOTSPACE":16,"subsidy":"N","run_date":"28JUL26","cwelcc_flag":"Y"}},{"type":"Feature","id":457,"geometry":{"type":"MultiPoint","coordinates":[[-79.431249075999972,43.722665488000075]]},"properties":{"OBJECTID":457,"_id":457,"LOC_ID":6660,"LOC_NAME":"The Clover School","AUSPICE":"Commercial Agency","ADDRESS":"3180 BATHURST ST","PCODE":"M6A 2A9","ward":8,"PHONE":"(416) 781-4449","bldg_type":"Place of Worship","BLDGNAME":null,"IGSPACE":0,"TGSPACE":20,"PGSPACE":94,"KGSPACE":0,"SGSPACE":0,"TOTSPACE":114,"subsidy":"N","run_date":"28JUL26","cwelcc_flag":"N"}},{"type":"Feature","id":458,"geometry":{"type":"MultiPoint","coordinates":[[-79.299243702999945,43.680983142000059]]},"properties":{"OBJECTID":458,"_id":458,"LOC_ID":6674,"LOC_NAME":"Leroux Froebel Bilingual School","AUSPICE":"Commercial Agency","ADDRESS":"72 MAIN ST","PCODE":"M4E 2V7","ward":19,"PHONE":"(416) 698-1923","bldg_type":"Place of Worship","BLDGNAME":"Calvary Baptist Church","IGSPACE":10,"TGSPACE":30,"PGSPACE":23,"KGSPACE":26,"SGSPACE":15,"TOTSPACE":104,"subsidy":"N","run_date":"28JUL26","cwelcc_flag":"Y"}},{"type":"Feature","id":459,"geometry":{"type":"MultiPoint","coordinates":[[-79.386810634999961,43.702502474000028]]},"properties":{"OBJECTID":459,"_id":459,"LOC_ID":6676,"LOC_NAME":"Little Tots' Manor","AUSPICE":"Commercial Agency","ADDRESS":"211 BELSIZE DR","PCODE":"M4S 1M3","ward":15,"PHONE":"(416) 485-5515","bldg_type":"House","BLDGNAME":null,"IGSPACE":10,"TGSPACE":37,"PGSPACE":28,"KGSPACE":0,"SGSPACE":0,"TOTSPACE":75,"subsidy":"N","run_date":"28JUL26","cwelcc_flag":"Y"}},{"type":"Feature","id":460,"geometry":{"type":"MultiPoint","coordinates":[[-79.43106195699994,43.678076368000063]]},"properties":{"OBJECTID":460,"_id":460,"LOC_ID":6682,"LOC_NAME":"McMurrich Co-Operative Playschool","AUSPICE":"Non Profit Agency","ADDRESS":"115 WINONA DR","PCODE":"M6G 3S8","ward":12,"PHONE":"(416) 738-9456","bldg_type":"Public Elementary School","BLDGNAME":"McMurrich Public School","IGSPACE":0,"TGSPACE":0,"PGSPACE":16,"KGSPACE":0,"SGSPACE":0,"TOTSPACE":16,"subsidy":"N","run_date":"28JUL26","cwelcc_flag":"Y"}},{"type":"Feature","id":461,"geometry":{"type":"MultiPoint","coordinates":[[-79.392672133999952,43.689307751000058]]},"properties":{"OBJECTID":461,"_id":461,"LOC_ID":6686,"LOC_NAME":"Montessori For Children (St. Clair) Inc","AUSPICE":"Commercial Agency","ADDRESS":"25 ALVIN AVE","PCODE":"M4T 2A7","ward":12,"PHONE":"(416) 927-1958","bldg_type":"House","BLDGNAME":"Montessori For Children","IGSPACE":0,"TGSPACE":0,"PGSPACE":48,"KGSPACE":0,"SGSPACE":0,"TOTSPACE":48,"subsidy":"N","run_date":"28JUL26","cwelcc_flag":"N"}},{"type":"Feature","id":462,"geometry":{"type":"MultiPoint","coordinates":[[-79.514367953999965,43.741548156000079]]},"properties":{"OBJECTID":462,"_id":462,"LOC_ID":6690,"LOC_NAME":"Mount Carmel Day Care","AUSPICE":"Non Profit Agency","ADDRESS":"2700 JANE ST","PCODE":"M3L 1S4","ward":7,"PHONE":"(416) 749-5545","bldg_type":"Other","BLDGNAME":null,"IGSPACE":10,"TGSPACE":15,"PGSPACE":48,"KGSPACE":15,"SGSPACE":15,"TOTSPACE":103,"subsidy":"N","run_date":"28JUL26","cwelcc_flag":"Y"}},{"type":"Feature","id":463,"geometry":{"type":"MultiPoint","coordinates":[[-79.44792627299995,43.646837843000071]]},"properties":{"OBJECTID":463,"_id":463,"LOC_ID":6692,"LOC_NAME":"My School Co-Operative Nursery School","AUSPICE":"Non Profit Agency","ADDRESS":"116 FERMANAGH AVE","PCODE":"M6R 1M2","ward":4,"PHONE":"(416) 516-2397","bldg_type":"Catholic Elementary School","BLDGNAME":"St. Vincent De Paul","IGSPACE":0,"TGSPACE":0,"PGSPACE":24,"KGSPACE":0,"SGSPACE":0,"TOTSPACE":24,"subsidy":"N","run_date":"28JUL26","cwelcc_flag":"Y"}},{"type":"Feature","id":464,"geometry":{"type":"MultiPoint","coordinates":[[-79.395810112999982,43.690271240000072]]},"properties":{"OBJECTID":464,"_id":464,"LOC_ID":6697,"LOC_NAME":"Oriole Nursery School","AUSPICE":"Non Profit Agency","ADDRESS":"1570 YONGE ST","PCODE":"M4T 1Z8","ward":12,"PHONE":"(416) 960-1293","bldg_type":"Place of Worship","BLDGNAME":"Christ Church Deer Park","IGSPACE":0,"TGSPACE":0,"PGSPACE":32,"KGSPACE":0,"SGSPACE":0,"TOTSPACE":32,"subsidy":"N","run_date":"28JUL26","cwelcc_flag":"N"}},{"type":"Feature","id":465,"geometry":{"type":"MultiPoint","coordinates":[[-79.566025403999959,43.659475197000063]]},"properties":{"OBJECTID":465,"_id":465,"LOC_ID":6703,"LOC_NAME":"Sadochok Preschool Centre","AUSPICE":"Non Profit Agency","ADDRESS":"35 WEST DEANE PARK DR","PCODE":"M9B 2R5","ward":2,"PHONE":"(416) 626-7195","bldg_type":"Catholic Elementary School","BLDGNAME":"Joseph Cardinal Slipyj Catholic School","IGSPACE":0,"TGSPACE":10,"PGSPACE":46,"KGSPACE":0,"SGSPACE":0,"TOTSPACE":56,"subsidy":"N","run_date":"28JUL26","cwelcc_flag":"Y"}},{"type":"Feature","id":466,"geometry":{"type":"MultiPoint","coordinates":[[-79.30646434199997,43.71437958000007]]},"properties":{"OBJECTID":466,"_id":466,"LOC_ID":6705,"LOC_NAME":"The Scott Mission Child Care Centre","AUSPICE":"Non Profit Agency","ADDRESS":"1550 O CONNOR DR","PCODE":"M4B 2V3","ward":19,"PHONE":"(416) 923-4680x510","bldg_type":"Purpose Built","BLDGNAME":"The Scott Mission","IGSPACE":10,"TGSPACE":15,"PGSPACE":32,"KGSPACE":0,"SGSPACE":0,"TOTSPACE":57,"subsidy":"Y","run_date":"28JUL26","cwelcc_flag":"Y"}},{"type":"Feature","id":467,"geometry":{"type":"MultiPoint","coordinates":[[-79.415679241999953,43.671409987000061]]},"properties":{"OBJECTID":467,"_id":467,"LOC_ID":6709,"LOC_NAME":"St. Alban's Boys And Girls Club Preschool","AUSPICE":"Non Profit Agency","ADDRESS":"843 PALMERSTON AVE","PCODE":"M6G 2R8","ward":11,"PHONE":"(416) 534-8461","bldg_type":"Community/Recreation Centre","BLDGNAME":"St Alban's Boys And Girls Club","IGSPACE":0,"TGSPACE":25,"PGSPACE":44,"KGSPACE":0,"SGSPACE":0,"TOTSPACE":69,"subsidy":"Y","run_date":"28JUL26","cwelcc_flag":"Y"}},{"type":"Feature","id":468,"geometry":{"type":"MultiPoint","coordinates":[[-79.401793777999956,43.712610874000063]]},"properties":{"OBJECTID":468,"_id":468,"LOC_ID":6711,"LOC_NAME":"St. Clement's Early Learning School","AUSPICE":"Commercial Agency","ADDRESS":"70 ST CLEMENTS AVE","PCODE":"M4R 1H2","ward":8,"PHONE":"(416) 489-0822","bldg_type":"Place of Worship","BLDGNAME":"St. Clement's Anglican Church","IGSPACE":0,"TGSPACE":0,"PGSPACE":55,"KGSPACE":0,"SGSPACE":0,"TOTSPACE":55,"subsidy":"N","run_date":"28JUL26","cwelcc_flag":"N"}},{"type":"Feature","id":469,"geometry":{"type":"MultiPoint","coordinates":[[-79.477879151999957,43.65423321600008]]},"properties":{"OBJECTID":469,"_id":469,"LOC_ID":6713,"LOC_NAME":"Stepping Stones Day Nursery","AUSPICE":"Commercial Agency","ADDRESS":"342 RUNNYMEDE RD","PCODE":"M6S 2Y6","ward":4,"PHONE":"(416) 769-9719","bldg_type":"House","BLDGNAME":null,"IGSPACE":0,"TGSPACE":15,"PGSPACE":16,"KGSPACE":0,"SGSPACE":0,"TOTSPACE":31,"subsidy":"N","run_date":"28JUL26","cwelcc_flag":"Y"}},{"type":"Feature","id":470,"geometry":{"type":"MultiPoint","coordinates":[[-79.337034016999951,43.680994697000074]]},"properties":{"OBJECTID":470,"_id":470,"LOC_ID":6715,"LOC_NAME":"The Creative Preschool Of East Toronto","AUSPICE":"Non Profit Agency","ADDRESS":"49 DONLANDS AVE","PCODE":"M4J 3N5","ward":14,"PHONE":"(416) 465-3865","bldg_type":"Church","BLDGNAME":"St David's Anglican Church","IGSPACE":0,"TGSPACE":0,"PGSPACE":0,"KGSPACE":26,"SGSPACE":0,"TOTSPACE":26,"subsidy":"N","run_date":"28JUL26","cwelcc_flag":"Y"}},{"type":"Feature","id":471,"geometry":{"type":"MultiPoint","coordinates":[[-79.400278366999942,43.727798260000043]]},"properties":{"OBJECTID":471,"_id":471,"LOC_ID":6719,"LOC_NAME":"Ranleigh Rascals","AUSPICE":"Non Profit Agency","ADDRESS":"81 RANLEIGH AVE","PCODE":"M4N 1X2","ward":15,"PHONE":"(416) 487-2373","bldg_type":"Public Elementary School","BLDGNAME":"Bedford Park Public School","IGSPACE":0,"TGSPACE":0,"PGSPACE":16,"KGSPACE":60,"SGSPACE":102,"TOTSPACE":178,"subsidy":"Y","run_date":"28JUL26","cwelcc_flag":"Y"}},{"type":"Feature","id":472,"geometry":{"type":"MultiPoint","coordinates":[[-79.474581514999954,43.657091487000059]]},"properties":{"OBJECTID":472,"_id":472,"LOC_ID":6723,"LOC_NAME":"Time For Play Nursery School","AUSPICE":"Non Profit Agency","ADDRESS":"125 EVELYN CRES","PCODE":"M6P 3E3","ward":4,"PHONE":"(416) 769-1550","bldg_type":"Public High School","BLDGNAME":"Western Technical Commercial High School","IGSPACE":0,"TGSPACE":0,"PGSPACE":16,"KGSPACE":0,"SGSPACE":0,"TOTSPACE":16,"subsidy":"N","run_date":"28JUL26","cwelcc_flag":"Y"}},{"type":"Feature","id":473,"geometry":{"type":"MultiPoint","coordinates":[[-79.548194296999952,43.673584979000054]]},"properties":{"OBJECTID":473,"_id":473,"LOC_ID":6731,"LOC_NAME":"Ukrainian Co-Operative Nursery School","AUSPICE":"Non Profit Agency","ADDRESS":"516 THE KINGSWAY","PCODE":"M9A 3W6","ward":2,"PHONE":"(416) 763-2922","bldg_type":"Place of Worship","BLDGNAME":"St. Paul's","IGSPACE":0,"TGSPACE":15,"PGSPACE":20,"KGSPACE":13,"SGSPACE":0,"TOTSPACE":48,"subsidy":"N","run_date":"28JUL26","cwelcc_flag":"Y"}},{"type":"Feature","id":474,"geometry":{"type":"MultiPoint","coordinates":[[-79.425263468999958,43.698285823000049]]},"properties":{"OBJECTID":474,"_id":474,"LOC_ID":6744,"LOC_NAME":"Toronto Hebrew Congregation/Holy Blossom Temple Preschool","AUSPICE":"Non Profit Agency","ADDRESS":"1950 BATHURST ST","PCODE":"M5P 3K9","ward":12,"PHONE":"(416) 789-3291","bldg_type":"Synagogue","BLDGNAME":"Holy Blossom Temple","IGSPACE":0,"TGSPACE":40,"PGSPACE":20,"KGSPACE":0,"SGSPACE":0,"TOTSPACE":60,"subsidy":"N","run_date":"28JUL26","cwelcc_flag":"Y"}},{"type":"Feature","id":475,"geometry":{"type":"MultiPoint","coordinates":[[-79.489814655999965,43.663540849000071]]},"properties":{"OBJECTID":475,"_id":475,"LOC_ID":6746,"LOC_NAME":"Humbercrest Nursery School","AUSPICE":"Non Profit Agency","ADDRESS":"569 JANE ST","PCODE":"M6S 4A3","ward":4,"PHONE":"(416) 763-7309","bldg_type":"Public High School","BLDGNAME":"Runnymede Junior And Senior Public School","IGSPACE":0,"TGSPACE":0,"PGSPACE":14,"KGSPACE":0,"SGSPACE":0,"TOTSPACE":14,"subsidy":"N","run_date":"28JUL26","cwelcc_flag":"Y"}},{"type":"Feature","id":476,"geometry":{"type":"MultiPoint","coordinates":[[-79.442911587999959,43.69225562400004]]},"properties":{"OBJECTID":476,"_id":476,"LOC_ID":6752,"LOC_NAME":"St. Bernadette's Family Resource Centre","AUSPICE":"Non Profit Agency","ADDRESS":"20 BANSLEY AVE","PCODE":"M6E 2A2","ward":12,"PHONE":"(416) 397-6300","bldg_type":"Catholic Elementary School","BLDGNAME":"D'Arcy McGee","IGSPACE":0,"TGSPACE":10,"PGSPACE":16,"KGSPACE":0,"SGSPACE":30,"TOTSPACE":56,"subsidy":"Y","run_date":"28JUL26","cwelcc_flag":"Y"}},{"type":"Feature","id":477,"geometry":{"type":"MultiPoint","coordinates":[[-79.400741944999936,43.665917142000069]]},"properties":{"OBJECTID":477,"_id":477,"LOC_ID":6777,"LOC_NAME":"Huron Playschool Co-Operative","AUSPICE":"Non Profit Agency","ADDRESS":"383 HURON ST","PCODE":"M5S 2G5","ward":11,"PHONE":"(416) 977-1109","bldg_type":"Place of Worship","BLDGNAME":"St. Thomas Anglican Church","IGSPACE":0,"TGSPACE":0,"PGSPACE":16,"KGSPACE":0,"SGSPACE":0,"TOTSPACE":16,"subsidy":"N","run_date":"28JUL26","cwelcc_flag":"Y"}},{"type":"Feature","id":478,"geometry":{"type":"MultiPoint","coordinates":[[-79.278947525999968,43.825397683000062]]},"properties":{"OBJECTID":478,"_id":478,"LOC_ID":6789,"LOC_NAME":"Banting And Best Schoolage Satellite(255 Alton Towers)","AUSPICE":"Non Profit Agency","ADDRESS":"255 ALTON TOWERS CIR","PCODE":"M1V 4E7","ward":23,"PHONE":"(416) 291-6163","bldg_type":"Catholic Elementary School","BLDGNAME":"Prince Of Peace Catholic School","IGSPACE":0,"TGSPACE":0,"PGSPACE":0,"KGSPACE":13,"SGSPACE":30,"TOTSPACE":43,"subsidy":"Y","run_date":"28JUL26","cwelcc_flag":"Y"}},{"type":"Feature","id":479,"geometry":{"type":"MultiPoint","coordinates":[[-79.404312399999981,43.743403940000064]]},"properties":{"OBJECTID":479,"_id":479,"LOC_ID":6809,"LOC_NAME":"Yes I Can Nursery School","AUSPICE":"Non Profit Agency","ADDRESS":"25 OLD YORK MILLS RD","PCODE":"M2P 1B5","ward":15,"PHONE":"(416) 486-4911","bldg_type":"Place of Worship","BLDGNAME":null,"IGSPACE":0,"TGSPACE":0,"PGSPACE":24,"KGSPACE":0,"SGSPACE":0,"TOTSPACE":24,"subsidy":"Y","run_date":"28JUL26","cwelcc_flag":"Y"}},{"type":"Feature","id":480,"geometry":{"type":"MultiPoint","coordinates":[[-79.378391362999935,43.615708853000058]]},"properties":{"OBJECTID":480,"_id":480,"LOC_ID":6860,"LOC_NAME":"Gibraltar Point Day Nursery Inc.","AUSPICE":"Non Profit Agency","ADDRESS":"30 CENTRE ISLAND PK","PCODE":"M5J 2E9","ward":10,"PHONE":"(416) 393-1907","bldg_type":"Public Elementary School","BLDGNAME":"Island Public & Natural Science School","IGSPACE":0,"TGSPACE":0,"PGSPACE":16,"KGSPACE":0,"SGSPACE":0,"TOTSPACE":16,"subsidy":"Y","run_date":"28JUL26","cwelcc_flag":"Y"}},{"type":"Feature","id":481,"geometry":{"type":"MultiPoint","coordinates":[[-79.38041005499997,43.678549972000042]]},"properties":{"OBJECTID":481,"_id":481,"LOC_ID":6899,"LOC_NAME":"Rosedale Moore Park Association/Mooredale Preschool - Main House","AUSPICE":"Non Profit Agency","ADDRESS":"146 CRESCENT RD","PCODE":"M4W 1V2","ward":11,"PHONE":"(416) 922-3714x113","bldg_type":"Community/Recreation Centre","BLDGNAME":"Mooredale House","IGSPACE":0,"TGSPACE":15,"PGSPACE":16,"KGSPACE":0,"SGSPACE":0,"TOTSPACE":31,"subsidy":"N","run_date":"28JUL26","cwelcc_flag":"N"}},{"type":"Feature","id":482,"geometry":{"type":"MultiPoint","coordinates":[[-79.340143061999981,43.761903038000071]]},"properties":{"OBJECTID":482,"_id":482,"LOC_ID":6953,"LOC_NAME":"Rene Gordon School Age Ymca","AUSPICE":"Non Profit Agency","ADDRESS":"20 KAREN RD","PCODE":"M3A 3L6","ward":16,"PHONE":"(416) 293-3020","bldg_type":"Public Elementary School","BLDGNAME":"Rene Gordon Public School","IGSPACE":0,"TGSPACE":0,"PGSPACE":0,"KGSPACE":13,"SGSPACE":30,"TOTSPACE":43,"subsidy":"Y","run_date":"28JUL26","cwelcc_flag":"Y"}},{"type":"Feature","id":483,"geometry":{"type":"MultiPoint","coordinates":[[-79.33501208499996,43.759650013000055]]},"properties":{"OBJECTID":483,"_id":483,"LOC_ID":7055,"LOC_NAME":"York Mills Child Care Centre","AUSPICE":"Commercial Agency","ADDRESS":"1200 YORK MILLS RD","PCODE":"M3A 1X8","ward":16,"PHONE":"(416) 449-9453","bldg_type":"High Rise Apartment","BLDGNAME":null,"IGSPACE":10,"TGSPACE":20,"PGSPACE":40,"KGSPACE":0,"SGSPACE":0,"TOTSPACE":70,"subsidy":"Y","run_date":"28JUL26","cwelcc_flag":"Y"}},{"type":"Feature","id":484,"geometry":{"type":"MultiPoint","coordinates":[[-79.493682080999974,43.612986441000032]]},"properties":{"OBJECTID":484,"_id":484,"LOC_ID":7108,"LOC_NAME":"Phoenix Montessori School Inc.","AUSPICE":"Commercial Agency","ADDRESS":"2 STATION RD","PCODE":"M8V 2P9","ward":3,"PHONE":"(416) 695-1212","bldg_type":"Public (school closed)","BLDGNAME":"The Phoenix Montessori School","IGSPACE":10,"TGSPACE":26,"PGSPACE":13,"KGSPACE":76,"SGSPACE":0,"TOTSPACE":125,"subsidy":"N","run_date":"28JUL26","cwelcc_flag":"N"}},{"type":"Feature","id":485,"geometry":{"type":"MultiPoint","coordinates":[[-79.314491718999989,43.676063663000036]]},"properties":{"OBJECTID":485,"_id":485,"LOC_ID":7111,"LOC_NAME":"Bowmore","AUSPICE":"Non Profit Agency","ADDRESS":"80 BOWMORE RD","PCODE":"M4L 3J2","ward":19,"PHONE":"(416) 465-6678","bldg_type":"Public Elementary School","BLDGNAME":"Bowmore Public School","IGSPACE":0,"TGSPACE":0,"PGSPACE":37,"KGSPACE":52,"SGSPACE":0,"TOTSPACE":89,"subsidy":"Y","run_date":"28JUL26","cwelcc_flag":"Y"}},{"type":"Feature","id":486,"geometry":{"type":"MultiPoint","coordinates":[[-79.528987008999934,43.665137207000043]]},"properties":{"OBJECTID":486,"_id":486,"LOC_ID":7230,"LOC_NAME":"Hillside Montessori School","AUSPICE":"Commercial Agency","ADDRESS":"76 ANGLESEY BLVD","PCODE":"M9A 3C1","ward":2,"PHONE":"(416) 846-1470","bldg_type":"Place of Worship","BLDGNAME":"Humber Valley United Church","IGSPACE":0,"TGSPACE":0,"PGSPACE":24,"KGSPACE":0,"SGSPACE":0,"TOTSPACE":24,"subsidy":"N","run_date":"28JUL26","cwelcc_flag":"N"}},{"type":"Feature","id":487,"geometry":{"type":"MultiPoint","coordinates":[[-79.334995642999957,43.726380684000048]]},"properties":{"OBJECTID":487,"_id":487,"LOC_ID":7236,"LOC_NAME":"Ikebata Nursery School","AUSPICE":"Commercial Agency","ADDRESS":"6 SAKURA WAY","PCODE":"M3C 1Z5","ward":16,"PHONE":"(416) 510-1441","bldg_type":"Community/Rec Centre - Private","BLDGNAME":"Japanese Cultural Centre","IGSPACE":0,"TGSPACE":15,"PGSPACE":32,"KGSPACE":33,"SGSPACE":0,"TOTSPACE":80,"subsidy":"N","run_date":"28JUL26","cwelcc_flag":"Y"}},{"type":"Feature","id":488,"geometry":{"type":"MultiPoint","coordinates":[[-79.395474416999946,43.690565023000033]]},"properties":{"OBJECTID":488,"_id":488,"LOC_ID":7382,"LOC_NAME":"Centennial Infant And Child Centre","AUSPICE":"Non Profit Agency","ADDRESS":"1580 YONGE ST","PCODE":"M4T 1Z8","ward":12,"PHONE":"(416) 935-0200x261","bldg_type":"Purpose Built","BLDGNAME":null,"IGSPACE":0,"TGSPACE":0,"PGSPACE":32,"KGSPACE":0,"SGSPACE":0,"TOTSPACE":32,"subsidy":"Y","run_date":"28JUL26","cwelcc_flag":"Y"}},{"type":"Feature","id":489,"geometry":{"type":"MultiPoint","coordinates":[[-79.524034698999969,43.635910086000081]]},"properties":{"OBJECTID":489,"_id":489,"LOC_ID":7491,"LOC_NAME":"Learning Garden Childcare","AUSPICE":"Commercial Agency","ADDRESS":"69 SIX POINT RD","PCODE":"M8Z 2X3","ward":3,"PHONE":"(416) 231-8998","bldg_type":"Commercial Building","BLDGNAME":"Commercial Retrofit - Single Unit","IGSPACE":0,"TGSPACE":14,"PGSPACE":46,"KGSPACE":0,"SGSPACE":0,"TOTSPACE":60,"subsidy":"N","run_date":"28JUL26","cwelcc_flag":"N"}},{"type":"Feature","id":490,"geometry":{"type":"MultiPoint","coordinates":[[-79.496646227999975,43.613076332000048]]},"properties":{"OBJECTID":490,"_id":490,"LOC_ID":7505,"LOC_NAME":"The Rec Room Before & After School Program","AUSPICE":"Commercial Agency","ADDRESS":"255 ROYAL YORK RD","PCODE":"M8V 2V8","ward":3,"PHONE":"(416) 253-8553","bldg_type":"Community Rec/Centre - Board Run","BLDGNAME":"Mimico Adult Centre","IGSPACE":0,"TGSPACE":0,"PGSPACE":24,"KGSPACE":48,"SGSPACE":108,"TOTSPACE":180,"subsidy":"N","run_date":"28JUL26","cwelcc_flag":"Y"}},{"type":"Feature","id":491,"geometry":{"type":"MultiPoint","coordinates":[[-79.302637876999938,43.723704883000039]]},"properties":{"OBJECTID":491,"_id":491,"LOC_ID":7528,"LOC_NAME":"My Little School","AUSPICE":"Commercial Agency","ADDRESS":"1492 VICTORIA PARK AVE","PCODE":"M4A 2M6","ward":16,"PHONE":"(416) 755-0305","bldg_type":"Other","BLDGNAME":null,"IGSPACE":10,"TGSPACE":15,"PGSPACE":24,"KGSPACE":0,"SGSPACE":20,"TOTSPACE":69,"subsidy":"Y","run_date":"28JUL26","cwelcc_flag":"Y"}},{"type":"Feature","id":492,"geometry":{"type":"MultiPoint","coordinates":[[-79.484713338999939,43.651277226000047]]},"properties":{"OBJECTID":492,"_id":492,"LOC_ID":7549,"LOC_NAME":"Plasp St. Pius X Catholic School","AUSPICE":"Non Profit Agency","ADDRESS":"71 JANE ST","PCODE":"M6S 3Y3","ward":4,"PHONE":"(888) 739-4102","bldg_type":"Catholic Elementary School","BLDGNAME":"St. Pius X","IGSPACE":0,"TGSPACE":0,"PGSPACE":0,"KGSPACE":13,"SGSPACE":30,"TOTSPACE":43,"subsidy":"Y","run_date":"28JUL26","cwelcc_flag":"Y"}},{"type":"Feature","id":493,"geometry":{"type":"MultiPoint","coordinates":[[-79.180711341999938,43.775196514000072]]},"properties":{"OBJECTID":493,"_id":493,"LOC_ID":7652,"LOC_NAME":"Friendly Little Campus Daycare 2","AUSPICE":"Commercial Agency","ADDRESS":"63 ORCHARD PARK DR","PCODE":"M1E 3T8","ward":25,"PHONE":"(416) 282-5556","bldg_type":"Purpose Built","BLDGNAME":null,"IGSPACE":20,"TGSPACE":30,"PGSPACE":48,"KGSPACE":0,"SGSPACE":0,"TOTSPACE":98,"subsidy":"Y","run_date":"28JUL26","cwelcc_flag":"Y"}},{"type":"Feature","id":494,"geometry":{"type":"MultiPoint","coordinates":[[-79.440046671999937,43.683985651000057]]},"properties":{"OBJECTID":494,"_id":494,"LOC_ID":7689,"LOC_NAME":"Rawlinson B & A School Program","AUSPICE":"Non Profit Agency","ADDRESS":"231 GLENHOLME AVE","PCODE":"M6E 3C7","ward":9,"PHONE":"(416) 394-3079","bldg_type":"Public Elementary School","BLDGNAME":"Rawlinson Community School","IGSPACE":0,"TGSPACE":0,"PGSPACE":0,"KGSPACE":78,"SGSPACE":120,"TOTSPACE":198,"subsidy":"Y","run_date":"28JUL26","cwelcc_flag":"Y"}},{"type":"Feature","id":495,"geometry":{"type":"MultiPoint","coordinates":[[-79.486886750999986,43.663162689000046]]},"properties":{"OBJECTID":495,"_id":495,"LOC_ID":7693,"LOC_NAME":"King George B & A School Program","AUSPICE":"Non Profit Agency","ADDRESS":"25 REXFORD RD","PCODE":"M6S 2M2","ward":4,"PHONE":"(416) 509-0159","bldg_type":"Public Elementary School","BLDGNAME":"King George Junior Public School","IGSPACE":0,"TGSPACE":0,"PGSPACE":0,"KGSPACE":26,"SGSPACE":60,"TOTSPACE":86,"subsidy":"Y","run_date":"28JUL26","cwelcc_flag":"Y"}},{"type":"Feature","id":496,"geometry":{"type":"MultiPoint","coordinates":[[-79.509329931999957,43.705978150000078]]},"properties":{"OBJECTID":496,"_id":496,"LOC_ID":7699,"LOC_NAME":"Weston Memorial B & A School Program","AUSPICE":"Non Profit Agency","ADDRESS":"200 JOHN ST","PCODE":"M9N 1K2","ward":5,"PHONE":"(416) 241-5534","bldg_type":"Public Elementary School","BLDGNAME":"Weston Memorial Junior Public School","IGSPACE":0,"TGSPACE":0,"PGSPACE":0,"KGSPACE":13,"SGSPACE":30,"TOTSPACE":43,"subsidy":"Y","run_date":"28JUL26","cwelcc_flag":"Y"}},{"type":"Feature","id":497,"geometry":{"type":"MultiPoint","coordinates":[[-79.414544106999983,43.653067599000053]]},"properties":{"OBJECTID":497,"_id":497,"LOC_ID":7708,"LOC_NAME":"Garderie La Farandole Sur Grace","AUSPICE":"Non Profit Agency","ADDRESS":"77 GRACE ST","PCODE":"M6J 2S4","ward":11,"PHONE":"(416) 603-6062","bldg_type":"Public Elementary (French)","BLDGNAME":"Ecole Elementaire Pierre Elliott Trudeau","IGSPACE":10,"TGSPACE":15,"PGSPACE":24,"KGSPACE":52,"SGSPACE":60,"TOTSPACE":161,"subsidy":"Y","run_date":"28JUL26","cwelcc_flag":"Y"}},{"type":"Feature","id":498,"geometry":{"type":"MultiPoint","coordinates":[[-79.295013218999941,43.745056371000032]]},"properties":{"OBJECTID":498,"_id":498,"LOC_ID":7712,"LOC_NAME":"Scarborough Citadel Child Care","AUSPICE":"Non Profit Agency","ADDRESS":"2021 LAWRENCE AVE E","PCODE":"M1R 2Z2","ward":21,"PHONE":"(416) 759-1721x4","bldg_type":"Church","BLDGNAME":"Salvation Army Scarborough Citadel Corp.","IGSPACE":10,"TGSPACE":15,"PGSPACE":24,"KGSPACE":0,"SGSPACE":0,"TOTSPACE":49,"subsidy":"Y","run_date":"28JUL26","cwelcc_flag":"Y"}},{"type":"Feature","id":499,"geometry":{"type":"MultiPoint","coordinates":[[-79.428020449999963,43.686635093000064]]},"properties":{"OBJECTID":499,"_id":499,"LOC_ID":7766,"LOC_NAME":"Maplewood Before And After School Care","AUSPICE":"Non Profit Agency","ADDRESS":"15 CHERRYWOOD AVE","PCODE":"M6C 2X4","ward":12,"PHONE":"(416) 654-2498","bldg_type":"Public Elementary School","BLDGNAME":"Humewood Community School","IGSPACE":0,"TGSPACE":0,"PGSPACE":0,"KGSPACE":0,"SGSPACE":120,"TOTSPACE":120,"subsidy":"Y","run_date":"28JUL26","cwelcc_flag":"N"}},{"type":"Feature","id":500,"geometry":{"type":"MultiPoint","coordinates":[[-79.440063284999951,43.673775167000031]]},"properties":{"OBJECTID":500,"_id":500,"LOC_ID":7818,"LOC_NAME":"Ascot Avenue Community Day Care","AUSPICE":"Non Profit Agency","ADDRESS":"95 REGAL RD","PCODE":"M6H 2J6","ward":9,"PHONE":"(416) 653-7760","bldg_type":"Public Elementary School","BLDGNAME":"Regal Road Public School","IGSPACE":0,"TGSPACE":0,"PGSPACE":0,"KGSPACE":78,"SGSPACE":105,"TOTSPACE":183,"subsidy":"Y","run_date":"28JUL26","cwelcc_flag":"Y"}},{"type":"Feature","id":501,"geometry":{"type":"MultiPoint","coordinates":[[-79.517657254999961,43.628409254000076]]},"properties":{"OBJECTID":501,"_id":501,"LOC_ID":7939,"LOC_NAME":"Plasp Holy Angels Catholic School","AUSPICE":"Non Profit Agency","ADDRESS":"65 JUTLAND RD","PCODE":"M8Z 2G6","ward":3,"PHONE":"(888) 739-4102","bldg_type":"Catholic Elementary School","BLDGNAME":"Holy Angels Catholic School","IGSPACE":10,"TGSPACE":25,"PGSPACE":32,"KGSPACE":26,"SGSPACE":30,"TOTSPACE":123,"subsidy":"Y","run_date":"28JUL26","cwelcc_flag":"Y"}},{"type":"Feature","id":502,"geometry":{"type":"MultiPoint","coordinates":[[-79.207980300999964,43.763136467000038]]},"properties":{"OBJECTID":502,"_id":502,"LOC_ID":7978,"LOC_NAME":"Future Stars Child Care Centre","AUSPICE":"Commercial Agency","ADDRESS":"3895 LAWRENCE AVE E","PCODE":"M1G 3T3","ward":24,"PHONE":"(416) 431-3898","bldg_type":"High Rise Apartment","BLDGNAME":null,"IGSPACE":0,"TGSPACE":0,"PGSPACE":24,"KGSPACE":0,"SGSPACE":28,"TOTSPACE":52,"subsidy":"Y","run_date":"28JUL26","cwelcc_flag":"Y"}},{"type":"Feature","id":503,"geometry":{"type":"MultiPoint","coordinates":[[-79.350736113999972,43.69346273900004]]},"properties":{"OBJECTID":503,"_id":503,"LOC_ID":7981,"LOC_NAME":"Petite Maison Montessori","AUSPICE":"Commercial Agency","ADDRESS":"126 O CONNOR DR","PCODE":"M4K 2K7","ward":14,"PHONE":"(416) 429-0507","bldg_type":"Place of Worship","BLDGNAME":"Don Mills United Church","IGSPACE":0,"TGSPACE":15,"PGSPACE":48,"KGSPACE":0,"SGSPACE":0,"TOTSPACE":63,"subsidy":"N","run_date":"28JUL26","cwelcc_flag":"Y"}},{"type":"Feature","id":504,"geometry":{"type":"MultiPoint","coordinates":[[-79.316462274999935,43.745727722000026]]},"properties":{"OBJECTID":504,"_id":504,"LOC_ID":7987,"LOC_NAME":"Broadlands School Age Program Ymca","AUSPICE":"Non Profit Agency","ADDRESS":"106 BROADLANDS BLVD","PCODE":"M3A 1J7","ward":16,"PHONE":"(416) 492-3364","bldg_type":"Public Elementary School","BLDGNAME":"Broadlands Public School","IGSPACE":0,"TGSPACE":0,"PGSPACE":0,"KGSPACE":13,"SGSPACE":30,"TOTSPACE":43,"subsidy":"Y","run_date":"28JUL26","cwelcc_flag":"Y"}},{"type":"Feature","id":505,"geometry":{"type":"MultiPoint","coordinates":[[-79.195210079999981,43.766151054000034]]},"properties":{"OBJECTID":505,"_id":505,"LOC_ID":8162,"LOC_NAME":"Growing Tykes Child Care","AUSPICE":"Non Profit Agency","ADDRESS":"4105 LAWRENCE AVE E","PCODE":"M1E 2S2","ward":24,"PHONE":"(416) 438-5989","bldg_type":"Purpose Built","BLDGNAME":"Growing Tykes Learning Centre","IGSPACE":30,"TGSPACE":40,"PGSPACE":72,"KGSPACE":0,"SGSPACE":0,"TOTSPACE":142,"subsidy":"Y","run_date":"28JUL26","cwelcc_flag":"Y"}},{"type":"Feature","id":506,"geometry":{"type":"MultiPoint","coordinates":[[-79.434310021999977,43.637102710000079]]},"properties":{"OBJECTID":506,"_id":506,"LOC_ID":8163,"LOC_NAME":"Parkdale Early Learning Centre - CDI - 119 Close Ave.","AUSPICE":"Non Profit Agency","ADDRESS":"119 CLOSE AVE","PCODE":"M6K 2V2","ward":4,"PHONE":"(416) 535-6116","bldg_type":"House","BLDGNAME":null,"IGSPACE":10,"TGSPACE":15,"PGSPACE":24,"KGSPACE":0,"SGSPACE":0,"TOTSPACE":49,"subsidy":"Y","run_date":"28JUL26","cwelcc_flag":"Y"}},{"type":"Feature","id":507,"geometry":{"type":"MultiPoint","coordinates":[[-79.444145180999953,43.749657532000072]]},"properties":{"OBJECTID":507,"_id":507,"LOC_ID":8168,"LOC_NAME":"St. Robert School Age Ymca","AUSPICE":"Non Profit Agency","ADDRESS":"70 BAINBRIDGE AVE","PCODE":"M3H 2K2","ward":6,"PHONE":"(437) 225-8035","bldg_type":"Catholic Elementary School","BLDGNAME":"St. Robert Catholic School","IGSPACE":0,"TGSPACE":0,"PGSPACE":0,"KGSPACE":26,"SGSPACE":45,"TOTSPACE":71,"subsidy":"Y","run_date":"28JUL26","cwelcc_flag":"Y"}},{"type":"Feature","id":508,"geometry":{"type":"MultiPoint","coordinates":[[-79.453757526999937,43.770632437000074]]},"properties":{"OBJECTID":508,"_id":508,"LOC_ID":8169,"LOC_NAME":"Carousel Child Care Development Centre","AUSPICE":"Commercial Agency","ADDRESS":"623 FINCH AVE W","PCODE":"M2R 3V4","ward":6,"PHONE":"(416) 636-0614","bldg_type":"High Rise Apartment","BLDGNAME":null,"IGSPACE":0,"TGSPACE":14,"PGSPACE":32,"KGSPACE":0,"SGSPACE":0,"TOTSPACE":46,"subsidy":"Y","run_date":"28JUL26","cwelcc_flag":"Y"}},{"type":"Feature","id":509,"geometry":{"type":"MultiPoint","coordinates":[[-79.426513729999954,43.783493982000039]]},"properties":{"OBJECTID":509,"_id":509,"LOC_ID":8198,"LOC_NAME":"Play And Grow Child Care Centre","AUSPICE":"Non Profit Agency","ADDRESS":"227 DREWRY AVE","PCODE":"M2M 1E3","ward":18,"PHONE":"(416) 395-5098","bldg_type":"Public Elementary School","BLDGNAME":"R J Lang Public School","IGSPACE":0,"TGSPACE":0,"PGSPACE":0,"KGSPACE":26,"SGSPACE":45,"TOTSPACE":71,"subsidy":"Y","run_date":"28JUL26","cwelcc_flag":"Y"}},{"type":"Feature","id":510,"geometry":{"type":"MultiPoint","coordinates":[[-79.275433601999964,43.684154990000025]]},"properties":{"OBJECTID":510,"_id":510,"LOC_ID":8200,"LOC_NAME":"Avalon Children's Montessori School","AUSPICE":"Commercial Agency","ADDRESS":"31 WOOD GLEN RD","PCODE":"M1N 2V8","ward":20,"PHONE":"(416) 690-7744","bldg_type":"Place of Worship","BLDGNAME":"Fallingbrook Presbyterian Church","IGSPACE":0,"TGSPACE":0,"PGSPACE":31,"KGSPACE":0,"SGSPACE":0,"TOTSPACE":31,"subsidy":"N","run_date":"28JUL26","cwelcc_flag":"N"}},{"type":"Feature","id":511,"geometry":{"type":"MultiPoint","coordinates":[[-79.440223380999953,43.748955385000045]]},"properties":{"OBJECTID":511,"_id":511,"LOC_ID":8205,"LOC_NAME":"Montessori Jewish Day School Of Toronto","AUSPICE":"Non Profit Agency","ADDRESS":"55 YEOMANS RD","PCODE":"M3H 3J7","ward":6,"PHONE":"(416) 784-5071","bldg_type":"Synagogue","BLDGNAME":"Beth David Synagogue","IGSPACE":0,"TGSPACE":45,"PGSPACE":40,"KGSPACE":23,"SGSPACE":0,"TOTSPACE":108,"subsidy":"N","run_date":"28JUL26","cwelcc_flag":"Y"}},{"type":"Feature","id":512,"geometry":{"type":"MultiPoint","coordinates":[[-79.211213592999968,43.74561299700008]]},"properties":{"OBJECTID":512,"_id":512,"LOC_ID":8258,"LOC_NAME":"Apple Day Care Centre","AUSPICE":"Commercial Agency","ADDRESS":"3434 EGLINTON AVE E","PCODE":"M1J 2J1","ward":24,"PHONE":"(416) 264-3158","bldg_type":"High Rise Apartment","BLDGNAME":null,"IGSPACE":6,"TGSPACE":10,"PGSPACE":24,"KGSPACE":0,"SGSPACE":15,"TOTSPACE":55,"subsidy":"Y","run_date":"28JUL26","cwelcc_flag":"Y"}},{"type":"Feature","id":513,"geometry":{"type":"MultiPoint","coordinates":[[-79.262331659999973,43.695419466000033]]},"properties":{"OBJECTID":513,"_id":513,"LOC_ID":8477,"LOC_NAME":"Birchmount Bluffs Neighbourhood Centre Community Nursery School","AUSPICE":"Non Profit Agency","ADDRESS":"93 BIRCHMOUNT RD","PCODE":"M1N 3J7","ward":20,"PHONE":"(416) 396-4315","bldg_type":"Purpose Built","BLDGNAME":"Birchmount Bluffs Neighbourhood Centre","IGSPACE":0,"TGSPACE":0,"PGSPACE":20,"KGSPACE":0,"SGSPACE":0,"TOTSPACE":20,"subsidy":"N","run_date":"28JUL26","cwelcc_flag":"Y"}},{"type":"Feature","id":514,"geometry":{"type":"MultiPoint","coordinates":[[-79.450800534999985,43.642548368000064]]},"properties":{"OBJECTID":514,"_id":514,"LOC_ID":8570,"LOC_NAME":"Kids Zone Daycare Inc.","AUSPICE":"Commercial Agency","ADDRESS":"123 GLENDALE AVE","PCODE":"M6R 2T3","ward":4,"PHONE":"(416) 534-1758","bldg_type":"House","BLDGNAME":null,"IGSPACE":0,"TGSPACE":15,"PGSPACE":36,"KGSPACE":0,"SGSPACE":0,"TOTSPACE":51,"subsidy":"N","run_date":"28JUL26","cwelcc_flag":"Y"}},{"type":"Feature","id":515,"geometry":{"type":"MultiPoint","coordinates":[[-79.364272447999952,43.658595115000026]]},"properties":{"OBJECTID":515,"_id":515,"LOC_ID":8703,"LOC_NAME":"St. Bartholomew's Children's Centre, Regent Park Inc.","AUSPICE":"Non Profit Agency","ADDRESS":"38 REGENT ST","PCODE":"M5A 3N7","ward":13,"PHONE":"(416) 368-6375","bldg_type":"Place of Worship","BLDGNAME":"St. Bartholomew's Anglican Church","IGSPACE":0,"TGSPACE":0,"PGSPACE":0,"KGSPACE":0,"SGSPACE":30,"TOTSPACE":30,"subsidy":"Y","run_date":"28JUL26","cwelcc_flag":"N"}},{"type":"Feature","id":516,"geometry":{"type":"MultiPoint","coordinates":[[-79.302406038999948,43.688736414000061]]},"properties":{"OBJECTID":516,"_id":516,"LOC_ID":8743,"LOC_NAME":"Muppets Children's Centre 316","AUSPICE":"Commercial Agency","ADDRESS":"316 MAIN ST","PCODE":"M4C 4X7","ward":19,"PHONE":"(416) 694-7888","bldg_type":"House","BLDGNAME":null,"IGSPACE":6,"TGSPACE":20,"PGSPACE":0,"KGSPACE":0,"SGSPACE":0,"TOTSPACE":26,"subsidy":"Y","run_date":"28JUL26","cwelcc_flag":"Y"}},{"type":"Feature","id":517,"geometry":{"type":"MultiPoint","coordinates":[[-79.339767213999949,43.805290442000057]]},"properties":{"OBJECTID":517,"_id":517,"LOC_ID":8823,"LOC_NAME":"Grace Christian School - Day Nursery","AUSPICE":"Non Profit Agency","ADDRESS":"201 TEMPO AVE","PCODE":"M2H 2R9","ward":17,"PHONE":"(416) 502-1540","bldg_type":"Place of Worship","BLDGNAME":"Grace Chinese Gospel Church Of North York","IGSPACE":10,"TGSPACE":25,"PGSPACE":56,"KGSPACE":0,"SGSPACE":0,"TOTSPACE":91,"subsidy":"Y","run_date":"28JUL26","cwelcc_flag":"Y"}},{"type":"Feature","id":518,"geometry":{"type":"MultiPoint","coordinates":[[-79.52794668599995,43.647482818000071]]},"properties":{"OBJECTID":518,"_id":518,"LOC_ID":8826,"LOC_NAME":"Plasp Islington Junior Middle School","AUSPICE":"Non Profit Agency","ADDRESS":"44 CORDOVA AVE","PCODE":"M9A 2H5","ward":3,"PHONE":"(888) 739-4102","bldg_type":"Public Elementary School","BLDGNAME":"Islington Junior Middle School","IGSPACE":0,"TGSPACE":0,"PGSPACE":0,"KGSPACE":26,"SGSPACE":75,"TOTSPACE":101,"subsidy":"Y","run_date":"28JUL26","cwelcc_flag":"Y"}},{"type":"Feature","id":519,"geometry":{"type":"MultiPoint","coordinates":[[-79.557453672999941,43.635155164000025]]},"properties":{"OBJECTID":519,"_id":519,"LOC_ID":8827,"LOC_NAME":"Plasp St. Elizabeth Catholic School","AUSPICE":"Non Profit Agency","ADDRESS":"5 REDCAR AVE","PCODE":"M9B 1J8","ward":3,"PHONE":"(888) 739-4102","bldg_type":"Catholic Elementary School","BLDGNAME":"St. Elizabeth Catholic School","IGSPACE":0,"TGSPACE":0,"PGSPACE":0,"KGSPACE":13,"SGSPACE":30,"TOTSPACE":43,"subsidy":"Y","run_date":"28JUL26","cwelcc_flag":"Y"}},{"type":"Feature","id":520,"geometry":{"type":"MultiPoint","coordinates":[[-79.54611323499995,43.602662032000069]]},"properties":{"OBJECTID":520,"_id":520,"LOC_ID":8905,"LOC_NAME":"Rhyme & Reason Day Care","AUSPICE":"Commercial Agency","ADDRESS":"474 BROWNS LINE","PCODE":"M8W 3T9","ward":3,"PHONE":"(416) 255-3008","bldg_type":"Purpose Built","BLDGNAME":"Child Care Centre - Single Unit","IGSPACE":0,"TGSPACE":10,"PGSPACE":26,"KGSPACE":0,"SGSPACE":20,"TOTSPACE":56,"subsidy":"N","run_date":"28JUL26","cwelcc_flag":"N"}},{"type":"Feature","id":521,"geometry":{"type":"MultiPoint","coordinates":[[-79.256586691999985,43.728360512000052]]},"properties":{"OBJECTID":521,"_id":521,"LOC_ID":8929,"LOC_NAME":"N.Y.A.D. Midland","AUSPICE":"Non Profit Agency","ADDRESS":"720 MIDLAND AVE","PCODE":"M1K 4C9","ward":20,"PHONE":"(416) 264-8050","bldg_type":"Public High School","BLDGNAME":"Scarborough Centre For Alternative Studies","IGSPACE":12,"TGSPACE":20,"PGSPACE":24,"KGSPACE":0,"SGSPACE":0,"TOTSPACE":56,"subsidy":"Y","run_date":"28JUL26","cwelcc_flag":"Y"}},{"type":"Feature","id":522,"geometry":{"type":"MultiPoint","coordinates":[[-79.414957385999969,43.794382878000079]]},"properties":{"OBJECTID":522,"_id":522,"LOC_ID":9001,"LOC_NAME":"Forest Grove Montessori Preschool","AUSPICE":"Commercial Agency","ADDRESS":"53 MADAWASKA AVE","PCODE":"M2M 2R2","ward":18,"PHONE":"(416) 225-1666","bldg_type":"Place of Worship","BLDGNAME":"Toronto Kanglim Methodist Church","IGSPACE":0,"TGSPACE":10,"PGSPACE":20,"KGSPACE":0,"SGSPACE":0,"TOTSPACE":30,"subsidy":"N","run_date":"28JUL26","cwelcc_flag":"Y"}},{"type":"Feature","id":523,"geometry":{"type":"MultiPoint","coordinates":[[-79.571215996999968,43.758645474000048]]},"properties":{"OBJECTID":523,"_id":523,"LOC_ID":9017,"LOC_NAME":"Northwest Childhood Learning Centre","AUSPICE":"Commercial Agency","ADDRESS":"2978 ISLINGTON AVE","PCODE":"M9L 2K6","ward":7,"PHONE":"(416) 740-2888","bldg_type":"Other","BLDGNAME":null,"IGSPACE":0,"TGSPACE":15,"PGSPACE":32,"KGSPACE":0,"SGSPACE":0,"TOTSPACE":47,"subsidy":"Y","run_date":"28JUL26","cwelcc_flag":"Y"}},{"type":"Feature","id":524,"geometry":{"type":"MultiPoint","coordinates":[[-79.482986146999963,43.764266593000059]]},"properties":{"OBJECTID":524,"_id":524,"LOC_ID":9240,"LOC_NAME":"Finch Business Park Child Care","AUSPICE":"Commercial Agency","ADDRESS":"1183A FINCH AVE W","PCODE":"M3J 2G3","ward":6,"PHONE":"(416) 739-1478","bldg_type":"Other","BLDGNAME":null,"IGSPACE":20,"TGSPACE":30,"PGSPACE":48,"KGSPACE":0,"SGSPACE":0,"TOTSPACE":98,"subsidy":"Y","run_date":"28JUL26","cwelcc_flag":"Y"}},{"type":"Feature","id":525,"geometry":{"type":"MultiPoint","coordinates":[[-79.320512948999976,43.677246214000036]]},"properties":{"OBJECTID":525,"_id":525,"LOC_ID":9294,"LOC_NAME":"Le Petit Chaperon Rouge - Coxwell","AUSPICE":"Non Profit Agency","ADDRESS":"419 COXWELL AVE","PCODE":"M4L 3B9","ward":19,"PHONE":"(416) 463-3955","bldg_type":"Low Rise Apartment","BLDGNAME":null,"IGSPACE":6,"TGSPACE":15,"PGSPACE":48,"KGSPACE":0,"SGSPACE":0,"TOTSPACE":69,"subsidy":"Y","run_date":"28JUL26","cwelcc_flag":"Y"}},{"type":"Feature","id":526,"geometry":{"type":"MultiPoint","coordinates":[[-79.474657943999944,43.660794574000079]]},"properties":{"OBJECTID":526,"_id":526,"LOC_ID":9320,"LOC_NAME":"Plasp St. Cecilia Catholic School","AUSPICE":"Non Profit Agency","ADDRESS":"355 ANNETTE ST","PCODE":"M6P 1R3","ward":4,"PHONE":"(888) 739-4102","bldg_type":"Catholic Elementary School","BLDGNAME":"St. Cecilia Catholic School","IGSPACE":0,"TGSPACE":0,"PGSPACE":0,"KGSPACE":26,"SGSPACE":90,"TOTSPACE":116,"subsidy":"Y","run_date":"28JUL26","cwelcc_flag":"Y"}},{"type":"Feature","id":527,"geometry":{"type":"MultiPoint","coordinates":[[-79.264088266999977,43.804750023000054]]},"properties":{"OBJECTID":527,"_id":527,"LOC_ID":9330,"LOC_NAME":"Garderie Mon Petit Jardin","AUSPICE":"Non Profit Agency","ADDRESS":"500 SANDHURST CIR","PCODE":"M1S 3Y7","ward":23,"PHONE":"(416) 397-6982","bldg_type":"Catholic Elementary (French)","BLDGNAME":"Ecole St. Jean De Lalande","IGSPACE":6,"TGSPACE":10,"PGSPACE":16,"KGSPACE":26,"SGSPACE":45,"TOTSPACE":103,"subsidy":"Y","run_date":"28JUL26","cwelcc_flag":"Y"}},{"type":"Feature","id":528,"geometry":{"type":"MultiPoint","coordinates":[[-79.327852959999973,43.772724647000075]]},"properties":{"OBJECTID":528,"_id":528,"LOC_ID":9373,"LOC_NAME":"Head Start Montessori","AUSPICE":"Commercial Agency","ADDRESS":"2235 SHEPPARD AVE E","PCODE":"M2J 5B5","ward":17,"PHONE":"(416) 756-7300","bldg_type":"Place of Worship","BLDGNAME":"Garden Church","IGSPACE":10,"TGSPACE":30,"PGSPACE":24,"KGSPACE":0,"SGSPACE":0,"TOTSPACE":64,"subsidy":"N","run_date":"28JUL26","cwelcc_flag":"N"}},{"type":"Feature","id":529,"geometry":{"type":"MultiPoint","coordinates":[[-79.409989552999946,43.775843467000072]]},"properties":{"OBJECTID":529,"_id":529,"LOC_ID":9433,"LOC_NAME":"Yorktown Montessori School","AUSPICE":"Commercial Agency","ADDRESS":"349 KENNETH AVE","PCODE":"M2N 4V9","ward":18,"PHONE":"(416) 226-6932","bldg_type":"Place of Worship","BLDGNAME":"Willowdale United Church","IGSPACE":0,"TGSPACE":0,"PGSPACE":40,"KGSPACE":0,"SGSPACE":0,"TOTSPACE":40,"subsidy":"N","run_date":"28JUL26","cwelcc_flag":"Y"}},{"type":"Feature","id":530,"geometry":{"type":"MultiPoint","coordinates":[[-79.403516450999973,43.727111991000072]]},"properties":{"OBJECTID":530,"_id":530,"LOC_ID":9444,"LOC_NAME":"Lullaboo Nursery And Childcare Center - Bedford Campus","AUSPICE":"Commercial Agency","ADDRESS":"11 BEDFORD PARK AVE","PCODE":"M5M 1H8","ward":8,"PHONE":"(416) 544-1039","bldg_type":"Place of Worship","BLDGNAME":"North Toronto Early Years Learning Centre","IGSPACE":10,"TGSPACE":26,"PGSPACE":24,"KGSPACE":0,"SGSPACE":0,"TOTSPACE":60,"subsidy":"N","run_date":"28JUL26","cwelcc_flag":"Y"}},{"type":"Feature","id":531,"geometry":{"type":"MultiPoint","coordinates":[[-79.458630233999941,43.767445247000069]]},"properties":{"OBJECTID":531,"_id":531,"LOC_ID":9456,"LOC_NAME":"Wilmington Best Schoolage Satellite Centre","AUSPICE":"Non Profit Agency","ADDRESS":"285 WILMINGTON AVE","PCODE":"M3H 5K8","ward":6,"PHONE":"(416) 633-2665","bldg_type":"Public Elementary School","BLDGNAME":"Charles H. Best East Public School","IGSPACE":0,"TGSPACE":0,"PGSPACE":0,"KGSPACE":0,"SGSPACE":30,"TOTSPACE":30,"subsidy":"Y","run_date":"28JUL26","cwelcc_flag":"N"}},{"type":"Feature","id":532,"geometry":{"type":"MultiPoint","coordinates":[[-79.44792627299995,43.646837843000071]]},"properties":{"OBJECTID":532,"_id":532,"LOC_ID":9462,"LOC_NAME":"St. Vincent Sunshine","AUSPICE":"Non Profit Agency","ADDRESS":"116 FERMANAGH AVE","PCODE":"M6R 1M2","ward":4,"PHONE":"(416) 532-0428","bldg_type":"Catholic Elementary School","BLDGNAME":"St. Vincent De Paul","IGSPACE":0,"TGSPACE":0,"PGSPACE":0,"KGSPACE":20,"SGSPACE":30,"TOTSPACE":50,"subsidy":"N","run_date":"28JUL26","cwelcc_flag":"N"}},{"type":"Feature","id":533,"geometry":{"type":"MultiPoint","coordinates":[[-79.289907619999951,43.672998343000074]]},"properties":{"OBJECTID":533,"_id":533,"LOC_ID":9465,"LOC_NAME":"Mackie Sunshine Childcare Inc. - St. Denis Sunshine","AUSPICE":"Non Profit Agency","ADDRESS":"67 BALSAM AVE","PCODE":"M4E 3B8","ward":19,"PHONE":"(416) 434-9146","bldg_type":"Catholic Elementary School","BLDGNAME":"St. Denis Catholic School (Jr)","IGSPACE":0,"TGSPACE":0,"PGSPACE":0,"KGSPACE":0,"SGSPACE":30,"TOTSPACE":30,"subsidy":"N","run_date":"28JUL26","cwelcc_flag":"N"}},{"type":"Feature","id":534,"geometry":{"type":"MultiPoint","coordinates":[[-79.431434534999937,43.699986530000047]]},"properties":{"OBJECTID":534,"_id":534,"LOC_ID":9467,"LOC_NAME":"The Village Shul And Learning Centre Of Toronto","AUSPICE":"Non Profit Agency","ADDRESS":"1072 EGLINTON AVE W","PCODE":"M6C 2E2","ward":8,"PHONE":"(416) 785-1107","bldg_type":"Place of Worship","BLDGNAME":"The Village Shul","IGSPACE":0,"TGSPACE":30,"PGSPACE":40,"KGSPACE":0,"SGSPACE":0,"TOTSPACE":70,"subsidy":"N","run_date":"28JUL26","cwelcc_flag":"Y"}},{"type":"Feature","id":535,"geometry":{"type":"MultiPoint","coordinates":[[-79.51931179799999,43.639678028000048]]},"properties":{"OBJECTID":535,"_id":535,"LOC_ID":9470,"LOC_NAME":"Norseman Jr Ymca","AUSPICE":"Non Profit Agency","ADDRESS":"80 LOTHIAN AVE","PCODE":"M8Z 4K5","ward":3,"PHONE":"(416) 917-8900x440","bldg_type":"Community/Rec Centre - City","BLDGNAME":"Fairfield Senior Centre","IGSPACE":0,"TGSPACE":0,"PGSPACE":16,"KGSPACE":0,"SGSPACE":0,"TOTSPACE":16,"subsidy":"Y","run_date":"28JUL26","cwelcc_flag":"Y"}},{"type":"Feature","id":536,"geometry":{"type":"MultiPoint","coordinates":[[-79.516329749999954,43.634305260000076]]},"properties":{"OBJECTID":536,"_id":536,"LOC_ID":9471,"LOC_NAME":"Norseman School Age Program (Ymca)","AUSPICE":"Non Profit Agency","ADDRESS":"105 NORSEMAN ST","PCODE":"M8Z 2R1","ward":3,"PHONE":"(416) 917-8900x440","bldg_type":"Public Elementary School","BLDGNAME":"Norseman Public School","IGSPACE":0,"TGSPACE":0,"PGSPACE":0,"KGSPACE":65,"SGSPACE":150,"TOTSPACE":215,"subsidy":"Y","run_date":"28JUL26","cwelcc_flag":"Y"}},{"type":"Feature","id":537,"geometry":{"type":"MultiPoint","coordinates":[[-79.374515526999971,43.79641777300003]]},"properties":{"OBJECTID":537,"_id":537,"LOC_ID":9536,"LOC_NAME":"Pineway Child Care Learning Center","AUSPICE":"Non Profit Agency","ADDRESS":"110 PINEWAY BLVD","PCODE":"M2H 1A8","ward":17,"PHONE":"(416) 225-7156","bldg_type":"Public Elementary School","BLDGNAME":"Pineway Public School","IGSPACE":0,"TGSPACE":15,"PGSPACE":48,"KGSPACE":26,"SGSPACE":15,"TOTSPACE":104,"subsidy":"Y","run_date":"28JUL26","cwelcc_flag":"Y"}},{"type":"Feature","id":538,"geometry":{"type":"MultiPoint","coordinates":[[-79.333336059999965,43.661035814000059]]},"properties":{"OBJECTID":538,"_id":538,"LOC_ID":9540,"LOC_NAME":"Bruce Woodgreen Early Learning Centre","AUSPICE":"Non Profit Agency","ADDRESS":"51 LARCHMOUNT AVE","PCODE":"M4M 2Y6","ward":14,"PHONE":"(416) 645-6000x1158","bldg_type":"Public Elementary School","BLDGNAME":"Bruce Public School","IGSPACE":0,"TGSPACE":15,"PGSPACE":24,"KGSPACE":52,"SGSPACE":60,"TOTSPACE":151,"subsidy":"Y","run_date":"28JUL26","cwelcc_flag":"Y"}},{"type":"Feature","id":539,"geometry":{"type":"MultiPoint","coordinates":[[-79.523380656999962,43.635319331000062]]},"properties":{"OBJECTID":539,"_id":539,"LOC_ID":9573,"LOC_NAME":"Teddy Bear Educare Advance","AUSPICE":"Commercial Agency","ADDRESS":"86 ADVANCE RD","PCODE":"M8Z 2T7","ward":3,"PHONE":"(416) 236-3308","bldg_type":"Commercial Building","BLDGNAME":"Single Unit","IGSPACE":0,"TGSPACE":15,"PGSPACE":48,"KGSPACE":0,"SGSPACE":0,"TOTSPACE":63,"subsidy":"N","run_date":"28JUL26","cwelcc_flag":"Y"}},{"type":"Feature","id":540,"geometry":{"type":"MultiPoint","coordinates":[[-79.401978333999978,43.641245004000041]]},"properties":{"OBJECTID":540,"_id":540,"LOC_ID":9595,"LOC_NAME":"City Kids Early Learning & Child Care Centre","AUSPICE":"Public (City Operated) Agency","ADDRESS":"34 BATHURST ST","PCODE":"M5V 3W3","ward":10,"PHONE":"(416) 392-0932","bldg_type":"Purpose Built","BLDGNAME":null,"IGSPACE":20,"TGSPACE":20,"PGSPACE":32,"KGSPACE":0,"SGSPACE":0,"TOTSPACE":72,"subsidy":"Y","run_date":"28JUL26","cwelcc_flag":"Y"}},{"type":"Feature","id":541,"geometry":{"type":"MultiPoint","coordinates":[[-79.409374962999948,43.702963173000057]]},"properties":{"OBJECTID":541,"_id":541,"LOC_ID":9607,"LOC_NAME":"Children's Magic Moments Child Care And Nursery School","AUSPICE":"Commercial Agency","ADDRESS":"98 BRAEMAR AVE","PCODE":"M5P 2L4","ward":12,"PHONE":"(416) 488-0114","bldg_type":"Purpose Built","BLDGNAME":null,"IGSPACE":10,"TGSPACE":15,"PGSPACE":24,"KGSPACE":0,"SGSPACE":0,"TOTSPACE":49,"subsidy":"N","run_date":"28JUL26","cwelcc_flag":"Y"}},{"type":"Feature","id":542,"geometry":{"type":"MultiPoint","coordinates":[[-79.450472421999962,43.646387076000053]]},"properties":{"OBJECTID":542,"_id":542,"LOC_ID":9608,"LOC_NAME":"Sunnyside Day Care - Roncesvalles","AUSPICE":"Commercial Agency","ADDRESS":"10 HIGH PARK BLVD","PCODE":"M6R 1M4","ward":4,"PHONE":"(416) 538-9654","bldg_type":"House","BLDGNAME":null,"IGSPACE":20,"TGSPACE":35,"PGSPACE":32,"KGSPACE":0,"SGSPACE":0,"TOTSPACE":87,"subsidy":"N","run_date":"28JUL26","cwelcc_flag":"Y"}},{"type":"Feature","id":543,"geometry":{"type":"MultiPoint","coordinates":[[-79.516018813999949,43.646091385000034]]},"properties":{"OBJECTID":543,"_id":543,"LOC_ID":9633,"LOC_NAME":"Treasured Moments - Bloor","AUSPICE":"Commercial Agency","ADDRESS":"3107 BLOOR ST W","PCODE":"M8X 1E2","ward":3,"PHONE":"(416) 234-0303","bldg_type":"Commercial Building","BLDGNAME":null,"IGSPACE":10,"TGSPACE":20,"PGSPACE":48,"KGSPACE":0,"SGSPACE":0,"TOTSPACE":78,"subsidy":"N","run_date":"28JUL26","cwelcc_flag":"Y"}},{"type":"Feature","id":544,"geometry":{"type":"MultiPoint","coordinates":[[-79.443406466999988,43.65938292800007]]},"properties":{"OBJECTID":544,"_id":544,"LOC_ID":9658,"LOC_NAME":"Network Child Care Services - Wade Avenue Centre","AUSPICE":"Non Profit Agency","ADDRESS":"544 LANSDOWNE AVE","PCODE":"M6H 3Y5","ward":9,"PHONE":"(416) 530-0722x4052","bldg_type":"High Rise Apartment","BLDGNAME":"Tamil Co-Operative Homes Inc.","IGSPACE":0,"TGSPACE":15,"PGSPACE":24,"KGSPACE":0,"SGSPACE":0,"TOTSPACE":39,"subsidy":"Y","run_date":"28JUL26","cwelcc_flag":"Y"}},{"type":"Feature","id":545,"geometry":{"type":"MultiPoint","coordinates":[[-79.33189054799999,43.665808071000072]]},"properties":{"OBJECTID":545,"_id":545,"LOC_ID":9679,"LOC_NAME":"Mackie Sunshine Child Care Inc.St. Joseph's Sunshine","AUSPICE":"Non Profit Agency","ADDRESS":"176 LESLIE ST","PCODE":"M4M 3C7","ward":14,"PHONE":"(416) 469-2866","bldg_type":"Catholic Elementary School","BLDGNAME":"St. Joseph's Catholic School","IGSPACE":0,"TGSPACE":0,"PGSPACE":0,"KGSPACE":0,"SGSPACE":30,"TOTSPACE":30,"subsidy":"N","run_date":"28JUL26","cwelcc_flag":"N"}},{"type":"Feature","id":546,"geometry":{"type":"MultiPoint","coordinates":[[-79.533970972999953,43.643609932000061]]},"properties":{"OBJECTID":546,"_id":546,"LOC_ID":9707,"LOC_NAME":"Growing Tykes Learning Centre (Dundas Street West)","AUSPICE":"Non Profit Agency","ADDRESS":"5150 DUNDAS ST W","PCODE":"M9A 1C3","ward":3,"PHONE":"(416) 207-9259","bldg_type":"Purpose Built","BLDGNAME":null,"IGSPACE":20,"TGSPACE":35,"PGSPACE":64,"KGSPACE":0,"SGSPACE":0,"TOTSPACE":119,"subsidy":"Y","run_date":"28JUL26","cwelcc_flag":"Y"}},{"type":"Feature","id":547,"geometry":{"type":"MultiPoint","coordinates":[[-79.401114577999977,43.663949319000039]]},"properties":{"OBJECTID":547,"_id":547,"LOC_ID":9741,"LOC_NAME":"University Of Toronto Early Learning Centre - Glen Morris","AUSPICE":"Non Profit Agency","ADDRESS":"7 GLEN MORRIS ST","PCODE":"M5S 1H9","ward":11,"PHONE":"(416) 978-6725","bldg_type":"Purpose Built","BLDGNAME":null,"IGSPACE":10,"TGSPACE":30,"PGSPACE":56,"KGSPACE":0,"SGSPACE":0,"TOTSPACE":96,"subsidy":"Y","run_date":"28JUL26","cwelcc_flag":"Y"}},{"type":"Feature","id":548,"geometry":{"type":"MultiPoint","coordinates":[[-79.398672216999955,43.668435727000031]]},"properties":{"OBJECTID":548,"_id":548,"LOC_ID":9742,"LOC_NAME":"University Of Toronto Early Learning Centre - O.I.S.E.","AUSPICE":"Non Profit Agency","ADDRESS":"252 BLOOR ST W","PCODE":"M5S 1V6","ward":11,"PHONE":"(416) 978-6725","bldg_type":"Community College/University","BLDGNAME":"Ontario Institute For Studies In Education (Oise)","IGSPACE":0,"TGSPACE":10,"PGSPACE":16,"KGSPACE":0,"SGSPACE":0,"TOTSPACE":26,"subsidy":"Y","run_date":"28JUL26","cwelcc_flag":"Y"}},{"type":"Feature","id":549,"geometry":{"type":"MultiPoint","coordinates":[[-79.32764948199997,43.678322299000058]]},"properties":{"OBJECTID":549,"_id":549,"LOC_ID":9764,"LOC_NAME":"Childspace Day Care Corporation # 3 (49 Felstead Avenue)","AUSPICE":"Non Profit Agency","ADDRESS":"49 FELSTEAD AVE","PCODE":"M4J 1G3","ward":14,"PHONE":"(416) 469-9766","bldg_type":"Catholic High School","BLDGNAME":"St. Patrick Catholic High School","IGSPACE":10,"TGSPACE":20,"PGSPACE":32,"KGSPACE":0,"SGSPACE":0,"TOTSPACE":62,"subsidy":"Y","run_date":"28JUL26","cwelcc_flag":"Y"}},{"type":"Feature","id":550,"geometry":{"type":"MultiPoint","coordinates":[[-79.387502518999952,43.668190018000075]]},"properties":{"OBJECTID":550,"_id":550,"LOC_ID":9768,"LOC_NAME":"University Of Toronto Childcare On Charles","AUSPICE":"Non Profit Agency","ADDRESS":"35 CHARLES ST W","PCODE":"M4Y 1R6","ward":13,"PHONE":"(416) 415-2604","bldg_type":"High Rise Apartment","BLDGNAME":"Tower Co-Op","IGSPACE":10,"TGSPACE":15,"PGSPACE":48,"KGSPACE":0,"SGSPACE":0,"TOTSPACE":73,"subsidy":"Y","run_date":"28JUL26","cwelcc_flag":"Y"}},{"type":"Feature","id":551,"geometry":{"type":"MultiPoint","coordinates":[[-79.349925342999938,43.659841956000037]]},"properties":{"OBJECTID":551,"_id":551,"LOC_ID":9780,"LOC_NAME":"Boulton Avenue Child Care Centre","AUSPICE":"Non Profit Agency","ADDRESS":"131 BROADVIEW AVE","PCODE":"M4M 2E9","ward":14,"PHONE":"(416) 463-7625","bldg_type":"Other","BLDGNAME":"Royal Canadian Curling Club","IGSPACE":10,"TGSPACE":15,"PGSPACE":47,"KGSPACE":0,"SGSPACE":0,"TOTSPACE":72,"subsidy":"Y","run_date":"28JUL26","cwelcc_flag":"Y"}},{"type":"Feature","id":552,"geometry":{"type":"MultiPoint","coordinates":[[-79.35846061999996,43.755837535000069]]},"properties":{"OBJECTID":552,"_id":552,"LOC_ID":9800,"LOC_NAME":"Central Montessori Schools - York Mills Campus","AUSPICE":"Commercial Agency","ADDRESS":"18 COLDWATER RD","PCODE":"M3B 1Y7","ward":16,"PHONE":"(416) 510-1200","bldg_type":"Private Elementary School","BLDGNAME":"Central Montessori Private School","IGSPACE":20,"TGSPACE":95,"PGSPACE":204,"KGSPACE":0,"SGSPACE":0,"TOTSPACE":319,"subsidy":"N","run_date":"28JUL26","cwelcc_flag":"Y"}},{"type":"Feature","id":553,"geometry":{"type":"MultiPoint","coordinates":[[-79.383048696999936,43.671632025000065]]},"properties":{"OBJECTID":553,"_id":553,"LOC_ID":9815,"LOC_NAME":"Kids & Company - Bloor Street Site","AUSPICE":"Commercial Agency","ADDRESS":"160 BLOOR ST E","PCODE":"M4W 1B9","ward":11,"PHONE":"(416) 924-5437x0","bldg_type":"Office Building","BLDGNAME":"Unilever Office Building","IGSPACE":20,"TGSPACE":25,"PGSPACE":40,"KGSPACE":0,"SGSPACE":0,"TOTSPACE":85,"subsidy":"N","run_date":"28JUL26","cwelcc_flag":"Y"}},{"type":"Feature","id":554,"geometry":{"type":"MultiPoint","coordinates":[[-79.39101941499996,43.64399515000008]]},"properties":{"OBJECTID":554,"_id":554,"LOC_ID":9847,"LOC_NAME":"Kids & Company - Front Street Site","AUSPICE":"Commercial Agency","ADDRESS":"320 FRONT ST W","PCODE":"M5V 3B6","ward":10,"PHONE":"(416) 345-1543x0","bldg_type":"Other","BLDGNAME":null,"IGSPACE":9,"TGSPACE":19,"PGSPACE":24,"KGSPACE":10,"SGSPACE":0,"TOTSPACE":62,"subsidy":"N","run_date":"28JUL26","cwelcc_flag":"Y"}},{"type":"Feature","id":555,"geometry":{"type":"MultiPoint","coordinates":[[-79.346775088999948,43.684802094000077]]},"properties":{"OBJECTID":555,"_id":555,"LOC_ID":9916,"LOC_NAME":"Broad View French Montessori School","AUSPICE":"Commercial Agency","ADDRESS":"903 PAPE AVE","PCODE":"M4K 3V1","ward":14,"PHONE":"(416) 467-1618","bldg_type":"Commercial Building","BLDGNAME":null,"IGSPACE":0,"TGSPACE":14,"PGSPACE":19,"KGSPACE":0,"SGSPACE":0,"TOTSPACE":33,"subsidy":"N","run_date":"28JUL26","cwelcc_flag":"Y"}},{"type":"Feature","id":556,"geometry":{"type":"MultiPoint","coordinates":[[-79.350332284999979,43.74888095600005]]},"properties":{"OBJECTID":556,"_id":556,"LOC_ID":9928,"LOC_NAME":"Don Mills Children's Centre","AUSPICE":"Commercial Agency","ADDRESS":"33 KERN RD","PCODE":"M3B 1S9","ward":16,"PHONE":"(416) 386-9744","bldg_type":"Other","BLDGNAME":null,"IGSPACE":6,"TGSPACE":10,"PGSPACE":16,"KGSPACE":0,"SGSPACE":0,"TOTSPACE":32,"subsidy":"Y","run_date":"28JUL26","cwelcc_flag":"Y"}},{"type":"Feature","id":557,"geometry":{"type":"MultiPoint","coordinates":[[-79.342079873999978,43.690556059000073]]},"properties":{"OBJECTID":557,"_id":557,"LOC_ID":9939,"LOC_NAME":"Woodgreen Community Services (The)(Debbie Yeung Child Care Centre)","AUSPICE":"Non Profit Agency","ADDRESS":"249 COSBURN AVE","PCODE":"M4J 2M2","ward":14,"PHONE":"(416) 645-6000x1158","bldg_type":"Purpose Built","BLDGNAME":"Woodgreen Community Services-Homeward Bound","IGSPACE":10,"TGSPACE":25,"PGSPACE":24,"KGSPACE":0,"SGSPACE":0,"TOTSPACE":59,"subsidy":"Y","run_date":"28JUL26","cwelcc_flag":"Y"}},{"type":"Feature","id":558,"geometry":{"type":"MultiPoint","coordinates":[[-79.487999126999966,43.615332225000031]]},"properties":{"OBJECTID":558,"_id":558,"LOC_ID":9965,"LOC_NAME":"Martin Luther Child Care - Lakeshore","AUSPICE":"Non Profit Agency","ADDRESS":"2379 LAKE SHORE BLVD W","PCODE":"M8V 1B7","ward":3,"PHONE":"(416) 259-2861","bldg_type":"Church","BLDGNAME":null,"IGSPACE":0,"TGSPACE":0,"PGSPACE":16,"KGSPACE":0,"SGSPACE":26,"TOTSPACE":42,"subsidy":"Y","run_date":"28JUL26","cwelcc_flag":"Y"}},{"type":"Feature","id":559,"geometry":{"type":"MultiPoint","coordinates":[[-79.501944193999975,43.698531019000029]]},"properties":{"OBJECTID":559,"_id":559,"LOC_ID":9989,"LOC_NAME":"Prodigy Learning Centre Inc.","AUSPICE":"Commercial Agency","ADDRESS":"1545 JANE ST","PCODE":"M9N 2R3","ward":5,"PHONE":"(416) 241-1902","bldg_type":"High Rise Apartment","BLDGNAME":null,"IGSPACE":0,"TGSPACE":10,"PGSPACE":20,"KGSPACE":4,"SGSPACE":0,"TOTSPACE":34,"subsidy":"Y","run_date":"28JUL26","cwelcc_flag":"Y"}},{"type":"Feature","id":560,"geometry":{"type":"MultiPoint","coordinates":[[-79.310082535999982,43.705752138000037]]},"properties":{"OBJECTID":560,"_id":560,"LOC_ID":9995,"LOC_NAME":"Abacus Montessori Learning Centre","AUSPICE":"Commercial Agency","ADDRESS":"2723 ST CLAIR AVE E","PCODE":"M4B 1M8","ward":19,"PHONE":"(416) 285-8613","bldg_type":"Other","BLDGNAME":"Beck Taxi Building","IGSPACE":0,"TGSPACE":13,"PGSPACE":24,"KGSPACE":0,"SGSPACE":0,"TOTSPACE":37,"subsidy":"N","run_date":"28JUL26","cwelcc_flag":"Y"}},{"type":"Feature","id":561,"geometry":{"type":"MultiPoint","coordinates":[[-79.297199225999975,43.82497317900004]]},"properties":{"OBJECTID":561,"_id":561,"LOC_ID":10017,"LOC_NAME":"Midland Child Care Centre","AUSPICE":"Non Profit Agency","ADDRESS":"4220 MIDLAND AVE","PCODE":"M1V 4S7","ward":22,"PHONE":"(416) 291-4886","bldg_type":"Other","BLDGNAME":null,"IGSPACE":0,"TGSPACE":15,"PGSPACE":48,"KGSPACE":0,"SGSPACE":0,"TOTSPACE":63,"subsidy":"Y","run_date":"28JUL26","cwelcc_flag":"Y"}},{"type":"Feature","id":562,"geometry":{"type":"MultiPoint","coordinates":[[-79.347450770999956,43.745719700000052]]},"properties":{"OBJECTID":562,"_id":562,"LOC_ID":10066,"LOC_NAME":"St. George Mini School Inc - Bond","AUSPICE":"Non Profit Agency","ADDRESS":"141 BOND AVE","PCODE":"M3B 1M1","ward":16,"PHONE":"(647) 478-6043","bldg_type":"Place of Worship","BLDGNAME":"St. George Orthodox Church","IGSPACE":0,"TGSPACE":10,"PGSPACE":40,"KGSPACE":0,"SGSPACE":0,"TOTSPACE":50,"subsidy":"Y","run_date":"28JUL26","cwelcc_flag":"Y"}},{"type":"Feature","id":563,"geometry":{"type":"MultiPoint","coordinates":[[-79.491232697999976,43.665096729000027]]},"properties":{"OBJECTID":563,"_id":563,"LOC_ID":10104,"LOC_NAME":"Macaulay - Jane Street Child Care Centre","AUSPICE":"Non Profit Agency","ADDRESS":"610 JANE ST","PCODE":"M6S 4A6","ward":4,"PHONE":"(416) 769-8021","bldg_type":"Purpose Built","BLDGNAME":null,"IGSPACE":10,"TGSPACE":20,"PGSPACE":32,"KGSPACE":0,"SGSPACE":0,"TOTSPACE":62,"subsidy":"Y","run_date":"28JUL26","cwelcc_flag":"Y"}},{"type":"Feature","id":564,"geometry":{"type":"MultiPoint","coordinates":[[-79.576718745999983,43.656637342000067]]},"properties":{"OBJECTID":564,"_id":564,"LOC_ID":10161,"LOC_NAME":"Three R's Early Learning Centre","AUSPICE":"Commercial Agency","ADDRESS":"225 WELLESWORTH DR","PCODE":"M9C 4S5","ward":2,"PHONE":"(416) 621-7890","bldg_type":"Public Elementary School","BLDGNAME":"Wellesworth Junior Public School","IGSPACE":0,"TGSPACE":0,"PGSPACE":24,"KGSPACE":0,"SGSPACE":0,"TOTSPACE":24,"subsidy":"N","run_date":"28JUL26","cwelcc_flag":"Y"}},{"type":"Feature","id":565,"geometry":{"type":"MultiPoint","coordinates":[[-79.338078736999989,43.681367231000081]]},"properties":{"OBJECTID":565,"_id":565,"LOC_ID":10166,"LOC_NAME":"Network Child Care Services - Metamorphosis Child Care Centre","AUSPICE":"Non Profit Agency","ADDRESS":"40 DONLANDS AVE","PCODE":"M4J 3N6","ward":14,"PHONE":"(416) 530-0722x4087","bldg_type":"Place of Worship","BLDGNAME":"Metamorphosis Greek Orthodox Church","IGSPACE":0,"TGSPACE":15,"PGSPACE":24,"KGSPACE":0,"SGSPACE":0,"TOTSPACE":39,"subsidy":"Y","run_date":"28JUL26","cwelcc_flag":"Y"}},{"type":"Feature","id":566,"geometry":{"type":"MultiPoint","coordinates":[[-79.389838778999945,43.703091992000054]]},"properties":{"OBJECTID":566,"_id":566,"LOC_ID":10170,"LOC_NAME":"Manor Montessori School Inc - 14 De Savery Crescent","AUSPICE":"Commercial Agency","ADDRESS":"14 DE SAVERY CRES","PCODE":"M4S 2L2","ward":12,"PHONE":"(416) 488-4218","bldg_type":"Low Rise Apartment","BLDGNAME":"Manor Montessori School","IGSPACE":0,"TGSPACE":0,"PGSPACE":92,"KGSPACE":0,"SGSPACE":0,"TOTSPACE":92,"subsidy":"N","run_date":"28JUL26","cwelcc_flag":"N"}},{"type":"Feature","id":567,"geometry":{"type":"MultiPoint","coordinates":[[-79.488893661999953,43.619333279000045]]},"properties":{"OBJECTID":567,"_id":567,"LOC_ID":10180,"LOC_NAME":"Plasp - David Hornell Junior School","AUSPICE":"Non Profit Agency","ADDRESS":"32 VICTORIA ST","PCODE":"M8V 1M6","ward":3,"PHONE":"(888) 739-4102","bldg_type":"Public Elementary School","BLDGNAME":"David Hornell Junior School","IGSPACE":0,"TGSPACE":0,"PGSPACE":0,"KGSPACE":13,"SGSPACE":30,"TOTSPACE":43,"subsidy":"Y","run_date":"28JUL26","cwelcc_flag":"Y"}},{"type":"Feature","id":568,"geometry":{"type":"MultiPoint","coordinates":[[-79.278565884999978,43.682789271000047]]},"properties":{"OBJECTID":568,"_id":568,"LOC_ID":10192,"LOC_NAME":"Broad View French Montessori School II Limited","AUSPICE":"Commercial Agency","ADDRESS":"1236 KINGSTON RD","PCODE":"M1N 1P3","ward":20,"PHONE":"(416) 690-9305","bldg_type":"Commercial Building","BLDGNAME":null,"IGSPACE":0,"TGSPACE":10,"PGSPACE":24,"KGSPACE":0,"SGSPACE":0,"TOTSPACE":34,"subsidy":"N","run_date":"28JUL26","cwelcc_flag":"N"}},{"type":"Feature","id":569,"geometry":{"type":"MultiPoint","coordinates":[[-79.537175741999988,43.692580136000061]]},"properties":{"OBJECTID":569,"_id":569,"LOC_ID":10203,"LOC_NAME":"Plasp St Eugene Catholic School","AUSPICE":"Non Profit Agency","ADDRESS":"30 WESTROYAL RD","PCODE":"M9P 2C3","ward":2,"PHONE":"(888) 739-4102","bldg_type":"Catholic Elementary School","BLDGNAME":"St. Eugene School","IGSPACE":0,"TGSPACE":0,"PGSPACE":0,"KGSPACE":26,"SGSPACE":90,"TOTSPACE":116,"subsidy":"Y","run_date":"28JUL26","cwelcc_flag":"Y"}},{"type":"Feature","id":570,"geometry":{"type":"MultiPoint","coordinates":[[-79.374625779999974,43.667797477000079]]},"properties":{"OBJECTID":570,"_id":570,"LOC_ID":10219,"LOC_NAME":"Wellesley Early Learning Centre - Earlscourt Creche CDI","AUSPICE":"Non Profit Agency","ADDRESS":"495 SHERBOURNE ST","PCODE":"M4X 1K7","ward":13,"PHONE":"(416) 421-7676","bldg_type":"Community/Rec Centre - City","BLDGNAME":"Wellesley Community Centre","IGSPACE":10,"TGSPACE":20,"PGSPACE":32,"KGSPACE":0,"SGSPACE":0,"TOTSPACE":62,"subsidy":"Y","run_date":"28JUL26","cwelcc_flag":"Y"}},{"type":"Feature","id":571,"geometry":{"type":"MultiPoint","coordinates":[[-79.336009776999958,43.805763121000041]]},"properties":{"OBJECTID":571,"_id":571,"LOC_ID":10245,"LOC_NAME":"St. Nicholas Child Care Centre - Network","AUSPICE":"Non Profit Agency","ADDRESS":"1020 MCNICOLL AVE","PCODE":"M1W 2J6","ward":22,"PHONE":"(416) 530-0722x4095","bldg_type":"Hospital/Health Centre","BLDGNAME":null,"IGSPACE":10,"TGSPACE":20,"PGSPACE":32,"KGSPACE":0,"SGSPACE":0,"TOTSPACE":62,"subsidy":"Y","run_date":"28JUL26","cwelcc_flag":"Y"}},{"type":"Feature","id":572,"geometry":{"type":"MultiPoint","coordinates":[[-79.287695859999985,43.693969417000062]]},"properties":{"OBJECTID":572,"_id":572,"LOC_ID":10270,"LOC_NAME":"Denton Place Centres For Early Learning Inc.","AUSPICE":"Commercial Agency","ADDRESS":"30 DENTON AVE","PCODE":"M1L 4P2","ward":20,"PHONE":"(416) 686-6445x221","bldg_type":"High Rise Apartment","BLDGNAME":null,"IGSPACE":10,"TGSPACE":20,"PGSPACE":26,"KGSPACE":0,"SGSPACE":30,"TOTSPACE":86,"subsidy":"Y","run_date":"28JUL26","cwelcc_flag":"Y"}},{"type":"Feature","id":573,"geometry":{"type":"MultiPoint","coordinates":[[-79.367314343999965,43.70441861300003]]},"properties":{"OBJECTID":573,"_id":573,"LOC_ID":10335,"LOC_NAME":"Leaside Children's House","AUSPICE":"Commercial Agency","ADDRESS":"839 MILLWOOD RD","PCODE":"M4G 1W5","ward":15,"PHONE":"(416) 425-0101","bldg_type":"House","BLDGNAME":null,"IGSPACE":0,"TGSPACE":10,"PGSPACE":31,"KGSPACE":0,"SGSPACE":0,"TOTSPACE":41,"subsidy":"N","run_date":"28JUL26","cwelcc_flag":"Y"}},{"type":"Feature","id":574,"geometry":{"type":"MultiPoint","coordinates":[[-79.239660233999984,43.756327119000048]]},"properties":{"OBJECTID":574,"_id":574,"LOC_ID":10337,"LOC_NAME":"Friendly Little Campus (2037711 Ontario Ltd)","AUSPICE":"Commercial Agency","ADDRESS":"3255 LAWRENCE AVE E","PCODE":"M1H 3A3","ward":21,"PHONE":"(416) 431-3233","bldg_type":"Other","BLDGNAME":null,"IGSPACE":10,"TGSPACE":10,"PGSPACE":16,"KGSPACE":0,"SGSPACE":0,"TOTSPACE":36,"subsidy":"Y","run_date":"28JUL26","cwelcc_flag":"Y"}},{"type":"Feature","id":575,"geometry":{"type":"MultiPoint","coordinates":[[-79.415987710999957,43.78000148600006]]},"properties":{"OBJECTID":575,"_id":575,"LOC_ID":10338,"LOC_NAME":"Kids & Company - Finch Site","AUSPICE":"Commercial Agency","ADDRESS":"5650 YONGE ST","PCODE":"M2M 4G3","ward":18,"PHONE":"(416) 222-0905x0","bldg_type":"Office Building","BLDGNAME":"North American Centre (Xerox Building Office)","IGSPACE":10,"TGSPACE":25,"PGSPACE":30,"KGSPACE":0,"SGSPACE":0,"TOTSPACE":65,"subsidy":"N","run_date":"28JUL26","cwelcc_flag":"Y"}},{"type":"Feature","id":576,"geometry":{"type":"MultiPoint","coordinates":[[-79.329356169999983,43.696787894000067]]},"properties":{"OBJECTID":576,"_id":576,"LOC_ID":10347,"LOC_NAME":"Lily's House Inc.","AUSPICE":"Commercial Agency","ADDRESS":"1032 COXWELL AVE","PCODE":"M4C 3G5","ward":14,"PHONE":"(416) 423-8580","bldg_type":"Commercial Building","BLDGNAME":null,"IGSPACE":0,"TGSPACE":15,"PGSPACE":0,"KGSPACE":0,"SGSPACE":0,"TOTSPACE":15,"subsidy":"N","run_date":"28JUL26","cwelcc_flag":"Y"}},{"type":"Feature","id":577,"geometry":{"type":"MultiPoint","coordinates":[[-79.561445637999952,43.689693122000051]]},"properties":{"OBJECTID":577,"_id":577,"LOC_ID":10396,"LOC_NAME":"Garderie La Farandole Felix-Leclerc","AUSPICE":"Non Profit Agency","ADDRESS":"50 CELESTINE DR","PCODE":"M9R 3N3","ward":2,"PHONE":"(647) 438-9139","bldg_type":"Public Elementary (French)","BLDGNAME":"Ecole Felix Leclerc","IGSPACE":10,"TGSPACE":15,"PGSPACE":24,"KGSPACE":26,"SGSPACE":30,"TOTSPACE":105,"subsidy":"Y","run_date":"28JUL26","cwelcc_flag":"Y"}},{"type":"Feature","id":578,"geometry":{"type":"MultiPoint","coordinates":[[-79.30183124499996,43.692378893000068]]},"properties":{"OBJECTID":578,"_id":578,"LOC_ID":10418,"LOC_NAME":"Eyet Early Learning Centre (Annie's Place)","AUSPICE":"Non Profit Agency","ADDRESS":"101 BARRINGTON AVE","PCODE":"M4C 4Y9","ward":19,"PHONE":"(647) 258-9988","bldg_type":"Public Elementary School","BLDGNAME":"Secord Public School","IGSPACE":0,"TGSPACE":0,"PGSPACE":16,"KGSPACE":52,"SGSPACE":90,"TOTSPACE":158,"subsidy":"Y","run_date":"28JUL26","cwelcc_flag":"Y"}},{"type":"Feature","id":579,"geometry":{"type":"MultiPoint","coordinates":[[-79.183434266999939,43.774851218000038]]},"properties":{"OBJECTID":579,"_id":579,"LOC_ID":10432,"LOC_NAME":"Absorbent Minds (Op-1756925 Ontario Inc.)","AUSPICE":"Commercial Agency","ADDRESS":"16 OLD KINGSTON RD","PCODE":"M1E 3J5","ward":25,"PHONE":"(416) 284-6286","bldg_type":"Place of Worship","BLDGNAME":null,"IGSPACE":0,"TGSPACE":10,"PGSPACE":11,"KGSPACE":30,"SGSPACE":0,"TOTSPACE":51,"subsidy":"N","run_date":"28JUL26","cwelcc_flag":"N"}},{"type":"Feature","id":580,"geometry":{"type":"MultiPoint","coordinates":[[-79.400416613999937,43.76665014200006]]},"properties":{"OBJECTID":580,"_id":580,"LOC_ID":10439,"LOC_NAME":"Central Montessori Schools - Willowdale Campus","AUSPICE":"Commercial Agency","ADDRESS":"157 WILLOWDALE AVE","PCODE":"M2N 4Y7","ward":18,"PHONE":"(416) 250-1022","bldg_type":"Purpose Built","BLDGNAME":"Central Montessori","IGSPACE":0,"TGSPACE":14,"PGSPACE":48,"KGSPACE":0,"SGSPACE":0,"TOTSPACE":62,"subsidy":"N","run_date":"28JUL26","cwelcc_flag":"Y"}},{"type":"Feature","id":581,"geometry":{"type":"MultiPoint","coordinates":[[-79.302246395999987,43.805358384000044]]},"properties":{"OBJECTID":581,"_id":581,"LOC_ID":10442,"LOC_NAME":"St. Sylvester Child Care Centre","AUSPICE":"Non Profit Agency","ADDRESS":"260 SILVER SPRINGS BLVD","PCODE":"M1V 1S4","ward":22,"PHONE":"(416) 291-0023","bldg_type":"Catholic Elementary School","BLDGNAME":"St. Sylvester Catholic School","IGSPACE":0,"TGSPACE":10,"PGSPACE":16,"KGSPACE":13,"SGSPACE":15,"TOTSPACE":54,"subsidy":"Y","run_date":"28JUL26","cwelcc_flag":"Y"}},{"type":"Feature","id":582,"geometry":{"type":"MultiPoint","coordinates":[[-79.435778957999958,43.666735608000067]]},"properties":{"OBJECTID":582,"_id":582,"LOC_ID":10443,"LOC_NAME":"Macaulay - Dovercourt Child Care Centre","AUSPICE":"Non Profit Agency","ADDRESS":"228 BARTLETT AVE","PCODE":"M6H 3G4","ward":9,"PHONE":"(416) 516-8367","bldg_type":"Public Elementary School","BLDGNAME":"Dovercourt Public School","IGSPACE":0,"TGSPACE":10,"PGSPACE":24,"KGSPACE":39,"SGSPACE":30,"TOTSPACE":103,"subsidy":"Y","run_date":"28JUL26","cwelcc_flag":"Y"}},{"type":"Feature","id":583,"geometry":{"type":"MultiPoint","coordinates":[[-79.428847256999973,43.646021246000032]]},"properties":{"OBJECTID":583,"_id":583,"LOC_ID":10444,"LOC_NAME":"Alexander Muir Gladstone Jr Ymca","AUSPICE":"Non Profit Agency","ADDRESS":"108 GLADSTONE AVE","PCODE":"M6J 3L2","ward":9,"PHONE":"(416) 534-8454","bldg_type":"Public Elementary School","BLDGNAME":"Alexander Muir Gladstone Public School","IGSPACE":10,"TGSPACE":15,"PGSPACE":24,"KGSPACE":26,"SGSPACE":45,"TOTSPACE":120,"subsidy":"Y","run_date":"28JUL26","cwelcc_flag":"Y"}},{"type":"Feature","id":584,"geometry":{"type":"MultiPoint","coordinates":[[-79.353699863999964,43.670896448000065]]},"properties":{"OBJECTID":584,"_id":584,"LOC_ID":10450,"LOC_NAME":"Bluebird Montessori School South","AUSPICE":"Commercial Agency","ADDRESS":"515 BROADVIEW AVE","PCODE":"M4K 2N6","ward":14,"PHONE":"(416) 606-3398","bldg_type":"Church","BLDGNAME":null,"IGSPACE":0,"TGSPACE":13,"PGSPACE":23,"KGSPACE":0,"SGSPACE":30,"TOTSPACE":66,"subsidy":"N","run_date":"28JUL26","cwelcc_flag":"Y"}},{"type":"Feature","id":585,"geometry":{"type":"MultiPoint","coordinates":[[-79.483410334999974,43.710858098000074]]},"properties":{"OBJECTID":585,"_id":585,"LOC_ID":10459,"LOC_NAME":"C.A.S.P. Catholic After School Program","AUSPICE":"Non Profit Agency","ADDRESS":"53 GRACEFIELD AVE","PCODE":"M6L 1L3","ward":5,"PHONE":"(416) 707-0558","bldg_type":"Catholic Elementary School","BLDGNAME":"St. Francis Xavier Catholic School","IGSPACE":0,"TGSPACE":0,"PGSPACE":0,"KGSPACE":0,"SGSPACE":45,"TOTSPACE":45,"subsidy":"N","run_date":"28JUL26","cwelcc_flag":"N"}},{"type":"Feature","id":586,"geometry":{"type":"MultiPoint","coordinates":[[-79.562874027999953,43.691529843000069]]},"properties":{"OBJECTID":586,"_id":586,"LOC_ID":10462,"LOC_NAME":"Plasp Transfiguration Of Our Lord Catholic School","AUSPICE":"Non Profit Agency","ADDRESS":"55 LUDSTONE DR","PCODE":"M9R 2J2","ward":2,"PHONE":"(888) 739-4102","bldg_type":"Catholic Elementary School","BLDGNAME":"Transfiguration Of Our Lord Catholic School","IGSPACE":0,"TGSPACE":0,"PGSPACE":0,"KGSPACE":13,"SGSPACE":30,"TOTSPACE":43,"subsidy":"Y","run_date":"28JUL26","cwelcc_flag":"Y"}},{"type":"Feature","id":587,"geometry":{"type":"MultiPoint","coordinates":[[-79.374096527999939,43.66061208800005]]},"properties":{"OBJECTID":587,"_id":587,"LOC_ID":10468,"LOC_NAME":"Gerrard Early Learning Centre","AUSPICE":"Non Profit Agency","ADDRESS":"163 GERRARD ST E","PCODE":"M5A 2E4","ward":13,"PHONE":"(416) 926-2208","bldg_type":"Other","BLDGNAME":null,"IGSPACE":17,"TGSPACE":23,"PGSPACE":16,"KGSPACE":0,"SGSPACE":0,"TOTSPACE":56,"subsidy":"Y","run_date":"28JUL26","cwelcc_flag":"Y"}},{"type":"Feature","id":588,"geometry":{"type":"MultiPoint","coordinates":[[-79.475727271999972,43.697410857000079]]},"properties":{"OBJECTID":588,"_id":588,"LOC_ID":10476,"LOC_NAME":"Casa Vera Montessori School","AUSPICE":"Commercial Agency","ADDRESS":"2000 KEELE ST","PCODE":"M6M 3Y4","ward":5,"PHONE":"(416) 850-9705","bldg_type":"Place of Worship","BLDGNAME":"Greenborough Community Church","IGSPACE":0,"TGSPACE":15,"PGSPACE":20,"KGSPACE":0,"SGSPACE":0,"TOTSPACE":35,"subsidy":"N","run_date":"28JUL26","cwelcc_flag":"N"}},{"type":"Feature","id":589,"geometry":{"type":"MultiPoint","coordinates":[[-79.27033467199999,43.821820114000047]]},"properties":{"OBJECTID":589,"_id":589,"LOC_ID":10477,"LOC_NAME":"The Divine Infant Child Care Centre","AUSPICE":"Non Profit Agency","ADDRESS":"30 INGLETON BLVD","PCODE":"M1V 3H7","ward":23,"PHONE":"(416) 299-1405","bldg_type":"Catholic Elementary School","BLDGNAME":"The Divine Infant Catholic School","IGSPACE":0,"TGSPACE":10,"PGSPACE":16,"KGSPACE":13,"SGSPACE":30,"TOTSPACE":69,"subsidy":"Y","run_date":"28JUL26","cwelcc_flag":"Y"}},{"type":"Feature","id":590,"geometry":{"type":"MultiPoint","coordinates":[[-79.557891843999982,43.716834537000068]]},"properties":{"OBJECTID":590,"_id":590,"LOC_ID":11593,"LOC_NAME":"Ywca Bergamot Early Learning","AUSPICE":"Non Profit Agency","ADDRESS":"66 BERGAMOT AVE","PCODE":"M9W 1V9","ward":1,"PHONE":"(416) 748-8179x310","bldg_type":"Low Rise Apartment","BLDGNAME":"Ywca Bergamot Apartments","IGSPACE":10,"TGSPACE":20,"PGSPACE":32,"KGSPACE":0,"SGSPACE":0,"TOTSPACE":62,"subsidy":"Y","run_date":"28JUL26","cwelcc_flag":"Y"}},{"type":"Feature","id":591,"geometry":{"type":"MultiPoint","coordinates":[[-79.266108745999986,43.784475769000039]]},"properties":{"OBJECTID":591,"_id":591,"LOC_ID":11598,"LOC_NAME":"C.D.Farquharson Jr Ymca","AUSPICE":"Non Profit Agency","ADDRESS":"1965 BRIMLEY RD","PCODE":"M1S 2B1","ward":23,"PHONE":"(647) 438-7124","bldg_type":"Public Elementary School","BLDGNAME":"C.D. Farquharson Jr Public School","IGSPACE":0,"TGSPACE":0,"PGSPACE":24,"KGSPACE":26,"SGSPACE":45,"TOTSPACE":95,"subsidy":"Y","run_date":"28JUL26","cwelcc_flag":"Y"}},{"type":"Feature","id":592,"geometry":{"type":"MultiPoint","coordinates":[[-79.33109533399994,43.798587703000067]]},"properties":{"OBJECTID":592,"_id":592,"LOC_ID":11601,"LOC_NAME":"Chester Le Early Learning & Child Care Centre","AUSPICE":"Public (City Operated) Agency","ADDRESS":"201 CHESTER LE BLVD","PCODE":"M1W 2K7","ward":22,"PHONE":"(416) 338-0715","bldg_type":"Public Elementary School","BLDGNAME":"Chester Le Junior Public School","IGSPACE":10,"TGSPACE":20,"PGSPACE":32,"KGSPACE":0,"SGSPACE":0,"TOTSPACE":62,"subsidy":"Y","run_date":"28JUL26","cwelcc_flag":"Y"}},{"type":"Feature","id":593,"geometry":{"type":"MultiPoint","coordinates":[[-79.328940251999938,43.798958092000078]]},"properties":{"OBJECTID":593,"_id":593,"LOC_ID":11606,"LOC_NAME":"Epiphany Of Our Lord Jr Ymca","AUSPICE":"Non Profit Agency","ADDRESS":"3150 PHARMACY AVE","PCODE":"M1W 3J5","ward":22,"PHONE":"(416) 493-3008","bldg_type":"Catholic Elementary School","BLDGNAME":"Epiphany Of Our Lord Academy","IGSPACE":0,"TGSPACE":0,"PGSPACE":8,"KGSPACE":13,"SGSPACE":15,"TOTSPACE":36,"subsidy":"Y","run_date":"28JUL26","cwelcc_flag":"Y"}},{"type":"Feature","id":594,"geometry":{"type":"MultiPoint","coordinates":[[-79.51991086299995,43.752000890000033]]},"properties":{"OBJECTID":594,"_id":594,"LOC_ID":11609,"LOC_NAME":"Firgrove Satellite Early Learning & Child Care Centre","AUSPICE":"Public (City Operated) Agency","ADDRESS":"270 FIRGROVE CRES","PCODE":"M3N 1K8","ward":7,"PHONE":"(416) 392-6259","bldg_type":"Public Elementary School","BLDGNAME":"Firgrove Public School","IGSPACE":0,"TGSPACE":0,"PGSPACE":24,"KGSPACE":0,"SGSPACE":0,"TOTSPACE":24,"subsidy":"Y","run_date":"28JUL26","cwelcc_flag":"Y"}},{"type":"Feature","id":595,"geometry":{"type":"MultiPoint","coordinates":[[-79.477821700999982,43.697680132000073]]},"properties":{"OBJECTID":595,"_id":595,"LOC_ID":11622,"LOC_NAME":"Immaculate Conception Child Care Centre","AUSPICE":"Non Profit Agency","ADDRESS":"23 COMAY RD","PCODE":"M6M 2K9","ward":5,"PHONE":"(416) 760-2809","bldg_type":"Catholic Elementary School","BLDGNAME":"Immaculate Conception","IGSPACE":10,"TGSPACE":15,"PGSPACE":16,"KGSPACE":39,"SGSPACE":60,"TOTSPACE":140,"subsidy":"Y","run_date":"28JUL26","cwelcc_flag":"Y"}},{"type":"Feature","id":596,"geometry":{"type":"MultiPoint","coordinates":[[-79.32984788999994,43.712453971000059]]},"properties":{"OBJECTID":596,"_id":596,"LOC_ID":11623,"LOC_NAME":"Red Apple Day Care - St John XXIII","AUSPICE":"Non Profit Agency","ADDRESS":"175 GRENOBLE DR","PCODE":"M3C 3E7","ward":16,"PHONE":"(416) 429-6662","bldg_type":"Catholic Elementary School","BLDGNAME":"St John XXIII","IGSPACE":0,"TGSPACE":15,"PGSPACE":24,"KGSPACE":52,"SGSPACE":72,"TOTSPACE":163,"subsidy":"Y","run_date":"28JUL26","cwelcc_flag":"Y"}},{"type":"Feature","id":597,"geometry":{"type":"MultiPoint","coordinates":[[-79.332407724999939,43.667320764000067]]},"properties":{"OBJECTID":597,"_id":597,"LOC_ID":11629,"LOC_NAME":"Woodgreen Community Services (Leslieville Child Care)","AUSPICE":"Non Profit Agency","ADDRESS":"254 LESLIE ST","PCODE":"M4M 3C9","ward":14,"PHONE":"(416) 645-6000x1158","bldg_type":"Public Elementary School","BLDGNAME":"Leslieville Public School","IGSPACE":0,"TGSPACE":0,"PGSPACE":16,"KGSPACE":39,"SGSPACE":30,"TOTSPACE":85,"subsidy":"Y","run_date":"28JUL26","cwelcc_flag":"Y"}},{"type":"Feature","id":598,"geometry":{"type":"MultiPoint","coordinates":[[-79.436722166999971,43.648524232000057]]},"properties":{"OBJECTID":598,"_id":598,"LOC_ID":11643,"LOC_NAME":"Shirley Street Jr Ymca","AUSPICE":"Non Profit Agency","ADDRESS":"38 SHIRLEY ST","PCODE":"M6K 1S9","ward":9,"PHONE":"(416) 849-3642","bldg_type":"Public Elementary School","BLDGNAME":"Shirley Street Public School","IGSPACE":0,"TGSPACE":15,"PGSPACE":32,"KGSPACE":26,"SGSPACE":30,"TOTSPACE":103,"subsidy":"Y","run_date":"28JUL26","cwelcc_flag":"Y"}},{"type":"Feature","id":599,"geometry":{"type":"MultiPoint","coordinates":[[-79.327541823999979,43.80706630800006]]},"properties":{"OBJECTID":599,"_id":599,"LOC_ID":11644,"LOC_NAME":"Sir Samuel B Steele Jr Ymca","AUSPICE":"Non Profit Agency","ADDRESS":"131 HUNTSMILL BLVD","PCODE":"M1W 2Y2","ward":22,"PHONE":"(647) 438-6689","bldg_type":"Public Elementary School","BLDGNAME":"Sir Samuel Steele","IGSPACE":0,"TGSPACE":10,"PGSPACE":24,"KGSPACE":13,"SGSPACE":30,"TOTSPACE":77,"subsidy":"Y","run_date":"28JUL26","cwelcc_flag":"Y"}},{"type":"Feature","id":600,"geometry":{"type":"MultiPoint","coordinates":[[-79.309250775999942,43.797523550000051]]},"properties":{"OBJECTID":600,"_id":600,"LOC_ID":11645,"LOC_NAME":"Network Child Care Services - St. Aidan Early Learning Centre","AUSPICE":"Non Profit Agency","ADDRESS":"3521 FINCH AVE E","PCODE":"M1W 2S2","ward":22,"PHONE":"(416) 530-0722x4092","bldg_type":"Catholic Elementary School","BLDGNAME":"St. Aidan Catholic School","IGSPACE":10,"TGSPACE":15,"PGSPACE":16,"KGSPACE":26,"SGSPACE":0,"TOTSPACE":67,"subsidy":"Y","run_date":"28JUL26","cwelcc_flag":"Y"}},{"type":"Feature","id":601,"geometry":{"type":"MultiPoint","coordinates":[[-79.582381776999966,43.744931139000073]]},"properties":{"OBJECTID":601,"_id":601,"LOC_ID":11646,"LOC_NAME":"St. Andrew Child Care Centre","AUSPICE":"Non Profit Agency","ADDRESS":"2533 KIPLING AVE","PCODE":"M9V 3A8","ward":1,"PHONE":"(416) 742-2228","bldg_type":"Catholic Elementary School","BLDGNAME":"St. Andrew Catholic School","IGSPACE":10,"TGSPACE":20,"PGSPACE":16,"KGSPACE":26,"SGSPACE":30,"TOTSPACE":102,"subsidy":"Y","run_date":"28JUL26","cwelcc_flag":"Y"}},{"type":"Feature","id":602,"geometry":{"type":"MultiPoint","coordinates":[[-79.219817646999957,43.740550903000042]]},"properties":{"OBJECTID":602,"_id":602,"LOC_ID":11651,"LOC_NAME":"St. Boniface Jr Ymca","AUSPICE":"Non Profit Agency","ADDRESS":"20 MARKANNA DR","PCODE":"M1M 2J1","ward":20,"PHONE":"(416) 261-9092","bldg_type":"Catholic Elementary School","BLDGNAME":"St. Boniface Catholic School","IGSPACE":0,"TGSPACE":10,"PGSPACE":8,"KGSPACE":13,"SGSPACE":30,"TOTSPACE":61,"subsidy":"Y","run_date":"28JUL26","cwelcc_flag":"Y"}},{"type":"Feature","id":603,"geometry":{"type":"MultiPoint","coordinates":[[-79.519124512999952,43.754132912000046]]},"properties":{"OBJECTID":603,"_id":603,"LOC_ID":11657,"LOC_NAME":"St. Francis De Sales Jr Y","AUSPICE":"Non Profit Agency","ADDRESS":"333 FIRGROVE CRES","PCODE":"M3N 1K9","ward":7,"PHONE":"(647) 438-6372","bldg_type":"Catholic Elementary School","BLDGNAME":"St. Francis De Sales Catholic School","IGSPACE":0,"TGSPACE":5,"PGSPACE":16,"KGSPACE":13,"SGSPACE":30,"TOTSPACE":64,"subsidy":"Y","run_date":"28JUL26","cwelcc_flag":"Y"}},{"type":"Feature","id":604,"geometry":{"type":"MultiPoint","coordinates":[[-79.488890309999988,43.748834438000074]]},"properties":{"OBJECTID":604,"_id":604,"LOC_ID":11663,"LOC_NAME":"St. Jerome Jr Ymca","AUSPICE":"Non Profit Agency","ADDRESS":"111 SHARPECROFT BLVD","PCODE":"M3J 1P5","ward":6,"PHONE":"(647) 438-6375","bldg_type":"Catholic Elementary School","BLDGNAME":"St. Jerome Catholic School","IGSPACE":0,"TGSPACE":10,"PGSPACE":16,"KGSPACE":26,"SGSPACE":60,"TOTSPACE":112,"subsidy":"Y","run_date":"28JUL26","cwelcc_flag":"Y"}},{"type":"Feature","id":605,"geometry":{"type":"MultiPoint","coordinates":[[-79.33189054799999,43.665808071000072]]},"properties":{"OBJECTID":605,"_id":605,"LOC_ID":11665,"LOC_NAME":"St. Joseph Jr Ymca","AUSPICE":"Non Profit Agency","ADDRESS":"176 LESLIE ST","PCODE":"M4M 3C7","ward":14,"PHONE":"(647) 439-9905","bldg_type":"Catholic Elementary School","BLDGNAME":"St. Joseph's Catholic School","IGSPACE":0,"TGSPACE":0,"PGSPACE":16,"KGSPACE":26,"SGSPACE":30,"TOTSPACE":72,"subsidy":"Y","run_date":"28JUL26","cwelcc_flag":"Y"}},{"type":"Feature","id":606,"geometry":{"type":"MultiPoint","coordinates":[[-79.490197509999973,43.634499851000044]]},"properties":{"OBJECTID":606,"_id":606,"LOC_ID":11668,"LOC_NAME":"Plp Early Learning Centre At St. Mark","AUSPICE":"Non Profit Agency","ADDRESS":"45 CLOVERHILL RD","PCODE":"M8Y 1T3","ward":3,"PHONE":"(416) 259-9335","bldg_type":"Catholic Elementary School","BLDGNAME":"St. Mark Catholic School","IGSPACE":0,"TGSPACE":15,"PGSPACE":40,"KGSPACE":26,"SGSPACE":30,"TOTSPACE":111,"subsidy":"Y","run_date":"28JUL26","cwelcc_flag":"Y"}},{"type":"Feature","id":607,"geometry":{"type":"MultiPoint","coordinates":[[-79.186292465999941,43.766982885000061]]},"properties":{"OBJECTID":607,"_id":607,"LOC_ID":11669,"LOC_NAME":"East Scarb. Child Care Centre - East Scarb. Boys & Girls Club","AUSPICE":"Non Profit Agency","ADDRESS":"230 MORNINGSIDE AVE","PCODE":"M1E 3E1","ward":24,"PHONE":"(416) 282-9998","bldg_type":"Catholic Elementary School","BLDGNAME":"St. Martin De Porres Catholic School","IGSPACE":0,"TGSPACE":10,"PGSPACE":16,"KGSPACE":39,"SGSPACE":60,"TOTSPACE":125,"subsidy":"Y","run_date":"28JUL26","cwelcc_flag":"Y"}},{"type":"Feature","id":608,"geometry":{"type":"MultiPoint","coordinates":[[-79.431703265999943,43.792111219000049]]},"properties":{"OBJECTID":608,"_id":608,"LOC_ID":11672,"LOC_NAME":"St. Paschal Baylon","AUSPICE":"Non Profit Agency","ADDRESS":"15 ST PASCHAL CRT","PCODE":"M2M 1X6","ward":18,"PHONE":"(416) 733-2280","bldg_type":"Catholic Elementary School","BLDGNAME":"St. Paschal Baylon Catholic School","IGSPACE":0,"TGSPACE":0,"PGSPACE":16,"KGSPACE":26,"SGSPACE":30,"TOTSPACE":72,"subsidy":"Y","run_date":"28JUL26","cwelcc_flag":"Y"}},{"type":"Feature","id":609,"geometry":{"type":"MultiPoint","coordinates":[[-79.361734191999972,43.655488938000076]]},"properties":{"OBJECTID":609,"_id":609,"LOC_ID":11673,"LOC_NAME":"Eyet Early Learning Centre (Tom's Place)","AUSPICE":"Non Profit Agency","ADDRESS":"80 SACKVILLE ST","PCODE":"M5A 3E5","ward":13,"PHONE":"(416) 668-7087","bldg_type":"Catholic Elementary School","BLDGNAME":"St. Paul's Catholic School","IGSPACE":0,"TGSPACE":10,"PGSPACE":16,"KGSPACE":26,"SGSPACE":0,"TOTSPACE":52,"subsidy":"Y","run_date":"28JUL26","cwelcc_flag":"Y"}},{"type":"Feature","id":610,"geometry":{"type":"MultiPoint","coordinates":[[-79.56674972199994,43.753707972000029]]},"properties":{"OBJECTID":610,"_id":610,"LOC_ID":11676,"LOC_NAME":"St. Roch Child Care Centre","AUSPICE":"Non Profit Agency","ADDRESS":"174 DUNCANWOODS DR","PCODE":"M9L 2E3","ward":7,"PHONE":"(416) 744-7785","bldg_type":"Catholic Elementary School","BLDGNAME":"St. Roch Catholic School","IGSPACE":10,"TGSPACE":10,"PGSPACE":16,"KGSPACE":13,"SGSPACE":30,"TOTSPACE":79,"subsidy":"Y","run_date":"28JUL26","cwelcc_flag":"Y"}},{"type":"Feature","id":611,"geometry":{"type":"MultiPoint","coordinates":[[-79.240559926999936,43.757482394000078]]},"properties":{"OBJECTID":611,"_id":611,"LOC_ID":11677,"LOC_NAME":"St. Rose Of Lima Ymca Child Care","AUSPICE":"Non Profit Agency","ADDRESS":"3220 LAWRENCE AVE E","PCODE":"M1H 1A4","ward":24,"PHONE":"(647) 439-0016","bldg_type":"Catholic Elementary School","BLDGNAME":"St. Rose Of Lima Catholic School","IGSPACE":0,"TGSPACE":10,"PGSPACE":16,"KGSPACE":26,"SGSPACE":60,"TOTSPACE":112,"subsidy":"Y","run_date":"28JUL26","cwelcc_flag":"Y"}},{"type":"Feature","id":612,"geometry":{"type":"MultiPoint","coordinates":[[-79.275044466999987,43.812479081000049]]},"properties":{"OBJECTID":612,"_id":612,"LOC_ID":11692,"LOC_NAME":"Our Lady Of Grace Ymca Child Care Centre (Ymca)","AUSPICE":"Non Profit Agency","ADDRESS":"121 BRIMWOOD BLVD","PCODE":"M1V 1E5","ward":23,"PHONE":"(416) 293-7326","bldg_type":"Catholic Elementary School","BLDGNAME":"Our Lady Of Grace","IGSPACE":0,"TGSPACE":0,"PGSPACE":24,"KGSPACE":13,"SGSPACE":15,"TOTSPACE":52,"subsidy":"Y","run_date":"28JUL26","cwelcc_flag":"Y"}},{"type":"Feature","id":613,"geometry":{"type":"MultiPoint","coordinates":[[-79.426507249999986,43.795455505000064]]},"properties":{"OBJECTID":613,"_id":613,"LOC_ID":11719,"LOC_NAME":"Tiki's Day Care Centre","AUSPICE":"Commercial Agency","ADDRESS":"20 TANGREEN CRT","PCODE":"M2M 3Y9","ward":18,"PHONE":"(416) 840-0042","bldg_type":"Community/Recreation Centre","BLDGNAME":"Young Village Recreation Centre","IGSPACE":0,"TGSPACE":15,"PGSPACE":48,"KGSPACE":0,"SGSPACE":0,"TOTSPACE":63,"subsidy":"N","run_date":"28JUL26","cwelcc_flag":"Y"}},{"type":"Feature","id":614,"geometry":{"type":"MultiPoint","coordinates":[[-79.302405345999944,43.685096059000045]]},"properties":{"OBJECTID":614,"_id":614,"LOC_ID":11720,"LOC_NAME":"Woodgreen Community Services (Enderby Child Care)","AUSPICE":"Non Profit Agency","ADDRESS":"118 ENDERBY RD","PCODE":"M4E 2S7","ward":19,"PHONE":"(416) 645-6000x1158","bldg_type":"Purpose Built","BLDGNAME":null,"IGSPACE":10,"TGSPACE":20,"PGSPACE":32,"KGSPACE":0,"SGSPACE":0,"TOTSPACE":62,"subsidy":"Y","run_date":"28JUL26","cwelcc_flag":"Y"}},{"type":"Feature","id":615,"geometry":{"type":"MultiPoint","coordinates":[[-79.285525405999977,43.700526363000051]]},"properties":{"OBJECTID":615,"_id":615,"LOC_ID":11727,"LOC_NAME":"Dian Childcare Centre Inc.","AUSPICE":"Non Profit Agency","ADDRESS":"283 PHARMACY AVE","PCODE":"M1L 3G1","ward":20,"PHONE":"(416) 615-1141","bldg_type":"High Rise Apartment","BLDGNAME":null,"IGSPACE":0,"TGSPACE":10,"PGSPACE":16,"KGSPACE":0,"SGSPACE":0,"TOTSPACE":26,"subsidy":"Y","run_date":"28JUL26","cwelcc_flag":"Y"}},{"type":"Feature","id":616,"geometry":{"type":"MultiPoint","coordinates":[[-79.391904570999941,43.64055071000007]]},"properties":{"OBJECTID":616,"_id":616,"LOC_ID":11731,"LOC_NAME":"Downtown Montessori At Concord City Place","AUSPICE":"Non Profit Agency","ADDRESS":"335 BREMNER BLVD","PCODE":"M5V 3V4","ward":10,"PHONE":"(416) 623-1738","bldg_type":"Other","BLDGNAME":"Concord City Place","IGSPACE":12,"TGSPACE":15,"PGSPACE":32,"KGSPACE":0,"SGSPACE":0,"TOTSPACE":59,"subsidy":"Y","run_date":"28JUL26","cwelcc_flag":"Y"}},{"type":"Feature","id":617,"geometry":{"type":"MultiPoint","coordinates":[[-79.226727470999947,43.812703627000076]]},"properties":{"OBJECTID":617,"_id":617,"LOC_ID":11753,"LOC_NAME":"Network Child Care Services - St. Gabriel Lalemant","AUSPICE":"Non Profit Agency","ADDRESS":"160 CROW TRAIL","PCODE":"M1B 1Y3","ward":23,"PHONE":"(416) 530-0722x4056","bldg_type":"Catholic Elementary School","BLDGNAME":"St. Gabriel Lalemant Catholic School","IGSPACE":0,"TGSPACE":15,"PGSPACE":16,"KGSPACE":0,"SGSPACE":0,"TOTSPACE":31,"subsidy":"Y","run_date":"28JUL26","cwelcc_flag":"Y"}},{"type":"Feature","id":618,"geometry":{"type":"MultiPoint","coordinates":[[-79.591739731999951,43.731492704000061]]},"properties":{"OBJECTID":618,"_id":618,"LOC_ID":11759,"LOC_NAME":"St. Dorothy Child Care Centre","AUSPICE":"Non Profit Agency","ADDRESS":"155 JOHN GARLAND BLVD","PCODE":"M9V 1N7","ward":1,"PHONE":"(416) 745-9892","bldg_type":"Catholic Elementary School","BLDGNAME":"St. Dorothy's School","IGSPACE":0,"TGSPACE":10,"PGSPACE":16,"KGSPACE":13,"SGSPACE":30,"TOTSPACE":69,"subsidy":"Y","run_date":"28JUL26","cwelcc_flag":"Y"}},{"type":"Feature","id":619,"geometry":{"type":"MultiPoint","coordinates":[[-79.41223144199995,43.641674908000027]]},"properties":{"OBJECTID":619,"_id":619,"LOC_ID":11767,"LOC_NAME":"Downtown Kids Academy, Inc.","AUSPICE":"Commercial Agency","ADDRESS":"905 KING ST W","PCODE":"M6K 3G9","ward":10,"PHONE":"(416) 345-9973","bldg_type":"Other","BLDGNAME":null,"IGSPACE":6,"TGSPACE":20,"PGSPACE":24,"KGSPACE":0,"SGSPACE":0,"TOTSPACE":50,"subsidy":"N","run_date":"28JUL26","cwelcc_flag":"Y"}},{"type":"Feature","id":620,"geometry":{"type":"MultiPoint","coordinates":[[-79.342736825999964,43.702947408000057]]},"properties":{"OBJECTID":620,"_id":620,"LOC_ID":11772,"LOC_NAME":"Thorncliffe Park Day Care Centre","AUSPICE":"Non Profit Agency","ADDRESS":"48 THORNCLIFFE PARK DR","PCODE":"M4H 1J7","ward":15,"PHONE":"(416) 423-0880","bldg_type":"Community/Rec Centre - City","BLDGNAME":"Jenner Jean-Marie Community Centre","IGSPACE":10,"TGSPACE":10,"PGSPACE":32,"KGSPACE":0,"SGSPACE":0,"TOTSPACE":52,"subsidy":"Y","run_date":"28JUL26","cwelcc_flag":"Y"}},{"type":"Feature","id":621,"geometry":{"type":"MultiPoint","coordinates":[[-79.288306345999956,43.819356982000045]]},"properties":{"OBJECTID":621,"_id":621,"LOC_ID":11785,"LOC_NAME":"Heritage Child Care & Early Learning Centre","AUSPICE":"Non Profit Agency","ADDRESS":"44 PORT ROYAL TRAIL","PCODE":"M1V 2G8","ward":23,"PHONE":"(647) 436-6670","bldg_type":"Catholic Elementary School","BLDGNAME":"St. Rene Goupil Catholic School","IGSPACE":0,"TGSPACE":15,"PGSPACE":24,"KGSPACE":0,"SGSPACE":0,"TOTSPACE":39,"subsidy":"Y","run_date":"28JUL26","cwelcc_flag":"Y"}},{"type":"Feature","id":622,"geometry":{"type":"MultiPoint","coordinates":[[-79.37089628199999,43.66633067600003]]},"properties":{"OBJECTID":622,"_id":622,"LOC_ID":11787,"LOC_NAME":"Winchester Site Day Care (Central Neighbourhood House)","AUSPICE":"Non Profit Agency","ADDRESS":"15 PROSPECT ST","PCODE":"M4X 1C7","ward":13,"PHONE":"(416) 389-1972","bldg_type":"Public Elementary School","BLDGNAME":"Winchester Public School","IGSPACE":0,"TGSPACE":0,"PGSPACE":16,"KGSPACE":26,"SGSPACE":45,"TOTSPACE":87,"subsidy":"Y","run_date":"28JUL26","cwelcc_flag":"Y"}},{"type":"Feature","id":623,"geometry":{"type":"MultiPoint","coordinates":[[-79.327830346999974,43.81369429700004]]},"properties":{"OBJECTID":623,"_id":623,"LOC_ID":11809,"LOC_NAME":"Kreative Kids Child Care Centre","AUSPICE":"Non Profit Agency","ADDRESS":"100 BAMBURGH CIR","PCODE":"M1W 3R3","ward":22,"PHONE":"(647) 438-9411","bldg_type":"Catholic Elementary School","BLDGNAME":"St. Henry's Catholic  School","IGSPACE":0,"TGSPACE":10,"PGSPACE":16,"KGSPACE":13,"SGSPACE":30,"TOTSPACE":69,"subsidy":"Y","run_date":"28JUL26","cwelcc_flag":"Y"}},{"type":"Feature","id":624,"geometry":{"type":"MultiPoint","coordinates":[[-79.361248628999988,43.649755993000042]]},"properties":{"OBJECTID":624,"_id":624,"LOC_ID":11818,"LOC_NAME":"Distillery District Early Learning Centre","AUSPICE":"Commercial Agency","ADDRESS":"8 DISTILLERY LANE","PCODE":"M5A 3C4","ward":10,"PHONE":"(416) 360-4042","bldg_type":"High Rise Apartment","BLDGNAME":null,"IGSPACE":0,"TGSPACE":45,"PGSPACE":40,"KGSPACE":0,"SGSPACE":0,"TOTSPACE":85,"subsidy":"N","run_date":"28JUL26","cwelcc_flag":"Y"}},{"type":"Feature","id":625,"geometry":{"type":"MultiPoint","coordinates":[[-79.338381104999939,43.774321882000038]]},"properties":{"OBJECTID":625,"_id":625,"LOC_ID":11820,"LOC_NAME":"All About Kids Sheppard","AUSPICE":"Commercial Agency","ADDRESS":"2005 SHEPPARD AVE E","PCODE":"M2J 5B4","ward":17,"PHONE":"(416) 496-3232","bldg_type":"Commercial Building","BLDGNAME":"Crown Property Management","IGSPACE":10,"TGSPACE":30,"PGSPACE":24,"KGSPACE":0,"SGSPACE":0,"TOTSPACE":64,"subsidy":"N","run_date":"28JUL26","cwelcc_flag":"Y"}},{"type":"Feature","id":626,"geometry":{"type":"MultiPoint","coordinates":[[-79.330599741999947,43.770012592000057]]},"properties":{"OBJECTID":626,"_id":626,"LOC_ID":11821,"LOC_NAME":"Kids & Company - Consumers Site","AUSPICE":"Commercial Agency","ADDRESS":"251 CONSUMERS RD","PCODE":"M2J 4R3","ward":17,"PHONE":"(416) 493-2045x0","bldg_type":"Office Building","BLDGNAME":"Parkway Place","IGSPACE":20,"TGSPACE":30,"PGSPACE":48,"KGSPACE":0,"SGSPACE":0,"TOTSPACE":98,"subsidy":"N","run_date":"28JUL26","cwelcc_flag":"Y"}},{"type":"Feature","id":627,"geometry":{"type":"MultiPoint","coordinates":[[-79.516677646999938,43.758531597000058]]},"properties":{"OBJECTID":627,"_id":627,"LOC_ID":11842,"LOC_NAME":"San Romanoway Boys & Girls Club","AUSPICE":"Non Profit Agency","ADDRESS":"10 SAN ROMANOWAY","PCODE":"M3N 2Y2","ward":7,"PHONE":"(416) 739-7949","bldg_type":"High Rise Apartment","BLDGNAME":null,"IGSPACE":0,"TGSPACE":0,"PGSPACE":0,"KGSPACE":0,"SGSPACE":35,"TOTSPACE":35,"subsidy":"N","run_date":"28JUL26","cwelcc_flag":"N"}},{"type":"Feature","id":628,"geometry":{"type":"MultiPoint","coordinates":[[-79.44281102399998,43.643559297000081]]},"properties":{"OBJECTID":628,"_id":628,"LOC_ID":11887,"LOC_NAME":"Odyssey Montessori School Incorporated","AUSPICE":"Commercial Agency","ADDRESS":"136 SORAUREN AVE","PCODE":"M6R 2E4","ward":4,"PHONE":"(416) 533-9402","bldg_type":"Place of Worship","BLDGNAME":"Greek Orthodox Cathedral Of The Virgin Mary","IGSPACE":0,"TGSPACE":0,"PGSPACE":64,"KGSPACE":0,"SGSPACE":0,"TOTSPACE":64,"subsidy":"N","run_date":"28JUL26","cwelcc_flag":"N"}},{"type":"Feature","id":629,"geometry":{"type":"MultiPoint","coordinates":[[-79.471037649999971,43.783256007000034]]},"properties":{"OBJECTID":629,"_id":629,"LOC_ID":11901,"LOC_NAME":"Playland Ltd  - Daycare Centre","AUSPICE":"Commercial Agency","ADDRESS":"5050 DUFFERIN ST","PCODE":"M3H 5T5","ward":6,"PHONE":"(647) 988-8940","bldg_type":"Commercial Building","BLDGNAME":null,"IGSPACE":0,"TGSPACE":0,"PGSPACE":18,"KGSPACE":0,"SGSPACE":0,"TOTSPACE":18,"subsidy":"N","run_date":"28JUL26","cwelcc_flag":"Y"}},{"type":"Feature","id":630,"geometry":{"type":"MultiPoint","coordinates":[[-79.383464649999951,43.687105081000027]]},"properties":{"OBJECTID":630,"_id":630,"LOC_ID":11907,"LOC_NAME":"Garfield Avenue Children's Circle","AUSPICE":"Non Profit Agency","ADDRESS":"1 1/2 GARFIELD AVE","PCODE":"M4T 1E6","ward":11,"PHONE":"(416) 963-9242","bldg_type":"Catholic Elementary School","BLDGNAME":"Our Lady Of Perpetual Help Separate School","IGSPACE":0,"TGSPACE":0,"PGSPACE":0,"KGSPACE":26,"SGSPACE":30,"TOTSPACE":56,"subsidy":"Y","run_date":"28JUL26","cwelcc_flag":"Y"}},{"type":"Feature","id":631,"geometry":{"type":"MultiPoint","coordinates":[[-79.299127881999937,43.682619969000029]]},"properties":{"OBJECTID":631,"_id":631,"LOC_ID":11909,"LOC_NAME":"Community Centre 55 - Kimberly Public School","AUSPICE":"Non Profit Agency","ADDRESS":"50 SWANWICK AVE","PCODE":"M4E 1Z5","ward":19,"PHONE":"(416) 691-1113x231","bldg_type":"Public Elementary School","BLDGNAME":"Kimberley Public School","IGSPACE":0,"TGSPACE":0,"PGSPACE":0,"KGSPACE":78,"SGSPACE":120,"TOTSPACE":198,"subsidy":"Y","run_date":"28JUL26","cwelcc_flag":"Y"}},{"type":"Feature","id":632,"geometry":{"type":"MultiPoint","coordinates":[[-79.465131871999972,43.654183284000055]]},"properties":{"OBJECTID":632,"_id":632,"LOC_ID":11912,"LOC_NAME":"High Park Early Learning Centre","AUSPICE":"Non Profit Agency","ADDRESS":"17 HIGH PARK AVE","PCODE":"M6P 2R5","ward":4,"PHONE":"(416) 760-9958","bldg_type":"House","BLDGNAME":null,"IGSPACE":10,"TGSPACE":25,"PGSPACE":32,"KGSPACE":0,"SGSPACE":0,"TOTSPACE":67,"subsidy":"Y","run_date":"28JUL26","cwelcc_flag":"Y"}},{"type":"Feature","id":633,"geometry":{"type":"MultiPoint","coordinates":[[-79.407228252999971,43.752433475000032]]},"properties":{"OBJECTID":633,"_id":633,"LOC_ID":11916,"LOC_NAME":"Uptown Yonge Preschool & Child Development Centre","AUSPICE":"Commercial Agency","ADDRESS":"1 LORD SEATON RD","PCODE":"M2P 2C1","ward":15,"PHONE":"(647) 549-3676","bldg_type":"Other","BLDGNAME":null,"IGSPACE":0,"TGSPACE":0,"PGSPACE":32,"KGSPACE":0,"SGSPACE":30,"TOTSPACE":62,"subsidy":"N","run_date":"28JUL26","cwelcc_flag":"Y"}},{"type":"Feature","id":634,"geometry":{"type":"MultiPoint","coordinates":[[-79.441656837999972,43.694036898000036]]},"properties":{"OBJECTID":634,"_id":634,"LOC_ID":11928,"LOC_NAME":"La Maison Du Dodo","AUSPICE":"Commercial Agency","ADDRESS":"582 OAKWOOD AVE","PCODE":"M6E 2X5","ward":12,"PHONE":"(416) 656-5555","bldg_type":"House","BLDGNAME":null,"IGSPACE":0,"TGSPACE":10,"PGSPACE":15,"KGSPACE":0,"SGSPACE":0,"TOTSPACE":25,"subsidy":"N","run_date":"28JUL26","cwelcc_flag":"N"}},{"type":"Feature","id":635,"geometry":{"type":"MultiPoint","coordinates":[[-79.381499222999935,43.640090090000058]]},"properties":{"OBJECTID":635,"_id":635,"LOC_ID":11930,"LOC_NAME":"Waterclub Jr Ymca","AUSPICE":"Non Profit Agency","ADDRESS":"208 QUEENS QUAY W","PCODE":"M5J 2Y5","ward":10,"PHONE":"(416) 915-7344","bldg_type":"High Rise Apartment","BLDGNAME":null,"IGSPACE":10,"TGSPACE":10,"PGSPACE":32,"KGSPACE":0,"SGSPACE":0,"TOTSPACE":52,"subsidy":"Y","run_date":"28JUL26","cwelcc_flag":"Y"}},{"type":"Feature","id":636,"geometry":{"type":"MultiPoint","coordinates":[[-79.272367254999949,43.80832305000007]]},"properties":{"OBJECTID":636,"_id":636,"LOC_ID":11937,"LOC_NAME":"All My Children Child Care","AUSPICE":"Commercial Agency","ADDRESS":"1590 SANDHURST CIRCLE","PCODE":"M1V 2L4","ward":23,"PHONE":"(416) 291-9200","bldg_type":"Community/Recreation Centre","BLDGNAME":"Forest Manor Recreation Centre","IGSPACE":0,"TGSPACE":15,"PGSPACE":40,"KGSPACE":0,"SGSPACE":21,"TOTSPACE":76,"subsidy":"N","run_date":"28JUL26","cwelcc_flag":"Y"}},{"type":"Feature","id":637,"geometry":{"type":"MultiPoint","coordinates":[[-79.417029574999958,43.679347234000033]]},"properties":{"OBJECTID":637,"_id":637,"LOC_ID":11951,"LOC_NAME":"Chabad Of Midtown - Bathurst","AUSPICE":"Non Profit Agency","ADDRESS":"1344 BATHURST ST","PCODE":"M5R 3H7","ward":12,"PHONE":"(416) 516-2005","bldg_type":"Community/Recreation Centre","BLDGNAME":"Chabad Of Midtown","IGSPACE":0,"TGSPACE":51,"PGSPACE":81,"KGSPACE":0,"SGSPACE":0,"TOTSPACE":132,"subsidy":"N","run_date":"28JUL26","cwelcc_flag":"Y"}},{"type":"Feature","id":638,"geometry":{"type":"MultiPoint","coordinates":[[-79.521161756999959,43.645655980000072]]},"properties":{"OBJECTID":638,"_id":638,"LOC_ID":11969,"LOC_NAME":"Kids & Company Etobicoke","AUSPICE":"Commercial Agency","ADDRESS":"3250 BLOOR ST W","PCODE":"M8X 2X9","ward":3,"PHONE":"(416) 237-0404","bldg_type":"Office Building","BLDGNAME":"Sunlife Financial Centre","IGSPACE":10,"TGSPACE":25,"PGSPACE":39,"KGSPACE":0,"SGSPACE":0,"TOTSPACE":74,"subsidy":"N","run_date":"28JUL26","cwelcc_flag":"Y"}},{"type":"Feature","id":639,"geometry":{"type":"MultiPoint","coordinates":[[-79.405045427999937,43.732990349000033]]},"properties":{"OBJECTID":639,"_id":639,"LOC_ID":11988,"LOC_NAME":"Brightpath Academy - Wanless Park (18)","AUSPICE":"Commercial Agency","ADDRESS":"18 MELROSE AVE","PCODE":"M5M 1Y5","ward":8,"PHONE":"(416) 485-5437","bldg_type":"Other","BLDGNAME":"Abc Academy Inc","IGSPACE":10,"TGSPACE":23,"PGSPACE":15,"KGSPACE":0,"SGSPACE":0,"TOTSPACE":48,"subsidy":"N","run_date":"28JUL26","cwelcc_flag":"Y"}},{"type":"Feature","id":640,"geometry":{"type":"MultiPoint","coordinates":[[-79.233853300999954,43.830365201000063]]},"properties":{"OBJECTID":640,"_id":640,"LOC_ID":12012,"LOC_NAME":"Brookside Child Care Centre","AUSPICE":"Non Profit Agency","ADDRESS":"75 OASIS BLVD","PCODE":"M1X 0A3","ward":23,"PHONE":"(416) 396-5757","bldg_type":"Public Elementary School","BLDGNAME":"Brookside Public School","IGSPACE":10,"TGSPACE":10,"PGSPACE":24,"KGSPACE":26,"SGSPACE":30,"TOTSPACE":100,"subsidy":"Y","run_date":"28JUL26","cwelcc_flag":"Y"}},{"type":"Feature","id":641,"geometry":{"type":"MultiPoint","coordinates":[[-79.470209642999976,43.636296318000063]]},"properties":{"OBJECTID":641,"_id":641,"LOC_ID":12062,"LOC_NAME":"Windermere Early Learning Centre","AUSPICE":"Non Profit Agency","ADDRESS":"103 THE QUEENSWAY","PCODE":"M6S 5B3","ward":4,"PHONE":"(416) 763-2734x6502","bldg_type":"Other","BLDGNAME":null,"IGSPACE":10,"TGSPACE":15,"PGSPACE":32,"KGSPACE":0,"SGSPACE":0,"TOTSPACE":57,"subsidy":"Y","run_date":"28JUL26","cwelcc_flag":"Y"}},{"type":"Feature","id":642,"geometry":{"type":"MultiPoint","coordinates":[[-79.382782540999983,43.642004292000081]]},"properties":{"OBJECTID":642,"_id":642,"LOC_ID":12063,"LOC_NAME":"Downtown Montessori At Infinity Place (Day Care Connection)","AUSPICE":"Non Profit Agency","ADDRESS":"26 GRAND TRUNK CRES","PCODE":"M5J 3A9","ward":10,"PHONE":"(416) 849-3691","bldg_type":"Other","BLDGNAME":"Infinity Place","IGSPACE":10,"TGSPACE":15,"PGSPACE":40,"KGSPACE":0,"SGSPACE":0,"TOTSPACE":65,"subsidy":"Y","run_date":"28JUL26","cwelcc_flag":"Y"}},{"type":"Feature","id":643,"geometry":{"type":"MultiPoint","coordinates":[[-79.550126147999947,43.608378663000053]]},"properties":{"OBJECTID":643,"_id":643,"LOC_ID":12065,"LOC_NAME":"St.Ambrose Ymca","AUSPICE":"Non Profit Agency","ADDRESS":"20 COULES CRT","PCODE":"M8W 2N9","ward":3,"PHONE":"(647) 281-4410","bldg_type":"Catholic Elementary School","BLDGNAME":"St. Ambrose Catholic School","IGSPACE":0,"TGSPACE":0,"PGSPACE":0,"KGSPACE":52,"SGSPACE":75,"TOTSPACE":127,"subsidy":"Y","run_date":"28JUL26","cwelcc_flag":"Y"}},{"type":"Feature","id":644,"geometry":{"type":"MultiPoint","coordinates":[[-79.332113418999938,43.721044924000068]]},"properties":{"OBJECTID":644,"_id":644,"LOC_ID":12066,"LOC_NAME":"Graydon Hall Child Care Services In Don Valley Business Park","AUSPICE":"Commercial Agency","ADDRESS":"150 FERRAND DR","PCODE":"M3C 3E5","ward":16,"PHONE":"(416) 429-5444","bldg_type":"Office Building","BLDGNAME":"Amexon Building","IGSPACE":20,"TGSPACE":32,"PGSPACE":46,"KGSPACE":0,"SGSPACE":0,"TOTSPACE":98,"subsidy":"N","run_date":"28JUL26","cwelcc_flag":"Y"}},{"type":"Feature","id":645,"geometry":{"type":"MultiPoint","coordinates":[[-79.326661385999955,43.744121232000055]]},"properties":{"OBJECTID":645,"_id":645,"LOC_ID":12067,"LOC_NAME":"Little Acorns Montessori School (Cathie Mahoney)","AUSPICE":"Commercial Agency","ADDRESS":"40 UNDERHILL DR","PCODE":"M3A 2J5","ward":16,"PHONE":"(416) 725-6459","bldg_type":"Church","BLDGNAME":null,"IGSPACE":0,"TGSPACE":0,"PGSPACE":16,"KGSPACE":0,"SGSPACE":0,"TOTSPACE":16,"subsidy":"N","run_date":"28JUL26","cwelcc_flag":"Y"}},{"type":"Feature","id":646,"geometry":{"type":"MultiPoint","coordinates":[[-79.353348231999973,43.789874239000028]]},"properties":{"OBJECTID":646,"_id":646,"LOC_ID":12068,"LOC_NAME":"Jingbao Bilingual Children's Centre","AUSPICE":"Non Profit Agency","ADDRESS":"3105 DON MILLS RD","PCODE":"M2J 3C2","ward":17,"PHONE":"(416) 494-4105","bldg_type":"Catholic Elementary School","BLDGNAME":"Our Lady Of Guadalupe Catholic School","IGSPACE":0,"TGSPACE":15,"PGSPACE":24,"KGSPACE":26,"SGSPACE":24,"TOTSPACE":89,"subsidy":"N","run_date":"28JUL26","cwelcc_flag":"Y"}},{"type":"Feature","id":647,"geometry":{"type":"MultiPoint","coordinates":[[-79.306800325999973,43.71366174700006]]},"properties":{"OBJECTID":647,"_id":647,"LOC_ID":12073,"LOC_NAME":"Bright Minds Childcare & Montessori School","AUSPICE":"Commercial Agency","ADDRESS":"1450 O CONNOR DR","PCODE":"M4B 2T8","ward":19,"PHONE":"(416) 755-0002","bldg_type":"Office Building","BLDGNAME":null,"IGSPACE":0,"TGSPACE":5,"PGSPACE":24,"KGSPACE":0,"SGSPACE":0,"TOTSPACE":29,"subsidy":"N","run_date":"28JUL26","cwelcc_flag":"N"}},{"type":"Feature","id":648,"geometry":{"type":"MultiPoint","coordinates":[[-79.302637867999977,43.818589708000047]]},"properties":{"OBJECTID":648,"_id":648,"LOC_ID":12074,"LOC_NAME":"Enjoy Learning Centre","AUSPICE":"Commercial Agency","ADDRESS":"27 PASSMORE AVE","PCODE":"M1V 4T4","ward":22,"PHONE":"(416) 840-8488","bldg_type":"Industrial Building","BLDGNAME":"Al Reisman Ltd.","IGSPACE":0,"TGSPACE":0,"PGSPACE":0,"KGSPACE":0,"SGSPACE":45,"TOTSPACE":45,"subsidy":"N","run_date":"28JUL26","cwelcc_flag":"N"}},{"type":"Feature","id":649,"geometry":{"type":"MultiPoint","coordinates":[[-79.322090413999945,43.670903044000056]]},"properties":{"OBJECTID":649,"_id":649,"LOC_ID":12075,"LOC_NAME":"Kew Park Montessori Day School Inc. (Hiawatha Road)","AUSPICE":"Commercial Agency","ADDRESS":"79 HIAWATHA RD","PCODE":"M4L 2X7","ward":14,"PHONE":"(416) 694-6273","bldg_type":"Private Elementary School","BLDGNAME":"Kew Park Montessori Day School","IGSPACE":0,"TGSPACE":0,"PGSPACE":48,"KGSPACE":0,"SGSPACE":0,"TOTSPACE":48,"subsidy":"N","run_date":"28JUL26","cwelcc_flag":"N"}},{"type":"Feature","id":650,"geometry":{"type":"MultiPoint","coordinates":[[-79.342736825999964,43.702947408000057]]},"properties":{"OBJECTID":650,"_id":650,"LOC_ID":12084,"LOC_NAME":"Thorncliffe Park School Age Day Care Centre","AUSPICE":"Non Profit Agency","ADDRESS":"48 THORNCLIFFE PARK DR","PCODE":"M4H 1J7","ward":15,"PHONE":"(416) 423-0880","bldg_type":"Public Elementary School","BLDGNAME":"Thorncliffe Park Public School","IGSPACE":0,"TGSPACE":0,"PGSPACE":0,"KGSPACE":0,"SGSPACE":81,"TOTSPACE":81,"subsidy":"Y","run_date":"28JUL26","cwelcc_flag":"N"}},{"type":"Feature","id":651,"geometry":{"type":"MultiPoint","coordinates":[[-79.376258664999966,43.643153531000053]]},"properties":{"OBJECTID":651,"_id":651,"LOC_ID":12092,"LOC_NAME":"Pinnacle Jr Ymca","AUSPICE":"Non Profit Agency","ADDRESS":"12 YONGE ST","PCODE":"M5E 1Z9","ward":10,"PHONE":"(416) 849-3316","bldg_type":"High Rise Apartment","BLDGNAME":null,"IGSPACE":10,"TGSPACE":10,"PGSPACE":24,"KGSPACE":0,"SGSPACE":0,"TOTSPACE":44,"subsidy":"Y","run_date":"28JUL26","cwelcc_flag":"Y"}},{"type":"Feature","id":652,"geometry":{"type":"MultiPoint","coordinates":[[-79.521148891999985,43.635813877000032]]},"properties":{"OBJECTID":652,"_id":652,"LOC_ID":12109,"LOC_NAME":"Kids Club Daycare & Learning Centre (Op-Aaa Childrens Inc.)","AUSPICE":"Commercial Agency","ADDRESS":"104 ADVANCE RD","PCODE":"M8Z 2T7","ward":3,"PHONE":"(416) 236-2863","bldg_type":"Commercial Building","BLDGNAME":"Kids Club Daycare","IGSPACE":10,"TGSPACE":10,"PGSPACE":56,"KGSPACE":18,"SGSPACE":15,"TOTSPACE":109,"subsidy":"N","run_date":"28JUL26","cwelcc_flag":"Y"}},{"type":"Feature","id":653,"geometry":{"type":"MultiPoint","coordinates":[[-79.453564612999969,43.64935489700008]]},"properties":{"OBJECTID":653,"_id":653,"LOC_ID":12110,"LOC_NAME":"Kids Zone Daycare On Constance","AUSPICE":"Commercial Agency","ADDRESS":"76 CONSTANCE ST","PCODE":"M6R 1S6","ward":4,"PHONE":"(416) 551-4354","bldg_type":"House","BLDGNAME":null,"IGSPACE":0,"TGSPACE":15,"PGSPACE":20,"KGSPACE":0,"SGSPACE":0,"TOTSPACE":35,"subsidy":"N","run_date":"28JUL26","cwelcc_flag":"Y"}},{"type":"Feature","id":654,"geometry":{"type":"MultiPoint","coordinates":[[-79.195057143999975,43.762199492000036]]},"properties":{"OBJECTID":654,"_id":654,"LOC_ID":12124,"LOC_NAME":"Native Child & Family Life Centre - 156 Galloway","AUSPICE":"Non Profit Agency","ADDRESS":"156 GALLOWAY RD","PCODE":"M1E 1X2","ward":24,"PHONE":"(437) 925-5923","bldg_type":"Other","BLDGNAME":"Ghesig House","IGSPACE":10,"TGSPACE":10,"PGSPACE":16,"KGSPACE":0,"SGSPACE":0,"TOTSPACE":36,"subsidy":"Y","run_date":"28JUL26","cwelcc_flag":"Y"}},{"type":"Feature","id":655,"geometry":{"type":"MultiPoint","coordinates":[[-79.479214387999946,43.65681014900008]]},"properties":{"OBJECTID":655,"_id":655,"LOC_ID":12129,"LOC_NAME":"Angelgate Daycare Inc.","AUSPICE":"Commercial Agency","ADDRESS":"432 RUNNYMEDE RD","PCODE":"M6S 2Y8","ward":4,"PHONE":"(647) 835-4546","bldg_type":"Place of Worship","BLDGNAME":"Runnymede United Church","IGSPACE":0,"TGSPACE":0,"PGSPACE":14,"KGSPACE":26,"SGSPACE":30,"TOTSPACE":70,"subsidy":"N","run_date":"28JUL26","cwelcc_flag":"Y"}},{"type":"Feature","id":656,"geometry":{"type":"MultiPoint","coordinates":[[-79.356054791999952,43.732991084000048]]},"properties":{"OBJECTID":656,"_id":656,"LOC_ID":12180,"LOC_NAME":"Rippleton Roadsters Satellite Program","AUSPICE":"Non Profit Agency","ADDRESS":"1340 LESLIE ST","PCODE":"M3C 2K9","ward":15,"PHONE":"(416) 449-4559","bldg_type":"Catholic Elementary School","BLDGNAME":"St. Bonaventure Catholic School","IGSPACE":0,"TGSPACE":0,"PGSPACE":0,"KGSPACE":52,"SGSPACE":90,"TOTSPACE":142,"subsidy":"Y","run_date":"28JUL26","cwelcc_flag":"Y"}},{"type":"Feature","id":657,"geometry":{"type":"MultiPoint","coordinates":[[-79.330538206999961,43.687339049000059]]},"properties":{"OBJECTID":657,"_id":657,"LOC_ID":12200,"LOC_NAME":"Le Petit Chaperon Rouge - Queensdale","AUSPICE":"Non Profit Agency","ADDRESS":"80 QUEENSDALE AVE","PCODE":"M4J 1Y3","ward":14,"PHONE":"(416) 463-3975","bldg_type":"Public Elementary (French)","BLDGNAME":"Ecole Elementaire La Mosaique","IGSPACE":0,"TGSPACE":0,"PGSPACE":24,"KGSPACE":104,"SGSPACE":150,"TOTSPACE":278,"subsidy":"Y","run_date":"28JUL26","cwelcc_flag":"Y"}},{"type":"Feature","id":658,"geometry":{"type":"MultiPoint","coordinates":[[-79.385417974999939,43.699764394000056]]},"properties":{"OBJECTID":658,"_id":658,"LOC_ID":12207,"LOC_NAME":"Little Tots' Manor 2","AUSPICE":"Commercial Agency","ADDRESS":"376 BALLIOL ST","PCODE":"M4S 1E2","ward":15,"PHONE":"(416) 485-5515","bldg_type":"Other","BLDGNAME":null,"IGSPACE":0,"TGSPACE":0,"PGSPACE":36,"KGSPACE":0,"SGSPACE":0,"TOTSPACE":36,"subsidy":"N","run_date":"28JUL26","cwelcc_flag":"Y"}},{"type":"Feature","id":659,"geometry":{"type":"MultiPoint","coordinates":[[-79.448875065999971,43.693593572000054]]},"properties":{"OBJECTID":659,"_id":659,"LOC_ID":12212,"LOC_NAME":"Lycee Francais De Toronto","AUSPICE":"Non Profit Agency","ADDRESS":"2327 DUFFERIN ST","PCODE":"M6E 3S5","ward":12,"PHONE":"(416) 258-2121","bldg_type":"Public (school closed)","BLDGNAME":"Lycee Francais De Toronto","IGSPACE":0,"TGSPACE":0,"PGSPACE":22,"KGSPACE":0,"SGSPACE":0,"TOTSPACE":22,"subsidy":"N","run_date":"28JUL26","cwelcc_flag":"N"}},{"type":"Feature","id":660,"geometry":{"type":"MultiPoint","coordinates":[[-79.482269133999978,43.720510741000055]]},"properties":{"OBJECTID":660,"_id":660,"LOC_ID":12213,"LOC_NAME":"Columbus Early Learning Centres","AUSPICE":"Non Profit Agency","ADDRESS":"340 FALSTAFF AVE","PCODE":"M6L 3E8","ward":5,"PHONE":"(416) 819-2186","bldg_type":"Community/Rec Centre AOCC","BLDGNAME":"Centro Abruzzo","IGSPACE":0,"TGSPACE":30,"PGSPACE":44,"KGSPACE":0,"SGSPACE":0,"TOTSPACE":74,"subsidy":"Y","run_date":"28JUL26","cwelcc_flag":"Y"}},{"type":"Feature","id":661,"geometry":{"type":"MultiPoint","coordinates":[[-79.150456823999946,43.800176499000031]]},"properties":{"OBJECTID":661,"_id":661,"LOC_ID":12216,"LOC_NAME":"Big Bears Daycare","AUSPICE":"Commercial Agency","ADDRESS":"51 DURNFORD RD","PCODE":"M1B 1G6","ward":25,"PHONE":"(416) 778-8860","bldg_type":"Other","BLDGNAME":null,"IGSPACE":10,"TGSPACE":15,"PGSPACE":32,"KGSPACE":0,"SGSPACE":0,"TOTSPACE":57,"subsidy":"Y","run_date":"28JUL26","cwelcc_flag":"Y"}},{"type":"Feature","id":662,"geometry":{"type":"MultiPoint","coordinates":[[-79.422599760999958,43.652707664000047]]},"properties":{"OBJECTID":662,"_id":662,"LOC_ID":12219,"LOC_NAME":"West End Parents Day Care Satellite","AUSPICE":"Non Profit Agency","ADDRESS":"380 OSSINGTON AVE","PCODE":"M6J 3A5","ward":9,"PHONE":"(416) 534-6761","bldg_type":"Public Elementary School","BLDGNAME":"Ossington / Old Orchard Public School","IGSPACE":0,"TGSPACE":0,"PGSPACE":0,"KGSPACE":52,"SGSPACE":60,"TOTSPACE":112,"subsidy":"Y","run_date":"28JUL26","cwelcc_flag":"Y"}},{"type":"Feature","id":663,"geometry":{"type":"MultiPoint","coordinates":[[-79.572923049999986,43.723185253000054]]},"properties":{"OBJECTID":663,"_id":663,"LOC_ID":12220,"LOC_NAME":"Sunny Faces Day Care Centre - St. Benedict Site","AUSPICE":"Non Profit Agency","ADDRESS":"2202 KIPLING AVE","PCODE":"M9W 4K9","ward":1,"PHONE":"(416) 744-0778","bldg_type":"Catholic Elementary School","BLDGNAME":"St. Benedict School","IGSPACE":0,"TGSPACE":0,"PGSPACE":0,"KGSPACE":26,"SGSPACE":50,"TOTSPACE":76,"subsidy":"Y","run_date":"28JUL26","cwelcc_flag":"Y"}},{"type":"Feature","id":664,"geometry":{"type":"MultiPoint","coordinates":[[-79.485587519999967,43.66111569800006]]},"properties":{"OBJECTID":664,"_id":664,"LOC_ID":12226,"LOC_NAME":"Plasp James Culnan Catholic School","AUSPICE":"Non Profit Agency","ADDRESS":"605 WILLARD AVE","PCODE":"M6S 3S1","ward":4,"PHONE":"(888) 739-4102","bldg_type":"Catholic Elementary School","BLDGNAME":"James Culan Catholic School","IGSPACE":0,"TGSPACE":0,"PGSPACE":0,"KGSPACE":13,"SGSPACE":45,"TOTSPACE":58,"subsidy":"Y","run_date":"28JUL26","cwelcc_flag":"Y"}},{"type":"Feature","id":665,"geometry":{"type":"MultiPoint","coordinates":[[-79.371595164999974,43.705394382000065]]},"properties":{"OBJECTID":665,"_id":665,"LOC_ID":12227,"LOC_NAME":"Rolph Road - Leaside Day Care Centres (St. Anselm)","AUSPICE":"Non Profit Agency","ADDRESS":"182 BESSBOROUGH DR","PCODE":"M4G 4H5","ward":15,"PHONE":"(416) 487-5862","bldg_type":"Catholic Elementary School","BLDGNAME":"St. Anselm Catholic School","IGSPACE":0,"TGSPACE":0,"PGSPACE":0,"KGSPACE":26,"SGSPACE":35,"TOTSPACE":61,"subsidy":"Y","run_date":"28JUL26","cwelcc_flag":"Y"}},{"type":"Feature","id":666,"geometry":{"type":"MultiPoint","coordinates":[[-79.306219824999971,43.676372910000055]]},"properties":{"OBJECTID":666,"_id":666,"LOC_ID":12228,"LOC_NAME":"Norway School Age Ymca","AUSPICE":"Non Profit Agency","ADDRESS":"390 KINGSTON RD","PCODE":"M4L 1T9","ward":19,"PHONE":"(647) 439-9905","bldg_type":"Public Elementary School","BLDGNAME":"Norway Public School","IGSPACE":0,"TGSPACE":0,"PGSPACE":0,"KGSPACE":39,"SGSPACE":60,"TOTSPACE":99,"subsidy":"Y","run_date":"28JUL26","cwelcc_flag":"Y"}},{"type":"Feature","id":667,"geometry":{"type":"MultiPoint","coordinates":[[-79.403839428999959,43.656449734000034]]},"properties":{"OBJECTID":667,"_id":667,"LOC_ID":12261,"LOC_NAME":"Westside Montessori School","AUSPICE":"Commercial Agency","ADDRESS":"95 BELLEVUE AVE","PCODE":"M5T 2N8","ward":11,"PHONE":"(647) 430-5321","bldg_type":"House","BLDGNAME":null,"IGSPACE":0,"TGSPACE":25,"PGSPACE":48,"KGSPACE":0,"SGSPACE":0,"TOTSPACE":73,"subsidy":"N","run_date":"28JUL26","cwelcc_flag":"N"}},{"type":"Feature","id":668,"geometry":{"type":"MultiPoint","coordinates":[[-79.313881557999935,43.687442357000066]]},"properties":{"OBJECTID":668,"_id":668,"LOC_ID":12268,"LOC_NAME":"Victoria Education Centre, Montessori & Child Care","AUSPICE":"Non Profit Agency","ADDRESS":"1038 WOODBINE AVE","PCODE":"M4C 4C4","ward":19,"PHONE":"(416) 422-5550","bldg_type":"Place of Worship","BLDGNAME":"Toronto Chinese Mennonite Church","IGSPACE":0,"TGSPACE":20,"PGSPACE":37,"KGSPACE":0,"SGSPACE":0,"TOTSPACE":57,"subsidy":"N","run_date":"28JUL26","cwelcc_flag":"Y"}},{"type":"Feature","id":669,"geometry":{"type":"MultiPoint","coordinates":[[-79.384578241999975,43.707272917000068]]},"properties":{"OBJECTID":669,"_id":669,"LOC_ID":12273,"LOC_NAME":"Purple Tree Child Care Inc.","AUSPICE":"Commercial Agency","ADDRESS":"384 SOUDAN AVE","PCODE":"M4S 1W8","ward":15,"PHONE":"(416) 932-9119","bldg_type":"Other","BLDGNAME":null,"IGSPACE":0,"TGSPACE":15,"PGSPACE":30,"KGSPACE":0,"SGSPACE":16,"TOTSPACE":61,"subsidy":"N","run_date":"28JUL26","cwelcc_flag":"Y"}},{"type":"Feature","id":670,"geometry":{"type":"MultiPoint","coordinates":[[-79.316394224999954,43.742145277000077]]},"properties":{"OBJECTID":670,"_id":670,"LOC_ID":12305,"LOC_NAME":"Curlew Montessori School","AUSPICE":"Commercial Agency","ADDRESS":"81 CURLEW DR","PCODE":"M3A 2P8","ward":16,"PHONE":"(416) 385-7373","bldg_type":"Place of Worship","BLDGNAME":"Toronto Somang Korean Presbyterian Church","IGSPACE":0,"TGSPACE":10,"PGSPACE":48,"KGSPACE":0,"SGSPACE":0,"TOTSPACE":58,"subsidy":"N","run_date":"28JUL26","cwelcc_flag":"Y"}},{"type":"Feature","id":671,"geometry":{"type":"MultiPoint","coordinates":[[-79.405182023999942,43.732952934000025]]},"properties":{"OBJECTID":671,"_id":671,"LOC_ID":12308,"LOC_NAME":"Brightpath Academy - Wanless Park (20)","AUSPICE":"Commercial Agency","ADDRESS":"20 MELROSE AVE","PCODE":"M5M 1Y5","ward":8,"PHONE":"(416) 485-5437","bldg_type":"Purpose Built","BLDGNAME":"Abc Academy","IGSPACE":10,"TGSPACE":10,"PGSPACE":16,"KGSPACE":0,"SGSPACE":0,"TOTSPACE":36,"subsidy":"N","run_date":"28JUL26","cwelcc_flag":"Y"}},{"type":"Feature","id":672,"geometry":{"type":"MultiPoint","coordinates":[[-79.493656213999941,43.665489122000054]]},"properties":{"OBJECTID":672,"_id":672,"LOC_ID":12309,"LOC_NAME":"Green Apple Kids","AUSPICE":"Commercial Agency","ADDRESS":"3605 DUNDAS ST W","PCODE":"M6S 2T1","ward":4,"PHONE":"(416) 570-6096","bldg_type":"Commercial Building","BLDGNAME":"Green Apple Kids","IGSPACE":10,"TGSPACE":40,"PGSPACE":80,"KGSPACE":0,"SGSPACE":0,"TOTSPACE":130,"subsidy":"N","run_date":"28JUL26","cwelcc_flag":"N"}},{"type":"Feature","id":673,"geometry":{"type":"MultiPoint","coordinates":[[-79.265248682999982,43.80315796900004]]},"properties":{"OBJECTID":673,"_id":673,"LOC_ID":12333,"LOC_NAME":"Jingbao Bilingual Children's Centre - Scarborough","AUSPICE":"Non Profit Agency","ADDRESS":"2350 MCCOWAN RD","PCODE":"M1S 4B4","ward":23,"PHONE":"(416) 321-6006","bldg_type":"Catholic Elementary School","BLDGNAME":"St. Ignatius Of Loyola Catholic School","IGSPACE":0,"TGSPACE":0,"PGSPACE":24,"KGSPACE":44,"SGSPACE":0,"TOTSPACE":68,"subsidy":"N","run_date":"28JUL26","cwelcc_flag":"Y"}},{"type":"Feature","id":674,"geometry":{"type":"MultiPoint","coordinates":[[-79.372670771999935,43.712351864000027]]},"properties":{"OBJECTID":674,"_id":674,"LOC_ID":12335,"LOC_NAME":"Children's Garden Junior School - Early Start","AUSPICE":"Commercial Agency","ADDRESS":"670 EGLINTON AVE E","PCODE":"M4G 2K4","ward":15,"PHONE":"(416) 423-5017","bldg_type":"Place of Worship","BLDGNAME":"Leaside Presbyterian Church","IGSPACE":0,"TGSPACE":0,"PGSPACE":32,"KGSPACE":0,"SGSPACE":0,"TOTSPACE":32,"subsidy":"N","run_date":"28JUL26","cwelcc_flag":"N"}},{"type":"Feature","id":675,"geometry":{"type":"MultiPoint","coordinates":[[-79.499437518999969,43.662842762000025]]},"properties":{"OBJECTID":675,"_id":675,"LOC_ID":12336,"LOC_NAME":"Macaulay - Warren Park Child Care Centre","AUSPICE":"Non Profit Agency","ADDRESS":"135 VARSITY RD","PCODE":"M6S 4P4","ward":4,"PHONE":"(416) 769-1253","bldg_type":"Public Elementary School","BLDGNAME":"Warren Park Junior Public School (Tdsb)","IGSPACE":0,"TGSPACE":0,"PGSPACE":24,"KGSPACE":26,"SGSPACE":30,"TOTSPACE":80,"subsidy":"Y","run_date":"28JUL26","cwelcc_flag":"Y"}},{"type":"Feature","id":676,"geometry":{"type":"MultiPoint","coordinates":[[-79.533449648999976,43.698923724000053]]},"properties":{"OBJECTID":676,"_id":676,"LOC_ID":12337,"LOC_NAME":"Three R's Schoolhouse Inc.","AUSPICE":"Commercial Agency","ADDRESS":"1577 ROYAL YORK RD","PCODE":"M9P 3C5","ward":2,"PHONE":"(416) 840-7675","bldg_type":"Place of Worship","BLDGNAME":"St. Andrew's Presbyterian Church","IGSPACE":0,"TGSPACE":15,"PGSPACE":48,"KGSPACE":0,"SGSPACE":0,"TOTSPACE":63,"subsidy":"N","run_date":"28JUL26","cwelcc_flag":"Y"}},{"type":"Feature","id":677,"geometry":{"type":"MultiPoint","coordinates":[[-79.467389995999952,43.659389634000036]]},"properties":{"OBJECTID":677,"_id":677,"LOC_ID":12338,"LOC_NAME":"Teddy Bear Academy","AUSPICE":"Commercial Agency","ADDRESS":"167 HIGH PARK AVE","PCODE":"M6P 2S3","ward":4,"PHONE":"(647) 351-1566","bldg_type":"Place of Worship","BLDGNAME":null,"IGSPACE":10,"TGSPACE":25,"PGSPACE":24,"KGSPACE":0,"SGSPACE":0,"TOTSPACE":59,"subsidy":"N","run_date":"28JUL26","cwelcc_flag":"Y"}},{"type":"Feature","id":678,"geometry":{"type":"MultiPoint","coordinates":[[-79.488253199999974,43.629804785000033]]},"properties":{"OBJECTID":678,"_id":678,"LOC_ID":12353,"LOC_NAME":"Munchkinz Preschool Inc. (2193117 Ontario Inc.)","AUSPICE":"Commercial Agency","ADDRESS":"260 THE QUEENSWAY","PCODE":"M8Y 1J4","ward":3,"PHONE":"(416) 252-0600","bldg_type":"Purpose Built","BLDGNAME":"Standalone Day Nursery","IGSPACE":0,"TGSPACE":0,"PGSPACE":31,"KGSPACE":0,"SGSPACE":0,"TOTSPACE":31,"subsidy":"N","run_date":"28JUL26","cwelcc_flag":"Y"}},{"type":"Feature","id":679,"geometry":{"type":"MultiPoint","coordinates":[[-79.44166562199996,43.762823236000031]]},"properties":{"OBJECTID":679,"_id":679,"LOC_ID":12373,"LOC_NAME":"Prosserman Jcc - Daycare And Preschool","AUSPICE":"Non Profit Agency","ADDRESS":"4588 BATHURST ST","PCODE":"M2R 1W6","ward":6,"PHONE":"(416) 638-1881x4250","bldg_type":"Other","BLDGNAME":null,"IGSPACE":10,"TGSPACE":60,"PGSPACE":96,"KGSPACE":52,"SGSPACE":0,"TOTSPACE":218,"subsidy":"Y","run_date":"28JUL26","cwelcc_flag":"Y"}},{"type":"Feature","id":680,"geometry":{"type":"MultiPoint","coordinates":[[-79.366029404999949,43.660308129000043]]},"properties":{"OBJECTID":680,"_id":680,"LOC_ID":12385,"LOC_NAME":"Cole Street Early Learning & Child Care Centre","AUSPICE":"Public (City Operated) Agency","ADDRESS":"10 COLE ST","PCODE":"M5A 0A3","ward":13,"PHONE":"(416) 392-5866","bldg_type":"Other","BLDGNAME":null,"IGSPACE":10,"TGSPACE":20,"PGSPACE":32,"KGSPACE":0,"SGSPACE":0,"TOTSPACE":62,"subsidy":"Y","run_date":"28JUL26","cwelcc_flag":"Y"}},{"type":"Feature","id":681,"geometry":{"type":"MultiPoint","coordinates":[[-79.269993008999961,43.70726103800007]]},"properties":{"OBJECTID":681,"_id":681,"LOC_ID":12386,"LOC_NAME":"Follow The Child","AUSPICE":"Commercial Agency","ADDRESS":"462 BIRCHMOUNT RD","PCODE":"M1K 1N8","ward":20,"PHONE":"(647) 347-7651","bldg_type":"Other","BLDGNAME":"Birchmount Plaza","IGSPACE":0,"TGSPACE":15,"PGSPACE":24,"KGSPACE":0,"SGSPACE":0,"TOTSPACE":39,"subsidy":"N","run_date":"28JUL26","cwelcc_flag":"Y"}},{"type":"Feature","id":682,"geometry":{"type":"MultiPoint","coordinates":[[-79.487341532999949,43.655668874000071]]},"properties":{"OBJECTID":682,"_id":682,"LOC_ID":12387,"LOC_NAME":"Little Learners Academy Inc.","AUSPICE":"Commercial Agency","ADDRESS":"268 JANE ST","PCODE":"M6S 3Z2","ward":4,"PHONE":"(416) 551-7114","bldg_type":"Other","BLDGNAME":"Building","IGSPACE":0,"TGSPACE":15,"PGSPACE":24,"KGSPACE":0,"SGSPACE":15,"TOTSPACE":54,"subsidy":"N","run_date":"28JUL26","cwelcc_flag":"Y"}},{"type":"Feature","id":683,"geometry":{"type":"MultiPoint","coordinates":[[-79.388079550999976,43.649853970000038]]},"properties":{"OBJECTID":683,"_id":683,"LOC_ID":12397,"LOC_NAME":"Kinder College Early Learning Centre","AUSPICE":"Commercial Agency","ADDRESS":"218 RICHMOND ST W","PCODE":"M5V 1V6","ward":10,"PHONE":"(416) 249-9881x301","bldg_type":"Other","BLDGNAME":null,"IGSPACE":20,"TGSPACE":30,"PGSPACE":47,"KGSPACE":0,"SGSPACE":0,"TOTSPACE":97,"subsidy":"N","run_date":"28JUL26","cwelcc_flag":"Y"}},{"type":"Feature","id":684,"geometry":{"type":"MultiPoint","coordinates":[[-79.575506466999968,43.653407091000076]]},"properties":{"OBJECTID":684,"_id":684,"LOC_ID":12399,"LOC_NAME":"Plasp Nativity Of Our Lord Catholic School","AUSPICE":"Non Profit Agency","ADDRESS":"35 SAFFRON CRES","PCODE":"M9C 3T8","ward":2,"PHONE":"(888) 739-4102","bldg_type":"Catholic Elementary School","BLDGNAME":"Nativity Of Our Lord Catholic School","IGSPACE":0,"TGSPACE":0,"PGSPACE":0,"KGSPACE":13,"SGSPACE":45,"TOTSPACE":58,"subsidy":"Y","run_date":"28JUL26","cwelcc_flag":"Y"}},{"type":"Feature","id":685,"geometry":{"type":"MultiPoint","coordinates":[[-79.548314389999973,43.648745569000027]]},"properties":{"OBJECTID":685,"_id":685,"LOC_ID":12409,"LOC_NAME":"Treasured Moments - Burnhamthorpe","AUSPICE":"Commercial Agency","ADDRESS":"316 BURNHAMTHORPE RD","PCODE":"M9B 2A1","ward":2,"PHONE":"(416) 646-7776","bldg_type":"Commercial Building","BLDGNAME":null,"IGSPACE":10,"TGSPACE":15,"PGSPACE":61,"KGSPACE":0,"SGSPACE":0,"TOTSPACE":86,"subsidy":"N","run_date":"28JUL26","cwelcc_flag":"Y"}},{"type":"Feature","id":686,"geometry":{"type":"MultiPoint","coordinates":[[-79.29246650999994,43.696836744000052]]},"properties":{"OBJECTID":686,"_id":686,"LOC_ID":12661,"LOC_NAME":"Eyet Early Learning Centre,  Crescent Town Elementary School","AUSPICE":"Non Profit Agency","ADDRESS":"4 MASSEY SQ","PCODE":"M4C 5M9","ward":19,"PHONE":"(416) 690-0349","bldg_type":"Public Elementary School","BLDGNAME":"Crescent Town Elementary School","IGSPACE":0,"TGSPACE":15,"PGSPACE":24,"KGSPACE":52,"SGSPACE":45,"TOTSPACE":136,"subsidy":"Y","run_date":"28JUL26","cwelcc_flag":"Y"}},{"type":"Feature","id":687,"geometry":{"type":"MultiPoint","coordinates":[[-79.589145176999978,43.74589204800003]]},"properties":{"OBJECTID":687,"_id":687,"LOC_ID":12700,"LOC_NAME":"First Stage Child Care Centre - Highfield","AUSPICE":"Non Profit Agency","ADDRESS":"85 MOUNT OLIVE DR","PCODE":"M9V 2C9","ward":1,"PHONE":"(416) 746-6847","bldg_type":"Public Elementary School","BLDGNAME":"Highfield Js","IGSPACE":0,"TGSPACE":10,"PGSPACE":24,"KGSPACE":0,"SGSPACE":0,"TOTSPACE":34,"subsidy":"Y","run_date":"28JUL26","cwelcc_flag":"Y"}},{"type":"Feature","id":688,"geometry":{"type":"MultiPoint","coordinates":[[-79.402379731999986,43.651281707000066]]},"properties":{"OBJECTID":688,"_id":688,"LOC_ID":12719,"LOC_NAME":"Jingbao (Downtown) Bilingual Children's Centre (96 Denison Avenue)","AUSPICE":"Non Profit Agency","ADDRESS":"96 DENISON AVE","PCODE":"M5T 1E4","ward":10,"PHONE":"(416) 603-8885","bldg_type":"Public Elementary School","BLDGNAME":"Ryerson Jr And Sr Public School","IGSPACE":0,"TGSPACE":15,"PGSPACE":24,"KGSPACE":26,"SGSPACE":0,"TOTSPACE":65,"subsidy":"N","run_date":"28JUL26","cwelcc_flag":"Y"}},{"type":"Feature","id":689,"geometry":{"type":"MultiPoint","coordinates":[[-79.300562469999988,43.669712709000066]]},"properties":{"OBJECTID":689,"_id":689,"LOC_ID":12735,"LOC_NAME":"Boardwalk Montessori School Inc.","AUSPICE":"Commercial Agency","ADDRESS":"1975 QUEEN ST E","PCODE":"M4L 1J1","ward":19,"PHONE":"(416) 691-6740","bldg_type":"Other","BLDGNAME":null,"IGSPACE":0,"TGSPACE":10,"PGSPACE":47,"KGSPACE":0,"SGSPACE":0,"TOTSPACE":57,"subsidy":"N","run_date":"28JUL26","cwelcc_flag":"N"}},{"type":"Feature","id":690,"geometry":{"type":"MultiPoint","coordinates":[[-79.405707817999939,43.666039390000037]]},"properties":{"OBJECTID":690,"_id":690,"LOC_ID":12737,"LOC_NAME":"Annex Montessori School","AUSPICE":"Commercial Agency","ADDRESS":"427 BLOOR ST W","PCODE":"M5S 1X7","ward":11,"PHONE":"(416) 994-0549","bldg_type":"Place of Worship","BLDGNAME":null,"IGSPACE":0,"TGSPACE":20,"PGSPACE":48,"KGSPACE":0,"SGSPACE":0,"TOTSPACE":68,"subsidy":"N","run_date":"28JUL26","cwelcc_flag":"Y"}},{"type":"Feature","id":691,"geometry":{"type":"MultiPoint","coordinates":[[-79.280920909999963,43.777735251000081]]},"properties":{"OBJECTID":691,"_id":691,"LOC_ID":12772,"LOC_NAME":"Heart Beatz Child Care - Solaris Site","AUSPICE":"Non Profit Agency","ADDRESS":"141 VILLAGE GREEN SQ","PCODE":"M1S 0L3","ward":22,"PHONE":"(416) 321-1719","bldg_type":"Community/Recreation Centre","BLDGNAME":"Cliffcrest Community Centre","IGSPACE":10,"TGSPACE":20,"PGSPACE":16,"KGSPACE":0,"SGSPACE":0,"TOTSPACE":46,"subsidy":"Y","run_date":"28JUL26","cwelcc_flag":"Y"}},{"type":"Feature","id":692,"geometry":{"type":"MultiPoint","coordinates":[[-79.406885856999963,43.702162358000066]]},"properties":{"OBJECTID":692,"_id":692,"LOC_ID":12778,"LOC_NAME":"Curious Caterpillars - College View","AUSPICE":"Commercial Agency","ADDRESS":"28 COLLEGE VIEW AVE","PCODE":"M5P 1J4","ward":12,"PHONE":"(647) 344-8681","bldg_type":"Other","BLDGNAME":null,"IGSPACE":10,"TGSPACE":15,"PGSPACE":24,"KGSPACE":0,"SGSPACE":0,"TOTSPACE":49,"subsidy":"N","run_date":"28JUL26","cwelcc_flag":"Y"}},{"type":"Feature","id":693,"geometry":{"type":"MultiPoint","coordinates":[[-79.152178075999984,43.786899112000071]]},"properties":{"OBJECTID":693,"_id":693,"LOC_ID":12787,"LOC_NAME":"Creative Minds Montessori Academy","AUSPICE":"Commercial Agency","ADDRESS":"285 LAWSON RD","PCODE":"M1C 2J6","ward":25,"PHONE":"(647) 347-6068","bldg_type":"Other","BLDGNAME":null,"IGSPACE":6,"TGSPACE":15,"PGSPACE":48,"KGSPACE":0,"SGSPACE":10,"TOTSPACE":79,"subsidy":"N","run_date":"28JUL26","cwelcc_flag":"Y"}},{"type":"Feature","id":694,"geometry":{"type":"MultiPoint","coordinates":[[-79.392863770999952,43.680939609000063]]},"properties":{"OBJECTID":694,"_id":694,"LOC_ID":12791,"LOC_NAME":"Trust Child Care Inc.","AUSPICE":"Commercial Agency","ADDRESS":"29 BIRCH AVE","PCODE":"M4V 1E2","ward":12,"PHONE":"(416) 594-0100x210","bldg_type":"Other","BLDGNAME":null,"IGSPACE":30,"TGSPACE":45,"PGSPACE":63,"KGSPACE":12,"SGSPACE":0,"TOTSPACE":150,"subsidy":"N","run_date":"28JUL26","cwelcc_flag":"Y"}},{"type":"Feature","id":695,"geometry":{"type":"MultiPoint","coordinates":[[-79.374052578999965,43.702076354000042]]},"properties":{"OBJECTID":695,"_id":695,"LOC_ID":12797,"LOC_NAME":"Brightpath Academy - Davisville Village","AUSPICE":"Commercial Agency","ADDRESS":"1432 BAYVIEW AVE","PCODE":"M4G 3B3","ward":15,"PHONE":"(647) 349-2229","bldg_type":"Other","BLDGNAME":null,"IGSPACE":20,"TGSPACE":30,"PGSPACE":48,"KGSPACE":0,"SGSPACE":0,"TOTSPACE":98,"subsidy":"N","run_date":"28JUL26","cwelcc_flag":"Y"}},{"type":"Feature","id":696,"geometry":{"type":"MultiPoint","coordinates":[[-79.293757969999945,43.812851637000051]]},"properties":{"OBJECTID":696,"_id":696,"LOC_ID":12798,"LOC_NAME":"Agape Christian Montessori School (2236800 Ontario Inc.)","AUSPICE":"Commercial Agency","ADDRESS":"301 SILVER STAR BLVD","PCODE":"M1V 0B6","ward":22,"PHONE":"(647) 717-1800","bldg_type":"Church","BLDGNAME":"Japanese Gospel Church Of Toronto","IGSPACE":0,"TGSPACE":10,"PGSPACE":32,"KGSPACE":0,"SGSPACE":0,"TOTSPACE":42,"subsidy":"N","run_date":"28JUL26","cwelcc_flag":"Y"}},{"type":"Feature","id":697,"geometry":{"type":"MultiPoint","coordinates":[[-79.483962201999987,43.655458879000037]]},"properties":{"OBJECTID":697,"_id":697,"LOC_ID":12805,"LOC_NAME":"Little Footsteps Childcare Inc.","AUSPICE":"Commercial Agency","ADDRESS":"404 WILLARD AVE","PCODE":"M6S 3R5","ward":4,"PHONE":"(416) 604-0330","bldg_type":"Place of Worship","BLDGNAME":"St Paul Anglican Church","IGSPACE":0,"TGSPACE":20,"PGSPACE":24,"KGSPACE":26,"SGSPACE":30,"TOTSPACE":100,"subsidy":"N","run_date":"28JUL26","cwelcc_flag":"Y"}},{"type":"Feature","id":698,"geometry":{"type":"MultiPoint","coordinates":[[-79.27841463499999,43.689096538000058]]},"properties":{"OBJECTID":698,"_id":698,"LOC_ID":12835,"LOC_NAME":"Teach Me To Fly Preschool","AUSPICE":"Commercial Agency","ADDRESS":"2560 GERRARD ST E","PCODE":"M1N 1W8","ward":20,"PHONE":"(647) 295-2176","bldg_type":"Other","BLDGNAME":null,"IGSPACE":14,"TGSPACE":25,"PGSPACE":16,"KGSPACE":0,"SGSPACE":0,"TOTSPACE":55,"subsidy":"N","run_date":"28JUL26","cwelcc_flag":"Y"}},{"type":"Feature","id":699,"geometry":{"type":"MultiPoint","coordinates":[[-79.480424151999955,43.648805719000052]]},"properties":{"OBJECTID":699,"_id":699,"LOC_ID":12836,"LOC_NAME":"Windermere Kids Inc.","AUSPICE":"Commercial Agency","ADDRESS":"356 WINDERMERE AVE","PCODE":"M6S 3L3","ward":4,"PHONE":"(416) 761-9772","bldg_type":"Church","BLDGNAME":"Windermere United Church","IGSPACE":10,"TGSPACE":15,"PGSPACE":48,"KGSPACE":0,"SGSPACE":0,"TOTSPACE":73,"subsidy":"N","run_date":"28JUL26","cwelcc_flag":"N"}},{"type":"Feature","id":700,"geometry":{"type":"MultiPoint","coordinates":[[-79.475686347999954,43.650834589000056]]},"properties":{"OBJECTID":700,"_id":700,"LOC_ID":12844,"LOC_NAME":"La Petite Ecole","AUSPICE":"Commercial Agency","ADDRESS":"130 KENNEDY AVE","PCODE":"M6S 2X9","ward":4,"PHONE":"(416) 767-2020","bldg_type":"Other","BLDGNAME":null,"IGSPACE":0,"TGSPACE":0,"PGSPACE":16,"KGSPACE":0,"SGSPACE":0,"TOTSPACE":16,"subsidy":"N","run_date":"28JUL26","cwelcc_flag":"N"}},{"type":"Feature","id":701,"geometry":{"type":"MultiPoint","coordinates":[[-79.417631928999981,43.663484294000057]]},"properties":{"OBJECTID":701,"_id":701,"LOC_ID":12860,"LOC_NAME":"Kids & Company Ltd. - Bloor Christie","AUSPICE":"Commercial Agency","ADDRESS":"703 BLOOR ST W","PCODE":"M6G 1L5","ward":11,"PHONE":"(647) 345-5702x0","bldg_type":"Other","BLDGNAME":null,"IGSPACE":10,"TGSPACE":30,"PGSPACE":16,"KGSPACE":0,"SGSPACE":0,"TOTSPACE":56,"subsidy":"N","run_date":"28JUL26","cwelcc_flag":"Y"}},{"type":"Feature","id":702,"geometry":{"type":"MultiPoint","coordinates":[[-79.414612661999968,43.774100912000051]]},"properties":{"OBJECTID":702,"_id":702,"LOC_ID":12862,"LOC_NAME":"Yonge-Churchill Child Care Centre","AUSPICE":"Non Profit Agency","ADDRESS":"5350 YONGE ST","PCODE":"M2N 5R5","ward":18,"PHONE":"(416) 221-4747","bldg_type":"Church","BLDGNAME":"St George's Anglican Church","IGSPACE":10,"TGSPACE":30,"PGSPACE":48,"KGSPACE":0,"SGSPACE":30,"TOTSPACE":118,"subsidy":"N","run_date":"28JUL26","cwelcc_flag":"Y"}},{"type":"Feature","id":703,"geometry":{"type":"MultiPoint","coordinates":[[-79.336019582999938,43.668910525000058]]},"properties":{"OBJECTID":703,"_id":703,"LOC_ID":12869,"LOC_NAME":"All About Kids Inc. (1055 Gerrard Street East)","AUSPICE":"Commercial Agency","ADDRESS":"1055 GERRARD ST E","PCODE":"M4M 1Z7","ward":14,"PHONE":"(416) 463-5437","bldg_type":"Other","BLDGNAME":null,"IGSPACE":10,"TGSPACE":15,"PGSPACE":37,"KGSPACE":20,"SGSPACE":0,"TOTSPACE":82,"subsidy":"N","run_date":"28JUL26","cwelcc_flag":"Y"}},{"type":"Feature","id":704,"geometry":{"type":"MultiPoint","coordinates":[[-79.302237424999987,43.739356427000075]]},"properties":{"OBJECTID":704,"_id":704,"LOC_ID":12887,"LOC_NAME":"Precious Blood  Jr Ymca Elp","AUSPICE":"Non Profit Agency","ADDRESS":"1035 PHARMACY AVE","PCODE":"M1R 2G8","ward":21,"PHONE":"(416) 490-1624","bldg_type":"Catholic Elementary School","BLDGNAME":"Precious Blood Catholic School","IGSPACE":0,"TGSPACE":0,"PGSPACE":0,"KGSPACE":13,"SGSPACE":30,"TOTSPACE":43,"subsidy":"Y","run_date":"28JUL26","cwelcc_flag":"Y"}},{"type":"Feature","id":705,"geometry":{"type":"MultiPoint","coordinates":[[-79.424054430999945,43.655675087000077]]},"properties":{"OBJECTID":705,"_id":705,"LOC_ID":12888,"LOC_NAME":"Dewson Street Ymca","AUSPICE":"Non Profit Agency","ADDRESS":"65 CONCORD AVE","PCODE":"M6H 2N9","ward":9,"PHONE":"(416) 536-1166x440","bldg_type":"Public Elementary School","BLDGNAME":"Dewson Street Junior Public School","IGSPACE":0,"TGSPACE":0,"PGSPACE":0,"KGSPACE":39,"SGSPACE":75,"TOTSPACE":114,"subsidy":"Y","run_date":"28JUL26","cwelcc_flag":"Y"}},{"type":"Feature","id":706,"geometry":{"type":"MultiPoint","coordinates":[[-79.340676357999939,43.689987554000027]]},"properties":{"OBJECTID":706,"_id":706,"LOC_ID":12892,"LOC_NAME":"Network Childcare Services - Holy Cross","AUSPICE":"Non Profit Agency","ADDRESS":"299A DONLANDS AVE","PCODE":"M4J 3R7","ward":14,"PHONE":"(416) 885-3768","bldg_type":"Catholic Elementary School","BLDGNAME":"Holy Cross Catholic School","IGSPACE":0,"TGSPACE":0,"PGSPACE":0,"KGSPACE":39,"SGSPACE":60,"TOTSPACE":99,"subsidy":"Y","run_date":"28JUL26","cwelcc_flag":"Y"}},{"type":"Feature","id":707,"geometry":{"type":"MultiPoint","coordinates":[[-79.434712286999968,43.63882755700007]]},"properties":{"OBJECTID":707,"_id":707,"LOC_ID":12894,"LOC_NAME":"Holy Family Childcare Centre-Queen Victoria","AUSPICE":"Non Profit Agency","ADDRESS":"141 CLOSE AVE","PCODE":"M6K 2V6","ward":4,"PHONE":"(416) 524-2052","bldg_type":"Catholic Elementary School","BLDGNAME":"Holy Family","IGSPACE":0,"TGSPACE":0,"PGSPACE":0,"KGSPACE":0,"SGSPACE":25,"TOTSPACE":25,"subsidy":"Y","run_date":"28JUL26","cwelcc_flag":"Y"}},{"type":"Feature","id":708,"geometry":{"type":"MultiPoint","coordinates":[[-79.391388215999939,43.77861241200003]]},"properties":{"OBJECTID":708,"_id":708,"LOC_ID":12897,"LOC_NAME":"Toronto Woods Daycare","AUSPICE":"Commercial Agency","ADDRESS":"3072 BAYVIEW AVE","PCODE":"M2N 5L3","ward":18,"PHONE":"(416) 222-7333","bldg_type":"Place of Worship","BLDGNAME":"Beth Tikvah Synagogue","IGSPACE":0,"TGSPACE":14,"PGSPACE":21,"KGSPACE":0,"SGSPACE":0,"TOTSPACE":35,"subsidy":"N","run_date":"28JUL26","cwelcc_flag":"Y"}},{"type":"Feature","id":709,"geometry":{"type":"MultiPoint","coordinates":[[-79.455349633999958,43.667673667000031]]},"properties":{"OBJECTID":709,"_id":709,"LOC_ID":12899,"LOC_NAME":"Centre De La Petite Enfance - Les Amis Du Monde","AUSPICE":"Non Profit Agency","ADDRESS":"55 PELHAM AVE","PCODE":"M6N 1A5","ward":9,"PHONE":"(416) 410-2232","bldg_type":"Public Elementary (French)","BLDGNAME":"École Élémentaire Charles-Sauriol","IGSPACE":10,"TGSPACE":15,"PGSPACE":40,"KGSPACE":52,"SGSPACE":70,"TOTSPACE":187,"subsidy":"Y","run_date":"28JUL26","cwelcc_flag":"Y"}},{"type":"Feature","id":710,"geometry":{"type":"MultiPoint","coordinates":[[-79.467194869999958,43.71110651500004]]},"properties":{"OBJECTID":710,"_id":710,"LOC_ID":12903,"LOC_NAME":"Montessori Start Inc","AUSPICE":"Commercial Agency","ADDRESS":"1195 LAWRENCE AVE W","PCODE":"M6A 1E2","ward":8,"PHONE":"(416) 901-9363","bldg_type":"Other","BLDGNAME":null,"IGSPACE":10,"TGSPACE":15,"PGSPACE":17,"KGSPACE":21,"SGSPACE":0,"TOTSPACE":63,"subsidy":"N","run_date":"28JUL26","cwelcc_flag":"N"}},{"type":"Feature","id":711,"geometry":{"type":"MultiPoint","coordinates":[[-79.294166333999954,43.795660153000028]]},"properties":{"OBJECTID":711,"_id":711,"LOC_ID":12906,"LOC_NAME":"Smart Start Montessori School (1416786 Ontario Limited)","AUSPICE":"Commercial Agency","ADDRESS":"2660 KENNEDY RD","PCODE":"M1T 3H7","ward":22,"PHONE":"(416) 644-1130","bldg_type":"Other","BLDGNAME":null,"IGSPACE":0,"TGSPACE":10,"PGSPACE":39,"KGSPACE":0,"SGSPACE":0,"TOTSPACE":49,"subsidy":"N","run_date":"28JUL26","cwelcc_flag":"N"}},{"type":"Feature","id":712,"geometry":{"type":"MultiPoint","coordinates":[[-79.360552778999988,43.65825118500004]]},"properties":{"OBJECTID":712,"_id":712,"LOC_ID":12917,"LOC_NAME":"George Brown - Nelson Mandela Child Care Centre","AUSPICE":"Non Profit Agency","ADDRESS":"440 SHUTER ST","PCODE":"M5A 1X6","ward":13,"PHONE":"(416) 415-2450","bldg_type":"Public Elementary School","BLDGNAME":"Nelson Mandela Park Public School","IGSPACE":10,"TGSPACE":25,"PGSPACE":32,"KGSPACE":52,"SGSPACE":60,"TOTSPACE":179,"subsidy":"Y","run_date":"28JUL26","cwelcc_flag":"Y"}},{"type":"Feature","id":713,"geometry":{"type":"MultiPoint","coordinates":[[-79.349583979999977,43.747287518000064]]},"properties":{"OBJECTID":713,"_id":713,"LOC_ID":12922,"LOC_NAME":"St. George Mini School - Mallard","AUSPICE":"Non Profit Agency","ADDRESS":"33 MALLARD RD","PCODE":"M3B 1S4","ward":16,"PHONE":"(647) 478-6114","bldg_type":"Church","BLDGNAME":null,"IGSPACE":10,"TGSPACE":15,"PGSPACE":48,"KGSPACE":0,"SGSPACE":0,"TOTSPACE":73,"subsidy":"Y","run_date":"28JUL26","cwelcc_flag":"Y"}},{"type":"Feature","id":714,"geometry":{"type":"MultiPoint","coordinates":[[-79.327883625999959,43.685425146000057]]},"properties":{"OBJECTID":714,"_id":714,"LOC_ID":12923,"LOC_NAME":"Monarch Park Montessori Inc.","AUSPICE":"Commercial Agency","ADDRESS":"201 MONARCH PARK AVE","PCODE":"M4J 4R9","ward":14,"PHONE":"(647) 748-8822","bldg_type":"Place of Worship","BLDGNAME":"Holy Trinity Macedono-Bulgarian Eastern Orthodox Church","IGSPACE":0,"TGSPACE":15,"PGSPACE":40,"KGSPACE":0,"SGSPACE":0,"TOTSPACE":55,"subsidy":"N","run_date":"28JUL26","cwelcc_flag":"N"}},{"type":"Feature","id":715,"geometry":{"type":"MultiPoint","coordinates":[[-79.391658880999955,43.64913286500007]]},"properties":{"OBJECTID":715,"_id":715,"LOC_ID":12929,"LOC_NAME":"Blue Butterfly Montessori School Inc.","AUSPICE":"Commercial Agency","ADDRESS":"300 RICHMOND ST W","PCODE":"M5V 1X2","ward":10,"PHONE":"(416) 479-0202","bldg_type":"Other","BLDGNAME":null,"IGSPACE":0,"TGSPACE":23,"PGSPACE":39,"KGSPACE":0,"SGSPACE":0,"TOTSPACE":62,"subsidy":"N","run_date":"28JUL26","cwelcc_flag":"Y"}},{"type":"Feature","id":716,"geometry":{"type":"MultiPoint","coordinates":[[-79.380868074999967,43.642339249000031]]},"properties":{"OBJECTID":716,"_id":716,"LOC_ID":12935,"LOC_NAME":"Kidz Kare Daycare","AUSPICE":"Non Profit Agency","ADDRESS":"15 YORK ST","PCODE":"M5J 0A3","ward":10,"PHONE":"(416) 900-1060","bldg_type":"Other","BLDGNAME":null,"IGSPACE":0,"TGSPACE":25,"PGSPACE":56,"KGSPACE":0,"SGSPACE":15,"TOTSPACE":96,"subsidy":"N","run_date":"28JUL26","cwelcc_flag":"Y"}},{"type":"Feature","id":717,"geometry":{"type":"MultiPoint","coordinates":[[-79.586033916999952,43.663664435000044]]},"properties":{"OBJECTID":717,"_id":717,"LOC_ID":12938,"LOC_NAME":"Plasp Mother Cabrini Catholic School","AUSPICE":"Non Profit Agency","ADDRESS":"720 RENFORTH DR","PCODE":"M9C 2N9","ward":2,"PHONE":"(888) 739-4102","bldg_type":"Catholic Elementary School","BLDGNAME":"Mother Cabrini Catholic School","IGSPACE":0,"TGSPACE":0,"PGSPACE":0,"KGSPACE":13,"SGSPACE":30,"TOTSPACE":43,"subsidy":"Y","run_date":"28JUL26","cwelcc_flag":"Y"}},{"type":"Feature","id":718,"geometry":{"type":"MultiPoint","coordinates":[[-79.425194328999964,43.652331833000062]]},"properties":{"OBJECTID":718,"_id":718,"LOC_ID":12941,"LOC_NAME":"The Orchard Montessori School","AUSPICE":"Commercial Agency","ADDRESS":"375 DOVERCOURT RD","PCODE":"M6J 3E5","ward":9,"PHONE":"(416) 534-7979","bldg_type":"Other","BLDGNAME":"Old Orchard Public School","IGSPACE":0,"TGSPACE":0,"PGSPACE":40,"KGSPACE":0,"SGSPACE":30,"TOTSPACE":70,"subsidy":"N","run_date":"28JUL26","cwelcc_flag":"N"}},{"type":"Feature","id":719,"geometry":{"type":"MultiPoint","coordinates":[[-79.22028949099996,43.736196655000072]]},"properties":{"OBJECTID":719,"_id":719,"LOC_ID":12955,"LOC_NAME":"Kingston Road East Early Learning And Child Care Centre","AUSPICE":"Public (City Operated) Agency","ADDRESS":"3392 KINGSTON RD","PCODE":"M1M 3W5","ward":20,"PHONE":"(416) 396-3755","bldg_type":"Low Rise Apartment","BLDGNAME":null,"IGSPACE":10,"TGSPACE":20,"PGSPACE":24,"KGSPACE":0,"SGSPACE":0,"TOTSPACE":54,"subsidy":"Y","run_date":"28JUL26","cwelcc_flag":"Y"}},{"type":"Feature","id":720,"geometry":{"type":"MultiPoint","coordinates":[[-79.518166922999967,43.629016362000073]]},"properties":{"OBJECTID":720,"_id":720,"LOC_ID":12981,"LOC_NAME":"Islington Village Childcare Centre","AUSPICE":"Commercial Agency","ADDRESS":"112 JUTLAND RD","PCODE":"M8Z 2H1","ward":3,"PHONE":"(416) 255-2000","bldg_type":"Office Building","BLDGNAME":null,"IGSPACE":20,"TGSPACE":30,"PGSPACE":40,"KGSPACE":0,"SGSPACE":0,"TOTSPACE":90,"subsidy":"N","run_date":"28JUL26","cwelcc_flag":"Y"}},{"type":"Feature","id":721,"geometry":{"type":"MultiPoint","coordinates":[[-79.452002765999964,43.653666517000033]]},"properties":{"OBJECTID":721,"_id":721,"LOC_ID":12988,"LOC_NAME":"Ola Day Care Inc.","AUSPICE":"Commercial Agency","ADDRESS":"2211 DUNDAS ST W","PCODE":"M6R 1X6","ward":4,"PHONE":"(647) 351-6521","bldg_type":"Office Building","BLDGNAME":"Ola Day Care Inc.","IGSPACE":0,"TGSPACE":15,"PGSPACE":21,"KGSPACE":0,"SGSPACE":0,"TOTSPACE":36,"subsidy":"N","run_date":"28JUL26","cwelcc_flag":"N"}},{"type":"Feature","id":722,"geometry":{"type":"MultiPoint","coordinates":[[-79.502594113999976,43.760045944000069]]},"properties":{"OBJECTID":722,"_id":722,"LOC_ID":12989,"LOC_NAME":"St. Wilfred Ymca","AUSPICE":"Non Profit Agency","ADDRESS":"1685 FINCH AVE W","PCODE":"M3J 2G8","ward":7,"PHONE":"(437) 225-8035","bldg_type":"Catholic Elementary School","BLDGNAME":"St. Wilfrid Catholic School","IGSPACE":0,"TGSPACE":0,"PGSPACE":0,"KGSPACE":26,"SGSPACE":30,"TOTSPACE":56,"subsidy":"Y","run_date":"28JUL26","cwelcc_flag":"Y"}},{"type":"Feature","id":723,"geometry":{"type":"MultiPoint","coordinates":[[-79.494418000999985,43.611855735000063]]},"properties":{"OBJECTID":723,"_id":723,"LOC_ID":12990,"LOC_NAME":"John English Ymca","AUSPICE":"Non Profit Agency","ADDRESS":"95 MIMICO AVE","PCODE":"M8V 1R4","ward":3,"PHONE":"(416) 930-5467","bldg_type":"Public Elementary School","BLDGNAME":"John English Jms Public School","IGSPACE":0,"TGSPACE":0,"PGSPACE":0,"KGSPACE":26,"SGSPACE":30,"TOTSPACE":56,"subsidy":"Y","run_date":"28JUL26","cwelcc_flag":"Y"}},{"type":"Feature","id":724,"geometry":{"type":"MultiPoint","coordinates":[[-79.351038231999951,43.774938653000049]]},"properties":{"OBJECTID":724,"_id":724,"LOC_ID":12991,"LOC_NAME":"St. Timothy Ymca Child Care","AUSPICE":"Non Profit Agency","ADDRESS":"25 ROCHELLE CRES","PCODE":"M2J 1Y3","ward":17,"PHONE":"(416) 315-5627","bldg_type":"Catholic Elementary School","BLDGNAME":"St. Timothy's Catholic School","IGSPACE":0,"TGSPACE":0,"PGSPACE":0,"KGSPACE":26,"SGSPACE":45,"TOTSPACE":71,"subsidy":"Y","run_date":"28JUL26","cwelcc_flag":"Y"}},{"type":"Feature","id":725,"geometry":{"type":"MultiPoint","coordinates":[[-79.215050943999984,43.745852810000031]]},"properties":{"OBJECTID":725,"_id":725,"LOC_ID":12992,"LOC_NAME":"N.Y.A.D. Cedar Drive","AUSPICE":"Non Profit Agency","ADDRESS":"21 GATESVIEW AVE","PCODE":"M1J 3G4","ward":24,"PHONE":"(416) 396-6123","bldg_type":"Public Elementary School","BLDGNAME":"Cedar Drive Junior Public School","IGSPACE":0,"TGSPACE":0,"PGSPACE":0,"KGSPACE":13,"SGSPACE":30,"TOTSPACE":43,"subsidy":"Y","run_date":"28JUL26","cwelcc_flag":"Y"}},{"type":"Feature","id":726,"geometry":{"type":"MultiPoint","coordinates":[[-79.22565459499998,43.739056437000045]]},"properties":{"OBJECTID":726,"_id":726,"LOC_ID":12993,"LOC_NAME":"N.Y.A.D. Mason Road","AUSPICE":"Non Profit Agency","ADDRESS":"78 MASON RD","PCODE":"M1M 3R2","ward":20,"PHONE":"(416) 881-7397","bldg_type":"Public Elementary School","BLDGNAME":"Mason Road Junior Public School","IGSPACE":0,"TGSPACE":0,"PGSPACE":0,"KGSPACE":26,"SGSPACE":30,"TOTSPACE":56,"subsidy":"Y","run_date":"28JUL26","cwelcc_flag":"Y"}},{"type":"Feature","id":727,"geometry":{"type":"MultiPoint","coordinates":[[-79.288500165999949,43.816595158000041]]},"properties":{"OBJECTID":727,"_id":727,"LOC_ID":13000,"LOC_NAME":"Heritage Child Care & Early Learning - Milliken Site","AUSPICE":"Non Profit Agency","ADDRESS":"130 PORT ROYAL TRAIL","PCODE":"M1V 2T4","ward":23,"PHONE":"(647) 825-7528","bldg_type":"Public Elementary School","BLDGNAME":"Milliken Public School","IGSPACE":0,"TGSPACE":0,"PGSPACE":0,"KGSPACE":26,"SGSPACE":45,"TOTSPACE":71,"subsidy":"Y","run_date":"28JUL26","cwelcc_flag":"Y"}},{"type":"Feature","id":728,"geometry":{"type":"MultiPoint","coordinates":[[-79.343551235999939,43.705577747000063]]},"properties":{"OBJECTID":728,"_id":728,"LOC_ID":13001,"LOC_NAME":"Fraser Mustard Early Learning Centre","AUSPICE":"Non Profit Agency","ADDRESS":"82 THORNCLIFFE PARK DR","PCODE":"M4H 0A2","ward":15,"PHONE":"(416) 421-7676","bldg_type":"Public Elementary School","BLDGNAME":"Fraser Mustard Early Learning Academy","IGSPACE":20,"TGSPACE":20,"PGSPACE":48,"KGSPACE":78,"SGSPACE":0,"TOTSPACE":166,"subsidy":"Y","run_date":"28JUL26","cwelcc_flag":"Y"}},{"type":"Feature","id":729,"geometry":{"type":"MultiPoint","coordinates":[[-79.539451858999939,43.660156609000069]]},"properties":{"OBJECTID":729,"_id":729,"LOC_ID":13002,"LOC_NAME":"Rosethorn Before And After School Program","AUSPICE":"Non Profit Agency","ADDRESS":"2 REMINGTON DR","PCODE":"M9A 2J1","ward":2,"PHONE":"(416) 239-4682","bldg_type":"Public Elementary School","BLDGNAME":"Rosethorn Junior Public School","IGSPACE":0,"TGSPACE":0,"PGSPACE":0,"KGSPACE":39,"SGSPACE":90,"TOTSPACE":129,"subsidy":"Y","run_date":"28JUL26","cwelcc_flag":"Y"}},{"type":"Feature","id":730,"geometry":{"type":"MultiPoint","coordinates":[[-79.559809172999962,43.679263829000035]]},"properties":{"OBJECTID":730,"_id":730,"LOC_ID":13005,"LOC_NAME":"Le Petit Chaperon Rouge - Richview","AUSPICE":"Non Profit Agency","ADDRESS":"59 CLEMENT RD","PCODE":"M9R 1Y5","ward":2,"PHONE":"(416) 333-3501","bldg_type":"Catholic Elementary (French)","BLDGNAME":"Ecole Elementaire Catholique Etobicoke","IGSPACE":6,"TGSPACE":15,"PGSPACE":24,"KGSPACE":39,"SGSPACE":60,"TOTSPACE":144,"subsidy":"Y","run_date":"28JUL26","cwelcc_flag":"Y"}},{"type":"Feature","id":731,"geometry":{"type":"MultiPoint","coordinates":[[-79.299275979999948,43.684610623000026]]},"properties":{"OBJECTID":731,"_id":731,"LOC_ID":13007,"LOC_NAME":"Community Centre 55 -Ted Reeves Arena","AUSPICE":"Non Profit Agency","ADDRESS":"175 MAIN ST","PCODE":"M4E 2W2","ward":19,"PHONE":"(416) 691-1113x231","bldg_type":"Other","BLDGNAME":null,"IGSPACE":0,"TGSPACE":15,"PGSPACE":24,"KGSPACE":0,"SGSPACE":0,"TOTSPACE":39,"subsidy":"Y","run_date":"28JUL26","cwelcc_flag":"Y"}},{"type":"Feature","id":732,"geometry":{"type":"MultiPoint","coordinates":[[-79.316009443999974,43.776496382000062]]},"properties":{"OBJECTID":732,"_id":732,"LOC_ID":13012,"LOC_NAME":"Top Mandarin Day Care Centre","AUSPICE":"Commercial Agency","ADDRESS":"3143 SHEPPARD AVE E","PCODE":"M1T 3J7","ward":22,"PHONE":"(647) 998-0928","bldg_type":"Place of Worship","BLDGNAME":"Grace Point Baptist Church","IGSPACE":0,"TGSPACE":25,"PGSPACE":24,"KGSPACE":0,"SGSPACE":0,"TOTSPACE":49,"subsidy":"N","run_date":"28JUL26","cwelcc_flag":"Y"}},{"type":"Feature","id":733,"geometry":{"type":"MultiPoint","coordinates":[[-79.427882312999941,43.730845851000026]]},"properties":{"OBJECTID":733,"_id":733,"LOC_ID":13016,"LOC_NAME":"Gan Shalom Preschool (Op-Chabad On The Avenue)","AUSPICE":"Non Profit Agency","ADDRESS":"157 FALKIRK ST","PCODE":"M5M 4K4","ward":8,"PHONE":"(416) 546-8770","bldg_type":"Church","BLDGNAME":null,"IGSPACE":16,"TGSPACE":60,"PGSPACE":57,"KGSPACE":0,"SGSPACE":0,"TOTSPACE":133,"subsidy":"N","run_date":"28JUL26","cwelcc_flag":"Y"}},{"type":"Feature","id":734,"geometry":{"type":"MultiPoint","coordinates":[[-79.560760937999987,43.736775652000063]]},"properties":{"OBJECTID":734,"_id":734,"LOC_ID":13028,"LOC_NAME":"Garderie Du Cercle De L'Amitie - Etobicoke","AUSPICE":"Non Profit Agency","ADDRESS":"30 THISTLE DOWN BLVD","PCODE":"M9V 1H8","ward":1,"PHONE":"(416) 740-1074","bldg_type":"Public Elementary (French)","BLDGNAME":"École Élémentaire Saint-Noël-Chabanel","IGSPACE":0,"TGSPACE":10,"PGSPACE":16,"KGSPACE":13,"SGSPACE":30,"TOTSPACE":69,"subsidy":"Y","run_date":"28JUL26","cwelcc_flag":"Y"}},{"type":"Feature","id":735,"geometry":{"type":"MultiPoint","coordinates":[[-79.489830092999966,43.683661004000044]]},"properties":{"OBJECTID":735,"_id":735,"LOC_ID":13045,"LOC_NAME":"Our Lady Of Victory School Age Ymca","AUSPICE":"Non Profit Agency","ADDRESS":"70 GUESTVILLE AVE","PCODE":"M6N 4N3","ward":5,"PHONE":"(437) 225-8035","bldg_type":"Catholic Elementary School","BLDGNAME":"Our Lady Of Victory Catholic School","IGSPACE":0,"TGSPACE":0,"PGSPACE":0,"KGSPACE":26,"SGSPACE":45,"TOTSPACE":71,"subsidy":"Y","run_date":"28JUL26","cwelcc_flag":"Y"}},{"type":"Feature","id":736,"geometry":{"type":"MultiPoint","coordinates":[[-79.303973766999945,43.66898603900006]]},"properties":{"OBJECTID":736,"_id":736,"LOC_ID":13050,"LOC_NAME":"Brightpath Academy - The Beach","AUSPICE":"Commercial Agency","ADDRESS":"1925 QUEEN ST E","PCODE":"M4L 1H3","ward":19,"PHONE":"(416) 640-9625","bldg_type":"Other","BLDGNAME":null,"IGSPACE":20,"TGSPACE":45,"PGSPACE":46,"KGSPACE":0,"SGSPACE":0,"TOTSPACE":111,"subsidy":"N","run_date":"28JUL26","cwelcc_flag":"Y"}},{"type":"Feature","id":737,"geometry":{"type":"MultiPoint","coordinates":[[-79.340095681999969,43.661672156000066]]},"properties":{"OBJECTID":737,"_id":737,"LOC_ID":13063,"LOC_NAME":"Liberty Preparatory School Inc.","AUSPICE":"Commercial Agency","ADDRESS":"181 CARLAW AVE","PCODE":"M4M 2S1","ward":14,"PHONE":"(416) 461-3216","bldg_type":"Other","BLDGNAME":null,"IGSPACE":0,"TGSPACE":15,"PGSPACE":24,"KGSPACE":0,"SGSPACE":0,"TOTSPACE":39,"subsidy":"N","run_date":"28JUL26","cwelcc_flag":"N"}},{"type":"Feature","id":738,"geometry":{"type":"MultiPoint","coordinates":[[-79.462766939999938,43.660537203000047]]},"properties":{"OBJECTID":738,"_id":738,"LOC_ID":13066,"LOC_NAME":"Sunnyside - Keele","AUSPICE":"Commercial Agency","ADDRESS":"236 KEELE ST","PCODE":"M6P 2K3","ward":4,"PHONE":"(416) 766-0312","bldg_type":"House","BLDGNAME":"Sunnyside Day Care","IGSPACE":10,"TGSPACE":15,"PGSPACE":9,"KGSPACE":0,"SGSPACE":0,"TOTSPACE":34,"subsidy":"N","run_date":"28JUL26","cwelcc_flag":"Y"}},{"type":"Feature","id":739,"geometry":{"type":"MultiPoint","coordinates":[[-79.526453314999969,43.636628451000036]]},"properties":{"OBJECTID":739,"_id":739,"LOC_ID":13070,"LOC_NAME":"Caterpillar & Co","AUSPICE":"Commercial Agency","ADDRESS":"55 CHAUNCEY AVE","PCODE":"M8Z 2Z2","ward":3,"PHONE":"(416) 239-2888","bldg_type":"Industrial Building","BLDGNAME":"Caterpillar & Company","IGSPACE":10,"TGSPACE":25,"PGSPACE":24,"KGSPACE":0,"SGSPACE":0,"TOTSPACE":59,"subsidy":"N","run_date":"28JUL26","cwelcc_flag":"N"}},{"type":"Feature","id":740,"geometry":{"type":"MultiPoint","coordinates":[[-79.344043750999958,43.804451999000037]]},"properties":{"OBJECTID":740,"_id":740,"LOC_ID":13073,"LOC_NAME":"Petite Luminaries Childcare","AUSPICE":"Commercial Agency","ADDRESS":"155 GORDON BAKER RD","PCODE":"M2H 3N5","ward":17,"PHONE":"(416) 756-9797","bldg_type":"Other","BLDGNAME":null,"IGSPACE":20,"TGSPACE":30,"PGSPACE":39,"KGSPACE":0,"SGSPACE":0,"TOTSPACE":89,"subsidy":"N","run_date":"28JUL26","cwelcc_flag":"Y"}},{"type":"Feature","id":741,"geometry":{"type":"MultiPoint","coordinates":[[-79.537225842999987,43.733312244000047]]},"properties":{"OBJECTID":741,"_id":741,"LOC_ID":13079,"LOC_NAME":"Westown Early Learning And Child Care Centre","AUSPICE":"Public (City Operated) Agency","ADDRESS":"3101 WESTON RD","PCODE":"M9M 2Z9","ward":7,"PHONE":"(416) 392-2440","bldg_type":"High Rise Apartment","BLDGNAME":null,"IGSPACE":10,"TGSPACE":10,"PGSPACE":16,"KGSPACE":0,"SGSPACE":0,"TOTSPACE":36,"subsidy":"Y","run_date":"28JUL26","cwelcc_flag":"Y"}},{"type":"Feature","id":742,"geometry":{"type":"MultiPoint","coordinates":[[-79.301187231999961,43.669495942000026]]},"properties":{"OBJECTID":742,"_id":742,"LOC_ID":13094,"LOC_NAME":"Castle Park Playschool","AUSPICE":"Commercial Agency","ADDRESS":"1971 QUEEN ST E","PCODE":"M4L 1H9","ward":19,"PHONE":"(647) 501-6751","bldg_type":"Other","BLDGNAME":null,"IGSPACE":0,"TGSPACE":0,"PGSPACE":0,"KGSPACE":19,"SGSPACE":15,"TOTSPACE":34,"subsidy":"N","run_date":"28JUL26","cwelcc_flag":"N"}},{"type":"Feature","id":743,"geometry":{"type":"MultiPoint","coordinates":[[-79.464022983999939,43.678930666000042]]},"properties":{"OBJECTID":743,"_id":743,"LOC_ID":13104,"LOC_NAME":"General Mercer Early Learning Centre","AUSPICE":"Non Profit Agency","ADDRESS":"30 TURNBERRY AVE","PCODE":"M6N 1P8","ward":9,"PHONE":"(416) 658-1699","bldg_type":"Public Elementary School","BLDGNAME":"General Mercer Public School","IGSPACE":10,"TGSPACE":15,"PGSPACE":16,"KGSPACE":26,"SGSPACE":30,"TOTSPACE":97,"subsidy":"Y","run_date":"28JUL26","cwelcc_flag":"Y"}},{"type":"Feature","id":744,"geometry":{"type":"MultiPoint","coordinates":[[-79.554224950999981,43.679791934000036]]},"properties":{"OBJECTID":744,"_id":744,"LOC_ID":13105,"LOC_NAME":"St. Marcellus Early Learning Centre","AUSPICE":"Non Profit Agency","ADDRESS":"15 DENFIELD ST","PCODE":"M9R 3H2","ward":2,"PHONE":"(416) 248-1803","bldg_type":"Catholic Elementary School","BLDGNAME":"St. Marcellus Catholic School","IGSPACE":0,"TGSPACE":0,"PGSPACE":16,"KGSPACE":13,"SGSPACE":30,"TOTSPACE":59,"subsidy":"Y","run_date":"28JUL26","cwelcc_flag":"Y"}},{"type":"Feature","id":745,"geometry":{"type":"MultiPoint","coordinates":[[-79.452419689999942,43.662831362000077]]},"properties":{"OBJECTID":745,"_id":745,"LOC_ID":13109,"LOC_NAME":"Perth Avenue Early Learning Centre","AUSPICE":"Non Profit Agency","ADDRESS":"14 RUSKIN AVE","PCODE":"M6P 3P8","ward":9,"PHONE":"(416) 533-2575","bldg_type":"Public Elementary School","BLDGNAME":"Perth Avenue Public School","IGSPACE":0,"TGSPACE":15,"PGSPACE":24,"KGSPACE":78,"SGSPACE":75,"TOTSPACE":192,"subsidy":"Y","run_date":"28JUL26","cwelcc_flag":"Y"}},{"type":"Feature","id":746,"geometry":{"type":"MultiPoint","coordinates":[[-79.460028797999939,43.67235280400007]]},"properties":{"OBJECTID":746,"_id":746,"LOC_ID":13110,"LOC_NAME":"Carleton Village Early Learning Centre","AUSPICE":"Non Profit Agency","ADDRESS":"315 OSLER ST","PCODE":"M6N 2Z4","ward":9,"PHONE":"(416) 651-2550","bldg_type":"Public Elementary School","BLDGNAME":"Carleton Village Public School North","IGSPACE":10,"TGSPACE":15,"PGSPACE":16,"KGSPACE":52,"SGSPACE":60,"TOTSPACE":153,"subsidy":"Y","run_date":"28JUL26","cwelcc_flag":"Y"}},{"type":"Feature","id":747,"geometry":{"type":"MultiPoint","coordinates":[[-79.49588014699998,43.717566390000059]]},"properties":{"OBJECTID":747,"_id":747,"LOC_ID":13111,"LOC_NAME":"St. Fidelis Child Care Centre","AUSPICE":"Non Profit Agency","ADDRESS":"155 FALSTAFF AVE","PCODE":"M6L 2E5","ward":5,"PHONE":"(416) 245-2446","bldg_type":"Catholic Elementary School","BLDGNAME":"St Fidelis Catholic School","IGSPACE":10,"TGSPACE":15,"PGSPACE":24,"KGSPACE":26,"SGSPACE":30,"TOTSPACE":105,"subsidy":"Y","run_date":"28JUL26","cwelcc_flag":"Y"}},{"type":"Feature","id":748,"geometry":{"type":"MultiPoint","coordinates":[[-79.413547177999988,43.753400734000081]]},"properties":{"OBJECTID":748,"_id":748,"LOC_ID":13120,"LOC_NAME":"St. Edward Ymca","AUSPICE":"Non Profit Agency","ADDRESS":"1 BOTHAM RD","PCODE":"M2N 2J6","ward":18,"PHONE":"(416) 225-7773x440","bldg_type":"Catholic Elementary School","BLDGNAME":"St. Edward Catholic School","IGSPACE":0,"TGSPACE":0,"PGSPACE":0,"KGSPACE":26,"SGSPACE":45,"TOTSPACE":71,"subsidy":"Y","run_date":"28JUL26","cwelcc_flag":"Y"}},{"type":"Feature","id":749,"geometry":{"type":"MultiPoint","coordinates":[[-79.460077901999966,43.662528730000076]]},"properties":{"OBJECTID":749,"_id":749,"LOC_ID":13122,"LOC_NAME":"Indian Road Crescent School Age Ymca","AUSPICE":"Non Profit Agency","ADDRESS":"285 INDIAN ROAD CRES","PCODE":"M6P 2G8","ward":4,"PHONE":"(416) 763-1195","bldg_type":"Public Elementary School","BLDGNAME":"Indian  Road Crescent Junior Public School","IGSPACE":0,"TGSPACE":0,"PGSPACE":0,"KGSPACE":52,"SGSPACE":96,"TOTSPACE":148,"subsidy":"Y","run_date":"28JUL26","cwelcc_flag":"Y"}},{"type":"Feature","id":750,"geometry":{"type":"MultiPoint","coordinates":[[-79.343066799999974,43.771042734000048]]},"properties":{"OBJECTID":750,"_id":750,"LOC_ID":13123,"LOC_NAME":"Forest Manor Ymca","AUSPICE":"Non Profit Agency","ADDRESS":"25 FOREST MANOR RD","PCODE":"M2J 1M4","ward":17,"PHONE":"(647) 403-8100","bldg_type":"Public Elementary School","BLDGNAME":"Forest Manor Public School","IGSPACE":0,"TGSPACE":0,"PGSPACE":0,"KGSPACE":26,"SGSPACE":45,"TOTSPACE":71,"subsidy":"Y","run_date":"28JUL26","cwelcc_flag":"Y"}},{"type":"Feature","id":751,"geometry":{"type":"MultiPoint","coordinates":[[-79.265922106999938,43.729835313000081]]},"properties":{"OBJECTID":751,"_id":751,"LOC_ID":13124,"LOC_NAME":"Network Child Care Services - St. Maria Goretti","AUSPICE":"Non Profit Agency","ADDRESS":"21 KENMARK BLVD","PCODE":"M1K 3N8","ward":20,"PHONE":"(416) 206-8374","bldg_type":"Catholic Elementary School","BLDGNAME":"St. Maria Goretti Catholic School","IGSPACE":0,"TGSPACE":0,"PGSPACE":0,"KGSPACE":13,"SGSPACE":45,"TOTSPACE":58,"subsidy":"Y","run_date":"28JUL26","cwelcc_flag":"Y"}},{"type":"Feature","id":752,"geometry":{"type":"MultiPoint","coordinates":[[-79.550789123999948,43.697866656000031]]},"properties":{"OBJECTID":752,"_id":752,"LOC_ID":13126,"LOC_NAME":"Plasp Kingsview Village Junior School","AUSPICE":"Non Profit Agency","ADDRESS":"1 YORK RD","PCODE":"M9R 3C8","ward":1,"PHONE":"(888) 739-4102","bldg_type":"Public Elementary School","BLDGNAME":"Kingsview Village Junior School","IGSPACE":0,"TGSPACE":0,"PGSPACE":0,"KGSPACE":13,"SGSPACE":30,"TOTSPACE":43,"subsidy":"Y","run_date":"28JUL26","cwelcc_flag":"Y"}},{"type":"Feature","id":753,"geometry":{"type":"MultiPoint","coordinates":[[-79.530191699999989,43.59435422100006]]},"properties":{"OBJECTID":753,"_id":753,"LOC_ID":13127,"LOC_NAME":"Plasp James S Bell Junior Middle School","AUSPICE":"Non Profit Agency","ADDRESS":"90 THIRTY FIRST ST","PCODE":"M8W 3E9","ward":3,"PHONE":"(888) 739-4102","bldg_type":"Public Middle School","BLDGNAME":"James S. Bell Junior Middle School","IGSPACE":0,"TGSPACE":0,"PGSPACE":0,"KGSPACE":13,"SGSPACE":30,"TOTSPACE":43,"subsidy":"Y","run_date":"28JUL26","cwelcc_flag":"Y"}},{"type":"Feature","id":754,"geometry":{"type":"MultiPoint","coordinates":[[-79.149250548999987,43.78254694900005]]},"properties":{"OBJECTID":754,"_id":754,"LOC_ID":13129,"LOC_NAME":"St. Brendan Kindergarten Before & After School Program","AUSPICE":"Non Profit Agency","ADDRESS":"186 CENTENNIAL RD","PCODE":"M1C 1Z9","ward":25,"PHONE":"(416) 281-0262x230","bldg_type":"Catholic Elementary School","BLDGNAME":"St. Brendan Catholic School","IGSPACE":0,"TGSPACE":0,"PGSPACE":0,"KGSPACE":39,"SGSPACE":0,"TOTSPACE":39,"subsidy":"Y","run_date":"28JUL26","cwelcc_flag":"Y"}},{"type":"Feature","id":755,"geometry":{"type":"MultiPoint","coordinates":[[-79.43679857799998,43.643187286000057]]},"properties":{"OBJECTID":755,"_id":755,"LOC_ID":13130,"LOC_NAME":"Parkdale Childcare Centre","AUSPICE":"Non Profit Agency","ADDRESS":"78 SEAFORTH AVE","PCODE":"M6K 3L2","ward":4,"PHONE":"(416) 393-8386","bldg_type":"Public Elementary School","BLDGNAME":"Parkdale Jr And Sr Public School","IGSPACE":0,"TGSPACE":15,"PGSPACE":22,"KGSPACE":65,"SGSPACE":75,"TOTSPACE":177,"subsidy":"Y","run_date":"28JUL26","cwelcc_flag":"Y"}},{"type":"Feature","id":756,"geometry":{"type":"MultiPoint","coordinates":[[-79.546963295999944,43.747946926000054]]},"properties":{"OBJECTID":756,"_id":756,"LOC_ID":13131,"LOC_NAME":"Daystrom Childcare Centre","AUSPICE":"Non Profit Agency","ADDRESS":"25 DAYSTROM DR","PCODE":"M9M 2A8","ward":7,"PHONE":"(647) 289-1392","bldg_type":"Public Elementary School","BLDGNAME":"Daystrom Public School","IGSPACE":0,"TGSPACE":0,"PGSPACE":0,"KGSPACE":26,"SGSPACE":60,"TOTSPACE":86,"subsidy":"Y","run_date":"28JUL26","cwelcc_flag":"Y"}},{"type":"Feature","id":757,"geometry":{"type":"MultiPoint","coordinates":[[-79.502824492999935,43.753654296000036]]},"properties":{"OBJECTID":757,"_id":757,"LOC_ID":13132,"LOC_NAME":"Rainbow's End Lutheran Daycare \"satellite\"","AUSPICE":"Non Profit Agency","ADDRESS":"33 LAMBERTON BLVD","PCODE":"M3J 1G6","ward":7,"PHONE":"(416) 633-4718","bldg_type":"Public Elementary School","BLDGNAME":"Lamberton Public School","IGSPACE":0,"TGSPACE":0,"PGSPACE":0,"KGSPACE":26,"SGSPACE":30,"TOTSPACE":56,"subsidy":"Y","run_date":"28JUL26","cwelcc_flag":"Y"}},{"type":"Feature","id":758,"geometry":{"type":"MultiPoint","coordinates":[[-79.288491093999937,43.683160395000073]]},"properties":{"OBJECTID":758,"_id":758,"LOC_ID":13133,"LOC_NAME":"Community Centre 55-Adam Beck","AUSPICE":"Non Profit Agency","ADDRESS":"400 SCARBOROUGH RD","PCODE":"M4E 3M8","ward":19,"PHONE":"(416) 691-1113x231","bldg_type":"Public Elementary School","BLDGNAME":"Adam Beck Es","IGSPACE":0,"TGSPACE":0,"PGSPACE":0,"KGSPACE":78,"SGSPACE":120,"TOTSPACE":198,"subsidy":"Y","run_date":"28JUL26","cwelcc_flag":"Y"}},{"type":"Feature","id":759,"geometry":{"type":"MultiPoint","coordinates":[[-79.235265935999962,43.765033217000052]]},"properties":{"OBJECTID":759,"_id":759,"LOC_ID":13136,"LOC_NAME":"Growing Tykes Learning Centre","AUSPICE":"Non Profit Agency","ADDRESS":"112 SEDGEMOUNT DR","PCODE":"M1H 1X9","ward":24,"PHONE":"(416) 438-4088","bldg_type":"Public Elementary School","BLDGNAME":"William Tredway Jr. Public School","IGSPACE":0,"TGSPACE":0,"PGSPACE":0,"KGSPACE":26,"SGSPACE":30,"TOTSPACE":56,"subsidy":"Y","run_date":"28JUL26","cwelcc_flag":"Y"}},{"type":"Feature","id":760,"geometry":{"type":"MultiPoint","coordinates":[[-79.336739699999953,43.672626463000029]]},"properties":{"OBJECTID":760,"_id":760,"LOC_ID":13144,"LOC_NAME":"Le Petit Chaperon Rouge - Jones","AUSPICE":"Non Profit Agency","ADDRESS":"343 JONES AVE","PCODE":"M4J 3G4","ward":14,"PHONE":"(416) 465-2227","bldg_type":"Catholic Elementary (French)","BLDGNAME":"École Élémentaire Catholique Du Bon-Berger","IGSPACE":0,"TGSPACE":30,"PGSPACE":46,"KGSPACE":52,"SGSPACE":0,"TOTSPACE":128,"subsidy":"Y","run_date":"28JUL26","cwelcc_flag":"Y"}},{"type":"Feature","id":761,"geometry":{"type":"MultiPoint","coordinates":[[-79.475534703999983,43.717827929000066]]},"properties":{"OBJECTID":761,"_id":761,"LOC_ID":13145,"LOC_NAME":"Garderie Du Soleil Levant","AUSPICE":"Non Profit Agency","ADDRESS":"116 CORNELIUS PKY","PCODE":"M6L 2K5","ward":5,"PHONE":"(416) 551-7072","bldg_type":"Public Elementary (French)","BLDGNAME":"École Élémentaire Mathieu-Da-Costa","IGSPACE":10,"TGSPACE":15,"PGSPACE":24,"KGSPACE":26,"SGSPACE":30,"TOTSPACE":105,"subsidy":"Y","run_date":"28JUL26","cwelcc_flag":"Y"}},{"type":"Feature","id":762,"geometry":{"type":"MultiPoint","coordinates":[[-79.321494566999945,43.734496769000032]]},"properties":{"OBJECTID":762,"_id":762,"LOC_ID":13146,"LOC_NAME":"Les Merveilles Du Monde","AUSPICE":"Non Profit Agency","ADDRESS":"150 CARNFORTH RD","PCODE":"M4A 2K7","ward":16,"PHONE":"(647) 428-0084","bldg_type":"Public Elementary (French)","BLDGNAME":"Ecole Elementaire Jeanne-Lajoie","IGSPACE":0,"TGSPACE":15,"PGSPACE":24,"KGSPACE":52,"SGSPACE":60,"TOTSPACE":151,"subsidy":"Y","run_date":"28JUL26","cwelcc_flag":"Y"}},{"type":"Feature","id":763,"geometry":{"type":"MultiPoint","coordinates":[[-79.183725063999987,43.775290539000025]]},"properties":{"OBJECTID":763,"_id":763,"LOC_ID":13162,"LOC_NAME":"Absorbent Minds 2","AUSPICE":"Commercial Agency","ADDRESS":"20 OLD KINGSTON RD","PCODE":"M1E 3J5","ward":25,"PHONE":"(647) 515-6286","bldg_type":"Other","BLDGNAME":null,"IGSPACE":0,"TGSPACE":0,"PGSPACE":24,"KGSPACE":0,"SGSPACE":0,"TOTSPACE":24,"subsidy":"N","run_date":"28JUL26","cwelcc_flag":"N"}},{"type":"Feature","id":764,"geometry":{"type":"MultiPoint","coordinates":[[-79.323952912999971,43.67110819800007]]},"properties":{"OBJECTID":764,"_id":764,"LOC_ID":13163,"LOC_NAME":"Aspiring Academics Preschool Inc.","AUSPICE":"Commercial Agency","ADDRESS":"262 WOODFIELD RD","PCODE":"M4L 2W7","ward":14,"PHONE":"(416) 889-9389","bldg_type":"Other","BLDGNAME":null,"IGSPACE":6,"TGSPACE":9,"PGSPACE":16,"KGSPACE":0,"SGSPACE":0,"TOTSPACE":31,"subsidy":"N","run_date":"28JUL26","cwelcc_flag":"Y"}},{"type":"Feature","id":765,"geometry":{"type":"MultiPoint","coordinates":[[-79.538033398999971,43.603664413000047]]},"properties":{"OBJECTID":765,"_id":765,"LOC_ID":13164,"LOC_NAME":"Vincent Massey Childcare Center (521909 Ontario Ltd.)","AUSPICE":"Commercial Agency","ADDRESS":"432 HORNER AVE","PCODE":"M8W 2B2","ward":3,"PHONE":"(416) 252-3305x226","bldg_type":"Purpose Built","BLDGNAME":"Community Centre","IGSPACE":0,"TGSPACE":25,"PGSPACE":48,"KGSPACE":0,"SGSPACE":0,"TOTSPACE":73,"subsidy":"Y","run_date":"28JUL26","cwelcc_flag":"N"}},{"type":"Feature","id":766,"geometry":{"type":"MultiPoint","coordinates":[[-79.421462611999971,43.670645439000054]]},"properties":{"OBJECTID":766,"_id":766,"LOC_ID":13176,"LOC_NAME":"Odyssey Montessori School","AUSPICE":"Commercial Agency","ADDRESS":"256 CHRISTIE ST","PCODE":"M6G 3B8","ward":11,"PHONE":"(416) 533-9402","bldg_type":"Other","BLDGNAME":null,"IGSPACE":0,"TGSPACE":10,"PGSPACE":47,"KGSPACE":0,"SGSPACE":0,"TOTSPACE":57,"subsidy":"N","run_date":"28JUL26","cwelcc_flag":"N"}},{"type":"Feature","id":767,"geometry":{"type":"MultiPoint","coordinates":[[-79.486983864999956,43.654847548000077]]},"properties":{"OBJECTID":767,"_id":767,"LOC_ID":13180,"LOC_NAME":"Angelgate Daycare Ltd. 230 Jane Street","AUSPICE":"Commercial Agency","ADDRESS":"230 JANE ST","PCODE":"M6S 3Z1","ward":4,"PHONE":"(416) 792-6243","bldg_type":"Commercial Building","BLDGNAME":"Commercial Building","IGSPACE":0,"TGSPACE":15,"PGSPACE":0,"KGSPACE":0,"SGSPACE":9,"TOTSPACE":24,"subsidy":"N","run_date":"28JUL26","cwelcc_flag":"Y"}},{"type":"Feature","id":768,"geometry":{"type":"MultiPoint","coordinates":[[-79.486993279999979,43.654868290000081]]},"properties":{"OBJECTID":768,"_id":768,"LOC_ID":13181,"LOC_NAME":"Angelgate Daycare Ltd. 232 Jane Street","AUSPICE":"Commercial Agency","ADDRESS":"232 JANE ST","PCODE":"M6S 3Z1","ward":4,"PHONE":"(416) 792-6243","bldg_type":"Commercial Building","BLDGNAME":"Commercial Building","IGSPACE":0,"TGSPACE":0,"PGSPACE":16,"KGSPACE":0,"SGSPACE":0,"TOTSPACE":16,"subsidy":"N","run_date":"28JUL26","cwelcc_flag":"Y"}},{"type":"Feature","id":769,"geometry":{"type":"MultiPoint","coordinates":[[-79.364620809999963,43.708793571000058]]},"properties":{"OBJECTID":769,"_id":769,"LOC_ID":13182,"LOC_NAME":"Brightpath Academy - Leaside","AUSPICE":"Commercial Agency","ADDRESS":"235 MCRAE DR","PCODE":"M4G 1T6","ward":15,"PHONE":"(647) 340-3688","bldg_type":"Other","BLDGNAME":null,"IGSPACE":20,"TGSPACE":33,"PGSPACE":54,"KGSPACE":0,"SGSPACE":0,"TOTSPACE":107,"subsidy":"N","run_date":"28JUL26","cwelcc_flag":"Y"}},{"type":"Feature","id":770,"geometry":{"type":"MultiPoint","coordinates":[[-79.341320615999962,43.661353969000061]]},"properties":{"OBJECTID":770,"_id":770,"LOC_ID":13183,"LOC_NAME":"Mighty Kids","AUSPICE":"Commercial Agency","ADDRESS":"14 VERRAL AVE","PCODE":"M4M 2R2","ward":14,"PHONE":"(905) 638-8824","bldg_type":"Other","BLDGNAME":null,"IGSPACE":6,"TGSPACE":15,"PGSPACE":22,"KGSPACE":0,"SGSPACE":0,"TOTSPACE":43,"subsidy":"N","run_date":"28JUL26","cwelcc_flag":"Y"}},{"type":"Feature","id":771,"geometry":{"type":"MultiPoint","coordinates":[[-79.346524860999978,43.678391973000032]]},"properties":{"OBJECTID":771,"_id":771,"LOC_ID":13189,"LOC_NAME":"Play Loft","AUSPICE":"Commercial Agency","ADDRESS":"583 DANFORTH AVE","PCODE":"M4K 1P9","ward":14,"PHONE":"(416) 406-0110","bldg_type":"Other","BLDGNAME":null,"IGSPACE":0,"TGSPACE":20,"PGSPACE":48,"KGSPACE":24,"SGSPACE":30,"TOTSPACE":122,"subsidy":"N","run_date":"28JUL26","cwelcc_flag":"Y"}},{"type":"Feature","id":772,"geometry":{"type":"MultiPoint","coordinates":[[-79.384511938999935,43.709057677000033]]},"properties":{"OBJECTID":772,"_id":772,"LOC_ID":13191,"LOC_NAME":"Curious Caterpillars - Petman Avenue","AUSPICE":"Commercial Agency","ADDRESS":"87 PETMAN AVE","PCODE":"M4S 2S9","ward":15,"PHONE":"(647) 501-7386","bldg_type":"Other","BLDGNAME":null,"IGSPACE":20,"TGSPACE":25,"PGSPACE":32,"KGSPACE":0,"SGSPACE":0,"TOTSPACE":77,"subsidy":"N","run_date":"28JUL26","cwelcc_flag":"Y"}},{"type":"Feature","id":773,"geometry":{"type":"MultiPoint","coordinates":[[-79.399267324999983,43.725948213000038]]},"properties":{"OBJECTID":773,"_id":773,"LOC_ID":13216,"LOC_NAME":"Weybourne School","AUSPICE":"Commercial Agency","ADDRESS":"54 LAWRENCE AVE E","PCODE":"M4N 1S3","ward":15,"PHONE":"(416) 917-8030","bldg_type":"House","BLDGNAME":null,"IGSPACE":0,"TGSPACE":0,"PGSPACE":11,"KGSPACE":0,"SGSPACE":0,"TOTSPACE":11,"subsidy":"N","run_date":"28JUL26","cwelcc_flag":"Y"}},{"type":"Feature","id":774,"geometry":{"type":"MultiPoint","coordinates":[[-79.602461651999988,43.651118369000073]]},"properties":{"OBJECTID":774,"_id":774,"LOC_ID":13218,"LOC_NAME":"Brightpath Eglinton","AUSPICE":"Commercial Agency","ADDRESS":"5535 EGLINTON AVE W","PCODE":"M9C 5K5","ward":2,"PHONE":"(416) 742-3535","bldg_type":"Office Building","BLDGNAME":"Centennial Building Court","IGSPACE":20,"TGSPACE":45,"PGSPACE":96,"KGSPACE":0,"SGSPACE":0,"TOTSPACE":161,"subsidy":"N","run_date":"28JUL26","cwelcc_flag":"Y"}},{"type":"Feature","id":775,"geometry":{"type":"MultiPoint","coordinates":[[-79.343894371999966,43.772537324000041]]},"properties":{"OBJECTID":775,"_id":775,"LOC_ID":13221,"LOC_NAME":"Parkway Forest Ymca","AUSPICE":"Non Profit Agency","ADDRESS":"55 FOREST MANOR RD","PCODE":"M2J 0C2","ward":17,"PHONE":"(647) 403-8100","bldg_type":"Community/Rec Centre - City","BLDGNAME":"Parkway Forest Community Recreation Centre","IGSPACE":10,"TGSPACE":30,"PGSPACE":40,"KGSPACE":0,"SGSPACE":0,"TOTSPACE":80,"subsidy":"Y","run_date":"28JUL26","cwelcc_flag":"Y"}},{"type":"Feature","id":776,"geometry":{"type":"MultiPoint","coordinates":[[-79.347408062999989,43.704060338000033]]},"properties":{"OBJECTID":776,"_id":776,"LOC_ID":13222,"LOC_NAME":"Montessori Education Centre","AUSPICE":"Commercial Agency","ADDRESS":"16 THORNCLIFFE PARK DR","PCODE":"M4H 1H4","ward":15,"PHONE":"(416) 421-0007","bldg_type":"Community/Recreation Centre","BLDGNAME":null,"IGSPACE":0,"TGSPACE":5,"PGSPACE":24,"KGSPACE":0,"SGSPACE":0,"TOTSPACE":29,"subsidy":"N","run_date":"28JUL26","cwelcc_flag":"N"}},{"type":"Feature","id":777,"geometry":{"type":"MultiPoint","coordinates":[[-79.336822408999979,43.724749829000075]]},"properties":{"OBJECTID":777,"_id":777,"LOC_ID":13236,"LOC_NAME":"Engaging Minds Child Care","AUSPICE":"Commercial Agency","ADDRESS":"29 GERVAIS DR","PCODE":"M3C 1Y9","ward":16,"PHONE":"(647) 830-4435","bldg_type":"Office Building","BLDGNAME":null,"IGSPACE":10,"TGSPACE":15,"PGSPACE":16,"KGSPACE":0,"SGSPACE":0,"TOTSPACE":41,"subsidy":"N","run_date":"28JUL26","cwelcc_flag":"Y"}},{"type":"Feature","id":778,"geometry":{"type":"MultiPoint","coordinates":[[-79.378491126999961,43.649976171000048]]},"properties":{"OBJECTID":778,"_id":778,"LOC_ID":13241,"LOC_NAME":"Kids & Company Scotia Plaza","AUSPICE":"Commercial Agency","ADDRESS":"104 YONGE ST","PCODE":"M5C 2Y6","ward":13,"PHONE":"(416) 603-2992","bldg_type":"Other","BLDGNAME":null,"IGSPACE":10,"TGSPACE":30,"PGSPACE":24,"KGSPACE":0,"SGSPACE":0,"TOTSPACE":64,"subsidy":"N","run_date":"28JUL26","cwelcc_flag":"Y"}},{"type":"Feature","id":779,"geometry":{"type":"MultiPoint","coordinates":[[-79.281588755999962,43.69546759800005]]},"properties":{"OBJECTID":779,"_id":779,"LOC_ID":13242,"LOC_NAME":"Oakridge Junior  Playcare","AUSPICE":"Non Profit Agency","ADDRESS":"110 BYNG AVE","PCODE":"M1L 3P1","ward":20,"PHONE":"(416) 755-9215x252","bldg_type":"Public Elementary School","BLDGNAME":"Oakridge Jr. Public Shcool","IGSPACE":0,"TGSPACE":0,"PGSPACE":0,"KGSPACE":26,"SGSPACE":60,"TOTSPACE":86,"subsidy":"Y","run_date":"28JUL26","cwelcc_flag":"Y"}},{"type":"Feature","id":780,"geometry":{"type":"MultiPoint","coordinates":[[-79.318686300999957,43.815899351000041]]},"properties":{"OBJECTID":780,"_id":780,"LOC_ID":13244,"LOC_NAME":"Kreative Kids Terry Fox","AUSPICE":"Non Profit Agency","ADDRESS":"185 WINTERMUTE BLVD","PCODE":"M1W 3M9","ward":22,"PHONE":"(647) 438-9411","bldg_type":"Public Elementary School","BLDGNAME":"Terry Fox Public School","IGSPACE":10,"TGSPACE":30,"PGSPACE":16,"KGSPACE":13,"SGSPACE":30,"TOTSPACE":99,"subsidy":"Y","run_date":"28JUL26","cwelcc_flag":"Y"}},{"type":"Feature","id":781,"geometry":{"type":"MultiPoint","coordinates":[[-79.323070860999962,43.798661710000033]]},"properties":{"OBJECTID":781,"_id":781,"LOC_ID":13246,"LOC_NAME":"Beverly Glen Ymca","AUSPICE":"Non Profit Agency","ADDRESS":"85 BEVERLY GLEN BLVD","PCODE":"M1W 1W4","ward":22,"PHONE":"(647) 438-6689","bldg_type":"Public Elementary School","BLDGNAME":"Beverly Glen Junior Public School","IGSPACE":0,"TGSPACE":0,"PGSPACE":0,"KGSPACE":26,"SGSPACE":30,"TOTSPACE":56,"subsidy":"Y","run_date":"28JUL26","cwelcc_flag":"Y"}},{"type":"Feature","id":782,"geometry":{"type":"MultiPoint","coordinates":[[-79.231736062999971,43.727649598000028]]},"properties":{"OBJECTID":782,"_id":782,"LOC_ID":13247,"LOC_NAME":"Heart Beatz - Halbert Child Care Site","AUSPICE":"Non Profit Agency","ADDRESS":"25 HALBERT PLACE","PCODE":"M1M 0E1","ward":20,"PHONE":"(647) 808-1439","bldg_type":"Public Elementary School","BLDGNAME":"H A Halbert Jr Public School","IGSPACE":0,"TGSPACE":0,"PGSPACE":0,"KGSPACE":26,"SGSPACE":45,"TOTSPACE":71,"subsidy":"Y","run_date":"28JUL26","cwelcc_flag":"Y"}},{"type":"Feature","id":783,"geometry":{"type":"MultiPoint","coordinates":[[-79.190239251999969,43.808481650000033]]},"properties":{"OBJECTID":783,"_id":783,"LOC_ID":13250,"LOC_NAME":"Alvin Curling Ymca","AUSPICE":"Non Profit Agency","ADDRESS":"50 UPPER ROUGE TRAIL","PCODE":"M1B 6K4","ward":25,"PHONE":"(416) 287-8534","bldg_type":"Public Elementary School","BLDGNAME":"Alvin Curling Public School","IGSPACE":0,"TGSPACE":0,"PGSPACE":0,"KGSPACE":13,"SGSPACE":30,"TOTSPACE":43,"subsidy":"Y","run_date":"28JUL26","cwelcc_flag":"Y"}},{"type":"Feature","id":784,"geometry":{"type":"MultiPoint","coordinates":[[-79.265658529999939,43.812666881000041]]},"properties":{"OBJECTID":784,"_id":784,"LOC_ID":13251,"LOC_NAME":"Percy Williams Ymca","AUSPICE":"Non Profit Agency","ADDRESS":"35 WHITE HEATHER BLVD","PCODE":"M1V 1P6","ward":23,"PHONE":"(416) 298-8911","bldg_type":"Public Elementary School","BLDGNAME":"Percy Williams Junior Public School","IGSPACE":0,"TGSPACE":0,"PGSPACE":0,"KGSPACE":13,"SGSPACE":30,"TOTSPACE":43,"subsidy":"Y","run_date":"28JUL26","cwelcc_flag":"Y"}},{"type":"Feature","id":785,"geometry":{"type":"MultiPoint","coordinates":[[-79.318587081999965,43.788916352000058]]},"properties":{"OBJECTID":785,"_id":785,"LOC_ID":13253,"LOC_NAME":"Plasp North Bridlewood Junior Public School","AUSPICE":"Non Profit Agency","ADDRESS":"50 COLLINGSBROOK BLVD","PCODE":"M1W 1L7","ward":22,"PHONE":"(888) 739-4102","bldg_type":"Public Elementary School","BLDGNAME":"North Bridlewood Junior Public School","IGSPACE":0,"TGSPACE":0,"PGSPACE":0,"KGSPACE":13,"SGSPACE":30,"TOTSPACE":43,"subsidy":"Y","run_date":"28JUL26","cwelcc_flag":"Y"}},{"type":"Feature","id":786,"geometry":{"type":"MultiPoint","coordinates":[[-79.292321369999968,43.779416136000066]]},"properties":{"OBJECTID":786,"_id":786,"LOC_ID":13254,"LOC_NAME":"Plasp Inglewood Heights Junior Public School","AUSPICE":"Non Profit Agency","ADDRESS":"45 DEMPSTER ST","PCODE":"M1T 2T6","ward":22,"PHONE":"(888) 739-4102","bldg_type":"Public Elementary School","BLDGNAME":"Inglewood Heights Public School","IGSPACE":0,"TGSPACE":0,"PGSPACE":0,"KGSPACE":13,"SGSPACE":30,"TOTSPACE":43,"subsidy":"Y","run_date":"28JUL26","cwelcc_flag":"Y"}},{"type":"Feature","id":787,"geometry":{"type":"MultiPoint","coordinates":[[-79.389508950999982,43.719940089000033]]},"properties":{"OBJECTID":787,"_id":787,"LOC_ID":13256,"LOC_NAME":"Plasp Blythwood Junior Public School","AUSPICE":"Non Profit Agency","ADDRESS":"2 STRATHGOWAN CRES","PCODE":"M4N 2Z5","ward":15,"PHONE":"(888) 739-4102","bldg_type":"Public Elementary School","BLDGNAME":"Blythwood Junior Public School","IGSPACE":0,"TGSPACE":0,"PGSPACE":0,"KGSPACE":13,"SGSPACE":45,"TOTSPACE":58,"subsidy":"Y","run_date":"28JUL26","cwelcc_flag":"Y"}},{"type":"Feature","id":788,"geometry":{"type":"MultiPoint","coordinates":[[-79.397921612999937,43.676933832000032]]},"properties":{"OBJECTID":788,"_id":788,"LOC_ID":13257,"LOC_NAME":"Unicorn Day Care Centre","AUSPICE":"Non Profit Agency","ADDRESS":"240 AVENUE RD","PCODE":"M5R 2J4","ward":11,"PHONE":"(416) 929-6841","bldg_type":"Church","BLDGNAME":"The Church Of The Messiah","IGSPACE":0,"TGSPACE":15,"PGSPACE":24,"KGSPACE":0,"SGSPACE":0,"TOTSPACE":39,"subsidy":"Y","run_date":"28JUL26","cwelcc_flag":"Y"}},{"type":"Feature","id":789,"geometry":{"type":"MultiPoint","coordinates":[[-79.392789514999947,43.696602319000078]]},"properties":{"OBJECTID":789,"_id":789,"LOC_ID":13285,"LOC_NAME":"Tiny Explorers Academy Inc","AUSPICE":"Commercial Agency","ADDRESS":"115 MERTON ST","PCODE":"M4S 1A7","ward":12,"PHONE":"(416) 489-7788","bldg_type":"Other","BLDGNAME":null,"IGSPACE":10,"TGSPACE":30,"PGSPACE":40,"KGSPACE":0,"SGSPACE":0,"TOTSPACE":80,"subsidy":"N","run_date":"28JUL26","cwelcc_flag":"Y"}},{"type":"Feature","id":790,"geometry":{"type":"MultiPoint","coordinates":[[-79.562227981999968,43.618343416000073]]},"properties":{"OBJECTID":790,"_id":790,"LOC_ID":13286,"LOC_NAME":"Sunshine Kids","AUSPICE":"Commercial Agency","ADDRESS":"1 WESTSIDE DR","PCODE":"M9C 1B2","ward":3,"PHONE":"(416) 622-7529","bldg_type":"Commercial Building","BLDGNAME":"Dh Management","IGSPACE":0,"TGSPACE":0,"PGSPACE":40,"KGSPACE":20,"SGSPACE":14,"TOTSPACE":74,"subsidy":"N","run_date":"28JUL26","cwelcc_flag":"N"}},{"type":"Feature","id":791,"geometry":{"type":"MultiPoint","coordinates":[[-79.42586393299996,43.717992286000026]]},"properties":{"OBJECTID":791,"_id":791,"LOC_ID":13287,"LOC_NAME":"Yeshivat Yesodei Hatora","AUSPICE":"Non Profit Agency","ADDRESS":"77 GLEN RUSH BLVD","PCODE":"M5N 2T8","ward":8,"PHONE":"(416) 787-1101x231","bldg_type":"Synagogue","BLDGNAME":null,"IGSPACE":0,"TGSPACE":0,"PGSPACE":142,"KGSPACE":0,"SGSPACE":0,"TOTSPACE":142,"subsidy":"N","run_date":"28JUL26","cwelcc_flag":"Y"}},{"type":"Feature","id":792,"geometry":{"type":"MultiPoint","coordinates":[[-79.420944919999954,43.682820031000062]]},"properties":{"OBJECTID":792,"_id":792,"LOC_ID":13295,"LOC_NAME":"Chabad Of Midtown - St Clair","AUSPICE":"Non Profit Agency","ADDRESS":"546 ST CLAIR AVE W","PCODE":"M6C 1A5","ward":12,"PHONE":"(416) 516-2005","bldg_type":"Other","BLDGNAME":null,"IGSPACE":10,"TGSPACE":61,"PGSPACE":48,"KGSPACE":0,"SGSPACE":0,"TOTSPACE":119,"subsidy":"N","run_date":"28JUL26","cwelcc_flag":"Y"}},{"type":"Feature","id":793,"geometry":{"type":"MultiPoint","coordinates":[[-79.230713041999934,43.781039958000065]]},"properties":{"OBJECTID":793,"_id":793,"LOC_ID":13304,"LOC_NAME":"Vedic Roots Montessori Academy (Scarborough)","AUSPICE":"Non Profit Agency","ADDRESS":"42 TUXEDO CRT","PCODE":"M1G 3S3","ward":24,"PHONE":"(416) 916-7005","bldg_type":"Other","BLDGNAME":null,"IGSPACE":0,"TGSPACE":10,"PGSPACE":22,"KGSPACE":0,"SGSPACE":0,"TOTSPACE":32,"subsidy":"N","run_date":"28JUL26","cwelcc_flag":"Y"}},{"type":"Feature","id":794,"geometry":{"type":"MultiPoint","coordinates":[[-79.357455954999978,43.681200857000078]]},"properties":{"OBJECTID":794,"_id":794,"LOC_ID":13310,"LOC_NAME":"Bluebird Montessori School (Mini)","AUSPICE":"Commercial Agency","ADDRESS":"905 BROADVIEW AVE","PCODE":"M4K 2R2","ward":14,"PHONE":"(416) 406-4066","bldg_type":"Other","BLDGNAME":null,"IGSPACE":10,"TGSPACE":45,"PGSPACE":0,"KGSPACE":0,"SGSPACE":0,"TOTSPACE":55,"subsidy":"N","run_date":"28JUL26","cwelcc_flag":"Y"}},{"type":"Feature","id":795,"geometry":{"type":"MultiPoint","coordinates":[[-79.40587549299994,43.669613071000072]]},"properties":{"OBJECTID":795,"_id":795,"LOC_ID":13311,"LOC_NAME":"Dr Eric Jackman Institute Of Child Study Laboratory School Nursery","AUSPICE":"Non Profit Agency","ADDRESS":"45 WALMER RD","PCODE":"M5R 2X2","ward":11,"PHONE":"(416) 934-4512","bldg_type":"Other","BLDGNAME":null,"IGSPACE":0,"TGSPACE":0,"PGSPACE":20,"KGSPACE":0,"SGSPACE":0,"TOTSPACE":20,"subsidy":"N","run_date":"28JUL26","cwelcc_flag":"N"}},{"type":"Feature","id":796,"geometry":{"type":"MultiPoint","coordinates":[[-79.407594932999984,43.677018341000064]]},"properties":{"OBJECTID":796,"_id":796,"LOC_ID":13317,"LOC_NAME":"Waldorf Academy Childcare Centre","AUSPICE":"Non Profit Agency","ADDRESS":"263 SPADINA RD","PCODE":"M5R 2V3","ward":12,"PHONE":"(416) 962-6447","bldg_type":"Other","BLDGNAME":null,"IGSPACE":0,"TGSPACE":24,"PGSPACE":20,"KGSPACE":0,"SGSPACE":0,"TOTSPACE":44,"subsidy":"N","run_date":"28JUL26","cwelcc_flag":"Y"}},{"type":"Feature","id":797,"geometry":{"type":"MultiPoint","coordinates":[[-79.500069986999961,43.702525967000042]]},"properties":{"OBJECTID":797,"_id":797,"LOC_ID":13318,"LOC_NAME":"Brookhaven Child Care -  St. Bernard Site","AUSPICE":"Non Profit Agency","ADDRESS":"12 DUCKWORTH ST","PCODE":"M6M 4W4","ward":5,"PHONE":"(416) 249-6587","bldg_type":"Catholic Elementary School","BLDGNAME":"St. Bernard Catholic School","IGSPACE":0,"TGSPACE":0,"PGSPACE":0,"KGSPACE":26,"SGSPACE":45,"TOTSPACE":71,"subsidy":"Y","run_date":"28JUL26","cwelcc_flag":"Y"}},{"type":"Feature","id":798,"geometry":{"type":"MultiPoint","coordinates":[[-79.404268206999973,43.668529412000055]]},"properties":{"OBJECTID":798,"_id":798,"LOC_ID":13324,"LOC_NAME":"Taddle Creek Montessori School","AUSPICE":"Commercial Agency","ADDRESS":"39 SPADINA RD","PCODE":"M5R 2S9","ward":11,"PHONE":"(416) 413-9493","bldg_type":"Other","BLDGNAME":null,"IGSPACE":0,"TGSPACE":0,"PGSPACE":0,"KGSPACE":109,"SGSPACE":0,"TOTSPACE":109,"subsidy":"N","run_date":"28JUL26","cwelcc_flag":"N"}},{"type":"Feature","id":799,"geometry":{"type":"MultiPoint","coordinates":[[-79.407066928999939,43.677232685000035]]},"properties":{"OBJECTID":799,"_id":799,"LOC_ID":13325,"LOC_NAME":"Waldorf Academy Childcare Centre-Madison","AUSPICE":"Non Profit Agency","ADDRESS":"250 MADISON AVE","PCODE":"M4V 2W6","ward":12,"PHONE":"(416) 962-6447","bldg_type":"Other","BLDGNAME":null,"IGSPACE":0,"TGSPACE":0,"PGSPACE":31,"KGSPACE":0,"SGSPACE":0,"TOTSPACE":31,"subsidy":"N","run_date":"28JUL26","cwelcc_flag":"Y"}},{"type":"Feature","id":800,"geometry":{"type":"MultiPoint","coordinates":[[-79.45739152699997,43.648640646000047]]},"properties":{"OBJECTID":800,"_id":800,"LOC_ID":13329,"LOC_NAME":"High Park Gardens Montessori School","AUSPICE":"Commercial Agency","ADDRESS":"35 HIGH PARK GDNS","PCODE":"M6R 1S8","ward":4,"PHONE":"(416) 763-6097","bldg_type":"House","BLDGNAME":"House","IGSPACE":0,"TGSPACE":15,"PGSPACE":0,"KGSPACE":97,"SGSPACE":0,"TOTSPACE":112,"subsidy":"N","run_date":"28JUL26","cwelcc_flag":"N"}},{"type":"Feature","id":801,"geometry":{"type":"MultiPoint","coordinates":[[-79.351412858999936,43.760917287000041]]},"properties":{"OBJECTID":801,"_id":801,"LOC_ID":13337,"LOC_NAME":"Bayview Glen","AUSPICE":"Non Profit Agency","ADDRESS":"275 DUNCAN MILL RD","PCODE":"M3B 3H9","ward":16,"PHONE":"(416) 443-1030x287","bldg_type":"Other","BLDGNAME":null,"IGSPACE":0,"TGSPACE":30,"PGSPACE":48,"KGSPACE":0,"SGSPACE":0,"TOTSPACE":78,"subsidy":"N","run_date":"28JUL26","cwelcc_flag":"N"}},{"type":"Feature","id":802,"geometry":{"type":"MultiPoint","coordinates":[[-79.507758626999987,43.616237679000051]]},"properties":{"OBJECTID":802,"_id":802,"LOC_ID":13338,"LOC_NAME":"The Mildenhall School","AUSPICE":"Commercial Agency","ADDRESS":"35 OURLAND AVE","PCODE":"M8Z 4E1","ward":3,"PHONE":"(416) 259-2822","bldg_type":"Other","BLDGNAME":null,"IGSPACE":0,"TGSPACE":0,"PGSPACE":0,"KGSPACE":76,"SGSPACE":0,"TOTSPACE":76,"subsidy":"N","run_date":"28JUL26","cwelcc_flag":"N"}},{"type":"Feature","id":803,"geometry":{"type":"MultiPoint","coordinates":[[-79.404735445999961,43.733275792000029]]},"properties":{"OBJECTID":803,"_id":803,"LOC_ID":13339,"LOC_NAME":"Viva Kids Academy","AUSPICE":"Commercial Agency","ADDRESS":"3420 YONGE ST","PCODE":"M4N 2M9","ward":8,"PHONE":"(416) 483-7070","bldg_type":"Other","BLDGNAME":null,"IGSPACE":10,"TGSPACE":44,"PGSPACE":48,"KGSPACE":0,"SGSPACE":0,"TOTSPACE":102,"subsidy":"N","run_date":"28JUL26","cwelcc_flag":"Y"}},{"type":"Feature","id":804,"geometry":{"type":"MultiPoint","coordinates":[[-79.41055500799996,43.70966399100007]]},"properties":{"OBJECTID":804,"_id":804,"LOC_ID":13340,"LOC_NAME":"Lullaboo Nursery And Childcare Center - Avenue Campus","AUSPICE":"Commercial Agency","ADDRESS":"1133 AVENUE RD","PCODE":"M5N 2E7","ward":8,"PHONE":"(416) 874-6163","bldg_type":"Other","BLDGNAME":null,"IGSPACE":10,"TGSPACE":35,"PGSPACE":64,"KGSPACE":0,"SGSPACE":0,"TOTSPACE":109,"subsidy":"N","run_date":"28JUL26","cwelcc_flag":"Y"}},{"type":"Feature","id":805,"geometry":{"type":"MultiPoint","coordinates":[[-79.386595635999981,43.729310499000064]]},"properties":{"OBJECTID":805,"_id":805,"LOC_ID":13344,"LOC_NAME":"Tfs Canada's International School (Mildenhall Branch)","AUSPICE":"Non Profit Agency","ADDRESS":"101 MILDENHALL RD","PCODE":"M4N 3H4","ward":15,"PHONE":"(416) 484-6980x4355","bldg_type":"Private Elementary School","BLDGNAME":null,"IGSPACE":0,"TGSPACE":0,"PGSPACE":50,"KGSPACE":0,"SGSPACE":0,"TOTSPACE":50,"subsidy":"N","run_date":"28JUL26","cwelcc_flag":"N"}},{"type":"Feature","id":806,"geometry":{"type":"MultiPoint","coordinates":[[-79.385546795999971,43.728599465000059]]},"properties":{"OBJECTID":806,"_id":806,"LOC_ID":13345,"LOC_NAME":"Jardin D'Eveil","AUSPICE":"Non Profit Agency","ADDRESS":"294 LAWRENCE AVE E","PCODE":"M4N 1T7","ward":15,"PHONE":"(416) 484-6980x4355","bldg_type":"Private Elementary School","BLDGNAME":"Toronto French School","IGSPACE":0,"TGSPACE":30,"PGSPACE":0,"KGSPACE":0,"SGSPACE":0,"TOTSPACE":30,"subsidy":"N","run_date":"28JUL26","cwelcc_flag":"N"}},{"type":"Feature","id":807,"geometry":{"type":"MultiPoint","coordinates":[[-79.350006896999957,43.75128803900003]]},"properties":{"OBJECTID":807,"_id":807,"LOC_ID":13346,"LOC_NAME":"The Laurel School","AUSPICE":"Commercial Agency","ADDRESS":"44 UPJOHN RD","PCODE":"M3B 2W1","ward":16,"PHONE":"(416) 510-2500","bldg_type":"Other","BLDGNAME":null,"IGSPACE":0,"TGSPACE":15,"PGSPACE":32,"KGSPACE":0,"SGSPACE":0,"TOTSPACE":47,"subsidy":"N","run_date":"28JUL26","cwelcc_flag":"N"}},{"type":"Feature","id":808,"geometry":{"type":"MultiPoint","coordinates":[[-79.426999985999942,43.71309976100008]]},"properties":{"OBJECTID":808,"_id":808,"LOC_ID":13347,"LOC_NAME":"Netivot Hatorah - South Campus","AUSPICE":"Non Profit Agency","ADDRESS":"470 GLENCAIRN AVE","PCODE":"M5N 1V8","ward":8,"PHONE":"(416) 789-9958","bldg_type":"Place of Worship","BLDGNAME":null,"IGSPACE":0,"TGSPACE":10,"PGSPACE":20,"KGSPACE":44,"SGSPACE":0,"TOTSPACE":74,"subsidy":"N","run_date":"28JUL26","cwelcc_flag":"Y"}},{"type":"Feature","id":809,"geometry":{"type":"MultiPoint","coordinates":[[-79.391925382999943,43.778859548000071]]},"properties":{"OBJECTID":809,"_id":809,"LOC_ID":13388,"LOC_NAME":"Bannockburn School","AUSPICE":"Non Profit Agency","ADDRESS":"3080 BAYVIEW AVE","PCODE":"M2N 5L3","ward":18,"PHONE":"(416) 789-7855x307","bldg_type":"Other","BLDGNAME":null,"IGSPACE":0,"TGSPACE":30,"PGSPACE":80,"KGSPACE":0,"SGSPACE":0,"TOTSPACE":110,"subsidy":"N","run_date":"28JUL26","cwelcc_flag":"N"}},{"type":"Feature","id":810,"geometry":{"type":"MultiPoint","coordinates":[[-79.431869445999951,43.721429256000079]]},"properties":{"OBJECTID":810,"_id":810,"LOC_ID":13415,"LOC_NAME":"Bais Yaakov Elementary School","AUSPICE":"Non Profit Agency","ADDRESS":"15 SARANAC BLVD","PCODE":"M6A 2G4","ward":8,"PHONE":"(416) 783-6181x182","bldg_type":"Other","BLDGNAME":null,"IGSPACE":20,"TGSPACE":30,"PGSPACE":96,"KGSPACE":0,"SGSPACE":0,"TOTSPACE":146,"subsidy":"N","run_date":"28JUL26","cwelcc_flag":"Y"}},{"type":"Feature","id":811,"geometry":{"type":"MultiPoint","coordinates":[[-79.363062342999967,43.717387388000077]]},"properties":{"OBJECTID":811,"_id":811,"LOC_ID":13427,"LOC_NAME":"Maria Montessori School Young Children's Community","AUSPICE":"Commercial Agency","ADDRESS":"125 BRENTCLIFFE RD","PCODE":"M4G 3Y7","ward":15,"PHONE":"(416) 423-9123","bldg_type":"Other","BLDGNAME":null,"IGSPACE":0,"TGSPACE":24,"PGSPACE":47,"KGSPACE":0,"SGSPACE":0,"TOTSPACE":71,"subsidy":"N","run_date":"28JUL26","cwelcc_flag":"Y"}},{"type":"Feature","id":812,"geometry":{"type":"MultiPoint","coordinates":[[-79.321741017999955,43.770089635000033]]},"properties":{"OBJECTID":812,"_id":812,"LOC_ID":13444,"LOC_NAME":"Ars Nursery School - Armenian Community Centre","AUSPICE":"Non Profit Agency","ADDRESS":"45 HALLCROWN PL","PCODE":"M2J 4Y4","ward":17,"PHONE":"(416) 491-2210x1009","bldg_type":"Other","BLDGNAME":null,"IGSPACE":0,"TGSPACE":30,"PGSPACE":44,"KGSPACE":0,"SGSPACE":0,"TOTSPACE":74,"subsidy":"N","run_date":"28JUL26","cwelcc_flag":"Y"}},{"type":"Feature","id":813,"geometry":{"type":"MultiPoint","coordinates":[[-79.434252637999975,43.731499388000032]]},"properties":{"OBJECTID":813,"_id":813,"LOC_ID":13449,"LOC_NAME":"Posluns Education Centre","AUSPICE":"Non Profit Agency","ADDRESS":"18 NEPTUNE DR","PCODE":"M6A 1X1","ward":8,"PHONE":"(416) 787-1872","bldg_type":"Other","BLDGNAME":null,"IGSPACE":0,"TGSPACE":0,"PGSPACE":48,"KGSPACE":72,"SGSPACE":0,"TOTSPACE":120,"subsidy":"N","run_date":"28JUL26","cwelcc_flag":"Y"}},{"type":"Feature","id":814,"geometry":{"type":"MultiPoint","coordinates":[[-79.364941493999936,43.790890366000042]]},"properties":{"OBJECTID":814,"_id":814,"LOC_ID":13451,"LOC_NAME":"Northwood Montessori","AUSPICE":"Commercial Agency","ADDRESS":"1080 FINCH AVE E","PCODE":"M2J 2X2","ward":17,"PHONE":"(416) 492-9495","bldg_type":"Church","BLDGNAME":"Tri-Congregational Church","IGSPACE":0,"TGSPACE":10,"PGSPACE":43,"KGSPACE":0,"SGSPACE":0,"TOTSPACE":53,"subsidy":"N","run_date":"28JUL26","cwelcc_flag":"Y"}},{"type":"Feature","id":815,"geometry":{"type":"MultiPoint","coordinates":[[-79.427879480999934,43.70984614300005]]},"properties":{"OBJECTID":815,"_id":815,"LOC_ID":13452,"LOC_NAME":"Eitz Chaim Schools Vm","AUSPICE":"Non Profit Agency","ADDRESS":"2742 BATHURST ST","PCODE":"M6B 4M7","ward":8,"PHONE":"(416) 789-4366","bldg_type":"Private Elementary School","BLDGNAME":null,"IGSPACE":0,"TGSPACE":45,"PGSPACE":80,"KGSPACE":0,"SGSPACE":0,"TOTSPACE":125,"subsidy":"N","run_date":"28JUL26","cwelcc_flag":"Y"}},{"type":"Feature","id":816,"geometry":{"type":"MultiPoint","coordinates":[[-79.354707431999941,43.747459286000037]]},"properties":{"OBJECTID":816,"_id":816,"LOC_ID":13454,"LOC_NAME":"La Citadelle International Academy Of Arts & Science","AUSPICE":"Non Profit Agency","ADDRESS":"36 SCARSDALE RD","PCODE":"M3B 2R7","ward":16,"PHONE":"(416) 385-9685","bldg_type":"Other","BLDGNAME":null,"IGSPACE":0,"TGSPACE":0,"PGSPACE":24,"KGSPACE":0,"SGSPACE":0,"TOTSPACE":24,"subsidy":"N","run_date":"28JUL26","cwelcc_flag":"N"}},{"type":"Feature","id":817,"geometry":{"type":"MultiPoint","coordinates":[[-79.332050987999935,43.792326775000049]]},"properties":{"OBJECTID":817,"_id":817,"LOC_ID":13463,"LOC_NAME":"Early Years Education System (E.Y.E.S)","AUSPICE":"Commercial Agency","ADDRESS":"3000 VICTORIA PARK AVE","PCODE":"M2J 4Y2","ward":17,"PHONE":"(416) 498-5437","bldg_type":"Other","BLDGNAME":null,"IGSPACE":10,"TGSPACE":22,"PGSPACE":23,"KGSPACE":0,"SGSPACE":2,"TOTSPACE":57,"subsidy":"N","run_date":"28JUL26","cwelcc_flag":"Y"}},{"type":"Feature","id":818,"geometry":{"type":"MultiPoint","coordinates":[[-79.355659862999971,43.750321937000081]]},"properties":{"OBJECTID":818,"_id":818,"LOC_ID":13469,"LOC_NAME":"The Giles School","AUSPICE":"Non Profit Agency","ADDRESS":"80 SCARSDALE RD","PCODE":"M3B 2R7","ward":16,"PHONE":"(416) 446-0825","bldg_type":"Private Elementary School","BLDGNAME":"The Giles Private Elementary School","IGSPACE":0,"TGSPACE":2,"PGSPACE":11,"KGSPACE":0,"SGSPACE":0,"TOTSPACE":13,"subsidy":"N","run_date":"28JUL26","cwelcc_flag":"N"}},{"type":"Feature","id":819,"geometry":{"type":"MultiPoint","coordinates":[[-79.34330659699998,43.66781519400007]]},"properties":{"OBJECTID":819,"_id":819,"LOC_ID":13478,"LOC_NAME":"Riverdale Mighty Kids Corp","AUSPICE":"Commercial Agency","ADDRESS":"842 GERRARD ST E","PCODE":"M4M 1Y7","ward":14,"PHONE":"(905) 638-8824","bldg_type":"Other","BLDGNAME":null,"IGSPACE":10,"TGSPACE":15,"PGSPACE":24,"KGSPACE":0,"SGSPACE":0,"TOTSPACE":49,"subsidy":"N","run_date":"28JUL26","cwelcc_flag":"Y"}},{"type":"Feature","id":820,"geometry":{"type":"MultiPoint","coordinates":[[-79.364740922999943,43.655020110000066]]},"properties":{"OBJECTID":820,"_id":820,"LOC_ID":13496,"LOC_NAME":"Liberty Prep Parliament","AUSPICE":"Commercial Agency","ADDRESS":"162 PARLIAMENT ST","PCODE":"M5A 2Z1","ward":13,"PHONE":"(416) 603-0341","bldg_type":"Other","BLDGNAME":null,"IGSPACE":0,"TGSPACE":25,"PGSPACE":10,"KGSPACE":0,"SGSPACE":0,"TOTSPACE":35,"subsidy":"N","run_date":"28JUL26","cwelcc_flag":"N"}},{"type":"Feature","id":821,"geometry":{"type":"MultiPoint","coordinates":[[-79.280161162999946,43.770417242000065]]},"properties":{"OBJECTID":821,"_id":821,"LOC_ID":13500,"LOC_NAME":"Enquiring Minds Montessori","AUSPICE":"Commercial Agency","ADDRESS":"24 PROGRESS AVE","PCODE":"M1P 2Y4","ward":21,"PHONE":"(416) 298-9938","bldg_type":"Private Elementary School","BLDGNAME":null,"IGSPACE":0,"TGSPACE":29,"PGSPACE":64,"KGSPACE":0,"SGSPACE":0,"TOTSPACE":93,"subsidy":"N","run_date":"28JUL26","cwelcc_flag":"Y"}},{"type":"Feature","id":822,"geometry":{"type":"MultiPoint","coordinates":[[-79.232737524999948,43.829875203000029]]},"properties":{"OBJECTID":822,"_id":822,"LOC_ID":13501,"LOC_NAME":"Blessed Pier Giorgio Frassati Extended Day Program","AUSPICE":"Non Profit Agency","ADDRESS":"8 SEASONS DR","PCODE":"M1X 1X4","ward":23,"PHONE":"(416) 396-5757","bldg_type":"Catholic Elementary School","BLDGNAME":"Blessed Pier Giorgio Frassati Catholic School","IGSPACE":0,"TGSPACE":0,"PGSPACE":0,"KGSPACE":13,"SGSPACE":30,"TOTSPACE":43,"subsidy":"Y","run_date":"28JUL26","cwelcc_flag":"Y"}},{"type":"Feature","id":823,"geometry":{"type":"MultiPoint","coordinates":[[-79.304114890999983,43.740153034000059]]},"properties":{"OBJECTID":823,"_id":823,"LOC_ID":13502,"LOC_NAME":"Wexford Extended Day And School Age Program","AUSPICE":"Non Profit Agency","ADDRESS":"1050 PHARMACY AVE","PCODE":"M1R 2H1","ward":21,"PHONE":"(647) 669-6201","bldg_type":"Public Elementary School","BLDGNAME":"Wexford Public School","IGSPACE":0,"TGSPACE":0,"PGSPACE":0,"KGSPACE":0,"SGSPACE":0,"TOTSPACE":0,"subsidy":"Y","run_date":"28JUL26","cwelcc_flag":"Y"}},{"type":"Feature","id":824,"geometry":{"type":"MultiPoint","coordinates":[[-79.363829919999944,43.664486002000046]]},"properties":{"OBJECTID":824,"_id":824,"LOC_ID":13503,"LOC_NAME":"Sprucecourt Child Care Centre","AUSPICE":"Non Profit Agency","ADDRESS":"70 SPRUCE ST","PCODE":"M5A 2J1","ward":13,"PHONE":"(416) 922-8827","bldg_type":"Public Elementary School","BLDGNAME":"Sprucecourt Junior Public School","IGSPACE":0,"TGSPACE":0,"PGSPACE":0,"KGSPACE":26,"SGSPACE":30,"TOTSPACE":56,"subsidy":"Y","run_date":"28JUL26","cwelcc_flag":"Y"}},{"type":"Feature","id":825,"geometry":{"type":"MultiPoint","coordinates":[[-79.238941176999958,43.743609817000049]]},"properties":{"OBJECTID":825,"_id":825,"LOC_ID":13504,"LOC_NAME":"Children Of Tomorrow","AUSPICE":"Non Profit Agency","ADDRESS":"425 MCCOWAN RD","PCODE":"M1J 1J1","ward":21,"PHONE":"(416) 261-9893","bldg_type":"Public (school closed)","BLDGNAME":"McCowan Public School","IGSPACE":10,"TGSPACE":10,"PGSPACE":16,"KGSPACE":0,"SGSPACE":0,"TOTSPACE":36,"subsidy":"Y","run_date":"28JUL26","cwelcc_flag":"Y"}},{"type":"Feature","id":826,"geometry":{"type":"MultiPoint","coordinates":[[-79.293615846999955,43.710159938000061]]},"properties":{"OBJECTID":826,"_id":826,"LOC_ID":13505,"LOC_NAME":"Our Lady Of Fatima Ymca","AUSPICE":"Non Profit Agency","ADDRESS":"3176 ST CLAIR AVE E","PCODE":"M1L 1V6","ward":20,"PHONE":"(416) 288-0997","bldg_type":"Catholic Elementary School","BLDGNAME":"Our Lady Of Fatima Catholic School","IGSPACE":0,"TGSPACE":0,"PGSPACE":0,"KGSPACE":26,"SGSPACE":45,"TOTSPACE":71,"subsidy":"Y","run_date":"28JUL26","cwelcc_flag":"Y"}},{"type":"Feature","id":827,"geometry":{"type":"MultiPoint","coordinates":[[-79.300191555999959,43.680465677000029]]},"properties":{"OBJECTID":827,"_id":827,"LOC_ID":13506,"LOC_NAME":"Apple Jacks Preschool","AUSPICE":"Commercial Agency","ADDRESS":"19 BENLAMOND AVE","PCODE":"M4E 1Y8","ward":19,"PHONE":"(416) 690-9555","bldg_type":"Other","BLDGNAME":null,"IGSPACE":0,"TGSPACE":23,"PGSPACE":24,"KGSPACE":0,"SGSPACE":0,"TOTSPACE":47,"subsidy":"N","run_date":"28JUL26","cwelcc_flag":"Y"}},{"type":"Feature","id":828,"geometry":{"type":"MultiPoint","coordinates":[[-79.17976521099996,43.762418809000053]]},"properties":{"OBJECTID":828,"_id":828,"LOC_ID":13508,"LOC_NAME":"Garderie Chez Tante Laure 2","AUSPICE":"Non Profit Agency","ADDRESS":"255 CORONATION DR","PCODE":"M1E 2J3","ward":25,"PHONE":"(416) 283-0060","bldg_type":"Public Elementary (French)","BLDGNAME":"Alexandre-Dumas","IGSPACE":0,"TGSPACE":10,"PGSPACE":24,"KGSPACE":26,"SGSPACE":45,"TOTSPACE":105,"subsidy":"Y","run_date":"28JUL26","cwelcc_flag":"Y"}},{"type":"Feature","id":829,"geometry":{"type":"MultiPoint","coordinates":[[-79.308346370999971,43.76194657700006]]},"properties":{"OBJECTID":829,"_id":829,"LOC_ID":13509,"LOC_NAME":"Our Lady Of Wisdom Ymca","AUSPICE":"Non Profit Agency","ADDRESS":"10 JAPONICA RD","PCODE":"M1R 4R7","ward":21,"PHONE":"(416) 447-8115","bldg_type":"Catholic Elementary School","BLDGNAME":"Our Lady Of Wisdom Catholic School","IGSPACE":0,"TGSPACE":0,"PGSPACE":0,"KGSPACE":26,"SGSPACE":30,"TOTSPACE":56,"subsidy":"Y","run_date":"28JUL26","cwelcc_flag":"Y"}},{"type":"Feature","id":830,"geometry":{"type":"MultiPoint","coordinates":[[-79.494524303999981,43.729722408000043]]},"properties":{"OBJECTID":830,"_id":830,"LOC_ID":13510,"LOC_NAME":"Plasp St. Conrad Catholic School","AUSPICE":"Non Profit Agency","ADDRESS":"5 EXBURY RD","PCODE":"M3M 0A8","ward":6,"PHONE":"(888) 739-4102","bldg_type":"Catholic Elementary School","BLDGNAME":"St. Conrad Catholic School","IGSPACE":0,"TGSPACE":0,"PGSPACE":0,"KGSPACE":13,"SGSPACE":30,"TOTSPACE":43,"subsidy":"Y","run_date":"28JUL26","cwelcc_flag":"Y"}},{"type":"Feature","id":831,"geometry":{"type":"MultiPoint","coordinates":[[-79.436382261999938,43.678664473000026]]},"properties":{"OBJECTID":831,"_id":831,"LOC_ID":13524,"LOC_NAME":"Ascot Avenue Community Daycare","AUSPICE":"Non Profit Agency","ADDRESS":"991 ST CLAIR AVE W","PCODE":"M6E 1A3","ward":9,"PHONE":"(416) 651-2275","bldg_type":"Public High School","BLDGNAME":"Oakwood Collegiate Institute","IGSPACE":10,"TGSPACE":10,"PGSPACE":16,"KGSPACE":0,"SGSPACE":0,"TOTSPACE":36,"subsidy":"Y","run_date":"28JUL26","cwelcc_flag":"Y"}},{"type":"Feature","id":832,"geometry":{"type":"MultiPoint","coordinates":[[-79.494586853999976,43.628382552000062]]},"properties":{"OBJECTID":832,"_id":832,"LOC_ID":13525,"LOC_NAME":"Grand Avenue Montessori School - 600","AUSPICE":"Commercial Agency","ADDRESS":"600 THE QUEENSWAY","PCODE":"M8Y 1K1","ward":3,"PHONE":"(416) 706-7224","bldg_type":"Other","BLDGNAME":"Child Care Centre","IGSPACE":0,"TGSPACE":12,"PGSPACE":14,"KGSPACE":0,"SGSPACE":0,"TOTSPACE":26,"subsidy":"N","run_date":"28JUL26","cwelcc_flag":"Y"}},{"type":"Feature","id":833,"geometry":{"type":"MultiPoint","coordinates":[[-79.494767637999985,43.628414745000043]]},"properties":{"OBJECTID":833,"_id":833,"LOC_ID":13526,"LOC_NAME":"Grand Avenue Montessori School - 602","AUSPICE":"Commercial Agency","ADDRESS":"602 THE QUEENSWAY","PCODE":"M8Y 1K1","ward":3,"PHONE":"(416) 247-9485","bldg_type":"Other","BLDGNAME":"Child Care Centre","IGSPACE":0,"TGSPACE":0,"PGSPACE":32,"KGSPACE":0,"SGSPACE":0,"TOTSPACE":32,"subsidy":"N","run_date":"28JUL26","cwelcc_flag":"Y"}},{"type":"Feature","id":834,"geometry":{"type":"MultiPoint","coordinates":[[-79.442960647999939,43.678665417000047]]},"properties":{"OBJECTID":834,"_id":834,"LOC_ID":13527,"LOC_NAME":"Little Angels Childcare Learning Centre","AUSPICE":"Commercial Agency","ADDRESS":"1695 DUFFERIN ST","PCODE":"M6E 3N9","ward":9,"PHONE":"(416) 652-1868","bldg_type":"Other","BLDGNAME":null,"IGSPACE":10,"TGSPACE":30,"PGSPACE":45,"KGSPACE":0,"SGSPACE":0,"TOTSPACE":85,"subsidy":"N","run_date":"28JUL26","cwelcc_flag":"Y"}},{"type":"Feature","id":835,"geometry":{"type":"MultiPoint","coordinates":[[-79.410393699999986,43.798456367000028]]},"properties":{"OBJECTID":835,"_id":835,"LOC_ID":13537,"LOC_NAME":"The Munchkin Manor Daycare & Early Learning Centre","AUSPICE":"Commercial Agency","ADDRESS":"1087 LILLIAN ST","PCODE":"M2M 3G1","ward":18,"PHONE":"(416) 860-5660","bldg_type":"Church","BLDGNAME":"St. John's Anglican Church Willowdale","IGSPACE":10,"TGSPACE":25,"PGSPACE":39,"KGSPACE":0,"SGSPACE":0,"TOTSPACE":74,"subsidy":"N","run_date":"28JUL26","cwelcc_flag":"Y"}},{"type":"Feature","id":836,"geometry":{"type":"MultiPoint","coordinates":[[-79.503429019999942,43.688636624000026]]},"properties":{"OBJECTID":836,"_id":836,"LOC_ID":13542,"LOC_NAME":"Jubilee Child Care Centre","AUSPICE":"Non Profit Agency","ADDRESS":"55 EMMETT AVE","PCODE":"M6M 2E4","ward":5,"PHONE":"(416) 530-0722x4019","bldg_type":"High Rise Apartment","BLDGNAME":"Apartment","IGSPACE":10,"TGSPACE":20,"PGSPACE":32,"KGSPACE":0,"SGSPACE":0,"TOTSPACE":62,"subsidy":"Y","run_date":"28JUL26","cwelcc_flag":"Y"}},{"type":"Feature","id":837,"geometry":{"type":"MultiPoint","coordinates":[[-79.454282687999978,43.716109531000029]]},"properties":{"OBJECTID":837,"_id":837,"LOC_ID":13543,"LOC_NAME":"Network Child Care Services - Dane Avenue Child Care Centre","AUSPICE":"Non Profit Agency","ADDRESS":"120 VIA BAGNATO","PCODE":"M6A 0B8","ward":8,"PHONE":"(416) 530-0722x4044","bldg_type":"Purpose Built","BLDGNAME":null,"IGSPACE":10,"TGSPACE":20,"PGSPACE":32,"KGSPACE":0,"SGSPACE":0,"TOTSPACE":62,"subsidy":"Y","run_date":"28JUL26","cwelcc_flag":"Y"}},{"type":"Feature","id":838,"geometry":{"type":"MultiPoint","coordinates":[[-79.354781405999972,43.751555583000027]]},"properties":{"OBJECTID":838,"_id":838,"LOC_ID":13546,"LOC_NAME":"Hawthorn School Day Care","AUSPICE":"Non Profit Agency","ADDRESS":"101 SCARSDALE RD","PCODE":"M3B 2R2","ward":16,"PHONE":"(416) 444-3054","bldg_type":"Other","BLDGNAME":null,"IGSPACE":0,"TGSPACE":7,"PGSPACE":7,"KGSPACE":0,"SGSPACE":0,"TOTSPACE":14,"subsidy":"N","run_date":"28JUL26","cwelcc_flag":"N"}},{"type":"Feature","id":839,"geometry":{"type":"MultiPoint","coordinates":[[-79.385564834999968,43.705133868000075]]},"properties":{"OBJECTID":839,"_id":839,"LOC_ID":13547,"LOC_NAME":"Monarch Manor","AUSPICE":"Commercial Agency","ADDRESS":"240 MANOR RD E","PCODE":"M4S 1R8","ward":15,"PHONE":"(416) 544-8686","bldg_type":"Other","BLDGNAME":null,"IGSPACE":10,"TGSPACE":15,"PGSPACE":32,"KGSPACE":0,"SGSPACE":0,"TOTSPACE":57,"subsidy":"N","run_date":"28JUL26","cwelcc_flag":"N"}},{"type":"Feature","id":840,"geometry":{"type":"MultiPoint","coordinates":[[-79.324707592999971,43.683435621000058]]},"properties":{"OBJECTID":840,"_id":840,"LOC_ID":13548,"LOC_NAME":"Blossoming Minds Learning Centre Inc.","AUSPICE":"Commercial Agency","ADDRESS":"1530 DANFORTH AVE","PCODE":"M4J 1N4","ward":14,"PHONE":"(416) 546-9830","bldg_type":"Other","BLDGNAME":null,"IGSPACE":20,"TGSPACE":30,"PGSPACE":70,"KGSPACE":26,"SGSPACE":0,"TOTSPACE":146,"subsidy":"N","run_date":"28JUL26","cwelcc_flag":"Y"}},{"type":"Feature","id":841,"geometry":{"type":"MultiPoint","coordinates":[[-79.42440027899994,43.695426570000052]]},"properties":{"OBJECTID":841,"_id":841,"LOC_ID":13550,"LOC_NAME":"Robbins Hebrew Academy","AUSPICE":"Non Profit Agency","ADDRESS":"1700 BATHURST ST","PCODE":"M5P 3K3","ward":12,"PHONE":"(416) 224-8737","bldg_type":"Other","BLDGNAME":null,"IGSPACE":0,"TGSPACE":0,"PGSPACE":48,"KGSPACE":0,"SGSPACE":0,"TOTSPACE":48,"subsidy":"N","run_date":"28JUL26","cwelcc_flag":"Y"}},{"type":"Feature","id":842,"geometry":{"type":"MultiPoint","coordinates":[[-79.300831270999936,43.683568984000033]]},"properties":{"OBJECTID":842,"_id":842,"LOC_ID":13551,"LOC_NAME":"Blue Bell Academy Inc.","AUSPICE":"Commercial Agency","ADDRESS":"2191 GERRARD ST E","PCODE":"M4E 2C6","ward":19,"PHONE":"(416) 550-4442","bldg_type":"Other","BLDGNAME":null,"IGSPACE":0,"TGSPACE":10,"PGSPACE":16,"KGSPACE":0,"SGSPACE":0,"TOTSPACE":26,"subsidy":"N","run_date":"28JUL26","cwelcc_flag":"Y"}},{"type":"Feature","id":843,"geometry":{"type":"MultiPoint","coordinates":[[-79.304084021999984,43.668920787000047]]},"properties":{"OBJECTID":843,"_id":843,"LOC_ID":13556,"LOC_NAME":"Brightpath Academy - The Beach Clubzone","AUSPICE":"Commercial Agency","ADDRESS":"1921 QUEEN ST E","PCODE":"M4L 1H3","ward":19,"PHONE":"(416) 640-9625","bldg_type":"Other","BLDGNAME":null,"IGSPACE":0,"TGSPACE":0,"PGSPACE":16,"KGSPACE":26,"SGSPACE":30,"TOTSPACE":72,"subsidy":"N","run_date":"28JUL26","cwelcc_flag":"Y"}},{"type":"Feature","id":844,"geometry":{"type":"MultiPoint","coordinates":[[-79.385552712999981,43.646779644000048]]},"properties":{"OBJECTID":844,"_id":844,"LOC_ID":13564,"LOC_NAME":"Kids & Company St Andrews","AUSPICE":"Commercial Agency","ADDRESS":"73 SIMCOE ST","PCODE":"M5J 1W9","ward":10,"PHONE":"(416) 938-8024","bldg_type":"Church","BLDGNAME":"St Andrews Church","IGSPACE":6,"TGSPACE":15,"PGSPACE":16,"KGSPACE":0,"SGSPACE":0,"TOTSPACE":37,"subsidy":"N","run_date":"28JUL26","cwelcc_flag":"Y"}},{"type":"Feature","id":845,"geometry":{"type":"MultiPoint","coordinates":[[-79.42846943699999,43.710890731000063]]},"properties":{"OBJECTID":845,"_id":845,"LOC_ID":13584,"LOC_NAME":"Score Day Camp","AUSPICE":"Commercial Agency","ADDRESS":"2760 BATHURST ST","PCODE":"M6B 3A1","ward":8,"PHONE":"(416) 709-6383","bldg_type":"Other","BLDGNAME":null,"IGSPACE":0,"TGSPACE":0,"PGSPACE":88,"KGSPACE":0,"SGSPACE":0,"TOTSPACE":88,"subsidy":"N","run_date":"28JUL26","cwelcc_flag":"N"}},{"type":"Feature","id":846,"geometry":{"type":"MultiPoint","coordinates":[[-79.134474360999945,43.78504642200005]]},"properties":{"OBJECTID":846,"_id":846,"LOC_ID":13586,"LOC_NAME":"William G. Davis Kindergarten Extended Care Program","AUSPICE":"Non Profit Agency","ADDRESS":"128 EAST AVE","PCODE":"M1C 3L6","ward":25,"PHONE":"(416) 281-0262x230","bldg_type":"Public Elementary School","BLDGNAME":"William G. Davis Junior Public School","IGSPACE":0,"TGSPACE":0,"PGSPACE":0,"KGSPACE":26,"SGSPACE":15,"TOTSPACE":41,"subsidy":"Y","run_date":"28JUL26","cwelcc_flag":"Y"}},{"type":"Feature","id":847,"geometry":{"type":"MultiPoint","coordinates":[[-79.133715923999944,43.795618421000029]]},"properties":{"OBJECTID":847,"_id":847,"LOC_ID":13587,"LOC_NAME":"West Rouge Kindergarten Extended Care Program","AUSPICE":"Non Profit Agency","ADDRESS":"401 FRIENDSHIP AVE","PCODE":"M1C 2X8","ward":25,"PHONE":"(416) 281-0262x230","bldg_type":"Public Elementary School","BLDGNAME":"West Rouge Junior Public School","IGSPACE":0,"TGSPACE":0,"PGSPACE":0,"KGSPACE":26,"SGSPACE":0,"TOTSPACE":26,"subsidy":"Y","run_date":"28JUL26","cwelcc_flag":"Y"}},{"type":"Feature","id":848,"geometry":{"type":"MultiPoint","coordinates":[[-79.142208960999938,43.782070232000081]]},"properties":{"OBJECTID":848,"_id":848,"LOC_ID":13588,"LOC_NAME":"Charlottetown Kindergarten Extended Care Program","AUSPICE":"Non Profit Agency","ADDRESS":"85 CHARLOTTETOWN BLVD","PCODE":"M1C 2C7","ward":25,"PHONE":"(416) 281-0262x230","bldg_type":"Public Elementary School","BLDGNAME":"Charlottetown Junior Public School","IGSPACE":0,"TGSPACE":0,"PGSPACE":0,"KGSPACE":26,"SGSPACE":0,"TOTSPACE":26,"subsidy":"Y","run_date":"28JUL26","cwelcc_flag":"Y"}},{"type":"Feature","id":849,"geometry":{"type":"MultiPoint","coordinates":[[-79.549870191999958,43.715938622000067]]},"properties":{"OBJECTID":849,"_id":849,"LOC_ID":13589,"LOC_NAME":"George Brown - Elmlea","AUSPICE":"Non Profit Agency","ADDRESS":"50 HADRIAN DR","PCODE":"M9W 1V4","ward":1,"PHONE":"(416) 535-6701","bldg_type":"Public Elementary School","BLDGNAME":"Elmlea Public School","IGSPACE":0,"TGSPACE":0,"PGSPACE":0,"KGSPACE":26,"SGSPACE":30,"TOTSPACE":56,"subsidy":"Y","run_date":"28JUL26","cwelcc_flag":"Y"}},{"type":"Feature","id":850,"geometry":{"type":"MultiPoint","coordinates":[[-79.27092739699998,43.708767059000081]]},"properties":{"OBJECTID":850,"_id":850,"LOC_ID":13590,"LOC_NAME":"Danforth Gardens Playcare","AUSPICE":"Non Profit Agency","ADDRESS":"20 SANTAMONICA BLVD","PCODE":"M1L 4H4","ward":20,"PHONE":"(416) 755-9215x252","bldg_type":"Public Elementary School","BLDGNAME":"Danforth Gardens Public School","IGSPACE":0,"TGSPACE":0,"PGSPACE":0,"KGSPACE":26,"SGSPACE":60,"TOTSPACE":86,"subsidy":"Y","run_date":"28JUL26","cwelcc_flag":"Y"}},{"type":"Feature","id":851,"geometry":{"type":"MultiPoint","coordinates":[[-79.513794213999972,43.630556488000025]]},"properties":{"OBJECTID":851,"_id":851,"LOC_ID":13593,"LOC_NAME":"Castlebar Ymca","AUSPICE":"Non Profit Agency","ADDRESS":"70 CHARTWELL RD","PCODE":"M8Z 4G6","ward":3,"PHONE":"(416) 917-8900x440","bldg_type":"Public Elementary School","BLDGNAME":"Castlebar Public School","IGSPACE":0,"TGSPACE":0,"PGSPACE":0,"KGSPACE":39,"SGSPACE":60,"TOTSPACE":99,"subsidy":"Y","run_date":"28JUL26","cwelcc_flag":"Y"}},{"type":"Feature","id":852,"geometry":{"type":"MultiPoint","coordinates":[[-79.496619333999945,43.613321188000043]]},"properties":{"OBJECTID":852,"_id":852,"LOC_ID":13595,"LOC_NAME":"St. Leo's Ymca Child Care","AUSPICE":"Non Profit Agency","ADDRESS":"271 ROYAL YORK RD","PCODE":"M8V 2V8","ward":3,"PHONE":"(416) 930-5467","bldg_type":"Catholic Elementary School","BLDGNAME":"St Leo Catholic School","IGSPACE":10,"TGSPACE":15,"PGSPACE":24,"KGSPACE":26,"SGSPACE":45,"TOTSPACE":120,"subsidy":"Y","run_date":"28JUL26","cwelcc_flag":"Y"}},{"type":"Feature","id":853,"geometry":{"type":"MultiPoint","coordinates":[[-79.569757846999948,43.682287772000052]]},"properties":{"OBJECTID":853,"_id":853,"LOC_ID":13596,"LOC_NAME":"Plasp Parkfield Junior School","AUSPICE":"Non Profit Agency","ADDRESS":"31 REDGRAVE DR","PCODE":"M9R 3T9","ward":1,"PHONE":"(888) 739-4102","bldg_type":"Public Elementary School","BLDGNAME":"Parkfield P.S.","IGSPACE":0,"TGSPACE":0,"PGSPACE":0,"KGSPACE":13,"SGSPACE":30,"TOTSPACE":43,"subsidy":"Y","run_date":"28JUL26","cwelcc_flag":"Y"}},{"type":"Feature","id":854,"geometry":{"type":"MultiPoint","coordinates":[[-79.464522783999939,43.734615033000068]]},"properties":{"OBJECTID":854,"_id":854,"LOC_ID":13597,"LOC_NAME":"Plasp St. Norbert Catholic School","AUSPICE":"Non Profit Agency","ADDRESS":"60 MANIZA RD","PCODE":"M3K 1R6","ward":6,"PHONE":"(888) 739-4102","bldg_type":"Public Elementary School","BLDGNAME":"St Norbert","IGSPACE":0,"TGSPACE":0,"PGSPACE":0,"KGSPACE":13,"SGSPACE":30,"TOTSPACE":43,"subsidy":"Y","run_date":"28JUL26","cwelcc_flag":"Y"}},{"type":"Feature","id":855,"geometry":{"type":"MultiPoint","coordinates":[[-79.368778085999963,43.693985401000077]]},"properties":{"OBJECTID":855,"_id":855,"LOC_ID":13599,"LOC_NAME":"Plasp Bennington Heights Ps","AUSPICE":"Non Profit Agency","ADDRESS":"76 BENNINGTON HEIGHTS DR","PCODE":"M4G 1B1","ward":15,"PHONE":"(888) 739-4102","bldg_type":"Public Elementary School","BLDGNAME":"Bennington Heights","IGSPACE":0,"TGSPACE":0,"PGSPACE":0,"KGSPACE":13,"SGSPACE":30,"TOTSPACE":43,"subsidy":"Y","run_date":"28JUL26","cwelcc_flag":"Y"}},{"type":"Feature","id":856,"geometry":{"type":"MultiPoint","coordinates":[[-79.35945886799999,43.784898830000031]]},"properties":{"OBJECTID":856,"_id":856,"LOC_ID":13600,"LOC_NAME":"Plasp Divine Mercy C.S.","AUSPICE":"Non Profit Agency","ADDRESS":"101 VAN HORNE AVE","PCODE":"M2J 2S8","ward":17,"PHONE":"(888) 739-4102","bldg_type":"Catholic Elementary School","BLDGNAME":"Divine Mercy Catholic School","IGSPACE":10,"TGSPACE":15,"PGSPACE":16,"KGSPACE":13,"SGSPACE":30,"TOTSPACE":84,"subsidy":"Y","run_date":"28JUL26","cwelcc_flag":"Y"}},{"type":"Feature","id":857,"geometry":{"type":"MultiPoint","coordinates":[[-79.404000763999989,43.727490206000027]]},"properties":{"OBJECTID":857,"_id":857,"LOC_ID":13601,"LOC_NAME":"Plasp Blessed Sacrament C.S.","AUSPICE":"Non Profit Agency","ADDRESS":"24 BEDFORD PARK AVE","PCODE":"M5M 1H9","ward":8,"PHONE":"(888) 739-4102","bldg_type":"Catholic Elementary School","BLDGNAME":"Blessed Sacrament Catholic School","IGSPACE":0,"TGSPACE":0,"PGSPACE":0,"KGSPACE":13,"SGSPACE":45,"TOTSPACE":58,"subsidy":"Y","run_date":"28JUL26","cwelcc_flag":"Y"}},{"type":"Feature","id":858,"geometry":{"type":"MultiPoint","coordinates":[[-79.308572743999946,43.763782914000046]]},"properties":{"OBJECTID":858,"_id":858,"LOC_ID":13603,"LOC_NAME":"Terraview-Willowfield Extended Day Program","AUSPICE":"Non Profit Agency","ADDRESS":"95 PACHINO BLVD","PCODE":"M1R 4K1","ward":21,"PHONE":"(647) 669-6201","bldg_type":"Public Elementary School","BLDGNAME":"Terraview-Willowfield Public School","IGSPACE":0,"TGSPACE":0,"PGSPACE":0,"KGSPACE":13,"SGSPACE":30,"TOTSPACE":43,"subsidy":"Y","run_date":"28JUL26","cwelcc_flag":"Y"}},{"type":"Feature","id":859,"geometry":{"type":"MultiPoint","coordinates":[[-79.296235893999949,43.716476759000045]]},"properties":{"OBJECTID":859,"_id":859,"LOC_ID":13608,"LOC_NAME":"Clairlea Child Care Centre","AUSPICE":"Non Profit Agency","ADDRESS":"25 ROSALIND CRES","PCODE":"M1L 2X1","ward":20,"PHONE":"(416) 389-2925","bldg_type":"Public Elementary School","BLDGNAME":"Clairlea Public School","IGSPACE":0,"TGSPACE":0,"PGSPACE":0,"KGSPACE":26,"SGSPACE":60,"TOTSPACE":86,"subsidy":"Y","run_date":"28JUL26","cwelcc_flag":"Y"}},{"type":"Feature","id":860,"geometry":{"type":"MultiPoint","coordinates":[[-79.229626559999986,43.723553209000045]]},"properties":{"OBJECTID":860,"_id":860,"LOC_ID":13610,"LOC_NAME":"St Agatha Catholic Before & After School Program","AUSPICE":"Non Profit Agency","ADDRESS":"49 CATHEDRAL BLUFFS DR","PCODE":"M1M 2T6","ward":20,"PHONE":"(416) 320-5807","bldg_type":"Catholic Elementary School","BLDGNAME":"St Agatha Catholic School","IGSPACE":0,"TGSPACE":0,"PGSPACE":0,"KGSPACE":26,"SGSPACE":60,"TOTSPACE":86,"subsidy":"Y","run_date":"28JUL26","cwelcc_flag":"Y"}},{"type":"Feature","id":861,"geometry":{"type":"MultiPoint","coordinates":[[-79.45890135999997,43.684014356000034]]},"properties":{"OBJECTID":861,"_id":861,"LOC_ID":13611,"LOC_NAME":"Macaulay - Fh Miller Child Care Centre","AUSPICE":"Non Profit Agency","ADDRESS":"300 CALEDONIA RD","PCODE":"M6E 4T5","ward":9,"PHONE":"(416) 546-1090","bldg_type":"Public Elementary School","BLDGNAME":"Fh Miller Junior Public School","IGSPACE":0,"TGSPACE":0,"PGSPACE":0,"KGSPACE":26,"SGSPACE":30,"TOTSPACE":56,"subsidy":"Y","run_date":"28JUL26","cwelcc_flag":"Y"}},{"type":"Feature","id":862,"geometry":{"type":"MultiPoint","coordinates":[[-79.308183744999951,43.81884453300006]]},"properties":{"OBJECTID":862,"_id":862,"LOC_ID":13613,"LOC_NAME":"Family Day Kennedy Extended Day & School Age Program","AUSPICE":"Non Profit Agency","ADDRESS":"20 ELMFIELD CRES","PCODE":"M1V 2Y6","ward":22,"PHONE":"(416) 297-9660","bldg_type":"Public Elementary School","BLDGNAME":"Kennedy Public School","IGSPACE":0,"TGSPACE":0,"PGSPACE":0,"KGSPACE":13,"SGSPACE":30,"TOTSPACE":43,"subsidy":"Y","run_date":"28JUL26","cwelcc_flag":"Y"}},{"type":"Feature","id":863,"geometry":{"type":"MultiPoint","coordinates":[[-79.54479218299997,43.609501481000052]]},"properties":{"OBJECTID":863,"_id":863,"LOC_ID":13614,"LOC_NAME":"Plasp Lanor Junior Middle School","AUSPICE":"Non Profit Agency","ADDRESS":"450 LANOR AVE","PCODE":"M8W 2S1","ward":3,"PHONE":"(888) 739-4102","bldg_type":"Public Elementary School","BLDGNAME":"Lanor Junior Middle School Toronto","IGSPACE":0,"TGSPACE":0,"PGSPACE":0,"KGSPACE":13,"SGSPACE":30,"TOTSPACE":43,"subsidy":"Y","run_date":"28JUL26","cwelcc_flag":"Y"}},{"type":"Feature","id":864,"geometry":{"type":"MultiPoint","coordinates":[[-79.519938242999956,43.597977150000077]]},"properties":{"OBJECTID":864,"_id":864,"LOC_ID":13615,"LOC_NAME":"Plasp Twentieth Street Junior School","AUSPICE":"Non Profit Agency","ADDRESS":"3190 LAKE SHORE BLVD W","PCODE":"M8V 1L8","ward":3,"PHONE":"(888) 739-4102","bldg_type":"Public Elementary School","BLDGNAME":"Twentieth Street Junior School","IGSPACE":0,"TGSPACE":0,"PGSPACE":0,"KGSPACE":13,"SGSPACE":15,"TOTSPACE":28,"subsidy":"Y","run_date":"28JUL26","cwelcc_flag":"Y"}},{"type":"Feature","id":865,"geometry":{"type":"MultiPoint","coordinates":[[-79.299928268999963,43.751412360000074]]},"properties":{"OBJECTID":865,"_id":865,"LOC_ID":13616,"LOC_NAME":"Buchanan Extended Day & School Age Program","AUSPICE":"Non Profit Agency","ADDRESS":"4 BUCANNAN RD","PCODE":"M1R 3V3","ward":21,"PHONE":"(647) 669-6201","bldg_type":"Public Elementary School","BLDGNAME":"Buchanan Public School","IGSPACE":0,"TGSPACE":0,"PGSPACE":0,"KGSPACE":0,"SGSPACE":30,"TOTSPACE":30,"subsidy":"Y","run_date":"28JUL26","cwelcc_flag":"Y"}},{"type":"Feature","id":866,"geometry":{"type":"MultiPoint","coordinates":[[-79.302376968999965,43.804429508000055]]},"properties":{"OBJECTID":866,"_id":866,"LOC_ID":13617,"LOC_NAME":"Silver Springs Extended Day & School Age Program","AUSPICE":"Non Profit Agency","ADDRESS":"222 SILVER SPRINGS BLVD","PCODE":"M1V 1S4","ward":22,"PHONE":"(416) 291-0023","bldg_type":"Public Elementary School","BLDGNAME":"Silver Springs Public School","IGSPACE":0,"TGSPACE":0,"PGSPACE":0,"KGSPACE":26,"SGSPACE":30,"TOTSPACE":56,"subsidy":"Y","run_date":"28JUL26","cwelcc_flag":"Y"}},{"type":"Feature","id":867,"geometry":{"type":"MultiPoint","coordinates":[[-79.391278528999976,43.766538366000077]]},"properties":{"OBJECTID":867,"_id":867,"LOC_ID":13618,"LOC_NAME":"Willowbrae Academy Bayview Village","AUSPICE":"Commercial Agency","ADDRESS":"432 SHEPPARD AVE E","PCODE":"M2N 3B7","ward":18,"PHONE":"(647) 676-6290","bldg_type":"Other","BLDGNAME":null,"IGSPACE":9,"TGSPACE":38,"PGSPACE":55,"KGSPACE":0,"SGSPACE":0,"TOTSPACE":102,"subsidy":"N","run_date":"28JUL26","cwelcc_flag":"Y"}},{"type":"Feature","id":868,"geometry":{"type":"MultiPoint","coordinates":[[-79.287806600999943,43.680614092000042]]},"properties":{"OBJECTID":868,"_id":868,"LOC_ID":13619,"LOC_NAME":"Beaches Montessori School Incorporated","AUSPICE":"Commercial Agency","ADDRESS":"950 KINGSTON RD","PCODE":"M4E 1S7","ward":19,"PHONE":"(416) 901-2992","bldg_type":"Other","BLDGNAME":"Beaches Montessori School","IGSPACE":0,"TGSPACE":30,"PGSPACE":24,"KGSPACE":0,"SGSPACE":0,"TOTSPACE":54,"subsidy":"N","run_date":"28JUL26","cwelcc_flag":"N"}},{"type":"Feature","id":869,"geometry":{"type":"MultiPoint","coordinates":[[-79.319068808999987,43.66602374200005]]},"properties":{"OBJECTID":869,"_id":869,"LOC_ID":13620,"LOC_NAME":"Bumble Bee Academy","AUSPICE":"Commercial Agency","ADDRESS":"1560 QUEEN ST E","PCODE":"M4L 1E9","ward":14,"PHONE":"(416) 462-0106","bldg_type":"Other","BLDGNAME":null,"IGSPACE":0,"TGSPACE":15,"PGSPACE":48,"KGSPACE":0,"SGSPACE":0,"TOTSPACE":63,"subsidy":"N","run_date":"28JUL26","cwelcc_flag":"Y"}},{"type":"Feature","id":870,"geometry":{"type":"MultiPoint","coordinates":[[-79.389861872999973,43.701675538000075]]},"properties":{"OBJECTID":870,"_id":870,"LOC_ID":13624,"LOC_NAME":"Tiny Bumblebees Childcare Inc.","AUSPICE":"Commercial Agency","ADDRESS":"47 ACACIA RD","PCODE":"M4S 2K6","ward":12,"PHONE":"(416) 623-8016","bldg_type":"Other","BLDGNAME":null,"IGSPACE":0,"TGSPACE":10,"PGSPACE":15,"KGSPACE":0,"SGSPACE":0,"TOTSPACE":25,"subsidy":"N","run_date":"28JUL26","cwelcc_flag":"Y"}},{"type":"Feature","id":871,"geometry":{"type":"MultiPoint","coordinates":[[-79.266944494999962,43.690532507000057]]},"properties":{"OBJECTID":871,"_id":871,"LOC_ID":13681,"LOC_NAME":"Mon Petit Univers","AUSPICE":"Commercial Agency","ADDRESS":"1578 KINGSTON RD","PCODE":"M1N 1S2","ward":20,"PHONE":"(647) 403-2327","bldg_type":"Other","BLDGNAME":null,"IGSPACE":0,"TGSPACE":15,"PGSPACE":15,"KGSPACE":0,"SGSPACE":0,"TOTSPACE":30,"subsidy":"N","run_date":"28JUL26","cwelcc_flag":"Y"}},{"type":"Feature","id":872,"geometry":{"type":"MultiPoint","coordinates":[[-79.54378098799998,43.590218865000054]]},"properties":{"OBJECTID":872,"_id":872,"LOC_ID":13682,"LOC_NAME":"Les Etoiles Brillantes - Garderie","AUSPICE":"Non Profit Agency","ADDRESS":"85 FORTY FIRST ST","PCODE":"M8W 3P1","ward":3,"PHONE":"(416) 855-2044","bldg_type":"Public Elementary (French)","BLDGNAME":null,"IGSPACE":0,"TGSPACE":15,"PGSPACE":24,"KGSPACE":52,"SGSPACE":60,"TOTSPACE":151,"subsidy":"Y","run_date":"28JUL26","cwelcc_flag":"Y"}},{"type":"Feature","id":873,"geometry":{"type":"MultiPoint","coordinates":[[-79.333702648999974,43.693065536000063]]},"properties":{"OBJECTID":873,"_id":873,"LOC_ID":13713,"LOC_NAME":"East York Montessori School","AUSPICE":"Commercial Agency","ADDRESS":"486 COSBURN AVE","PCODE":"M4J 2N5","ward":14,"PHONE":"(416) 888-3535","bldg_type":"Other","BLDGNAME":null,"IGSPACE":0,"TGSPACE":15,"PGSPACE":16,"KGSPACE":0,"SGSPACE":0,"TOTSPACE":31,"subsidy":"N","run_date":"28JUL26","cwelcc_flag":"N"}},{"type":"Feature","id":874,"geometry":{"type":"MultiPoint","coordinates":[[-79.431883187999972,43.673106805000032]]},"properties":{"OBJECTID":874,"_id":874,"LOC_ID":13716,"LOC_NAME":"Aspiring Academics Preschool - Somerset","AUSPICE":"Commercial Agency","ADDRESS":"56 SOMERSET AVE","PCODE":"M6H 2R4","ward":9,"PHONE":"(416) 889-9389","bldg_type":"Other","BLDGNAME":null,"IGSPACE":9,"TGSPACE":15,"PGSPACE":22,"KGSPACE":0,"SGSPACE":0,"TOTSPACE":46,"subsidy":"N","run_date":"28JUL26","cwelcc_flag":"Y"}},{"type":"Feature","id":875,"geometry":{"type":"MultiPoint","coordinates":[[-79.305109301999948,43.713237160000062]]},"properties":{"OBJECTID":875,"_id":875,"LOC_ID":13738,"LOC_NAME":"Precious Ones Bilingual Preschool Corp.","AUSPICE":"Commercial Agency","ADDRESS":"233 WESTVIEW BLVD","PCODE":"M4B 3J7","ward":19,"PHONE":"(416) 755-0004","bldg_type":"Other","BLDGNAME":null,"IGSPACE":0,"TGSPACE":12,"PGSPACE":21,"KGSPACE":0,"SGSPACE":0,"TOTSPACE":33,"subsidy":"N","run_date":"28JUL26","cwelcc_flag":"Y"}},{"type":"Feature","id":876,"geometry":{"type":"MultiPoint","coordinates":[[-79.235739261999981,43.721915395000053]]},"properties":{"OBJECTID":876,"_id":876,"LOC_ID":13752,"LOC_NAME":"Bluffer's Park Montessori School","AUSPICE":"Commercial Agency","ADDRESS":"2857 KINGSTON RD","PCODE":"M1M 1N3","ward":20,"PHONE":"(647) 340-9099","bldg_type":"Commercial Building","BLDGNAME":null,"IGSPACE":0,"TGSPACE":10,"PGSPACE":16,"KGSPACE":0,"SGSPACE":0,"TOTSPACE":26,"subsidy":"N","run_date":"28JUL26","cwelcc_flag":"N"}},{"type":"Feature","id":877,"geometry":{"type":"MultiPoint","coordinates":[[-79.517286382999941,43.597344646000067]]},"properties":{"OBJECTID":877,"_id":877,"LOC_ID":13756,"LOC_NAME":"Holy Trinity Ymca","AUSPICE":"Non Profit Agency","ADDRESS":"6 COLONEL SAMUEL SMITH PARK DR","PCODE":"M8V 4B7","ward":3,"PHONE":"(647) 281-4410","bldg_type":"Catholic Elementary School","BLDGNAME":"The Holy Trinity Catholic School","IGSPACE":0,"TGSPACE":0,"PGSPACE":0,"KGSPACE":39,"SGSPACE":60,"TOTSPACE":99,"subsidy":"Y","run_date":"28JUL26","cwelcc_flag":"Y"}},{"type":"Feature","id":878,"geometry":{"type":"MultiPoint","coordinates":[[-79.402766700999962,43.763979952000057]]},"properties":{"OBJECTID":878,"_id":878,"LOC_ID":13761,"LOC_NAME":"Central Montessori Schools - Maplehurst Campus","AUSPICE":"Commercial Agency","ADDRESS":"181 MAPLEHURST AVE","PCODE":"M2N 3C1","ward":18,"PHONE":"(416) 222-9207","bldg_type":"Other","BLDGNAME":null,"IGSPACE":0,"TGSPACE":0,"PGSPACE":64,"KGSPACE":0,"SGSPACE":0,"TOTSPACE":64,"subsidy":"N","run_date":"28JUL26","cwelcc_flag":"N"}},{"type":"Feature","id":879,"geometry":{"type":"MultiPoint","coordinates":[[-79.323812438999937,43.816549614000053]]},"properties":{"OBJECTID":879,"_id":879,"LOC_ID":13780,"LOC_NAME":"Agile Innovators Montessori","AUSPICE":"Commercial Agency","ADDRESS":"390 BAMBURGH CIR","PCODE":"M1W 3X3","ward":22,"PHONE":"(647) 812-0520","bldg_type":"Place of Worship","BLDGNAME":null,"IGSPACE":0,"TGSPACE":15,"PGSPACE":44,"KGSPACE":0,"SGSPACE":0,"TOTSPACE":59,"subsidy":"N","run_date":"28JUL26","cwelcc_flag":"Y"}},{"type":"Feature","id":880,"geometry":{"type":"MultiPoint","coordinates":[[-79.418864645999975,43.729535772000077]]},"properties":{"OBJECTID":880,"_id":880,"LOC_ID":13782,"LOC_NAME":"Alphabet Treehouse Childcare Centre","AUSPICE":"Commercial Agency","ADDRESS":"1780 AVENUE RD","PCODE":"M5M 3Y9","ward":8,"PHONE":"(416) 548-7891","bldg_type":"Other","BLDGNAME":null,"IGSPACE":20,"TGSPACE":45,"PGSPACE":75,"KGSPACE":0,"SGSPACE":0,"TOTSPACE":140,"subsidy":"N","run_date":"28JUL26","cwelcc_flag":"N"}},{"type":"Feature","id":881,"geometry":{"type":"MultiPoint","coordinates":[[-79.283466745999988,43.673747113000047]]},"properties":{"OBJECTID":881,"_id":881,"LOC_ID":13783,"LOC_NAME":"Lullaboo Nursery And Childcare Center","AUSPICE":"Commercial Agency","ADDRESS":"2316 QUEEN ST E","PCODE":"M4E 1G8","ward":19,"PHONE":"(416) 849-2977","bldg_type":"Other","BLDGNAME":null,"IGSPACE":20,"TGSPACE":75,"PGSPACE":120,"KGSPACE":0,"SGSPACE":0,"TOTSPACE":215,"subsidy":"N","run_date":"28JUL26","cwelcc_flag":"Y"}},{"type":"Feature","id":882,"geometry":{"type":"MultiPoint","coordinates":[[-79.291347866999956,43.796580758000061]]},"properties":{"OBJECTID":882,"_id":882,"LOC_ID":13802,"LOC_NAME":"Lynnwood Heights Junior Public School","AUSPICE":"Non Profit Agency","ADDRESS":"50 SOUTHLAWN DR","PCODE":"M1S 1J1","ward":22,"PHONE":"(416) 299-1405","bldg_type":"Public Elementary School","BLDGNAME":"Lynnwood Heights Jr Public School","IGSPACE":0,"TGSPACE":0,"PGSPACE":0,"KGSPACE":13,"SGSPACE":15,"TOTSPACE":28,"subsidy":"Y","run_date":"28JUL26","cwelcc_flag":"Y"}},{"type":"Feature","id":883,"geometry":{"type":"MultiPoint","coordinates":[[-79.19966040099996,43.749792209000077]]},"properties":{"OBJECTID":883,"_id":883,"LOC_ID":13806,"LOC_NAME":"St. Ursula Licensed Before And After School Program","AUSPICE":"Non Profit Agency","ADDRESS":"215 LIVINGSTON RD","PCODE":"M1E 1L8","ward":24,"PHONE":"(416) 281-0262x230","bldg_type":"Catholic Elementary School","BLDGNAME":"Catholic School","IGSPACE":0,"TGSPACE":0,"PGSPACE":0,"KGSPACE":13,"SGSPACE":15,"TOTSPACE":28,"subsidy":"Y","run_date":"28JUL26","cwelcc_flag":"Y"}},{"type":"Feature","id":884,"geometry":{"type":"MultiPoint","coordinates":[[-79.211827406999987,43.80619345000008]]},"properties":{"OBJECTID":884,"_id":884,"LOC_ID":13807,"LOC_NAME":"St. Columba Catholic School","AUSPICE":"Non Profit Agency","ADDRESS":"10 JOHN TABOR TRAIL","PCODE":"M1B 1M9","ward":25,"PHONE":"(437) 216-1831","bldg_type":"Catholic Elementary School","BLDGNAME":"Catholic School","IGSPACE":10,"TGSPACE":15,"PGSPACE":24,"KGSPACE":26,"SGSPACE":30,"TOTSPACE":105,"subsidy":"Y","run_date":"28JUL26","cwelcc_flag":"Y"}},{"type":"Feature","id":885,"geometry":{"type":"MultiPoint","coordinates":[[-79.259105372999954,43.769057152000073]]},"properties":{"OBJECTID":885,"_id":885,"LOC_ID":13820,"LOC_NAME":"St Victor Catholic School Before & After Child Care Program","AUSPICE":"Non Profit Agency","ADDRESS":"20 BERNADINE ST","PCODE":"M1P 4M2","ward":21,"PHONE":"(647) 289-7259","bldg_type":"Catholic Elementary School","BLDGNAME":"St Victor Catholic School","IGSPACE":0,"TGSPACE":0,"PGSPACE":0,"KGSPACE":26,"SGSPACE":45,"TOTSPACE":71,"subsidy":"Y","run_date":"28JUL26","cwelcc_flag":"Y"}},{"type":"Feature","id":886,"geometry":{"type":"MultiPoint","coordinates":[[-79.321050325999977,43.753114482000058]]},"properties":{"OBJECTID":886,"_id":886,"LOC_ID":13822,"LOC_NAME":"Annunciation Catholic School Before & After Child Care Program","AUSPICE":"Non Profit Agency","ADDRESS":"65 AVONWICK GATE","PCODE":"M3A 2M8","ward":16,"PHONE":"(647) 289-8728","bldg_type":"Catholic Elementary School","BLDGNAME":"Annunciation Catholic School","IGSPACE":0,"TGSPACE":0,"PGSPACE":0,"KGSPACE":13,"SGSPACE":30,"TOTSPACE":43,"subsidy":"Y","run_date":"28JUL26","cwelcc_flag":"Y"}},{"type":"Feature","id":887,"geometry":{"type":"MultiPoint","coordinates":[[-79.385636101999978,43.802674699000079]]},"properties":{"OBJECTID":887,"_id":887,"LOC_ID":13824,"LOC_NAME":"Plasp Steelesview Public School","AUSPICE":"Non Profit Agency","ADDRESS":"105 BESTVIEW DR","PCODE":"M2M 2Y1","ward":17,"PHONE":"(888) 739-4102","bldg_type":"Public Elementary School","BLDGNAME":"Steelesview Public Elementary School","IGSPACE":0,"TGSPACE":0,"PGSPACE":0,"KGSPACE":13,"SGSPACE":30,"TOTSPACE":43,"subsidy":"Y","run_date":"28JUL26","cwelcc_flag":"Y"}},{"type":"Feature","id":888,"geometry":{"type":"MultiPoint","coordinates":[[-79.261510741999984,43.743641037000032]]},"properties":{"OBJECTID":888,"_id":888,"LOC_ID":13825,"LOC_NAME":"Plasp St. Albert Catholic School","AUSPICE":"Non Profit Agency","ADDRESS":"1125 MIDLAND AVE","PCODE":"M1K 4H2","ward":21,"PHONE":"(888) 739-4102","bldg_type":"Catholic Elementary School","BLDGNAME":"St Albert Catholic School","IGSPACE":0,"TGSPACE":0,"PGSPACE":0,"KGSPACE":13,"SGSPACE":15,"TOTSPACE":28,"subsidy":"Y","run_date":"28JUL26","cwelcc_flag":"Y"}},{"type":"Feature","id":889,"geometry":{"type":"MultiPoint","coordinates":[[-79.439143669999964,43.662489102000052]]},"properties":{"OBJECTID":889,"_id":889,"LOC_ID":13838,"LOC_NAME":"Plasp Pauline Junior Public School","AUSPICE":"Non Profit Agency","ADDRESS":"100 PAULINE AVE","PCODE":"M6H 3M8","ward":9,"PHONE":"(888) 739-4102","bldg_type":"Public Elementary School","BLDGNAME":"Pauline Public School","IGSPACE":0,"TGSPACE":0,"PGSPACE":0,"KGSPACE":13,"SGSPACE":15,"TOTSPACE":28,"subsidy":"Y","run_date":"28JUL26","cwelcc_flag":"Y"}},{"type":"Feature","id":890,"geometry":{"type":"MultiPoint","coordinates":[[-79.413016265999943,43.759886913000059]]},"properties":{"OBJECTID":890,"_id":890,"LOC_ID":13849,"LOC_NAME":"Network - Lansing Child Care Centre","AUSPICE":"Non Profit Agency","ADDRESS":"49 BOGERT AVE","PCODE":"M2N 1K4","ward":18,"PHONE":"(416) 530-0722x4059","bldg_type":"Other","BLDGNAME":null,"IGSPACE":20,"TGSPACE":20,"PGSPACE":32,"KGSPACE":0,"SGSPACE":0,"TOTSPACE":72,"subsidy":"Y","run_date":"28JUL26","cwelcc_flag":"Y"}},{"type":"Feature","id":891,"geometry":{"type":"MultiPoint","coordinates":[[-79.545729067999957,43.666083281000056]]},"properties":{"OBJECTID":891,"_id":891,"LOC_ID":13850,"LOC_NAME":"Eco Kids-Child Care Centre Inc.","AUSPICE":"Commercial Agency","ADDRESS":"1315 KIPLING AVE","PCODE":"M9B 3N7","ward":2,"PHONE":"(647) 425-3245","bldg_type":"Other","BLDGNAME":null,"IGSPACE":0,"TGSPACE":30,"PGSPACE":48,"KGSPACE":0,"SGSPACE":0,"TOTSPACE":78,"subsidy":"N","run_date":"28JUL26","cwelcc_flag":"N"}},{"type":"Feature","id":892,"geometry":{"type":"MultiPoint","coordinates":[[-79.474911481999982,43.650861751000036]]},"properties":{"OBJECTID":892,"_id":892,"LOC_ID":13851,"LOC_NAME":"Humberside Montessori School","AUSPICE":"Commercial Agency","ADDRESS":"121 KENNEDY AVE","PCODE":"M6S 2X8","ward":4,"PHONE":"(416) 762-8888","bldg_type":"Other","BLDGNAME":null,"IGSPACE":0,"TGSPACE":0,"PGSPACE":120,"KGSPACE":0,"SGSPACE":0,"TOTSPACE":120,"subsidy":"N","run_date":"28JUL26","cwelcc_flag":"N"}},{"type":"Feature","id":893,"geometry":{"type":"MultiPoint","coordinates":[[-79.385859985999957,43.760984276000045]]},"properties":{"OBJECTID":893,"_id":893,"LOC_ID":13852,"LOC_NAME":"Absorbent Years Childcare (Montessori)","AUSPICE":"Commercial Agency","ADDRESS":"2737 BAYVIEW AVE","PCODE":"M2L 1C5","ward":15,"PHONE":"(416) 502-1769","bldg_type":"Other","BLDGNAME":null,"IGSPACE":0,"TGSPACE":18,"PGSPACE":33,"KGSPACE":0,"SGSPACE":0,"TOTSPACE":51,"subsidy":"N","run_date":"28JUL26","cwelcc_flag":"N"}},{"type":"Feature","id":894,"geometry":{"type":"MultiPoint","coordinates":[[-79.380355408999947,43.675879278000025]]},"properties":{"OBJECTID":894,"_id":894,"LOC_ID":13860,"LOC_NAME":"Kids & Company - Rosedale","AUSPICE":"Commercial Agency","ADDRESS":"129 MOUNT PLEASANT RD","PCODE":"M4W 2S3","ward":11,"PHONE":"(416) 922-9814","bldg_type":"Other","BLDGNAME":null,"IGSPACE":6,"TGSPACE":20,"PGSPACE":24,"KGSPACE":0,"SGSPACE":0,"TOTSPACE":50,"subsidy":"N","run_date":"28JUL26","cwelcc_flag":"Y"}},{"type":"Feature","id":895,"geometry":{"type":"MultiPoint","coordinates":[[-79.426060757999949,43.701886950000073]]},"properties":{"OBJECTID":895,"_id":895,"LOC_ID":13867,"LOC_NAME":"Alive Montessori & Private School","AUSPICE":"Commercial Agency","ADDRESS":"2 WEMBLEY RD","PCODE":"M6C 2E9","ward":8,"PHONE":"(416) 602-1151","bldg_type":"Church","BLDGNAME":null,"IGSPACE":0,"TGSPACE":0,"PGSPACE":24,"KGSPACE":23,"SGSPACE":0,"TOTSPACE":47,"subsidy":"N","run_date":"28JUL26","cwelcc_flag":"Y"}},{"type":"Feature","id":896,"geometry":{"type":"MultiPoint","coordinates":[[-79.446247445999973,43.77091404500004]]},"properties":{"OBJECTID":896,"_id":896,"LOC_ID":13873,"LOC_NAME":"Northview Advent Child Care","AUSPICE":"Non Profit Agency","ADDRESS":"541 FINCH AVE W","PCODE":"M2R 3Y3","ward":6,"PHONE":"(647) 352-6221","bldg_type":"Other","BLDGNAME":null,"IGSPACE":10,"TGSPACE":15,"PGSPACE":24,"KGSPACE":0,"SGSPACE":0,"TOTSPACE":49,"subsidy":"Y","run_date":"28JUL26","cwelcc_flag":"Y"}},{"type":"Feature","id":897,"geometry":{"type":"MultiPoint","coordinates":[[-79.554473171999973,43.722002512000074]]},"properties":{"OBJECTID":897,"_id":897,"LOC_ID":13874,"LOC_NAME":"St. Stephen Child Care Centre","AUSPICE":"Non Profit Agency","ADDRESS":"55 GOLFDOWN DR","PCODE":"M9W 2H8","ward":1,"PHONE":"(416) 519-5760","bldg_type":"Catholic Elementary School","BLDGNAME":null,"IGSPACE":10,"TGSPACE":10,"PGSPACE":16,"KGSPACE":13,"SGSPACE":15,"TOTSPACE":64,"subsidy":"Y","run_date":"28JUL26","cwelcc_flag":"Y"}},{"type":"Feature","id":898,"geometry":{"type":"MultiPoint","coordinates":[[-79.553932866999958,43.697812760000033]]},"properties":{"OBJECTID":898,"_id":898,"LOC_ID":13875,"LOC_NAME":"St. Maurice Child Care Centre","AUSPICE":"Non Profit Agency","ADDRESS":"45 KINGSVIEW BLVD","PCODE":"M9R 1T7","ward":1,"PHONE":"(416) 551-5155","bldg_type":"Catholic Elementary School","BLDGNAME":"St. Maurice Catholic School","IGSPACE":10,"TGSPACE":15,"PGSPACE":24,"KGSPACE":0,"SGSPACE":0,"TOTSPACE":49,"subsidy":"Y","run_date":"28JUL26","cwelcc_flag":"Y"}},{"type":"Feature","id":899,"geometry":{"type":"MultiPoint","coordinates":[[-79.525064288999943,43.768236518000037]]},"properties":{"OBJECTID":899,"_id":899,"LOC_ID":13876,"LOC_NAME":"Ymca Of Greater Toronto - St Augustine","AUSPICE":"Non Profit Agency","ADDRESS":"98 SHOREHAM DR","PCODE":"M3N 1S9","ward":7,"PHONE":"(647) 945-7310","bldg_type":"Catholic Elementary School","BLDGNAME":"St. Augustine","IGSPACE":10,"TGSPACE":15,"PGSPACE":16,"KGSPACE":26,"SGSPACE":30,"TOTSPACE":97,"subsidy":"Y","run_date":"28JUL26","cwelcc_flag":"Y"}},{"type":"Feature","id":900,"geometry":{"type":"MultiPoint","coordinates":[[-79.19733847699996,43.757982601000037]]},"properties":{"OBJECTID":900,"_id":900,"LOC_ID":13879,"LOC_NAME":"Greenwood Montessori School","AUSPICE":"Non Profit Agency","ADDRESS":"38 PAYZAC AVE","PCODE":"M1E 2W7","ward":24,"PHONE":"(416) 281-9208","bldg_type":"Other","BLDGNAME":null,"IGSPACE":6,"TGSPACE":15,"PGSPACE":48,"KGSPACE":0,"SGSPACE":0,"TOTSPACE":69,"subsidy":"Y","run_date":"28JUL26","cwelcc_flag":"Y"}},{"type":"Feature","id":901,"geometry":{"type":"MultiPoint","coordinates":[[-79.391162423999958,43.711604141000066]]},"properties":{"OBJECTID":901,"_id":901,"LOC_ID":13888,"LOC_NAME":"Manor Montessori School 3","AUSPICE":"Commercial Agency","ADDRESS":"909 MOUNT PLEASANT RD","PCODE":"M4P 2Z6","ward":15,"PHONE":"(416) 488-4218","bldg_type":"Other","BLDGNAME":null,"IGSPACE":0,"TGSPACE":0,"PGSPACE":16,"KGSPACE":0,"SGSPACE":0,"TOTSPACE":16,"subsidy":"N","run_date":"28JUL26","cwelcc_flag":"N"}},{"type":"Feature","id":902,"geometry":{"type":"MultiPoint","coordinates":[[-79.252159171999949,43.754895107000038]]},"properties":{"OBJECTID":902,"_id":902,"LOC_ID":13893,"LOC_NAME":"Network Bendale Acres Child Care Centre","AUSPICE":"Non Profit Agency","ADDRESS":"2920 LAWRENCE AVE E","PCODE":"M1P 2T8","ward":21,"PHONE":"(416) 530-0722x4108","bldg_type":"Community Health Centre","BLDGNAME":"Bendale Acres Long Term Care","IGSPACE":10,"TGSPACE":15,"PGSPACE":24,"KGSPACE":0,"SGSPACE":0,"TOTSPACE":49,"subsidy":"Y","run_date":"28JUL26","cwelcc_flag":"Y"}},{"type":"Feature","id":903,"geometry":{"type":"MultiPoint","coordinates":[[-79.520362328999965,43.703147952000052]]},"properties":{"OBJECTID":903,"_id":903,"LOC_ID":13894,"LOC_NAME":"Macaulay - St. John The Evangelist Child Care Centre","AUSPICE":"Non Profit Agency","ADDRESS":"23 GEORGE ST","PCODE":"M9N 2B4","ward":5,"PHONE":"(416) 303-8422","bldg_type":"Catholic Elementary School","BLDGNAME":"St. John The Evangelist Catholic School","IGSPACE":10,"TGSPACE":10,"PGSPACE":16,"KGSPACE":39,"SGSPACE":60,"TOTSPACE":135,"subsidy":"Y","run_date":"28JUL26","cwelcc_flag":"Y"}},{"type":"Feature","id":904,"geometry":{"type":"MultiPoint","coordinates":[[-79.529804535999972,43.647245645000055]]},"properties":{"OBJECTID":904,"_id":904,"LOC_ID":13902,"LOC_NAME":"Willowbrae Academy Etobicoke","AUSPICE":"Commercial Agency","ADDRESS":"4975 DUNDAS ST W","PCODE":"M9A 1B6","ward":3,"PHONE":"(647) 508-0444","bldg_type":"Other","BLDGNAME":"Willowbrae Academy","IGSPACE":10,"TGSPACE":45,"PGSPACE":40,"KGSPACE":15,"SGSPACE":0,"TOTSPACE":110,"subsidy":"N","run_date":"28JUL26","cwelcc_flag":"N"}},{"type":"Feature","id":905,"geometry":{"type":"MultiPoint","coordinates":[[-79.353605141999935,43.667056372000047]]},"properties":{"OBJECTID":905,"_id":905,"LOC_ID":13906,"LOC_NAME":"Two Short Storeys","AUSPICE":"Commercial Agency","ADDRESS":"430 BROADVIEW AVE","PCODE":"M4K 2N1","ward":14,"PHONE":"(416) 902-1300","bldg_type":"Other","BLDGNAME":null,"IGSPACE":10,"TGSPACE":30,"PGSPACE":48,"KGSPACE":0,"SGSPACE":0,"TOTSPACE":88,"subsidy":"N","run_date":"28JUL26","cwelcc_flag":"N"}},{"type":"Feature","id":906,"geometry":{"type":"MultiPoint","coordinates":[[-79.306801347999965,43.735927530000026]]},"properties":{"OBJECTID":906,"_id":906,"LOC_ID":13907,"LOC_NAME":"Big Dreams Early Learning Centre","AUSPICE":"Commercial Agency","ADDRESS":"1703 VICTORIA PARK AVE","PCODE":"M1R 1R9","ward":21,"PHONE":"(416) 757-8040","bldg_type":"Commercial Building","BLDGNAME":null,"IGSPACE":6,"TGSPACE":20,"PGSPACE":24,"KGSPACE":0,"SGSPACE":0,"TOTSPACE":50,"subsidy":"N","run_date":"28JUL26","cwelcc_flag":"Y"}},{"type":"Feature","id":907,"geometry":{"type":"MultiPoint","coordinates":[[-79.435690443999988,43.712364395000066]]},"properties":{"OBJECTID":907,"_id":907,"LOC_ID":13910,"LOC_NAME":"Gan Sameach","AUSPICE":"Commercial Agency","ADDRESS":"585 GLENGROVE AVE","PCODE":"M6B 2H5","ward":8,"PHONE":"(416) 826-7955","bldg_type":"Place of Worship","BLDGNAME":null,"IGSPACE":0,"TGSPACE":0,"PGSPACE":24,"KGSPACE":0,"SGSPACE":0,"TOTSPACE":24,"subsidy":"N","run_date":"28JUL26","cwelcc_flag":"Y"}},{"type":"Feature","id":908,"geometry":{"type":"MultiPoint","coordinates":[[-79.346686252999973,43.745421522000072]]},"properties":{"OBJECTID":908,"_id":908,"LOC_ID":13918,"LOC_NAME":"Clearview Child Care Centre","AUSPICE":"Commercial Agency","ADDRESS":"1300 DON MILLS RD","PCODE":"M3B 2W6","ward":16,"PHONE":"(647) 898-1883","bldg_type":"Other","BLDGNAME":null,"IGSPACE":16,"TGSPACE":20,"PGSPACE":85,"KGSPACE":0,"SGSPACE":0,"TOTSPACE":121,"subsidy":"N","run_date":"28JUL26","cwelcc_flag":"Y"}},{"type":"Feature","id":909,"geometry":{"type":"MultiPoint","coordinates":[[-79.410074456999951,43.762079357000061]]},"properties":{"OBJECTID":909,"_id":909,"LOC_ID":13924,"LOC_NAME":"The Neighbourhood Group Yonge And Sheppard Child Care Centre","AUSPICE":"Non Profit Agency","ADDRESS":"30 SHEPPARD AVE E","PCODE":"M2N 2Z7","ward":18,"PHONE":"(647) 208-6063","bldg_type":"Other","BLDGNAME":null,"IGSPACE":10,"TGSPACE":30,"PGSPACE":32,"KGSPACE":0,"SGSPACE":0,"TOTSPACE":72,"subsidy":"Y","run_date":"28JUL26","cwelcc_flag":"Y"}},{"type":"Feature","id":910,"geometry":{"type":"MultiPoint","coordinates":[[-79.469910830999936,43.674542476000056]]},"properties":{"OBJECTID":910,"_id":910,"LOC_ID":13929,"LOC_NAME":"Kids & Company The Stockyards","AUSPICE":"Commercial Agency","ADDRESS":"100 WESTON RD","PCODE":"M6N 0A6","ward":5,"PHONE":"(416) 761-9019x0","bldg_type":"Other","BLDGNAME":null,"IGSPACE":10,"TGSPACE":25,"PGSPACE":47,"KGSPACE":0,"SGSPACE":0,"TOTSPACE":82,"subsidy":"N","run_date":"28JUL26","cwelcc_flag":"Y"}},{"type":"Feature","id":911,"geometry":{"type":"MultiPoint","coordinates":[[-79.394307670999979,43.639355426000066]]},"properties":{"OBJECTID":911,"_id":911,"LOC_ID":13934,"LOC_NAME":"The Neighbourhood Group Canoe Landing Child Care","AUSPICE":"Non Profit Agency","ADDRESS":"26 BRUNEL CRT","PCODE":"M5V 0R5","ward":10,"PHONE":"(437) 848-8074","bldg_type":"Other","BLDGNAME":null,"IGSPACE":10,"TGSPACE":10,"PGSPACE":32,"KGSPACE":0,"SGSPACE":0,"TOTSPACE":52,"subsidy":"Y","run_date":"28JUL26","cwelcc_flag":"Y"}},{"type":"Feature","id":912,"geometry":{"type":"MultiPoint","coordinates":[[-79.394275668999967,43.639270765000049]]},"properties":{"OBJECTID":912,"_id":912,"LOC_ID":13943,"LOC_NAME":"The Neighbourhood Group Canoe Landing Before And After Program","AUSPICE":"Non Profit Agency","ADDRESS":"20 BRUNEL CRT","PCODE":"M5V 0R5","ward":10,"PHONE":"(416) 830-5548","bldg_type":"Public Elementary School","BLDGNAME":"Jean Lumb Public School","IGSPACE":0,"TGSPACE":0,"PGSPACE":0,"KGSPACE":156,"SGSPACE":240,"TOTSPACE":396,"subsidy":"Y","run_date":"28JUL26","cwelcc_flag":"Y"}},{"type":"Feature","id":913,"geometry":{"type":"MultiPoint","coordinates":[[-79.374695559999964,43.666043493000075]]},"properties":{"OBJECTID":913,"_id":913,"LOC_ID":13947,"LOC_NAME":"The Neighbourhood Group Community Services Our Lady Of Lourdes","AUSPICE":"Non Profit Agency","ADDRESS":"444 SHERBOURNE ST","PCODE":"M4X 1K2","ward":13,"PHONE":"(416) 854-9889","bldg_type":"Catholic Elementary School","BLDGNAME":"Our Lady Of Lourdes Catholic School","IGSPACE":0,"TGSPACE":0,"PGSPACE":0,"KGSPACE":26,"SGSPACE":65,"TOTSPACE":91,"subsidy":"Y","run_date":"28JUL26","cwelcc_flag":"Y"}},{"type":"Feature","id":914,"geometry":{"type":"MultiPoint","coordinates":[[-79.442911587999959,43.69225562400004]]},"properties":{"OBJECTID":914,"_id":914,"LOC_ID":13948,"LOC_NAME":"Aboriginal Head Start - Epnigishmok","AUSPICE":"Non Profit Agency","ADDRESS":"20 BANSLEY AVE","PCODE":"M6E 2A2","ward":12,"PHONE":"(416) 639-9036","bldg_type":"Other","BLDGNAME":null,"IGSPACE":0,"TGSPACE":0,"PGSPACE":16,"KGSPACE":0,"SGSPACE":0,"TOTSPACE":16,"subsidy":"N","run_date":"28JUL26","cwelcc_flag":"N"}},{"type":"Feature","id":915,"geometry":{"type":"MultiPoint","coordinates":[[-79.422240832999989,43.640120673000069]]},"properties":{"OBJECTID":915,"_id":915,"LOC_ID":13953,"LOC_NAME":"Kids & Company King And Highline","AUSPICE":"Commercial Agency","ADDRESS":"1100 KING ST W","PCODE":"M6K 1E6","ward":10,"PHONE":"(416) 460-3373","bldg_type":"Other","BLDGNAME":null,"IGSPACE":20,"TGSPACE":15,"PGSPACE":39,"KGSPACE":0,"SGSPACE":0,"TOTSPACE":74,"subsidy":"N","run_date":"28JUL26","cwelcc_flag":"Y"}},{"type":"Feature","id":916,"geometry":{"type":"MultiPoint","coordinates":[[-79.389605644999961,43.661021036000079]]},"properties":{"OBJECTID":916,"_id":916,"LOC_ID":13954,"LOC_NAME":"Queen's Park Child Care Centre","AUSPICE":"Non Profit Agency","ADDRESS":"7 QUEENS PARK CRES E","PCODE":"M7A 1Y7","ward":11,"PHONE":"(416) 972-9979","bldg_type":"Other","BLDGNAME":null,"IGSPACE":10,"TGSPACE":30,"PGSPACE":48,"KGSPACE":0,"SGSPACE":0,"TOTSPACE":88,"subsidy":"Y","run_date":"28JUL26","cwelcc_flag":"Y"}},{"type":"Feature","id":917,"geometry":{"type":"MultiPoint","coordinates":[[-79.39392670899997,43.64964537600008]]},"properties":{"OBJECTID":917,"_id":917,"LOC_ID":13963,"LOC_NAME":"Kids & Company Queen West","AUSPICE":"Commercial Agency","ADDRESS":"308 QUEEN ST W","PCODE":"M5V 2A4","ward":10,"PHONE":"(416) 595-5537x0","bldg_type":"Other","BLDGNAME":null,"IGSPACE":20,"TGSPACE":40,"PGSPACE":47,"KGSPACE":0,"SGSPACE":0,"TOTSPACE":107,"subsidy":"N","run_date":"28JUL26","cwelcc_flag":"Y"}},{"type":"Feature","id":918,"geometry":{"type":"MultiPoint","coordinates":[[-79.500955389999945,43.625745125000037]]},"properties":{"OBJECTID":918,"_id":918,"LOC_ID":13982,"LOC_NAME":"Plasp St. Louis C.S.","AUSPICE":"Non Profit Agency","ADDRESS":"11 MORGAN AVE","PCODE":"M8Y 2Z7","ward":3,"PHONE":"(888) 739-4102","bldg_type":"Catholic Elementary School","BLDGNAME":"St. Louis Catholic School","IGSPACE":0,"TGSPACE":0,"PGSPACE":0,"KGSPACE":13,"SGSPACE":45,"TOTSPACE":58,"subsidy":"Y","run_date":"28JUL26","cwelcc_flag":"Y"}},{"type":"Feature","id":919,"geometry":{"type":"MultiPoint","coordinates":[[-79.44442589199997,43.70693422800008]]},"properties":{"OBJECTID":919,"_id":919,"LOC_ID":13983,"LOC_NAME":"Plasp Sts. Cosmas And Damian C.S","AUSPICE":"Non Profit Agency","ADDRESS":"111 DANESBURY AVE","PCODE":"M6B 3L3","ward":8,"PHONE":"(888) 739-4102","bldg_type":"Catholic Elementary School","BLDGNAME":"St. Cosmas And Damian Catholic School","IGSPACE":0,"TGSPACE":0,"PGSPACE":0,"KGSPACE":13,"SGSPACE":30,"TOTSPACE":43,"subsidy":"Y","run_date":"28JUL26","cwelcc_flag":"Y"}},{"type":"Feature","id":920,"geometry":{"type":"MultiPoint","coordinates":[[-79.532976160999965,43.718862096000066]]},"properties":{"OBJECTID":920,"_id":920,"LOC_ID":13984,"LOC_NAME":"Plasp St. Simon C.S.","AUSPICE":"Non Profit Agency","ADDRESS":"24 STRATHBURN BLVD","PCODE":"M9M 2K3","ward":7,"PHONE":"(888) 739-4102","bldg_type":"Catholic Elementary School","BLDGNAME":"St. Simon Catholic School","IGSPACE":0,"TGSPACE":0,"PGSPACE":0,"KGSPACE":13,"SGSPACE":45,"TOTSPACE":58,"subsidy":"Y","run_date":"28JUL26","cwelcc_flag":"Y"}},{"type":"Feature","id":921,"geometry":{"type":"MultiPoint","coordinates":[[-79.451350694999974,43.713281894000033]]},"properties":{"OBJECTID":921,"_id":921,"LOC_ID":13993,"LOC_NAME":"Columbus Early Learning Centres - St Charles","AUSPICE":"Non Profit Agency","ADDRESS":"50 CLAVER AVE","PCODE":"M6B 2W1","ward":8,"PHONE":"(416) 717-0355","bldg_type":"Catholic Elementary School","BLDGNAME":"St Charles Catholic School","IGSPACE":0,"TGSPACE":0,"PGSPACE":0,"KGSPACE":26,"SGSPACE":45,"TOTSPACE":71,"subsidy":"Y","run_date":"28JUL26","cwelcc_flag":"Y"}},{"type":"Feature","id":922,"geometry":{"type":"MultiPoint","coordinates":[[-79.517861123999978,43.724023325000076]]},"properties":{"OBJECTID":922,"_id":922,"LOC_ID":14000,"LOC_NAME":"Macaulay - St. Andre Child Care Centre","AUSPICE":"Non Profit Agency","ADDRESS":"36 YVONNE AVE","PCODE":"M3L 1C9","ward":7,"PHONE":"(416) 312-5044","bldg_type":"Catholic Elementary School","BLDGNAME":"St. Andre Catholic School","IGSPACE":0,"TGSPACE":0,"PGSPACE":0,"KGSPACE":26,"SGSPACE":30,"TOTSPACE":56,"subsidy":"Y","run_date":"28JUL26","cwelcc_flag":"Y"}},{"type":"Feature","id":923,"geometry":{"type":"MultiPoint","coordinates":[[-79.236946594999949,43.82617083100007]]},"properties":{"OBJECTID":923,"_id":923,"LOC_ID":14130,"LOC_NAME":"Cambridge Leaf Montessori School","AUSPICE":"Commercial Agency","ADDRESS":"3875 MCNICOLL AVE","PCODE":"M1X 0C1","ward":23,"PHONE":"(416) 771-6695","bldg_type":"Other","BLDGNAME":null,"IGSPACE":0,"TGSPACE":28,"PGSPACE":30,"KGSPACE":0,"SGSPACE":0,"TOTSPACE":58,"subsidy":"N","run_date":"28JUL26","cwelcc_flag":"N"}},{"type":"Feature","id":924,"geometry":{"type":"MultiPoint","coordinates":[[-79.400002093999944,43.759678414000064]]},"properties":{"OBJECTID":924,"_id":924,"LOC_ID":14141,"LOC_NAME":"Avondale Centre For Early Development","AUSPICE":"Non Profit Agency","ADDRESS":"171 AVONDALE AVE","PCODE":"M2N 2V4","ward":18,"PHONE":"(416) 941-2121","bldg_type":"Other","BLDGNAME":"Avondale Public School","IGSPACE":10,"TGSPACE":30,"PGSPACE":32,"KGSPACE":0,"SGSPACE":0,"TOTSPACE":72,"subsidy":"Y","run_date":"28JUL26","cwelcc_flag":"Y"}},{"type":"Feature","id":925,"geometry":{"type":"MultiPoint","coordinates":[[-79.421348860999956,43.683557307000058]]},"properties":{"OBJECTID":925,"_id":925,"LOC_ID":14142,"LOC_NAME":"Kinder Grove St. Clair","AUSPICE":"Commercial Agency","ADDRESS":"94 VAUGHAN RD","PCODE":"M6C 2M1","ward":12,"PHONE":"(416) 654-1678","bldg_type":"Other","BLDGNAME":null,"IGSPACE":10,"TGSPACE":15,"PGSPACE":16,"KGSPACE":0,"SGSPACE":0,"TOTSPACE":41,"subsidy":"N","run_date":"28JUL26","cwelcc_flag":"Y"}},{"type":"Feature","id":926,"geometry":{"type":"MultiPoint","coordinates":[[-79.368009348999976,43.665250296000067]]},"properties":{"OBJECTID":926,"_id":926,"LOC_ID":14157,"LOC_NAME":"Buds And Blossoms","AUSPICE":"Commercial Agency","ADDRESS":"517 PARLIAMENT ST","PCODE":"M4X 1P3","ward":13,"PHONE":"(416) 655-0695","bldg_type":"Other","BLDGNAME":null,"IGSPACE":0,"TGSPACE":8,"PGSPACE":16,"KGSPACE":0,"SGSPACE":24,"TOTSPACE":48,"subsidy":"N","run_date":"28JUL26","cwelcc_flag":"Y"}},{"type":"Feature","id":927,"geometry":{"type":"MultiPoint","coordinates":[[-79.429426494999973,43.71275924400004]]},"properties":{"OBJECTID":927,"_id":927,"LOC_ID":14167,"LOC_NAME":"Brightpath Academy - Forest Hill","AUSPICE":"Commercial Agency","ADDRESS":"5 GLEN PARK AVE","PCODE":"M6B 4J2","ward":8,"PHONE":"(647) 547-2120","bldg_type":"Place of Worship","BLDGNAME":null,"IGSPACE":10,"TGSPACE":30,"PGSPACE":32,"KGSPACE":0,"SGSPACE":0,"TOTSPACE":72,"subsidy":"N","run_date":"28JUL26","cwelcc_flag":"Y"}},{"type":"Feature","id":928,"geometry":{"type":"MultiPoint","coordinates":[[-79.275660203999962,43.785537946000034]]},"properties":{"OBJECTID":928,"_id":928,"LOC_ID":14170,"LOC_NAME":"Top Mandarin Daycare Centre-2","AUSPICE":"Commercial Agency","ADDRESS":"4271 SHEPPARD AVE E","PCODE":"M1S 4G4","ward":23,"PHONE":"(647) 998-0928","bldg_type":"Commercial Building","BLDGNAME":"Cathay Plaza","IGSPACE":0,"TGSPACE":10,"PGSPACE":24,"KGSPACE":0,"SGSPACE":0,"TOTSPACE":34,"subsidy":"N","run_date":"28JUL26","cwelcc_flag":"Y"}},{"type":"Feature","id":929,"geometry":{"type":"MultiPoint","coordinates":[[-79.393735288999949,43.70578682200005]]},"properties":{"OBJECTID":929,"_id":929,"LOC_ID":14195,"LOC_NAME":"Mothercraft Midtown Ced","AUSPICE":"Non Profit Agency","ADDRESS":"44 LILLIAN ST","PCODE":"M4S 0B7","ward":12,"PHONE":"(416) 362-0333","bldg_type":"Other","BLDGNAME":null,"IGSPACE":10,"TGSPACE":10,"PGSPACE":32,"KGSPACE":0,"SGSPACE":0,"TOTSPACE":52,"subsidy":"Y","run_date":"28JUL26","cwelcc_flag":"Y"}},{"type":"Feature","id":930,"geometry":{"type":"MultiPoint","coordinates":[[-79.46227219299999,43.654832806000059]]},"properties":{"OBJECTID":930,"_id":930,"LOC_ID":14196,"LOC_NAME":"Atelier Kids Inc.","AUSPICE":"Commercial Agency","ADDRESS":"15 OAKMOUNT RD","PCODE":"M6P 2M3","ward":4,"PHONE":"(416) 604-2442","bldg_type":"Other","BLDGNAME":null,"IGSPACE":0,"TGSPACE":30,"PGSPACE":46,"KGSPACE":0,"SGSPACE":0,"TOTSPACE":76,"subsidy":"N","run_date":"28JUL26","cwelcc_flag":"N"}},{"type":"Feature","id":931,"geometry":{"type":"MultiPoint","coordinates":[[-79.238701805999938,43.788620980000076]]},"properties":{"OBJECTID":931,"_id":931,"LOC_ID":14199,"LOC_NAME":"Montessori Villa Wisdom Inc.","AUSPICE":"Commercial Agency","ADDRESS":"231 MILNER AVE","PCODE":"M1S 5E3","ward":23,"PHONE":"(647) 876-5414","bldg_type":"Commercial Building","BLDGNAME":null,"IGSPACE":0,"TGSPACE":15,"PGSPACE":32,"KGSPACE":11,"SGSPACE":0,"TOTSPACE":58,"subsidy":"N","run_date":"28JUL26","cwelcc_flag":"Y"}},{"type":"Feature","id":932,"geometry":{"type":"MultiPoint","coordinates":[[-79.261005735999959,43.742387902000075]]},"properties":{"OBJECTID":932,"_id":932,"LOC_ID":14206,"LOC_NAME":"Small World Big Dreams Child Care Centre Inc.","AUSPICE":"Commercial Agency","ADDRESS":"1085 MIDLAND AVE","PCODE":"M1K 4G7","ward":21,"PHONE":"(647) 808-2514","bldg_type":"Commercial Building","BLDGNAME":null,"IGSPACE":0,"TGSPACE":10,"PGSPACE":16,"KGSPACE":0,"SGSPACE":0,"TOTSPACE":26,"subsidy":"N","run_date":"28JUL26","cwelcc_flag":"Y"}},{"type":"Feature","id":933,"geometry":{"type":"MultiPoint","coordinates":[[-79.287145868999971,43.672594441000058]]},"properties":{"OBJECTID":933,"_id":933,"LOC_ID":14207,"LOC_NAME":"Ma Premiere Ecole","AUSPICE":"Commercial Agency","ADDRESS":"2383 QUEEN ST E","PCODE":"M4E 1H5","ward":19,"PHONE":"(416) 671-4367","bldg_type":"Other","BLDGNAME":null,"IGSPACE":0,"TGSPACE":0,"PGSPACE":28,"KGSPACE":0,"SGSPACE":0,"TOTSPACE":28,"subsidy":"N","run_date":"28JUL26","cwelcc_flag":"N"}},{"type":"Feature","id":934,"geometry":{"type":"MultiPoint","coordinates":[[-79.345394337999949,43.772796265000068]]},"properties":{"OBJECTID":934,"_id":934,"LOC_ID":14208,"LOC_NAME":"Little Giants Childcare Centre Inc.","AUSPICE":"Commercial Agency","ADDRESS":"50 FOREST MANOR RD","PCODE":"M2J 0E3","ward":17,"PHONE":"(416) 668-1067","bldg_type":"Other","BLDGNAME":null,"IGSPACE":0,"TGSPACE":23,"PGSPACE":35,"KGSPACE":0,"SGSPACE":0,"TOTSPACE":58,"subsidy":"N","run_date":"28JUL26","cwelcc_flag":"Y"}},{"type":"Feature","id":935,"geometry":{"type":"MultiPoint","coordinates":[[-79.381637577999982,43.739196703000061]]},"properties":{"OBJECTID":935,"_id":935,"LOC_ID":14211,"LOC_NAME":"Chabad Lubavitch Of York Mills","AUSPICE":"Non Profit Agency","ADDRESS":"2437 BAYVIEW AVE","PCODE":"M2L 1A5","ward":15,"PHONE":"(416) 551-9391","bldg_type":"Synagogue","BLDGNAME":"Bayview Hebrew School","IGSPACE":10,"TGSPACE":15,"PGSPACE":24,"KGSPACE":0,"SGSPACE":0,"TOTSPACE":49,"subsidy":"N","run_date":"28JUL26","cwelcc_flag":"Y"}},{"type":"Feature","id":936,"geometry":{"type":"MultiPoint","coordinates":[[-79.344920511999987,43.779923292000035]]},"properties":{"OBJECTID":936,"_id":936,"LOC_ID":14212,"LOC_NAME":"Absorbent Years Childcare Inc","AUSPICE":"Commercial Agency","ADDRESS":"128 FAIRVIEW MALL DR","PCODE":"M2J 0E8","ward":17,"PHONE":"(416) 502-1769","bldg_type":"Other","BLDGNAME":null,"IGSPACE":0,"TGSPACE":10,"PGSPACE":22,"KGSPACE":0,"SGSPACE":0,"TOTSPACE":32,"subsidy":"N","run_date":"28JUL26","cwelcc_flag":"N"}},{"type":"Feature","id":937,"geometry":{"type":"MultiPoint","coordinates":[[-79.283200860999955,43.779597568000042]]},"properties":{"OBJECTID":937,"_id":937,"LOC_ID":14220,"LOC_NAME":"Village Green Child Care Centre","AUSPICE":"Non Profit Agency","ADDRESS":"275 VILLAGE GREEN SQ","PCODE":"M1S 0L8","ward":22,"PHONE":"(416) 901-5180","bldg_type":"Other","BLDGNAME":null,"IGSPACE":10,"TGSPACE":20,"PGSPACE":32,"KGSPACE":0,"SGSPACE":0,"TOTSPACE":62,"subsidy":"Y","run_date":"28JUL26","cwelcc_flag":"Y"}},{"type":"Feature","id":938,"geometry":{"type":"MultiPoint","coordinates":[[-79.391061295999975,43.711642191000067]]},"properties":{"OBJECTID":938,"_id":938,"LOC_ID":14226,"LOC_NAME":"Manor Montessori School","AUSPICE":"Commercial Agency","ADDRESS":"9 ELVINA GDNS","PCODE":"M4P 1X7","ward":15,"PHONE":"(416) 488-4218","bldg_type":"Other","BLDGNAME":null,"IGSPACE":0,"TGSPACE":0,"PGSPACE":25,"KGSPACE":0,"SGSPACE":0,"TOTSPACE":25,"subsidy":"N","run_date":"28JUL26","cwelcc_flag":"N"}},{"type":"Feature","id":939,"geometry":{"type":"MultiPoint","coordinates":[[-79.362798035999958,43.660387372000059]]},"properties":{"OBJECTID":939,"_id":939,"LOC_ID":14227,"LOC_NAME":"Momentum Montessori Regent Park Inc","AUSPICE":"Commercial Agency","ADDRESS":"237 SACKVILLE ST","PCODE":"M5A 3G1","ward":13,"PHONE":"(416) 459-2235","bldg_type":"Other","BLDGNAME":null,"IGSPACE":0,"TGSPACE":15,"PGSPACE":40,"KGSPACE":24,"SGSPACE":0,"TOTSPACE":79,"subsidy":"N","run_date":"28JUL26","cwelcc_flag":"Y"}},{"type":"Feature","id":940,"geometry":{"type":"MultiPoint","coordinates":[[-79.383468396999945,43.741525982000041]]},"properties":{"OBJECTID":940,"_id":940,"LOC_ID":14228,"LOC_NAME":"The Junior Academy","AUSPICE":"Commercial Agency","ADDRESS":"2454 BAYVIEW AVE","PCODE":"M2L 1A6","ward":15,"PHONE":"(416) 425-4567","bldg_type":"Other","BLDGNAME":null,"IGSPACE":0,"TGSPACE":8,"PGSPACE":9,"KGSPACE":0,"SGSPACE":0,"TOTSPACE":17,"subsidy":"N","run_date":"28JUL26","cwelcc_flag":"Y"}},{"type":"Feature","id":941,"geometry":{"type":"MultiPoint","coordinates":[[-79.300985381999965,43.683587999000054]]},"properties":{"OBJECTID":941,"_id":941,"LOC_ID":14229,"LOC_NAME":"Blue Bell Academy","AUSPICE":"Commercial Agency","ADDRESS":"2189 GERRARD ST E","PCODE":"M4E 2C6","ward":19,"PHONE":"(416) 550-4442","bldg_type":"Other","BLDGNAME":null,"IGSPACE":0,"TGSPACE":20,"PGSPACE":0,"KGSPACE":0,"SGSPACE":0,"TOTSPACE":20,"subsidy":"N","run_date":"28JUL26","cwelcc_flag":"Y"}},{"type":"Feature","id":942,"geometry":{"type":"MultiPoint","coordinates":[[-79.292361447999951,43.695812924000052]]},"properties":{"OBJECTID":942,"_id":942,"LOC_ID":14231,"LOC_NAME":"Eyet - Crescent Town Centre","AUSPICE":"Non Profit Agency","ADDRESS":"2A THE MARKET PL","PCODE":"M4C 5M1","ward":19,"PHONE":"(647) 696-4777","bldg_type":"Other","BLDGNAME":null,"IGSPACE":10,"TGSPACE":25,"PGSPACE":48,"KGSPACE":0,"SGSPACE":0,"TOTSPACE":83,"subsidy":"Y","run_date":"28JUL26","cwelcc_flag":"Y"}},{"type":"Feature","id":943,"geometry":{"type":"MultiPoint","coordinates":[[-79.402390239999988,43.662540632000059]]},"properties":{"OBJECTID":943,"_id":943,"LOC_ID":14239,"LOC_NAME":"Kodomoen Childcare Centre","AUSPICE":"Non Profit Agency","ADDRESS":"630 SPADINA AVE","PCODE":"M5S 2H4","ward":11,"PHONE":"(416) 599-2426","bldg_type":"Place of Worship","BLDGNAME":"Knox Presbyterian Church","IGSPACE":0,"TGSPACE":0,"PGSPACE":24,"KGSPACE":0,"SGSPACE":0,"TOTSPACE":24,"subsidy":"N","run_date":"28JUL26","cwelcc_flag":"Y"}},{"type":"Feature","id":944,"geometry":{"type":"MultiPoint","coordinates":[[-79.538449513999979,43.680599783000048]]},"properties":{"OBJECTID":944,"_id":944,"LOC_ID":14243,"LOC_NAME":"The Castle Child Care Centre","AUSPICE":"Commercial Agency","ADDRESS":"4480 EGLINTON AVE W","PCODE":"M9A 4M4","ward":2,"PHONE":"(416) 459-6363","bldg_type":"Other","BLDGNAME":null,"IGSPACE":0,"TGSPACE":15,"PGSPACE":26,"KGSPACE":0,"SGSPACE":0,"TOTSPACE":41,"subsidy":"N","run_date":"28JUL26","cwelcc_flag":"Y"}},{"type":"Feature","id":945,"geometry":{"type":"MultiPoint","coordinates":[[-79.437711304999937,43.698087274000045]]},"properties":{"OBJECTID":945,"_id":945,"LOC_ID":14244,"LOC_NAME":"Beth Sholom First Foundations Community Preschool","AUSPICE":"Non Profit Agency","ADDRESS":"1445 EGLINTON AVE W","PCODE":"M6C 2E6","ward":12,"PHONE":"(416) 432-2561","bldg_type":"Synagogue","BLDGNAME":null,"IGSPACE":0,"TGSPACE":40,"PGSPACE":48,"KGSPACE":0,"SGSPACE":0,"TOTSPACE":88,"subsidy":"N","run_date":"28JUL26","cwelcc_flag":"Y"}},{"type":"Feature","id":946,"geometry":{"type":"MultiPoint","coordinates":[[-79.483452307999983,43.623572258000081]]},"properties":{"OBJECTID":946,"_id":946,"LOC_ID":14245,"LOC_NAME":"Tiny Hoppers Park Lawn","AUSPICE":"Commercial Agency","ADDRESS":"20 PARK LAWN RD","PCODE":"M8V 0E9","ward":3,"PHONE":"(437) 788-8855","bldg_type":"Other","BLDGNAME":null,"IGSPACE":10,"TGSPACE":45,"PGSPACE":64,"KGSPACE":0,"SGSPACE":0,"TOTSPACE":119,"subsidy":"N","run_date":"28JUL26","cwelcc_flag":"N"}},{"type":"Feature","id":947,"geometry":{"type":"MultiPoint","coordinates":[[-79.431222107999986,43.738545259000034]]},"properties":{"OBJECTID":947,"_id":947,"LOC_ID":14257,"LOC_NAME":"Torah Tots Childcare","AUSPICE":"Non Profit Agency","ADDRESS":"37 SOUTHBOURNE AVE","PCODE":"M3H 1A4","ward":6,"PHONE":"(416) 633-7659","bldg_type":"Other","BLDGNAME":null,"IGSPACE":0,"TGSPACE":30,"PGSPACE":40,"KGSPACE":0,"SGSPACE":0,"TOTSPACE":70,"subsidy":"N","run_date":"28JUL26","cwelcc_flag":"Y"}},{"type":"Feature","id":948,"geometry":{"type":"MultiPoint","coordinates":[[-79.44103039099997,43.703263352000079]]},"properties":{"OBJECTID":948,"_id":948,"LOC_ID":14258,"LOC_NAME":"Macaulay - Marlee Child Care Centre","AUSPICE":"Non Profit Agency","ADDRESS":"145 MARLEE AVE","PCODE":"M6B 3H3","ward":8,"PHONE":"(416) 546-8931","bldg_type":"Other","BLDGNAME":null,"IGSPACE":10,"TGSPACE":15,"PGSPACE":24,"KGSPACE":0,"SGSPACE":0,"TOTSPACE":49,"subsidy":"Y","run_date":"28JUL26","cwelcc_flag":"Y"}},{"type":"Feature","id":949,"geometry":{"type":"MultiPoint","coordinates":[[-79.502742615999978,43.628599493000081]]},"properties":{"OBJECTID":949,"_id":949,"LOC_ID":14272,"LOC_NAME":"The Little Campus","AUSPICE":"Commercial Agency","ADDRESS":"48 ROSEMEADE AVE","PCODE":"M8Y 3A5","ward":3,"PHONE":"(647) 372-5437x504","bldg_type":"Other","BLDGNAME":null,"IGSPACE":10,"TGSPACE":58,"PGSPACE":68,"KGSPACE":0,"SGSPACE":0,"TOTSPACE":136,"subsidy":"N","run_date":"28JUL26","cwelcc_flag":"N"}},{"type":"Feature","id":950,"geometry":{"type":"MultiPoint","coordinates":[[-79.367340381999952,43.791951831000063]]},"properties":{"OBJECTID":950,"_id":950,"LOC_ID":14274,"LOC_NAME":"Les Etoiles Brillantes 2","AUSPICE":"Non Profit Agency","ADDRESS":"100 RAVEL RD","PCODE":"M2H 1S9","ward":17,"PHONE":"(647) 285-2099","bldg_type":"Public Elementary (French)","BLDGNAME":"Ecole Elementaire Paul-Demers","IGSPACE":0,"TGSPACE":0,"PGSPACE":0,"KGSPACE":26,"SGSPACE":30,"TOTSPACE":56,"subsidy":"Y","run_date":"28JUL26","cwelcc_flag":"Y"}},{"type":"Feature","id":951,"geometry":{"type":"MultiPoint","coordinates":[[-79.431173604999969,43.652670560000047]]},"properties":{"OBJECTID":951,"_id":951,"LOC_ID":14275,"LOC_NAME":"Denisa Childcare","AUSPICE":"Commercial Agency","ADDRESS":"1065 COLLEGE ST","PCODE":"M6H 1B2","ward":9,"PHONE":"(416) 535-2228","bldg_type":"Commercial Building","BLDGNAME":null,"IGSPACE":0,"TGSPACE":14,"PGSPACE":16,"KGSPACE":0,"SGSPACE":0,"TOTSPACE":30,"subsidy":"N","run_date":"28JUL26","cwelcc_flag":"Y"}},{"type":"Feature","id":952,"geometry":{"type":"MultiPoint","coordinates":[[-79.155944746999978,43.777738538000051]]},"properties":{"OBJECTID":952,"_id":952,"LOC_ID":14276,"LOC_NAME":"Le Petit Chaperon Rouge - Scarborough","AUSPICE":"Non Profit Agency","ADDRESS":"29 MEADOWVALE RD","PCODE":"M1C 1R7","ward":25,"PHONE":"(647) 269-4833","bldg_type":"Public Elementary (French)","BLDGNAME":"Ecole Elementaire Catholique Saint-Michel","IGSPACE":10,"TGSPACE":15,"PGSPACE":24,"KGSPACE":26,"SGSPACE":30,"TOTSPACE":105,"subsidy":"Y","run_date":"28JUL26","cwelcc_flag":"Y"}},{"type":"Feature","id":953,"geometry":{"type":"MultiPoint","coordinates":[[-79.391052926999976,43.703546785000071]]},"properties":{"OBJECTID":953,"_id":953,"LOC_ID":14278,"LOC_NAME":"Alphabet Academy","AUSPICE":"Commercial Agency","ADDRESS":"111 MANOR RD E","PCODE":"M4S 1R4","ward":12,"PHONE":"(416) 219-9021","bldg_type":"Place of Worship","BLDGNAME":null,"IGSPACE":0,"TGSPACE":15,"PGSPACE":24,"KGSPACE":0,"SGSPACE":0,"TOTSPACE":39,"subsidy":"N","run_date":"28JUL26","cwelcc_flag":"Y"}},{"type":"Feature","id":954,"geometry":{"type":"MultiPoint","coordinates":[[-79.270798432999982,43.688127282000039]]},"properties":{"OBJECTID":954,"_id":954,"LOC_ID":14279,"LOC_NAME":"Little Bugs Nursery Corporation","AUSPICE":"Commercial Agency","ADDRESS":"1448 KINGSTON RD","PCODE":"M1N 1R6","ward":20,"PHONE":"(647) 669-6956","bldg_type":"Other","BLDGNAME":null,"IGSPACE":0,"TGSPACE":10,"PGSPACE":18,"KGSPACE":0,"SGSPACE":0,"TOTSPACE":28,"subsidy":"N","run_date":"28JUL26","cwelcc_flag":"Y"}},{"type":"Feature","id":955,"geometry":{"type":"MultiPoint","coordinates":[[-79.388490030999947,43.703453689000071]]},"properties":{"OBJECTID":955,"_id":955,"LOC_ID":14280,"LOC_NAME":"Mtt Davisville (10730041 Canada Inc)","AUSPICE":"Commercial Agency","ADDRESS":"588 MOUNT PLEASANT RD","PCODE":"M4S 2M8","ward":12,"PHONE":"(416) 722-8311","bldg_type":"House","BLDGNAME":null,"IGSPACE":0,"TGSPACE":10,"PGSPACE":13,"KGSPACE":0,"SGSPACE":0,"TOTSPACE":23,"subsidy":"N","run_date":"28JUL26","cwelcc_flag":"Y"}},{"type":"Feature","id":956,"geometry":{"type":"MultiPoint","coordinates":[[-79.289416238999934,43.672550802000046]]},"properties":{"OBJECTID":956,"_id":956,"LOC_ID":14283,"LOC_NAME":"Alphabet Station","AUSPICE":"Commercial Agency","ADDRESS":"2206 QUEEN ST E","PCODE":"M4E 1E7","ward":19,"PHONE":"(416) 402-4702","bldg_type":"Other","BLDGNAME":null,"IGSPACE":10,"TGSPACE":20,"PGSPACE":24,"KGSPACE":0,"SGSPACE":0,"TOTSPACE":54,"subsidy":"N","run_date":"28JUL26","cwelcc_flag":"Y"}},{"type":"Feature","id":957,"geometry":{"type":"MultiPoint","coordinates":[[-79.509766885999966,43.692296186000078]]},"properties":{"OBJECTID":957,"_id":957,"LOC_ID":14284,"LOC_NAME":"Learning Jungle Buttonwood","AUSPICE":"Commercial Agency","ADDRESS":"100 SIDNEY BELSEY CRES","PCODE":"M6M 5H6","ward":5,"PHONE":"(416) 241-3800","bldg_type":"Public Elementary School","BLDGNAME":"Portage Trail Public School","IGSPACE":10,"TGSPACE":30,"PGSPACE":48,"KGSPACE":0,"SGSPACE":0,"TOTSPACE":88,"subsidy":"Y","run_date":"28JUL26","cwelcc_flag":"Y"}},{"type":"Feature","id":958,"geometry":{"type":"MultiPoint","coordinates":[[-79.489814655999965,43.663540849000071]]},"properties":{"OBJECTID":958,"_id":958,"LOC_ID":14288,"LOC_NAME":"Macaulay - Mountview Child Care Centre","AUSPICE":"Non Profit Agency","ADDRESS":"569 JANE ST","PCODE":"M6S 4A3","ward":4,"PHONE":"(416) 780-2720","bldg_type":"Public Elementary School","BLDGNAME":"Mountview Alternative","IGSPACE":0,"TGSPACE":0,"PGSPACE":0,"KGSPACE":13,"SGSPACE":30,"TOTSPACE":43,"subsidy":"Y","run_date":"28JUL26","cwelcc_flag":"Y"}},{"type":"Feature","id":959,"geometry":{"type":"MultiPoint","coordinates":[[-79.48871806599999,43.728523580000058]]},"properties":{"OBJECTID":959,"_id":959,"LOC_ID":14289,"LOC_NAME":"Columbus Early Learning - St Raphael","AUSPICE":"Non Profit Agency","ADDRESS":"3 GADE DR","PCODE":"M3M 2K2","ward":6,"PHONE":"(416) 819-2186","bldg_type":"Catholic Elementary School","BLDGNAME":"St. Raphael Catholic School","IGSPACE":0,"TGSPACE":0,"PGSPACE":0,"KGSPACE":26,"SGSPACE":45,"TOTSPACE":71,"subsidy":"Y","run_date":"28JUL26","cwelcc_flag":"Y"}},{"type":"Feature","id":960,"geometry":{"type":"MultiPoint","coordinates":[[-79.456742400999985,43.713004924000074]]},"properties":{"OBJECTID":960,"_id":960,"LOC_ID":14291,"LOC_NAME":"Leonardo Da Vinci Academy Of Arts & Science","AUSPICE":"Non Profit Agency","ADDRESS":"901 LAWRENCE AVE W","PCODE":"M6A 1C3","ward":8,"PHONE":"(416) 247-6137","bldg_type":"Other","BLDGNAME":null,"IGSPACE":0,"TGSPACE":0,"PGSPACE":32,"KGSPACE":0,"SGSPACE":0,"TOTSPACE":32,"subsidy":"N","run_date":"28JUL26","cwelcc_flag":"N"}},{"type":"Feature","id":961,"geometry":{"type":"MultiPoint","coordinates":[[-79.401909850999971,43.658953041000075]]},"properties":{"OBJECTID":961,"_id":961,"LOC_ID":14292,"LOC_NAME":"The Neighbourhood Group Lord Lansdowne Child Care","AUSPICE":"Non Profit Agency","ADDRESS":"33 ROBERT ST","PCODE":"M5S 2K2","ward":11,"PHONE":"(416) 839-4830","bldg_type":"Public Elementary Special","BLDGNAME":"Lord Lansdowne Junior And Senior Public School","IGSPACE":0,"TGSPACE":0,"PGSPACE":0,"KGSPACE":52,"SGSPACE":90,"TOTSPACE":142,"subsidy":"Y","run_date":"28JUL26","cwelcc_flag":"Y"}},{"type":"Feature","id":962,"geometry":{"type":"MultiPoint","coordinates":[[-79.285488209999983,43.680530616000055]]},"properties":{"OBJECTID":962,"_id":962,"LOC_ID":14294,"LOC_NAME":"Beaches Montessori School South","AUSPICE":"Commercial Agency","ADDRESS":"995 KINGSTON RD","PCODE":"M4E 1T3","ward":19,"PHONE":"(416) 986-7553","bldg_type":"Other","BLDGNAME":null,"IGSPACE":0,"TGSPACE":0,"PGSPACE":16,"KGSPACE":0,"SGSPACE":0,"TOTSPACE":16,"subsidy":"N","run_date":"28JUL26","cwelcc_flag":"N"}},{"type":"Feature","id":963,"geometry":{"type":"MultiPoint","coordinates":[[-79.451216246999934,43.651217923000047]]},"properties":{"OBJECTID":963,"_id":963,"LOC_ID":14296,"LOC_NAME":"Tiny Explorers Academy","AUSPICE":"Commercial Agency","ADDRESS":"404 RONCESVALLES AVE","PCODE":"M6R 2M9","ward":4,"PHONE":"(416) 539-8469","bldg_type":"Other","BLDGNAME":null,"IGSPACE":20,"TGSPACE":50,"PGSPACE":64,"KGSPACE":0,"SGSPACE":0,"TOTSPACE":134,"subsidy":"N","run_date":"28JUL26","cwelcc_flag":"Y"}},{"type":"Feature","id":964,"geometry":{"type":"MultiPoint","coordinates":[[-79.423853908999945,43.654457483000044]]},"properties":{"OBJECTID":964,"_id":964,"LOC_ID":14297,"LOC_NAME":"Lullaboo Childcare Center (College)","AUSPICE":"Commercial Agency","ADDRESS":"860 COLLEGE ST","PCODE":"M6H 1A2","ward":9,"PHONE":"(905) 780-3078","bldg_type":"Other","BLDGNAME":null,"IGSPACE":10,"TGSPACE":75,"PGSPACE":64,"KGSPACE":0,"SGSPACE":0,"TOTSPACE":149,"subsidy":"N","run_date":"28JUL26","cwelcc_flag":"Y"}},{"type":"Feature","id":965,"geometry":{"type":"MultiPoint","coordinates":[[-79.349023901999942,43.747213450000061]]},"properties":{"OBJECTID":965,"_id":965,"LOC_ID":14300,"LOC_NAME":"St. George Mini School Inc","AUSPICE":"Non Profit Agency","ADDRESS":"25 MALLARD RD","PCODE":"M3B 1S4","ward":16,"PHONE":"(647) 812-7795","bldg_type":"Place of Worship","BLDGNAME":null,"IGSPACE":10,"TGSPACE":45,"PGSPACE":0,"KGSPACE":0,"SGSPACE":0,"TOTSPACE":55,"subsidy":"N","run_date":"28JUL26","cwelcc_flag":"Y"}},{"type":"Feature","id":966,"geometry":{"type":"MultiPoint","coordinates":[[-79.442861873999959,43.75494326300003]]},"properties":{"OBJECTID":966,"_id":966,"LOC_ID":14302,"LOC_NAME":"Fantasia Child Care Center (2724826 Ontario Inc)","AUSPICE":"Commercial Agency","ADDRESS":"678 SHEPPARD AVE W","PCODE":"M3H 2S5","ward":6,"PHONE":"(416) 519-3400","bldg_type":"Other","BLDGNAME":null,"IGSPACE":0,"TGSPACE":25,"PGSPACE":40,"KGSPACE":14,"SGSPACE":0,"TOTSPACE":79,"subsidy":"N","run_date":"28JUL26","cwelcc_flag":"Y"}},{"type":"Feature","id":967,"geometry":{"type":"MultiPoint","coordinates":[[-79.419861560999948,43.733593810000059]]},"properties":{"OBJECTID":967,"_id":967,"LOC_ID":14308,"LOC_NAME":"Ridley Orchard School Ltd.","AUSPICE":"Commercial Agency","ADDRESS":"1920 AVENUE RD","PCODE":"M5M 4A1","ward":8,"PHONE":"(416) 482-3272","bldg_type":"Other","BLDGNAME":null,"IGSPACE":0,"TGSPACE":30,"PGSPACE":52,"KGSPACE":0,"SGSPACE":16,"TOTSPACE":98,"subsidy":"N","run_date":"28JUL26","cwelcc_flag":"Y"}},{"type":"Feature","id":968,"geometry":{"type":"MultiPoint","coordinates":[[-79.228515108999943,43.797249836000049]]},"properties":{"OBJECTID":968,"_id":968,"LOC_ID":14309,"LOC_NAME":"Family Day St Barnabas Child Care Centre","AUSPICE":"Non Profit Agency","ADDRESS":"30 WASHBURN WAY","PCODE":"M1B 1H3","ward":23,"PHONE":"(416) 298-6521","bldg_type":"Catholic Elementary School","BLDGNAME":"St. Barnabas Catholic School","IGSPACE":10,"TGSPACE":15,"PGSPACE":24,"KGSPACE":26,"SGSPACE":30,"TOTSPACE":105,"subsidy":"Y","run_date":"28JUL26","cwelcc_flag":"Y"}},{"type":"Feature","id":969,"geometry":{"type":"MultiPoint","coordinates":[[-79.203816741999958,43.763812767000047]]},"properties":{"OBJECTID":969,"_id":969,"LOC_ID":14315,"LOC_NAME":"Lawrence Orton Early Learning & Child Care Centre","AUSPICE":"Public (City Operated) Agency","ADDRESS":"3947 LAWRENCE AVE E","PCODE":"M1G 1S1","ward":24,"PHONE":"(416) 392-5692","bldg_type":"High Rise Apartment","BLDGNAME":null,"IGSPACE":10,"TGSPACE":20,"PGSPACE":24,"KGSPACE":0,"SGSPACE":0,"TOTSPACE":54,"subsidy":"Y","run_date":"28JUL26","cwelcc_flag":"Y"}},{"type":"Feature","id":970,"geometry":{"type":"MultiPoint","coordinates":[[-79.250951892999979,43.707685903000026]]},"properties":{"OBJECTID":970,"_id":970,"LOC_ID":14318,"LOC_NAME":"Aspiring Academics Preschool - Kingston","AUSPICE":"Commercial Agency","ADDRESS":"2372 KINGSTON RD","PCODE":"M1N 1V2","ward":20,"PHONE":"(416) 889-9389","bldg_type":"Other","BLDGNAME":null,"IGSPACE":0,"TGSPACE":14,"PGSPACE":26,"KGSPACE":0,"SGSPACE":0,"TOTSPACE":40,"subsidy":"N","run_date":"28JUL26","cwelcc_flag":"Y"}},{"type":"Feature","id":971,"geometry":{"type":"MultiPoint","coordinates":[[-79.352395636999972,43.665771097000061]]},"properties":{"OBJECTID":971,"_id":971,"LOC_ID":14319,"LOC_NAME":"Kids Way Daycare","AUSPICE":"Commercial Agency","ADDRESS":"369 BROADVIEW AVE","PCODE":"M4K 2M7","ward":14,"PHONE":"(416) 508-2160","bldg_type":"Other","BLDGNAME":null,"IGSPACE":5,"TGSPACE":10,"PGSPACE":0,"KGSPACE":0,"SGSPACE":0,"TOTSPACE":15,"subsidy":"N","run_date":"28JUL26","cwelcc_flag":"Y"}},{"type":"Feature","id":972,"geometry":{"type":"MultiPoint","coordinates":[[-79.300257941999973,43.683217892000073]]},"properties":{"OBJECTID":972,"_id":972,"LOC_ID":14321,"LOC_NAME":"Kids Connect Daycare","AUSPICE":"Commercial Agency","ADDRESS":"138 MAIN ST","PCODE":"M4E 2V8","ward":19,"PHONE":"(647) 494-9991","bldg_type":"Other","BLDGNAME":null,"IGSPACE":10,"TGSPACE":15,"PGSPACE":32,"KGSPACE":0,"SGSPACE":0,"TOTSPACE":57,"subsidy":"N","run_date":"28JUL26","cwelcc_flag":"Y"}},{"type":"Feature","id":973,"geometry":{"type":"MultiPoint","coordinates":[[-79.297485302999974,43.679230135000068]]},"properties":{"OBJECTID":973,"_id":973,"LOC_ID":14322,"LOC_NAME":"Bumble Bee Academy","AUSPICE":"Commercial Agency","ADDRESS":"668 KINGSTON RD","PCODE":"M4E 1R4","ward":19,"PHONE":"(416) 690-2221","bldg_type":"Other","BLDGNAME":null,"IGSPACE":0,"TGSPACE":15,"PGSPACE":32,"KGSPACE":0,"SGSPACE":0,"TOTSPACE":47,"subsidy":"N","run_date":"28JUL26","cwelcc_flag":"Y"}},{"type":"Feature","id":974,"geometry":{"type":"MultiPoint","coordinates":[[-79.322501806999981,43.67196318200007]]},"properties":{"OBJECTID":974,"_id":974,"LOC_ID":14323,"LOC_NAME":"Petitecare","AUSPICE":"Commercial Agency","ADDRESS":"1419 GERRARD ST E","PCODE":"M4L 1Z7","ward":14,"PHONE":"(647) 877-2273","bldg_type":"Other","BLDGNAME":null,"IGSPACE":6,"TGSPACE":13,"PGSPACE":15,"KGSPACE":0,"SGSPACE":0,"TOTSPACE":34,"subsidy":"N","run_date":"28JUL26","cwelcc_flag":"Y"}},{"type":"Feature","id":975,"geometry":{"type":"MultiPoint","coordinates":[[-79.425056176999988,43.649276979000035]]},"properties":{"OBJECTID":975,"_id":975,"LOC_ID":14325,"LOC_NAME":"Bumble Bee Garden Child Care Ltd.","AUSPICE":"Commercial Agency","ADDRESS":"1275 DUNDAS ST W","PCODE":"M6J 1X8","ward":9,"PHONE":"(416) 532-0275","bldg_type":"Other","BLDGNAME":null,"IGSPACE":0,"TGSPACE":15,"PGSPACE":13,"KGSPACE":0,"SGSPACE":0,"TOTSPACE":28,"subsidy":"N","run_date":"28JUL26","cwelcc_flag":"Y"}},{"type":"Feature","id":976,"geometry":{"type":"MultiPoint","coordinates":[[-79.409158551999951,43.734329958000046]]},"properties":{"OBJECTID":976,"_id":976,"LOC_ID":14326,"LOC_NAME":"Orchard Grove Nursery Inc","AUSPICE":"Commercial Agency","ADDRESS":"100 OLD ORCHARD GROVE","PCODE":"M5M 2E2","ward":8,"PHONE":"(416) 728-7224","bldg_type":"Other","BLDGNAME":null,"IGSPACE":0,"TGSPACE":14,"PGSPACE":18,"KGSPACE":21,"SGSPACE":15,"TOTSPACE":68,"subsidy":"N","run_date":"28JUL26","cwelcc_flag":"Y"}},{"type":"Feature","id":977,"geometry":{"type":"MultiPoint","coordinates":[[-79.317382648999967,43.725098819000038]]},"properties":{"OBJECTID":977,"_id":977,"LOC_ID":14327,"LOC_NAME":"Kinderbrook Montessori School","AUSPICE":"Commercial Agency","ADDRESS":"1 CREDIT UNION DR","PCODE":"M4A 2S6","ward":16,"PHONE":"(416) 759-5463","bldg_type":"Other","BLDGNAME":null,"IGSPACE":0,"TGSPACE":25,"PGSPACE":48,"KGSPACE":0,"SGSPACE":0,"TOTSPACE":73,"subsidy":"N","run_date":"28JUL26","cwelcc_flag":"Y"}},{"type":"Feature","id":978,"geometry":{"type":"MultiPoint","coordinates":[[-79.328907968999943,43.729010262000031]]},"properties":{"OBJECTID":978,"_id":978,"LOC_ID":14328,"LOC_NAME":"Eh To Zed Preschool Canada Early Learning Academy","AUSPICE":"Commercial Agency","ADDRESS":"3 CONCORDE GATE","PCODE":"M3C 3N7","ward":16,"PHONE":"(416) 447-6474","bldg_type":"Other","BLDGNAME":null,"IGSPACE":10,"TGSPACE":30,"PGSPACE":48,"KGSPACE":0,"SGSPACE":0,"TOTSPACE":88,"subsidy":"N","run_date":"28JUL26","cwelcc_flag":"Y"}},{"type":"Feature","id":979,"geometry":{"type":"MultiPoint","coordinates":[[-79.423760763999951,43.720794083000044]]},"properties":{"OBJECTID":979,"_id":979,"LOC_ID":14329,"LOC_NAME":"Toronto Cheder","AUSPICE":"Non Profit Agency","ADDRESS":"410 LAWRENCE AVE W","PCODE":"M5M 1C2","ward":8,"PHONE":"(416) 636-2987x261","bldg_type":"Other","BLDGNAME":null,"IGSPACE":0,"TGSPACE":0,"PGSPACE":16,"KGSPACE":0,"SGSPACE":0,"TOTSPACE":16,"subsidy":"N","run_date":"28JUL26","cwelcc_flag":"Y"}},{"type":"Feature","id":980,"geometry":{"type":"MultiPoint","coordinates":[[-79.457574290999958,43.762488959000052]]},"properties":{"OBJECTID":980,"_id":980,"LOC_ID":14333,"LOC_NAME":"Gan Chabad Preschool","AUSPICE":"Non Profit Agency","ADDRESS":"147 OVERBROOK PL","PCODE":"M3H 4R1","ward":6,"PHONE":"(416) 635-9696","bldg_type":"Other","BLDGNAME":null,"IGSPACE":10,"TGSPACE":15,"PGSPACE":24,"KGSPACE":0,"SGSPACE":0,"TOTSPACE":49,"subsidy":"N","run_date":"28JUL26","cwelcc_flag":"Y"}},{"type":"Feature","id":981,"geometry":{"type":"MultiPoint","coordinates":[[-79.466835240999956,43.653723420000063]]},"properties":{"OBJECTID":981,"_id":981,"LOC_ID":14335,"LOC_NAME":"Atelier Kids Inc.","AUSPICE":"Commercial Agency","ADDRESS":"21 QUEBEC AVE","PCODE":"M6P 2T3","ward":4,"PHONE":"(416) 419-3864","bldg_type":"Other","BLDGNAME":null,"IGSPACE":0,"TGSPACE":0,"PGSPACE":20,"KGSPACE":24,"SGSPACE":0,"TOTSPACE":44,"subsidy":"Y","run_date":"28JUL26","cwelcc_flag":"N"}},{"type":"Feature","id":982,"geometry":{"type":"MultiPoint","coordinates":[[-79.432417825999948,43.654292179000038]]},"properties":{"OBJECTID":982,"_id":982,"LOC_ID":14336,"LOC_NAME":"Westside Montessori School","AUSPICE":"Commercial Agency","ADDRESS":"57 SYLVAN AVE","PCODE":"M6H 1G4","ward":9,"PHONE":"(647) 400-6521","bldg_type":"Other","BLDGNAME":null,"IGSPACE":0,"TGSPACE":12,"PGSPACE":23,"KGSPACE":0,"SGSPACE":0,"TOTSPACE":35,"subsidy":"N","run_date":"28JUL26","cwelcc_flag":"N"}},{"type":"Feature","id":983,"geometry":{"type":"MultiPoint","coordinates":[[-79.398839129999942,43.635701847000064]]},"properties":{"OBJECTID":983,"_id":983,"LOC_ID":14338,"LOC_NAME":"The Neighbourhood Group Harbourfront Child Care","AUSPICE":"Non Profit Agency","ADDRESS":"650 QUEENS QUAY W","PCODE":"M5V 3N2","ward":10,"PHONE":"(416) 925-2103x1765","bldg_type":"High Rise Apartment","BLDGNAME":null,"IGSPACE":16,"TGSPACE":20,"PGSPACE":0,"KGSPACE":0,"SGSPACE":0,"TOTSPACE":36,"subsidy":"Y","run_date":"28JUL26","cwelcc_flag":"Y"}},{"type":"Feature","id":984,"geometry":{"type":"MultiPoint","coordinates":[[-79.397162893999962,43.635694558000068]]},"properties":{"OBJECTID":984,"_id":984,"LOC_ID":14339,"LOC_NAME":"The Neighbourhood Group Waterfront Child Care Centre","AUSPICE":"Non Profit Agency","ADDRESS":"635 QUEENS QUAY W","PCODE":"M5V 3G3","ward":10,"PHONE":"(416) 925-2103x1756","bldg_type":"Public High School","BLDGNAME":null,"IGSPACE":0,"TGSPACE":0,"PGSPACE":40,"KGSPACE":52,"SGSPACE":30,"TOTSPACE":122,"subsidy":"Y","run_date":"28JUL26","cwelcc_flag":"Y"}},{"type":"Feature","id":985,"geometry":{"type":"MultiPoint","coordinates":[[-79.321766947999947,43.777312321000068]]},"properties":{"OBJECTID":985,"_id":985,"LOC_ID":14348,"LOC_NAME":"Eyes Abacus Child Care","AUSPICE":"Commercial Agency","ADDRESS":"20 CHICHESTER PL","PCODE":"M1T 1G6","ward":22,"PHONE":"(416) 497-1474","bldg_type":"Other","BLDGNAME":null,"IGSPACE":0,"TGSPACE":10,"PGSPACE":10,"KGSPACE":0,"SGSPACE":0,"TOTSPACE":20,"subsidy":"N","run_date":"28JUL26","cwelcc_flag":"Y"}},{"type":"Feature","id":986,"geometry":{"type":"MultiPoint","coordinates":[[-79.265484160999961,43.808808732000045]]},"properties":{"OBJECTID":986,"_id":986,"LOC_ID":14350,"LOC_NAME":"Early Foundations Learning Centre","AUSPICE":"Commercial Agency","ADDRESS":"25 THUNDER GROVE","PCODE":"M1V 3M2","ward":23,"PHONE":"(416) 299-0547","bldg_type":"Other","BLDGNAME":null,"IGSPACE":0,"TGSPACE":15,"PGSPACE":32,"KGSPACE":0,"SGSPACE":0,"TOTSPACE":47,"subsidy":"N","run_date":"28JUL26","cwelcc_flag":"Y"}},{"type":"Feature","id":987,"geometry":{"type":"MultiPoint","coordinates":[[-79.407408933999989,43.65824411400007]]},"properties":{"OBJECTID":987,"_id":987,"LOC_ID":14351,"LOC_NAME":"The Neighbourhood Group King Edward Child Care","AUSPICE":"Non Profit Agency","ADDRESS":"112 LIPPINCOTT ST","PCODE":"M5S 2P1","ward":11,"PHONE":"(416) 925-2103x5110","bldg_type":"Public Elementary School","BLDGNAME":"King Edward Public School","IGSPACE":10,"TGSPACE":15,"PGSPACE":24,"KGSPACE":26,"SGSPACE":30,"TOTSPACE":105,"subsidy":"Y","run_date":"28JUL26","cwelcc_flag":"Y"}},{"type":"Feature","id":988,"geometry":{"type":"MultiPoint","coordinates":[[-79.368771696999943,43.705285321000076]]},"properties":{"OBJECTID":988,"_id":988,"LOC_ID":14352,"LOC_NAME":"Trace Manes School (8603758 Canada Inc)","AUSPICE":"Commercial Agency","ADDRESS":"822 MILLWOOD RD","PCODE":"M4G 1W4","ward":15,"PHONE":"(416) 917-8030","bldg_type":"Other","BLDGNAME":null,"IGSPACE":6,"TGSPACE":12,"PGSPACE":8,"KGSPACE":0,"SGSPACE":0,"TOTSPACE":26,"subsidy":"N","run_date":"28JUL26","cwelcc_flag":"Y"}},{"type":"Feature","id":989,"geometry":{"type":"MultiPoint","coordinates":[[-79.593943262999971,43.715145411000037]]},"properties":{"OBJECTID":989,"_id":989,"LOC_ID":14353,"LOC_NAME":"Little Town Childcare And Montessori","AUSPICE":"Commercial Agency","ADDRESS":"122 QUEENS PLATE DR","PCODE":"M9W 0B4","ward":1,"PHONE":"(416) 668-2770","bldg_type":"Other","BLDGNAME":null,"IGSPACE":0,"TGSPACE":10,"PGSPACE":24,"KGSPACE":0,"SGSPACE":0,"TOTSPACE":34,"subsidy":"N","run_date":"28JUL26","cwelcc_flag":"Y"}},{"type":"Feature","id":990,"geometry":{"type":"MultiPoint","coordinates":[[-79.321801175999951,43.762415019000059]]},"properties":{"OBJECTID":990,"_id":990,"LOC_ID":14360,"LOC_NAME":"Plasp St. Isaac Jogues Catholic School - Tor","AUSPICE":"Non Profit Agency","ADDRESS":"1330 YORK MILLS RD","PCODE":"M3A 1Z8","ward":16,"PHONE":"(888) 739-4102","bldg_type":"Catholic Elementary School","BLDGNAME":"St. Issac Jogues Catholic School","IGSPACE":0,"TGSPACE":0,"PGSPACE":0,"KGSPACE":13,"SGSPACE":15,"TOTSPACE":28,"subsidy":"Y","run_date":"28JUL26","cwelcc_flag":"Y"}},{"type":"Feature","id":991,"geometry":{"type":"MultiPoint","coordinates":[[-79.450848290999943,43.752339568000025]]},"properties":{"OBJECTID":991,"_id":991,"LOC_ID":14361,"LOC_NAME":"The Toronto Heschel School","AUSPICE":"Non Profit Agency","ADDRESS":"819 SHEPPARD AVE W","PCODE":"M3H 2T3","ward":6,"PHONE":"(416) 635-1876x303","bldg_type":"Other","BLDGNAME":null,"IGSPACE":0,"TGSPACE":0,"PGSPACE":24,"KGSPACE":72,"SGSPACE":0,"TOTSPACE":96,"subsidy":"N","run_date":"28JUL26","cwelcc_flag":"Y"}},{"type":"Feature","id":992,"geometry":{"type":"MultiPoint","coordinates":[[-79.438473213999941,43.775324706000049]]},"properties":{"OBJECTID":992,"_id":992,"LOC_ID":14362,"LOC_NAME":"Hurwich Education Centre - Kamin","AUSPICE":"Non Profit Agency","ADDRESS":"252 FINCH AVE W","PCODE":"M2R 1M9","ward":18,"PHONE":"(416) 494-7666x503","bldg_type":"Other","BLDGNAME":null,"IGSPACE":0,"TGSPACE":0,"PGSPACE":0,"KGSPACE":104,"SGSPACE":0,"TOTSPACE":104,"subsidy":"N","run_date":"28JUL26","cwelcc_flag":"Y"}},{"type":"Feature","id":993,"geometry":{"type":"MultiPoint","coordinates":[[-79.403840268999943,43.656260133000046]]},"properties":{"OBJECTID":993,"_id":993,"LOC_ID":14363,"LOC_NAME":"The Neighbourhood Group Bellevue Child Care","AUSPICE":"Non Profit Agency","ADDRESS":"91 BELLEVUE AVE","PCODE":"M5T 2N8","ward":11,"PHONE":"(416) 737-9578x110","bldg_type":"Community/Recreation Centre","BLDGNAME":null,"IGSPACE":0,"TGSPACE":10,"PGSPACE":24,"KGSPACE":0,"SGSPACE":0,"TOTSPACE":34,"subsidy":"Y","run_date":"28JUL26","cwelcc_flag":"Y"}},{"type":"Feature","id":994,"geometry":{"type":"MultiPoint","coordinates":[[-79.472139398999957,43.662844645000064]]},"properties":{"OBJECTID":994,"_id":994,"LOC_ID":14364,"LOC_NAME":"The Clover School - High Park","AUSPICE":"Commercial Agency","ADDRESS":"411 CLENDENAN AVE","PCODE":"M6P 2X7","ward":4,"PHONE":"(416) 938-1163","bldg_type":"Private Elementary School","BLDGNAME":null,"IGSPACE":0,"TGSPACE":11,"PGSPACE":116,"KGSPACE":0,"SGSPACE":0,"TOTSPACE":127,"subsidy":"N","run_date":"28JUL26","cwelcc_flag":"N"}},{"type":"Feature","id":995,"geometry":{"type":"MultiPoint","coordinates":[[-79.478400941999951,43.650422603000038]]},"properties":{"OBJECTID":995,"_id":995,"LOC_ID":14365,"LOC_NAME":"Simplysmart Childcare Centre & Montessori","AUSPICE":"Commercial Agency","ADDRESS":"2271 BLOOR ST W","PCODE":"M6S 1P1","ward":4,"PHONE":"(647) 368-8255","bldg_type":"Other","BLDGNAME":null,"IGSPACE":10,"TGSPACE":60,"PGSPACE":72,"KGSPACE":0,"SGSPACE":0,"TOTSPACE":142,"subsidy":"N","run_date":"28JUL26","cwelcc_flag":"Y"}},{"type":"Feature","id":996,"geometry":{"type":"MultiPoint","coordinates":[[-79.460493200999963,43.682824375000052]]},"properties":{"OBJECTID":996,"_id":996,"LOC_ID":14366,"LOC_NAME":"Macaulay - St.Nicholas Of Bari Child Care Centre","AUSPICE":"Non Profit Agency","ADDRESS":"363 ROGERS RD","PCODE":"M6E 1R6","ward":9,"PHONE":"(416) 546-1090","bldg_type":"Catholic Elementary School","BLDGNAME":null,"IGSPACE":0,"TGSPACE":0,"PGSPACE":0,"KGSPACE":13,"SGSPACE":15,"TOTSPACE":28,"subsidy":"Y","run_date":"28JUL26","cwelcc_flag":"Y"}},{"type":"Feature","id":997,"geometry":{"type":"MultiPoint","coordinates":[[-79.166350393999949,43.771132913000031]]},"properties":{"OBJECTID":997,"_id":997,"LOC_ID":14367,"LOC_NAME":"St. Malachy Before & After School Program","AUSPICE":"Non Profit Agency","ADDRESS":"80 BENNETT RD","PCODE":"M1E 3Y3","ward":25,"PHONE":"(416) 281-0262x230","bldg_type":"Catholic Elementary School","BLDGNAME":"St. Malachy Catholic School","IGSPACE":0,"TGSPACE":0,"PGSPACE":0,"KGSPACE":13,"SGSPACE":15,"TOTSPACE":28,"subsidy":"Y","run_date":"28JUL26","cwelcc_flag":"Y"}},{"type":"Feature","id":998,"geometry":{"type":"MultiPoint","coordinates":[[-79.435297920999972,43.744131508000066]]},"properties":{"OBJECTID":998,"_id":998,"LOC_ID":14370,"LOC_NAME":"Torah Tots Preschool","AUSPICE":"Non Profit Agency","ADDRESS":"3995 BATHURST ST","PCODE":"M3H 5V3","ward":6,"PHONE":"(416) 633-7659","bldg_type":"Other","BLDGNAME":null,"IGSPACE":10,"TGSPACE":15,"PGSPACE":16,"KGSPACE":0,"SGSPACE":0,"TOTSPACE":41,"subsidy":"N","run_date":"28JUL26","cwelcc_flag":"Y"}},{"type":"Feature","id":999,"geometry":{"type":"MultiPoint","coordinates":[[-79.298682111999938,43.678899845000046]]},"properties":{"OBJECTID":999,"_id":999,"LOC_ID":14373,"LOC_NAME":"Waverley Road Montessori School","AUSPICE":"Commercial Agency","ADDRESS":"646 KINGSTON RD","PCODE":"M4E 1P9","ward":19,"PHONE":"(647) 351-1600","bldg_type":"Other","BLDGNAME":null,"IGSPACE":0,"TGSPACE":10,"PGSPACE":19,"KGSPACE":0,"SGSPACE":0,"TOTSPACE":29,"subsidy":"N","run_date":"28JUL26","cwelcc_flag":"N"}},{"type":"Feature","id":1000,"geometry":{"type":"MultiPoint","coordinates":[[-79.410769237999943,43.762395176000041]]},"properties":{"OBJECTID":1000,"_id":1000,"LOC_ID":14374,"LOC_NAME":"Angus Valley Montessori","AUSPICE":"Commercial Agency","ADDRESS":"4841 YONGE ST","PCODE":"M2N 5X2","ward":18,"PHONE":"(416) 723-1155","bldg_type":"Other","BLDGNAME":null,"IGSPACE":0,"TGSPACE":53,"PGSPACE":88,"KGSPACE":0,"SGSPACE":0,"TOTSPACE":141,"subsidy":"N","run_date":"28JUL26","cwelcc_flag":"Y"}},{"type":"Feature","id":1001,"geometry":{"type":"MultiPoint","coordinates":[[-79.322999369999934,43.671853879000025]]},"properties":{"OBJECTID":1001,"_id":1001,"LOC_ID":14375,"LOC_NAME":"Blue Bell Academy Inc","AUSPICE":"Commercial Agency","ADDRESS":"1415 GERRARD ST E","PCODE":"M4L 1Z5","ward":14,"PHONE":"(416) 550-4442","bldg_type":"Other","BLDGNAME":null,"IGSPACE":10,"TGSPACE":20,"PGSPACE":8,"KGSPACE":0,"SGSPACE":0,"TOTSPACE":38,"subsidy":"N","run_date":"28JUL26","cwelcc_flag":"Y"}},{"type":"Feature","id":1002,"geometry":{"type":"MultiPoint","coordinates":[[-79.44440412299997,43.783810514000038]]},"properties":{"OBJECTID":1002,"_id":1002,"LOC_ID":14377,"LOC_NAME":"The Toronto Cheder","AUSPICE":"Non Profit Agency","ADDRESS":"475 PATRICIA AVE","PCODE":"M2R 2N1","ward":18,"PHONE":"(416) 636-2987x261","bldg_type":"Other","BLDGNAME":null,"IGSPACE":0,"TGSPACE":0,"PGSPACE":20,"KGSPACE":0,"SGSPACE":0,"TOTSPACE":20,"subsidy":"N","run_date":"28JUL26","cwelcc_flag":"Y"}},{"type":"Feature","id":1003,"geometry":{"type":"MultiPoint","coordinates":[[-79.51783033199996,43.741839779000031]]},"properties":{"OBJECTID":1003,"_id":1003,"LOC_ID":14382,"LOC_NAME":"Macaulay - Stanley Child Care Centre","AUSPICE":"Non Profit Agency","ADDRESS":"75 STANLEY RD","PCODE":"M3N 1C2","ward":7,"PHONE":"(416) 780-2726","bldg_type":"Public Elementary School","BLDGNAME":"Stanley Public School","IGSPACE":10,"TGSPACE":20,"PGSPACE":32,"KGSPACE":13,"SGSPACE":0,"TOTSPACE":75,"subsidy":"Y","run_date":"28JUL26","cwelcc_flag":"Y"}},{"type":"Feature","id":1004,"geometry":{"type":"MultiPoint","coordinates":[[-79.508857615999943,43.599769970000068]]},"properties":{"OBJECTID":1004,"_id":1004,"LOC_ID":14390,"LOC_NAME":"Le Jardin De Moliere Inc","AUSPICE":"Commercial Agency","ADDRESS":"3029 LAKE SHORE BLVD W","PCODE":"M8V 1K5","ward":3,"PHONE":"(647) 774-8628","bldg_type":"Other","BLDGNAME":null,"IGSPACE":0,"TGSPACE":15,"PGSPACE":0,"KGSPACE":0,"SGSPACE":0,"TOTSPACE":15,"subsidy":"N","run_date":"28JUL26","cwelcc_flag":"Y"}},{"type":"Feature","id":1005,"geometry":{"type":"MultiPoint","coordinates":[[-79.332567465999944,43.811836841000058]]},"properties":{"OBJECTID":1005,"_id":1005,"LOC_ID":14397,"LOC_NAME":"Narmer Montessori School","AUSPICE":"Commercial Agency","ADDRESS":"41 GLENDINNING AVE","PCODE":"M1W 3E2","ward":22,"PHONE":"(647) 618-6977","bldg_type":"Place of Worship","BLDGNAME":null,"IGSPACE":0,"TGSPACE":10,"PGSPACE":8,"KGSPACE":0,"SGSPACE":0,"TOTSPACE":18,"subsidy":"N","run_date":"28JUL26","cwelcc_flag":"Y"}},{"type":"Feature","id":1006,"geometry":{"type":"MultiPoint","coordinates":[[-79.358144057999937,43.65963509900007]]},"properties":{"OBJECTID":1006,"_id":1006,"LOC_ID":14399,"LOC_NAME":"Kinder College Early Learning Centre","AUSPICE":"Commercial Agency","ADDRESS":"25 NICHOLAS AVE","PCODE":"M5A 0M9","ward":13,"PHONE":"(416) 249-9881","bldg_type":"Other","BLDGNAME":null,"IGSPACE":10,"TGSPACE":45,"PGSPACE":48,"KGSPACE":0,"SGSPACE":0,"TOTSPACE":103,"subsidy":"N","run_date":"28JUL26","cwelcc_flag":"Y"}},{"type":"Feature","id":1007,"geometry":{"type":"MultiPoint","coordinates":[[-79.471620684999948,43.662625545000026]]},"properties":{"OBJECTID":1007,"_id":1007,"LOC_ID":14406,"LOC_NAME":"The Clover School - High Park Annette Campus","AUSPICE":"Commercial Agency","ADDRESS":"250 ANNETTE ST","PCODE":"M6P 1R1","ward":4,"PHONE":"(416) 938-1163","bldg_type":"Industrial Building","BLDGNAME":null,"IGSPACE":0,"TGSPACE":15,"PGSPACE":0,"KGSPACE":0,"SGSPACE":0,"TOTSPACE":15,"subsidy":"N","run_date":"28JUL26","cwelcc_flag":"N"}},{"type":"Feature","id":1008,"geometry":{"type":"MultiPoint","coordinates":[[-79.518087393999963,43.768241466000063]]},"properties":{"OBJECTID":1008,"_id":1008,"LOC_ID":14419,"LOC_NAME":"Impact Childcare Centre","AUSPICE":"Non Profit Agency","ADDRESS":"4545 JANE ST","PCODE":"M3N 2K7","ward":7,"PHONE":"(647) 429-9749","bldg_type":"Other","BLDGNAME":"Christian Centre Church","IGSPACE":0,"TGSPACE":20,"PGSPACE":31,"KGSPACE":0,"SGSPACE":0,"TOTSPACE":51,"subsidy":"Y","run_date":"28JUL26","cwelcc_flag":"Y"}},{"type":"Feature","id":1009,"geometry":{"type":"MultiPoint","coordinates":[[-79.309923037999965,43.681561330000079]]},"properties":{"OBJECTID":1009,"_id":1009,"LOC_ID":14422,"LOC_NAME":"Beach Hill Montessori","AUSPICE":"Commercial Agency","ADDRESS":"2032 GERRARD ST E","PCODE":"M4E 2B1","ward":19,"PHONE":"(647) 228-0809","bldg_type":"Other","BLDGNAME":null,"IGSPACE":0,"TGSPACE":25,"PGSPACE":40,"KGSPACE":0,"SGSPACE":0,"TOTSPACE":65,"subsidy":"N","run_date":"28JUL26","cwelcc_flag":"N"}},{"type":"Feature","id":1010,"geometry":{"type":"MultiPoint","coordinates":[[-79.494666708999944,43.60654192800007]]},"properties":{"OBJECTID":1010,"_id":1010,"LOC_ID":14425,"LOC_NAME":"Royal York Childcare Inc","AUSPICE":"Commercial Agency","ADDRESS":"74 ROYAL YORK RD","PCODE":"M8V 2T6","ward":3,"PHONE":"(416) 259-1007","bldg_type":"Other","BLDGNAME":null,"IGSPACE":10,"TGSPACE":15,"PGSPACE":24,"KGSPACE":0,"SGSPACE":30,"TOTSPACE":79,"subsidy":"N","run_date":"28JUL26","cwelcc_flag":"N"}},{"type":"Feature","id":1011,"geometry":{"type":"MultiPoint","coordinates":[[-79.495699729999956,43.688944854000056]]},"properties":{"OBJECTID":1011,"_id":1011,"LOC_ID":14428,"LOC_NAME":"Kiiwednong Aborginal Head Start","AUSPICE":"Non Profit Agency","ADDRESS":"1288 WESTON RD","PCODE":"M6M 4R3","ward":5,"PHONE":"(416) 639-9036","bldg_type":"Other","BLDGNAME":null,"IGSPACE":0,"TGSPACE":0,"PGSPACE":16,"KGSPACE":0,"SGSPACE":0,"TOTSPACE":16,"subsidy":"N","run_date":"28JUL26","cwelcc_flag":"N"}},{"type":"Feature","id":1012,"geometry":{"type":"MultiPoint","coordinates":[[-79.53184459299996,43.691622463000044]]},"properties":{"OBJECTID":1012,"_id":1012,"LOC_ID":14430,"LOC_NAME":"Jolly Juniors","AUSPICE":"Commercial Agency","ADDRESS":"1500 ROYAL YORK RD","PCODE":"M9P 3B6","ward":2,"PHONE":"(416) 666-2127","bldg_type":"Other","BLDGNAME":null,"IGSPACE":10,"TGSPACE":24,"PGSPACE":40,"KGSPACE":0,"SGSPACE":0,"TOTSPACE":74,"subsidy":"N","run_date":"28JUL26","cwelcc_flag":"Y"}},{"type":"Feature","id":1013,"geometry":{"type":"MultiPoint","coordinates":[[-79.36211956599999,43.645523334000075]]},"properties":{"OBJECTID":1013,"_id":1013,"LOC_ID":14431,"LOC_NAME":"Aquabella Child Care","AUSPICE":"Non Profit Agency","ADDRESS":"75 EDGEWATER DR","PCODE":"M5A 0W2","ward":10,"PHONE":"(416) 645-6000x1158","bldg_type":"Other","BLDGNAME":null,"IGSPACE":10,"TGSPACE":20,"PGSPACE":32,"KGSPACE":0,"SGSPACE":0,"TOTSPACE":62,"subsidy":"Y","run_date":"28JUL26","cwelcc_flag":"Y"}},{"type":"Feature","id":1014,"geometry":{"type":"MultiPoint","coordinates":[[-79.448826302999976,43.733592370000054]]},"properties":{"OBJECTID":1014,"_id":1014,"LOC_ID":14433,"LOC_NAME":"Macaulay - Tippett Child Care Centre","AUSPICE":"Non Profit Agency","ADDRESS":"38 MONTE KWINTER CRT","PCODE":"M3H 0E2","ward":6,"PHONE":"(416) 780-2729","bldg_type":"Other","BLDGNAME":null,"IGSPACE":10,"TGSPACE":15,"PGSPACE":24,"KGSPACE":0,"SGSPACE":0,"TOTSPACE":49,"subsidy":"Y","run_date":"28JUL26","cwelcc_flag":"Y"}},{"type":"Feature","id":1015,"geometry":{"type":"MultiPoint","coordinates":[[-79.244883450999964,43.762575729000048]]},"properties":{"OBJECTID":1015,"_id":1015,"LOC_ID":14452,"LOC_NAME":"Bendale Licensed Before And After School Program","AUSPICE":"Non Profit Agency","ADDRESS":"61 BENSHIRE DR","PCODE":"M1H 1M4","ward":24,"PHONE":"(416) 281-0262x230","bldg_type":"Public Elementary School","BLDGNAME":"Bendale Junior Public School","IGSPACE":0,"TGSPACE":0,"PGSPACE":0,"KGSPACE":13,"SGSPACE":30,"TOTSPACE":43,"subsidy":"Y","run_date":"28JUL26","cwelcc_flag":"Y"}},{"type":"Feature","id":1016,"geometry":{"type":"MultiPoint","coordinates":[[-79.337453406999941,43.778892628000051]]},"properties":{"OBJECTID":1016,"_id":1016,"LOC_ID":14453,"LOC_NAME":"Family Day Muirhead Extended Day And School Age Program","AUSPICE":"Non Profit Agency","ADDRESS":"25 MUIRHEAD RD","PCODE":"M2J 3W3","ward":17,"PHONE":"(437) 778-3521","bldg_type":"Public Elementary School","BLDGNAME":"Muirhead Public School","IGSPACE":0,"TGSPACE":0,"PGSPACE":0,"KGSPACE":13,"SGSPACE":30,"TOTSPACE":43,"subsidy":"Y","run_date":"28JUL26","cwelcc_flag":"Y"}},{"type":"Feature","id":1017,"geometry":{"type":"MultiPoint","coordinates":[[-79.226125412999977,43.824299805000066]]},"properties":{"OBJECTID":1017,"_id":1017,"LOC_ID":14454,"LOC_NAME":"Family Day Thomas L Wells Extended Day And School Age Program","AUSPICE":"Non Profit Agency","ADDRESS":"69 NIGHTSTAR RD","PCODE":"M1X 1V6","ward":25,"PHONE":"(416) 396-5757","bldg_type":"Public Elementary School","BLDGNAME":"Thomas L Wells Public School","IGSPACE":0,"TGSPACE":0,"PGSPACE":0,"KGSPACE":13,"SGSPACE":15,"TOTSPACE":28,"subsidy":"Y","run_date":"28JUL26","cwelcc_flag":"Y"}},{"type":"Feature","id":1018,"geometry":{"type":"MultiPoint","coordinates":[[-79.491126770999983,43.669251384000063]]},"properties":{"OBJECTID":1018,"_id":1018,"LOC_ID":14455,"LOC_NAME":"Macaulay - George Syme Child Care Centre","AUSPICE":"Non Profit Agency","ADDRESS":"69 PRITCHARD AVE","PCODE":"M6N 1T6","ward":5,"PHONE":"(416) 572-1030","bldg_type":"Public Elementary School","BLDGNAME":"George Syme","IGSPACE":10,"TGSPACE":30,"PGSPACE":48,"KGSPACE":26,"SGSPACE":30,"TOTSPACE":144,"subsidy":"Y","run_date":"28JUL26","cwelcc_flag":"Y"}},{"type":"Feature","id":1019,"geometry":{"type":"MultiPoint","coordinates":[[-79.520228610999936,43.702399464000052]]},"properties":{"OBJECTID":1019,"_id":1019,"LOC_ID":14456,"LOC_NAME":"Macaulay - Hj Alexander Child Care Centre","AUSPICE":"Non Profit Agency","ADDRESS":"30 KING ST","PCODE":"M9N 1K9","ward":5,"PHONE":"(416) 572-1028","bldg_type":"Public Elementary School","BLDGNAME":"H J Alexander","IGSPACE":0,"TGSPACE":0,"PGSPACE":0,"KGSPACE":26,"SGSPACE":30,"TOTSPACE":56,"subsidy":"Y","run_date":"28JUL26","cwelcc_flag":"Y"}},{"type":"Feature","id":1020,"geometry":{"type":"MultiPoint","coordinates":[[-79.259819827999934,43.701749991000042]]},"properties":{"OBJECTID":1020,"_id":1020,"LOC_ID":14457,"LOC_NAME":"Birch Cliff Heights Licensed Before And After School Program","AUSPICE":"Non Profit Agency","ADDRESS":"120 HIGHVIEW AVE","PCODE":"M1N 2J1","ward":20,"PHONE":"(416) 281-0262x230","bldg_type":"Other","BLDGNAME":"Birch Cliff Heights Public School","IGSPACE":0,"TGSPACE":0,"PGSPACE":0,"KGSPACE":26,"SGSPACE":30,"TOTSPACE":56,"subsidy":"Y","run_date":"28JUL26","cwelcc_flag":"Y"}},{"type":"Feature","id":1021,"geometry":{"type":"MultiPoint","coordinates":[[-79.241796887999953,43.709982589000049]]},"properties":{"OBJECTID":1021,"_id":1021,"LOC_ID":14458,"LOC_NAME":"Chine Drive Licensed Before And After School Program","AUSPICE":"Non Profit Agency","ADDRESS":"51 CHINE DR","PCODE":"M1M 2K8","ward":20,"PHONE":"(416) 281-0262x230","bldg_type":"Public Elementary School","BLDGNAME":"Chine Drive Public School","IGSPACE":0,"TGSPACE":0,"PGSPACE":0,"KGSPACE":26,"SGSPACE":30,"TOTSPACE":56,"subsidy":"Y","run_date":"28JUL26","cwelcc_flag":"Y"}},{"type":"Feature","id":1022,"geometry":{"type":"MultiPoint","coordinates":[[-79.327564625999969,43.773899764000078]]},"properties":{"OBJECTID":1022,"_id":1022,"LOC_ID":14459,"LOC_NAME":"Young Talents Academy","AUSPICE":"Commercial Agency","ADDRESS":"2255 SHEPPARD AVE E","PCODE":"M2J 4Y1","ward":17,"PHONE":"(905) 212-2215","bldg_type":"Other","BLDGNAME":null,"IGSPACE":0,"TGSPACE":30,"PGSPACE":40,"KGSPACE":0,"SGSPACE":0,"TOTSPACE":70,"subsidy":"N","run_date":"28JUL26","cwelcc_flag":"Y"}},{"type":"Feature","id":1023,"geometry":{"type":"MultiPoint","coordinates":[[-79.538444446999961,43.694286512000076]]},"properties":{"OBJECTID":1023,"_id":1023,"LOC_ID":14461,"LOC_NAME":"Macaulay - Valleyfield Child Care Centre","AUSPICE":"Non Profit Agency","ADDRESS":"35 SASKATOON DR","PCODE":"M9P 2E8","ward":2,"PHONE":"(416) 572-1029","bldg_type":"Public Elementary School","BLDGNAME":"Valleyfield Junior School","IGSPACE":0,"TGSPACE":0,"PGSPACE":0,"KGSPACE":26,"SGSPACE":30,"TOTSPACE":56,"subsidy":"Y","run_date":"28JUL26","cwelcc_flag":"Y"}},{"type":"Feature","id":1024,"geometry":{"type":"MultiPoint","coordinates":[[-79.518116163999935,43.712056731000075]]},"properties":{"OBJECTID":1024,"_id":1024,"LOC_ID":14463,"LOC_NAME":"Macaulay - Pelmo Park Child Care Centre","AUSPICE":"Non Profit Agency","ADDRESS":"180 GARY DR","PCODE":"M9N 2M1","ward":5,"PHONE":"(416) 789-7441","bldg_type":"Public Elementary School","BLDGNAME":"Pelmo Park Public School","IGSPACE":0,"TGSPACE":0,"PGSPACE":0,"KGSPACE":13,"SGSPACE":15,"TOTSPACE":28,"subsidy":"Y","run_date":"28JUL26","cwelcc_flag":"Y"}},{"type":"Feature","id":1025,"geometry":{"type":"MultiPoint","coordinates":[[-79.457793029999948,43.674012901000026]]},"properties":{"OBJECTID":1025,"_id":1025,"LOC_ID":14465,"LOC_NAME":"Macaulay - St. Paul VI","AUSPICE":"Non Profit Agency","ADDRESS":"270 LAUGHTON AVE","PCODE":"M6N 2X8","ward":9,"PHONE":"(416) 572-1031","bldg_type":"Catholic Elementary School","BLDGNAME":"St. Paul VI Catholic School","IGSPACE":0,"TGSPACE":15,"PGSPACE":24,"KGSPACE":13,"SGSPACE":30,"TOTSPACE":82,"subsidy":"Y","run_date":"28JUL26","cwelcc_flag":"Y"}},{"type":"Feature","id":1026,"geometry":{"type":"MultiPoint","coordinates":[[-79.271606906999978,43.789872138000078]]},"properties":{"OBJECTID":1026,"_id":1026,"LOC_ID":14466,"LOC_NAME":"Network Child Care Services - St. Bartholomew Child Care Centre","AUSPICE":"Non Profit Agency","ADDRESS":"51 HEATHER RD","PCODE":"M1S 2E2","ward":23,"PHONE":"(416) 530-0722x4123","bldg_type":"Catholic Elementary School","BLDGNAME":"St. Bartholomew Catholic School","IGSPACE":10,"TGSPACE":15,"PGSPACE":24,"KGSPACE":13,"SGSPACE":15,"TOTSPACE":77,"subsidy":"Y","run_date":"28JUL26","cwelcc_flag":"Y"}},{"type":"Feature","id":1027,"geometry":{"type":"MultiPoint","coordinates":[[-79.218363767999961,43.807035428000063]]},"properties":{"OBJECTID":1027,"_id":1027,"LOC_ID":14469,"LOC_NAME":"Kepalen Angelic Child Care","AUSPICE":"Non Profit Agency","ADDRESS":"1301 NEILSON RD","PCODE":"M1B 3C2","ward":25,"PHONE":"(647) 581-3125","bldg_type":"Place of Worship","BLDGNAME":"Malvern Presbyterian Church","IGSPACE":6,"TGSPACE":13,"PGSPACE":15,"KGSPACE":0,"SGSPACE":0,"TOTSPACE":34,"subsidy":"Y","run_date":"28JUL26","cwelcc_flag":"Y"}},{"type":"Feature","id":1028,"geometry":{"type":"MultiPoint","coordinates":[[-79.402621846999978,43.763615114000061]]},"properties":{"OBJECTID":1028,"_id":1028,"LOC_ID":14470,"LOC_NAME":"Central Montessori School","AUSPICE":"Commercial Agency","ADDRESS":"180 SHEPPARD AVE E","PCODE":"M2N 3A4","ward":18,"PHONE":"(416) 221-3289","bldg_type":"Other","BLDGNAME":null,"IGSPACE":0,"TGSPACE":30,"PGSPACE":24,"KGSPACE":0,"SGSPACE":0,"TOTSPACE":54,"subsidy":"N","run_date":"28JUL26","cwelcc_flag":"Y"}},{"type":"Feature","id":1029,"geometry":{"type":"MultiPoint","coordinates":[[-79.426648417999957,43.735985683000081]]},"properties":{"OBJECTID":1029,"_id":1029,"LOC_ID":14475,"LOC_NAME":"Plasp St. Margaret C.S.","AUSPICE":"Non Profit Agency","ADDRESS":"85 CARMICHAEL AVE","PCODE":"M5M 2X1","ward":8,"PHONE":"(888) 739-4102","bldg_type":"Catholic Elementary School","BLDGNAME":"St. Margaret Catholic School","IGSPACE":0,"TGSPACE":0,"PGSPACE":0,"KGSPACE":13,"SGSPACE":15,"TOTSPACE":28,"subsidy":"Y","run_date":"28JUL26","cwelcc_flag":"Y"}},{"type":"Feature","id":1030,"geometry":{"type":"MultiPoint","coordinates":[[-79.522768191999944,43.769752636000078]]},"properties":{"OBJECTID":1030,"_id":1030,"LOC_ID":14478,"LOC_NAME":"Happyland Childcare Learning Centre","AUSPICE":"Commercial Agency","ADDRESS":"225 GOSFORD BLVD","PCODE":"M3N 2Z5","ward":7,"PHONE":"(416) 661-7227","bldg_type":"Other","BLDGNAME":null,"IGSPACE":10,"TGSPACE":30,"PGSPACE":64,"KGSPACE":0,"SGSPACE":0,"TOTSPACE":104,"subsidy":"N","run_date":"28JUL26","cwelcc_flag":"Y"}},{"type":"Feature","id":1031,"geometry":{"type":"MultiPoint","coordinates":[[-79.420782871999961,43.641920828000025]]},"properties":{"OBJECTID":1031,"_id":1031,"LOC_ID":14484,"LOC_NAME":"Queen Street Childcare Centre","AUSPICE":"Non Profit Agency","ADDRESS":"10 WHITE SQUIRREL WAY","PCODE":"M6J 1H4","ward":10,"PHONE":"(416) 535-6701","bldg_type":"Other","BLDGNAME":"Queen Street Mental Health Care Centre","IGSPACE":10,"TGSPACE":15,"PGSPACE":24,"KGSPACE":0,"SGSPACE":0,"TOTSPACE":49,"subsidy":"Y","run_date":"28JUL26","cwelcc_flag":"Y"}},{"type":"Feature","id":1032,"geometry":{"type":"MultiPoint","coordinates":[[-79.482435792999979,43.731113844000049]]},"properties":{"OBJECTID":1032,"_id":1032,"LOC_ID":14492,"LOC_NAME":"The Neighbourhood Group Downsview Child Care","AUSPICE":"Non Profit Agency","ADDRESS":"2829 KEELE ST","PCODE":"M3M 2G7","ward":6,"PHONE":"(647) 206-6367","bldg_type":"Public Elementary School","BLDGNAME":"Downsview Public School","IGSPACE":0,"TGSPACE":0,"PGSPACE":0,"KGSPACE":26,"SGSPACE":45,"TOTSPACE":71,"subsidy":"Y","run_date":"28JUL26","cwelcc_flag":"Y"}},{"type":"Feature","id":1033,"geometry":{"type":"MultiPoint","coordinates":[[-79.38050766799995,43.725052572000038]]},"properties":{"OBJECTID":1033,"_id":1033,"LOC_ID":14496,"LOC_NAME":"Lawrence Park School","AUSPICE":"Non Profit Agency","ADDRESS":"2180 BAYVIEW AVE","PCODE":"M4N 3K7","ward":15,"PHONE":"(416) 489-4459","bldg_type":"Place of Worship","BLDGNAME":"Lawrence Park Community Church","IGSPACE":0,"TGSPACE":25,"PGSPACE":35,"KGSPACE":0,"SGSPACE":0,"TOTSPACE":60,"subsidy":"N","run_date":"28JUL26","cwelcc_flag":"N"}},{"type":"Feature","id":1034,"geometry":{"type":"MultiPoint","coordinates":[[-79.373963644999947,43.671914933000039]]},"properties":{"OBJECTID":1034,"_id":1034,"LOC_ID":14497,"LOC_NAME":"The Munchkin Manor Daycare & Early Learning Centre Inc.","AUSPICE":"Commercial Agency","ADDRESS":"525 BLOOR ST E","PCODE":"M4W 1J1","ward":13,"PHONE":"(416) 925-9993","bldg_type":"Other","BLDGNAME":"Place Of Worship","IGSPACE":0,"TGSPACE":25,"PGSPACE":24,"KGSPACE":0,"SGSPACE":0,"TOTSPACE":49,"subsidy":"N","run_date":"28JUL26","cwelcc_flag":"Y"}},{"type":"Feature","id":1035,"geometry":{"type":"MultiPoint","coordinates":[[-79.458369835999974,43.710077416000047]]},"properties":{"OBJECTID":1035,"_id":1035,"LOC_ID":14501,"LOC_NAME":"Columbus Early Learning Centres - Regina Mundi","AUSPICE":"Non Profit Agency","ADDRESS":"60 PLAYFAIR AVE","PCODE":"M6B 2P9","ward":8,"PHONE":"(416) 789-7011x222","bldg_type":"Catholic Elementary School","BLDGNAME":"Regina Mundi Catholic School","IGSPACE":10,"TGSPACE":30,"PGSPACE":48,"KGSPACE":26,"SGSPACE":15,"TOTSPACE":129,"subsidy":"Y","run_date":"28JUL26","cwelcc_flag":"Y"}},{"type":"Feature","id":1036,"geometry":{"type":"MultiPoint","coordinates":[[-79.340473786999951,43.661232448000078]]},"properties":{"OBJECTID":1036,"_id":1036,"LOC_ID":14504,"LOC_NAME":"Brightpath Leslieville","AUSPICE":"Commercial Agency","ADDRESS":"970 QUEEN ST E","PCODE":"M4M 1J8","ward":14,"PHONE":"(416) 477-0857","bldg_type":"Other","BLDGNAME":null,"IGSPACE":30,"TGSPACE":60,"PGSPACE":64,"KGSPACE":0,"SGSPACE":0,"TOTSPACE":154,"subsidy":"N","run_date":"28JUL26","cwelcc_flag":"Y"}},{"type":"Feature","id":1037,"geometry":{"type":"MultiPoint","coordinates":[[-79.43846982499997,43.679221950000056]]},"properties":{"OBJECTID":1037,"_id":1037,"LOC_ID":14516,"LOC_NAME":"Chabad Of Midtown","AUSPICE":"Non Profit Agency","ADDRESS":"1034 ST CLAIR AVE W","PCODE":"M6E 1A4","ward":9,"PHONE":"(416) 516-2005","bldg_type":"Other","BLDGNAME":null,"IGSPACE":20,"TGSPACE":20,"PGSPACE":56,"KGSPACE":0,"SGSPACE":0,"TOTSPACE":96,"subsidy":"N","run_date":"28JUL26","cwelcc_flag":"Y"}},{"type":"Feature","id":1038,"geometry":{"type":"MultiPoint","coordinates":[[-79.437591875999942,43.774415432000069]]},"properties":{"OBJECTID":1038,"_id":1038,"LOC_ID":14531,"LOC_NAME":"Tree Of Life Montessori Academy","AUSPICE":"Non Profit Agency","ADDRESS":"255 FINCH AVE W","PCODE":"M2R 1M8","ward":18,"PHONE":"(416) 640-5100","bldg_type":"Church","BLDGNAME":"North York Korean United Church","IGSPACE":10,"TGSPACE":15,"PGSPACE":46,"KGSPACE":0,"SGSPACE":0,"TOTSPACE":71,"subsidy":"N","run_date":"28JUL26","cwelcc_flag":"Y"}},{"type":"Feature","id":1039,"geometry":{"type":"MultiPoint","coordinates":[[-79.528319502999977,43.684865323000054]]},"properties":{"OBJECTID":1039,"_id":1039,"LOC_ID":14539,"LOC_NAME":"Ivy Montessori School Inc.","AUSPICE":"Commercial Agency","ADDRESS":"1428 ROYAL YORK RD","PCODE":"M9P 3A8","ward":2,"PHONE":"(416) 242-8778","bldg_type":"Place of Worship","BLDGNAME":"Saint Matthias Anglican Church","IGSPACE":0,"TGSPACE":10,"PGSPACE":20,"KGSPACE":0,"SGSPACE":0,"TOTSPACE":30,"subsidy":"N","run_date":"28JUL26","cwelcc_flag":"N"}},{"type":"Feature","id":1040,"geometry":{"type":"MultiPoint","coordinates":[[-79.403605470999935,43.790379726000026]]},"properties":{"OBJECTID":1040,"_id":1040,"LOC_ID":14540,"LOC_NAME":"Willow World","AUSPICE":"Commercial Agency","ADDRESS":"288 CUMMER AVE","PCODE":"M2M 2E7","ward":18,"PHONE":"(647) 562-2615","bldg_type":"Place of Worship","BLDGNAME":"Willowdale Church","IGSPACE":0,"TGSPACE":19,"PGSPACE":21,"KGSPACE":0,"SGSPACE":0,"TOTSPACE":40,"subsidy":"N","run_date":"28JUL26","cwelcc_flag":"N"}},{"type":"Feature","id":1041,"geometry":{"type":"MultiPoint","coordinates":[[-79.452196115999982,43.654296079000062]]},"properties":{"OBJECTID":1041,"_id":1041,"LOC_ID":14541,"LOC_NAME":"The Village Nursery School","AUSPICE":"Commercial Agency","ADDRESS":"2241 DUNDAS ST W","PCODE":"M6R 1X6","ward":4,"PHONE":"(647) 984-4525","bldg_type":"Other","BLDGNAME":null,"IGSPACE":0,"TGSPACE":0,"PGSPACE":18,"KGSPACE":0,"SGSPACE":0,"TOTSPACE":18,"subsidy":"N","run_date":"28JUL26","cwelcc_flag":"N"}},{"type":"Feature","id":1042,"geometry":{"type":"MultiPoint","coordinates":[[-79.491501375999974,43.613589130000037]]},"properties":{"OBJECTID":1042,"_id":1042,"LOC_ID":14543,"LOC_NAME":"Rec Room Child Care @mimico","AUSPICE":"Commercial Agency","ADDRESS":"46 MIMICO AVE","PCODE":"M8V 1R1","ward":3,"PHONE":"(437) 880-8215","bldg_type":"House","BLDGNAME":"Rec Room Child Care","IGSPACE":0,"TGSPACE":15,"PGSPACE":21,"KGSPACE":0,"SGSPACE":0,"TOTSPACE":36,"subsidy":"N","run_date":"28JUL26","cwelcc_flag":"Y"}},{"type":"Feature","id":1043,"geometry":{"type":"MultiPoint","coordinates":[[-79.345350952999979,43.772207883000078]]},"properties":{"OBJECTID":1043,"_id":1043,"LOC_ID":14550,"LOC_NAME":"Little Giants","AUSPICE":"Commercial Agency","ADDRESS":"38 FOREST MANOR RD","PCODE":"M2J 0H4","ward":17,"PHONE":"(416) 908-3061","bldg_type":"Other","BLDGNAME":null,"IGSPACE":0,"TGSPACE":0,"PGSPACE":38,"KGSPACE":0,"SGSPACE":0,"TOTSPACE":38,"subsidy":"N","run_date":"28JUL26","cwelcc_flag":"Y"}},{"type":"Feature","id":1044,"geometry":{"type":"MultiPoint","coordinates":[[-79.450848290999943,43.752339568000025]]},"properties":{"OBJECTID":1044,"_id":1044,"LOC_ID":14552,"LOC_NAME":"Moshava Ba'Ir Day Camp Of Toronto - Preschool","AUSPICE":"Non Profit Agency","ADDRESS":"819 SHEPPARD AVE W","PCODE":"M3H 2T3","ward":6,"PHONE":"(905) 370-0448","bldg_type":"Other","BLDGNAME":"The Toronto Heschel School","IGSPACE":0,"TGSPACE":0,"PGSPACE":24,"KGSPACE":50,"SGSPACE":0,"TOTSPACE":74,"subsidy":"N","run_date":"28JUL26","cwelcc_flag":"N"}},{"type":"Feature","id":1045,"geometry":{"type":"MultiPoint","coordinates":[[-79.341475984999988,43.671213222000063]]},"properties":{"OBJECTID":1045,"_id":1045,"LOC_ID":14554,"LOC_NAME":"Riverdale Learning Loft Inc.","AUSPICE":"Commercial Agency","ADDRESS":"433 PAPE AVE","PCODE":"M4K 3P3","ward":14,"PHONE":"(416) 904-3606","bldg_type":"Other","BLDGNAME":null,"IGSPACE":10,"TGSPACE":15,"PGSPACE":16,"KGSPACE":0,"SGSPACE":0,"TOTSPACE":41,"subsidy":"N","run_date":"28JUL26","cwelcc_flag":"N"}},{"type":"Feature","id":1046,"geometry":{"type":"MultiPoint","coordinates":[[-79.411369990999958,43.639686013000073]]},"properties":{"OBJECTID":1046,"_id":1046,"LOC_ID":14556,"LOC_NAME":"Network Child Care Services - Liberty Village Child Care Centre","AUSPICE":"Non Profit Agency","ADDRESS":"21 WESTERN BATTERY RD","PCODE":"M6K 0E5","ward":10,"PHONE":"(416) 530-0722x4211","bldg_type":"Other","BLDGNAME":null,"IGSPACE":10,"TGSPACE":15,"PGSPACE":24,"KGSPACE":0,"SGSPACE":0,"TOTSPACE":49,"subsidy":"Y","run_date":"28JUL26","cwelcc_flag":"Y"}},{"type":"Feature","id":1047,"geometry":{"type":"MultiPoint","coordinates":[[-79.314988656999958,43.688931394000065]]},"properties":{"OBJECTID":1047,"_id":1047,"LOC_ID":14560,"LOC_NAME":"Le Petit Chaperon Rouge Milverton","AUSPICE":"Non Profit Agency","ADDRESS":"700 MILVERTON BLVD","PCODE":"M4C 1X9","ward":19,"PHONE":"(647) 880-3042","bldg_type":"Other","BLDGNAME":null,"IGSPACE":10,"TGSPACE":10,"PGSPACE":24,"KGSPACE":0,"SGSPACE":0,"TOTSPACE":44,"subsidy":"Y","run_date":"28JUL26","cwelcc_flag":"Y"}},{"type":"Feature","id":1048,"geometry":{"type":"MultiPoint","coordinates":[[-79.421016185999974,43.651631363000035]]},"properties":{"OBJECTID":1048,"_id":1048,"LOC_ID":14568,"LOC_NAME":"Pope Francis (North York Little Prints Daycare)","AUSPICE":"Non Profit Agency","ADDRESS":"319 OSSINGTON AVE","PCODE":"M6J 3A6","ward":11,"PHONE":"(416) 458-3527","bldg_type":"Catholic Elementary School","BLDGNAME":"Pope Francis Catholic School","IGSPACE":0,"TGSPACE":0,"PGSPACE":0,"KGSPACE":26,"SGSPACE":30,"TOTSPACE":56,"subsidy":"Y","run_date":"28JUL26","cwelcc_flag":"Y"}},{"type":"Feature","id":1049,"geometry":{"type":"MultiPoint","coordinates":[[-79.513282824999976,43.74292108800006]]},"properties":{"OBJECTID":1049,"_id":1049,"LOC_ID":14569,"LOC_NAME":"Macaulay Centres For Children - St. Jane Frances","AUSPICE":"Non Profit Agency","ADDRESS":"2747 JANE ST","PCODE":"M3L 2E8","ward":7,"PHONE":"(647) 777-4242","bldg_type":"Catholic Elementary School","BLDGNAME":"St. Janes Frances Catholic School","IGSPACE":0,"TGSPACE":0,"PGSPACE":0,"KGSPACE":13,"SGSPACE":30,"TOTSPACE":43,"subsidy":"Y","run_date":"28JUL26","cwelcc_flag":"Y"}},{"type":"Feature","id":1050,"geometry":{"type":"MultiPoint","coordinates":[[-79.23019274699999,43.747293392000074]]},"properties":{"OBJECTID":1050,"_id":1050,"LOC_ID":14570,"LOC_NAME":"Heart Beatz Child Care - Cedarbrook Site","AUSPICE":"Non Profit Agency","ADDRESS":"56 NELSON ST","PCODE":"M1J 2V6","ward":24,"PHONE":"(647) 808-1439","bldg_type":"Public Elementary School","BLDGNAME":"Cedarbrook Jr Public School","IGSPACE":0,"TGSPACE":0,"PGSPACE":0,"KGSPACE":13,"SGSPACE":15,"TOTSPACE":28,"subsidy":"Y","run_date":"28JUL26","cwelcc_flag":"Y"}},{"type":"Feature","id":1051,"geometry":{"type":"MultiPoint","coordinates":[[-79.445743783999944,43.695889702000045]]},"properties":{"OBJECTID":1051,"_id":1051,"LOC_ID":14571,"LOC_NAME":"Macaulay - St. Thomas Aquinas Child Care Centre","AUSPICE":"Non Profit Agency","ADDRESS":"636 GLENHOLME AVE","PCODE":"M6E 3G9","ward":12,"PHONE":"(647) 777-4243","bldg_type":"Catholic Elementary School","BLDGNAME":"St. Thomas Aquinas Catholic School","IGSPACE":0,"TGSPACE":0,"PGSPACE":0,"KGSPACE":13,"SGSPACE":15,"TOTSPACE":28,"subsidy":"Y","run_date":"28JUL26","cwelcc_flag":"Y"}},{"type":"Feature","id":1052,"geometry":{"type":"MultiPoint","coordinates":[[-79.276216011999963,43.796462321000035]]},"properties":{"OBJECTID":1052,"_id":1052,"LOC_ID":14572,"LOC_NAME":"Family Day North Agincourt Before And After School Program","AUSPICE":"Non Profit Agency","ADDRESS":"60 MORAN RD","PCODE":"M1S 2J3","ward":23,"PHONE":"(437) 778-3521","bldg_type":"Public Elementary School","BLDGNAME":"North Agincourt Jr Public School","IGSPACE":0,"TGSPACE":0,"PGSPACE":0,"KGSPACE":13,"SGSPACE":30,"TOTSPACE":43,"subsidy":"Y","run_date":"28JUL26","cwelcc_flag":"Y"}},{"type":"Feature","id":1053,"geometry":{"type":"MultiPoint","coordinates":[[-79.574931513999957,43.651932914000042]]},"properties":{"OBJECTID":1053,"_id":1053,"LOC_ID":14573,"LOC_NAME":"Wonderkids Daycare","AUSPICE":"Non Profit Agency","ADDRESS":"475 RATHBURN RD","PCODE":"M9C 3S9","ward":2,"PHONE":"(647) 971-7773","bldg_type":"Place of Worship","BLDGNAME":"Church Of Christ The King","IGSPACE":0,"TGSPACE":0,"PGSPACE":24,"KGSPACE":0,"SGSPACE":0,"TOTSPACE":24,"subsidy":"N","run_date":"28JUL26","cwelcc_flag":"N"}},{"type":"Feature","id":1054,"geometry":{"type":"MultiPoint","coordinates":[[-79.220144008999966,43.81218399800008]]},"properties":{"OBJECTID":1054,"_id":1054,"LOC_ID":14574,"LOC_NAME":"Family Day Sacred Heart Toronto Before And After School Program","AUSPICE":"Non Profit Agency","ADDRESS":"75 HUPFIELD TRAIL","PCODE":"M1B 4S3","ward":25,"PHONE":"(416) 298-6521","bldg_type":"Catholic Elementary School","BLDGNAME":"Sacred Heart Catholic School","IGSPACE":0,"TGSPACE":0,"PGSPACE":0,"KGSPACE":0,"SGSPACE":0,"TOTSPACE":0,"subsidy":"Y","run_date":"28JUL26","cwelcc_flag":"Y"}},{"type":"Feature","id":1055,"geometry":{"type":"MultiPoint","coordinates":[[-79.345530244999964,43.784781910000049]]},"properties":{"OBJECTID":1055,"_id":1055,"LOC_ID":14575,"LOC_NAME":"Family Day Kingslake Before And After School Program","AUSPICE":"Non Profit Agency","ADDRESS":"90 KINGSLAKE RD","PCODE":"M2J 3E8","ward":17,"PHONE":"(437) 778-3521","bldg_type":"Public Elementary School","BLDGNAME":"Kingslake Public School","IGSPACE":0,"TGSPACE":0,"PGSPACE":0,"KGSPACE":13,"SGSPACE":15,"TOTSPACE":28,"subsidy":"Y","run_date":"28JUL26","cwelcc_flag":"Y"}},{"type":"Feature","id":1056,"geometry":{"type":"MultiPoint","coordinates":[[-79.53925653899995,43.740484475000073]]},"properties":{"OBJECTID":1056,"_id":1056,"LOC_ID":14576,"LOC_NAME":"Macaulay - St. Jude Child Care Centre","AUSPICE":"Non Profit Agency","ADDRESS":"3251 WESTON RD","PCODE":"M9M 2T9","ward":7,"PHONE":"(416) 789-4652","bldg_type":"Catholic Elementary School","BLDGNAME":"St. Jude Catholic School","IGSPACE":0,"TGSPACE":0,"PGSPACE":0,"KGSPACE":13,"SGSPACE":15,"TOTSPACE":28,"subsidy":"Y","run_date":"28JUL26","cwelcc_flag":"Y"}},{"type":"Feature","id":1057,"geometry":{"type":"MultiPoint","coordinates":[[-79.487289586999964,43.684428120000064]]},"properties":{"OBJECTID":1057,"_id":1057,"LOC_ID":14577,"LOC_NAME":"George Brown - Dennis Avenue Child Care Centre","AUSPICE":"Non Profit Agency","ADDRESS":"17 DENNIS AVE","PCODE":"M6N 2T7","ward":5,"PHONE":"(647) 289-1392","bldg_type":"Public Elementary School","BLDGNAME":"Dennis Avenue Community School","IGSPACE":10,"TGSPACE":30,"PGSPACE":40,"KGSPACE":26,"SGSPACE":30,"TOTSPACE":136,"subsidy":"Y","run_date":"28JUL26","cwelcc_flag":"Y"}},{"type":"Feature","id":1058,"geometry":{"type":"MultiPoint","coordinates":[[-79.477127670999948,43.652495472000055]]},"properties":{"OBJECTID":1058,"_id":1058,"LOC_ID":14580,"LOC_NAME":"The Montessori Schoolhouse","AUSPICE":"Non Profit Agency","ADDRESS":"290 RUNNYMEDE RD","PCODE":"M6S 2Y6","ward":4,"PHONE":"(905) 330-7097","bldg_type":"House","BLDGNAME":null,"IGSPACE":0,"TGSPACE":0,"PGSPACE":16,"KGSPACE":0,"SGSPACE":0,"TOTSPACE":16,"subsidy":"N","run_date":"28JUL26","cwelcc_flag":"N"}},{"type":"Feature","id":1059,"geometry":{"type":"MultiPoint","coordinates":[[-79.375804928999969,43.768717995000031]]},"properties":{"OBJECTID":1059,"_id":1059,"LOC_ID":14596,"LOC_NAME":"Ethennonnhawahstihnen Child Care Centre","AUSPICE":"Non Profit Agency","ADDRESS":"100 ETHENNONNHAWAHSTIHNEN  LANE","PCODE":"M2K 0G5","ward":17,"PHONE":"(416) 221-1116","bldg_type":"Other","BLDGNAME":null,"IGSPACE":10,"TGSPACE":10,"PGSPACE":32,"KGSPACE":0,"SGSPACE":0,"TOTSPACE":52,"subsidy":"Y","run_date":"28JUL26","cwelcc_flag":"Y"}},{"type":"Feature","id":1060,"geometry":{"type":"MultiPoint","coordinates":[[-79.415780816999984,43.760187417000054]]},"properties":{"OBJECTID":1060,"_id":1060,"LOC_ID":14598,"LOC_NAME":"The Learning Nest Academy","AUSPICE":"Commercial Agency","ADDRESS":"95 SHEPPARD AVE W","PCODE":"M2N 1M4","ward":18,"PHONE":"(416) 874-4040","bldg_type":"Other","BLDGNAME":null,"IGSPACE":10,"TGSPACE":30,"PGSPACE":47,"KGSPACE":0,"SGSPACE":0,"TOTSPACE":87,"subsidy":"N","run_date":"28JUL26","cwelcc_flag":"N"}},{"type":"Feature","id":1061,"geometry":{"type":"MultiPoint","coordinates":[[-79.375270117999946,43.654332901000032]]},"properties":{"OBJECTID":1061,"_id":1061,"LOC_ID":14600,"LOC_NAME":"Bloomsbury Academy","AUSPICE":"Commercial Agency","ADDRESS":"29 DALHOUSIE ST","PCODE":"M5B 2R1","ward":13,"PHONE":"(416) 303-8263","bldg_type":"Other","BLDGNAME":null,"IGSPACE":0,"TGSPACE":10,"PGSPACE":24,"KGSPACE":10,"SGSPACE":0,"TOTSPACE":44,"subsidy":"N","run_date":"28JUL26","cwelcc_flag":"N"}},{"type":"Feature","id":1062,"geometry":{"type":"MultiPoint","coordinates":[[-79.510152160999951,43.625006073000065]]},"properties":{"OBJECTID":1062,"_id":1062,"LOC_ID":14601,"LOC_NAME":"Le Jardin De Moliere","AUSPICE":"Commercial Agency","ADDRESS":"866 THE QUEENSWAY","PCODE":"M8Z 1N7","ward":3,"PHONE":"(647) 774-8628","bldg_type":"Other","BLDGNAME":null,"IGSPACE":0,"TGSPACE":0,"PGSPACE":22,"KGSPACE":0,"SGSPACE":0,"TOTSPACE":22,"subsidy":"N","run_date":"28JUL26","cwelcc_flag":"Y"}},{"type":"Feature","id":1063,"geometry":{"type":"MultiPoint","coordinates":[[-79.170829984999955,43.782787917000064]]},"properties":{"OBJECTID":1063,"_id":1063,"LOC_ID":14605,"LOC_NAME":"Children's Land Learning Centre Inc.","AUSPICE":"Commercial Agency","ADDRESS":"297 OLD KINGSTON RD","PCODE":"M1C 1B4","ward":25,"PHONE":"(416) 826-1412","bldg_type":"Other","BLDGNAME":null,"IGSPACE":0,"TGSPACE":15,"PGSPACE":40,"KGSPACE":0,"SGSPACE":0,"TOTSPACE":55,"subsidy":"N","run_date":"28JUL26","cwelcc_flag":"Y"}},{"type":"Feature","id":1064,"geometry":{"type":"MultiPoint","coordinates":[[-79.189826019999941,43.805155639000077]]},"properties":{"OBJECTID":1064,"_id":1064,"LOC_ID":14608,"LOC_NAME":"Red Apple Day Care - Rouge Valley","AUSPICE":"Non Profit Agency","ADDRESS":"8450 SHEPPARD AVE E","PCODE":"M1B 5R4","ward":25,"PHONE":"(416) 900-4845","bldg_type":"Church","BLDGNAME":"Rouge Valley Community Recreation Centre","IGSPACE":10,"TGSPACE":20,"PGSPACE":32,"KGSPACE":0,"SGSPACE":0,"TOTSPACE":62,"subsidy":"Y","run_date":"28JUL26","cwelcc_flag":"Y"}},{"type":"Feature","id":1065,"geometry":{"type":"MultiPoint","coordinates":[[-79.53684444299995,43.64118350900003]]},"properties":{"OBJECTID":1065,"_id":1065,"LOC_ID":14610,"LOC_NAME":"Beamish Academy","AUSPICE":"Commercial Agency","ADDRESS":"3819 BLOOR ST W","PCODE":"M9B 1K7","ward":3,"PHONE":"(416) 233-5437","bldg_type":"Place of Worship","BLDGNAME":"St. Andrew's Presbyterian Church Islington","IGSPACE":0,"TGSPACE":10,"PGSPACE":32,"KGSPACE":0,"SGSPACE":0,"TOTSPACE":42,"subsidy":"N","run_date":"28JUL26","cwelcc_flag":"N"}},{"type":"Feature","id":1066,"geometry":{"type":"MultiPoint","coordinates":[[-79.350991480999937,43.753158658000075]]},"properties":{"OBJECTID":1066,"_id":1066,"LOC_ID":14612,"LOC_NAME":"Miracle Montessori School Inc","AUSPICE":"Commercial Agency","ADDRESS":"20 UPJOHN RD","PCODE":"M3B 2V9","ward":16,"PHONE":"(437) 240-6881","bldg_type":"Other","BLDGNAME":null,"IGSPACE":0,"TGSPACE":14,"PGSPACE":28,"KGSPACE":0,"SGSPACE":0,"TOTSPACE":42,"subsidy":"N","run_date":"28JUL26","cwelcc_flag":"N"}},{"type":"Feature","id":1067,"geometry":{"type":"MultiPoint","coordinates":[[-79.365895443999989,43.644644525000047]]},"properties":{"OBJECTID":1067,"_id":1067,"LOC_ID":14613,"LOC_NAME":"George Brown College - Mary's Place Child Care Centre","AUSPICE":"Non Profit Agency","ADDRESS":"185 QUEENS QUAY E","PCODE":"M5A 1B6","ward":10,"PHONE":"(416) 415-5000x4301","bldg_type":"Other","BLDGNAME":null,"IGSPACE":10,"TGSPACE":25,"PGSPACE":40,"KGSPACE":0,"SGSPACE":0,"TOTSPACE":75,"subsidy":"Y","run_date":"28JUL26","cwelcc_flag":"Y"}},{"type":"Feature","id":1068,"geometry":{"type":"MultiPoint","coordinates":[[-79.397109548999936,43.642110650000063]]},"properties":{"OBJECTID":1068,"_id":1068,"LOC_ID":14615,"LOC_NAME":"Macaulay - The Well","AUSPICE":"Non Profit Agency","ADDRESS":"486 FRONT ST W","PCODE":"M5V 0V2","ward":10,"PHONE":"(416) 789-7446","bldg_type":"Other","BLDGNAME":null,"IGSPACE":10,"TGSPACE":20,"PGSPACE":32,"KGSPACE":0,"SGSPACE":0,"TOTSPACE":62,"subsidy":"Y","run_date":"28JUL26","cwelcc_flag":"Y"}},{"type":"Feature","id":1069,"geometry":{"type":"MultiPoint","coordinates":[[-79.533384559999945,43.593633555000054]]},"properties":{"OBJECTID":1069,"_id":1069,"LOC_ID":14617,"LOC_NAME":"Rec Room Child Care @ Long Branch","AUSPICE":"Commercial Agency","ADDRESS":"69 LONG BRANCH AVE","PCODE":"M8W 3J5","ward":3,"PHONE":"(647) 717-7733","bldg_type":"Other","BLDGNAME":null,"IGSPACE":0,"TGSPACE":22,"PGSPACE":16,"KGSPACE":26,"SGSPACE":60,"TOTSPACE":124,"subsidy":"N","run_date":"28JUL26","cwelcc_flag":"N"}},{"type":"Feature","id":1070,"geometry":{"type":"MultiPoint","coordinates":[[-79.466757638999979,43.666198893000058]]},"properties":{"OBJECTID":1070,"_id":1070,"LOC_ID":14622,"LOC_NAME":"The Learning Nest Academy","AUSPICE":"Non Profit Agency","ADDRESS":"51 VINE AVE","PCODE":"M6P 1V6","ward":4,"PHONE":"(905) 332-7539","bldg_type":"Other","BLDGNAME":null,"IGSPACE":26,"TGSPACE":29,"PGSPACE":15,"KGSPACE":0,"SGSPACE":0,"TOTSPACE":70,"subsidy":"N","run_date":"28JUL26","cwelcc_flag":"N"}},{"type":"Feature","id":1071,"geometry":{"type":"MultiPoint","coordinates":[[-79.348686331999943,43.662077745000033]]},"properties":{"OBJECTID":1071,"_id":1071,"LOC_ID":14630,"LOC_NAME":"George Brown - Dundas Street East Child Care Centre","AUSPICE":"Non Profit Agency","ADDRESS":"935 DUNDAS ST E","PCODE":"M4M 1R4","ward":14,"PHONE":"(416) 415-2453","bldg_type":"Other","BLDGNAME":"Dundas Public School/First Nations Public School","IGSPACE":0,"TGSPACE":0,"PGSPACE":0,"KGSPACE":52,"SGSPACE":75,"TOTSPACE":127,"subsidy":"Y","run_date":"28JUL26","cwelcc_flag":"Y"}},{"type":"Feature","id":1072,"geometry":{"type":"MultiPoint","coordinates":[[-79.430036944999983,43.741321776000063]]},"properties":{"OBJECTID":1072,"_id":1072,"LOC_ID":14635,"LOC_NAME":"Plasp Summit Heights P.S.","AUSPICE":"Non Profit Agency","ADDRESS":"139 ARMOUR BLVD","PCODE":"M3H 1M1","ward":6,"PHONE":"(888) 739-4102","bldg_type":"Other","BLDGNAME":"Summit Heights Public School","IGSPACE":0,"TGSPACE":0,"PGSPACE":0,"KGSPACE":13,"SGSPACE":15,"TOTSPACE":28,"subsidy":"Y","run_date":"28JUL26","cwelcc_flag":"Y"}},{"type":"Feature","id":1073,"geometry":{"type":"MultiPoint","coordinates":[[-79.171872717999975,43.802303651000045]]},"properties":{"OBJECTID":1073,"_id":1073,"LOC_ID":14636,"LOC_NAME":"John G Diefenbaker Child Care Centre","AUSPICE":"Non Profit Agency","ADDRESS":"70 DEAN PARK RD","PCODE":"M1B 2X3","ward":25,"PHONE":"(416) 281-4171","bldg_type":"Public Elementary School","BLDGNAME":"John G Diefenbaker Public School","IGSPACE":0,"TGSPACE":0,"PGSPACE":0,"KGSPACE":13,"SGSPACE":15,"TOTSPACE":28,"subsidy":"Y","run_date":"28JUL26","cwelcc_flag":"Y"}},{"type":"Feature","id":1074,"geometry":{"type":"MultiPoint","coordinates":[[-79.402607504999935,43.798584092000056]]},"properties":{"OBJECTID":1074,"_id":1074,"LOC_ID":14640,"LOC_NAME":"Plasp St. Agnes - Toronto","AUSPICE":"Non Profit Agency","ADDRESS":"280 OTONABEE AVE","PCODE":"M2M 2T2","ward":18,"PHONE":"(888) 739-4102","bldg_type":"Catholic Elementary School","BLDGNAME":"St. Agnes","IGSPACE":0,"TGSPACE":0,"PGSPACE":0,"KGSPACE":13,"SGSPACE":15,"TOTSPACE":28,"subsidy":"Y","run_date":"28JUL26","cwelcc_flag":"Y"}},{"type":"Feature","id":1075,"geometry":{"type":"MultiPoint","coordinates":[[-79.24780210299997,43.770572103000063]]},"properties":{"OBJECTID":1075,"_id":1075,"LOC_ID":14642,"LOC_NAME":"The Squirrels' Nest Child Care Centre - North Bendale","AUSPICE":"Non Profit Agency","ADDRESS":"29 AVELINE CRES","PCODE":"M1H 2P4","ward":24,"PHONE":"(416) 824-2423","bldg_type":"Public Elementary School","BLDGNAME":"North Bendale Junior Public School","IGSPACE":0,"TGSPACE":0,"PGSPACE":0,"KGSPACE":26,"SGSPACE":30,"TOTSPACE":56,"subsidy":"Y","run_date":"28JUL26","cwelcc_flag":"Y"}},{"type":"Feature","id":1076,"geometry":{"type":"MultiPoint","coordinates":[[-79.396840853999947,43.687245762000032]]},"properties":{"OBJECTID":1076,"_id":1076,"LOC_ID":14643,"LOC_NAME":"Hopscotch Montessori Canada","AUSPICE":"Commercial Agency","ADDRESS":"55 ST CLAIR AVE W","PCODE":"M4V 2Y7","ward":12,"PHONE":"(437) 987-1953","bldg_type":"Office Building","BLDGNAME":"Cbre Group Inc","IGSPACE":0,"TGSPACE":30,"PGSPACE":48,"KGSPACE":42,"SGSPACE":20,"TOTSPACE":140,"subsidy":"N","run_date":"28JUL26","cwelcc_flag":"N"}},{"type":"Feature","id":1077,"geometry":{"type":"MultiPoint","coordinates":[[-79.339335507999976,43.680309694000073]]},"properties":{"OBJECTID":1077,"_id":1077,"LOC_ID":14646,"LOC_NAME":"Athletic Montessori Academy","AUSPICE":"Non Profit Agency","ADDRESS":"890 DANFORTH AVE","PCODE":"M4J 1L9","ward":14,"PHONE":"(647) 679-0442","bldg_type":"Other","BLDGNAME":"Public Building","IGSPACE":0,"TGSPACE":0,"PGSPACE":24,"KGSPACE":0,"SGSPACE":0,"TOTSPACE":24,"subsidy":"N","run_date":"28JUL26","cwelcc_flag":"N"}},{"type":"Feature","id":1078,"geometry":{"type":"MultiPoint","coordinates":[[-79.477937188999988,43.74698115800004]]},"properties":{"OBJECTID":1078,"_id":1078,"LOC_ID":14652,"LOC_NAME":"Uptown Montessori School","AUSPICE":"Commercial Agency","ADDRESS":"39 CARL HALL RD","PCODE":"M3K 2E2","ward":6,"PHONE":"(365) 386-5767","bldg_type":"Other","BLDGNAME":null,"IGSPACE":20,"TGSPACE":60,"PGSPACE":48,"KGSPACE":0,"SGSPACE":0,"TOTSPACE":128,"subsidy":"N","run_date":"28JUL26","cwelcc_flag":"Y"}},{"type":"Feature","id":1079,"geometry":{"type":"MultiPoint","coordinates":[[-79.562716316999968,43.646920035000051]]},"properties":{"OBJECTID":1079,"_id":1079,"LOC_ID":14657,"LOC_NAME":"Petite Luminaries Montessori","AUSPICE":"Commercial Agency","ADDRESS":"18 FOUR SEASONS PL","PCODE":"M9B 6E7","ward":2,"PHONE":"(647) 527-2730","bldg_type":"Commercial Building","BLDGNAME":"Four Seasons Place","IGSPACE":0,"TGSPACE":25,"PGSPACE":24,"KGSPACE":26,"SGSPACE":0,"TOTSPACE":75,"subsidy":"N","run_date":"28JUL26","cwelcc_flag":"N"}},{"type":"Feature","id":1080,"geometry":{"type":"MultiPoint","coordinates":[[-79.403718511999955,43.668738186000041]]},"properties":{"OBJECTID":1080,"_id":1080,"LOC_ID":14658,"LOC_NAME":"Atelier Kids Annex","AUSPICE":"Commercial Agency","ADDRESS":"34 MADISON AVE","PCODE":"M5R 2S1","ward":11,"PHONE":"(416) 892-3607","bldg_type":"Other","BLDGNAME":null,"IGSPACE":9,"TGSPACE":10,"PGSPACE":79,"KGSPACE":0,"SGSPACE":0,"TOTSPACE":98,"subsidy":"N","run_date":"28JUL26","cwelcc_flag":"N"}},{"type":"Feature","id":1081,"geometry":{"type":"MultiPoint","coordinates":[[-79.154683969999951,43.793798978000041]]},"properties":{"OBJECTID":1081,"_id":1081,"LOC_ID":14663,"LOC_NAME":"Absorbent Minds Montessori East","AUSPICE":"Commercial Agency","ADDRESS":"6534 KINGSTON RD","PCODE":"M1C 1L4","ward":25,"PHONE":"(647) 500-3467","bldg_type":"Other","BLDGNAME":null,"IGSPACE":0,"TGSPACE":15,"PGSPACE":16,"KGSPACE":0,"SGSPACE":0,"TOTSPACE":31,"subsidy":"N","run_date":"28JUL26","cwelcc_flag":"N"}},{"type":"Feature","id":1082,"geometry":{"type":"MultiPoint","coordinates":[[-79.427333110999939,43.709989716000052]]},"properties":{"OBJECTID":1082,"_id":1082,"LOC_ID":14684,"LOC_NAME":"Gan Shalom Preschool (South)","AUSPICE":"Non Profit Agency","ADDRESS":"396 CORTLEIGH BLVD","PCODE":"M5N 1R5","ward":8,"PHONE":"(416) 546-8770","bldg_type":"Place of Worship","BLDGNAME":"Ledbury Jewish Centre","IGSPACE":20,"TGSPACE":30,"PGSPACE":15,"KGSPACE":0,"SGSPACE":0,"TOTSPACE":65,"subsidy":"N","run_date":"28JUL26","cwelcc_flag":"Y"}},{"type":"Feature","id":1083,"geometry":{"type":"MultiPoint","coordinates":[[-79.285498097999948,43.672746234000044]]},"properties":{"OBJECTID":1083,"_id":1083,"LOC_ID":14687,"LOC_NAME":"The Creative Preschool Of East Toronto - St. Aidan's In The Beach","AUSPICE":"Non Profit Agency","ADDRESS":"2423 QUEEN ST E","PCODE":"M4E 1H6","ward":19,"PHONE":"(416) 465-3865","bldg_type":"Place of Worship","BLDGNAME":"St. Aiden's In The Beach","IGSPACE":0,"TGSPACE":0,"PGSPACE":32,"KGSPACE":0,"SGSPACE":0,"TOTSPACE":32,"subsidy":"N","run_date":"28JUL26","cwelcc_flag":"Y"}},{"type":"Feature","id":1084,"geometry":{"type":"MultiPoint","coordinates":[[-79.391111270999943,43.654501409000034]]},"properties":{"OBJECTID":1084,"_id":1084,"LOC_ID":14689,"LOC_NAME":"Network Child Care Services - Children's Gallery Child Care Centre","AUSPICE":"Non Profit Agency","ADDRESS":"292 DUNDAS ST W","PCODE":"M5T 1G2","ward":11,"PHONE":"(416) 530-0722x4129","bldg_type":"Other","BLDGNAME":null,"IGSPACE":10,"TGSPACE":20,"PGSPACE":32,"KGSPACE":0,"SGSPACE":0,"TOTSPACE":62,"subsidy":"Y","run_date":"28JUL26","cwelcc_flag":"Y"}},{"type":"Feature","id":1085,"geometry":{"type":"MultiPoint","coordinates":[[-79.416733956999963,43.639867914000035]]},"properties":{"OBJECTID":1085,"_id":1085,"LOC_ID":14694,"LOC_NAME":"Liberty Kids","AUSPICE":"Commercial Agency","ADDRESS":"125 WESTERN BATTERY RD","PCODE":"M6K 3R8","ward":10,"PHONE":"(416) 473-4011","bldg_type":"Other","BLDGNAME":null,"IGSPACE":0,"TGSPACE":10,"PGSPACE":8,"KGSPACE":0,"SGSPACE":0,"TOTSPACE":18,"subsidy":"N","run_date":"28JUL26","cwelcc_flag":"N"}},{"type":"Feature","id":1086,"geometry":{"type":"MultiPoint","coordinates":[[-79.292247694999958,43.813608095000063]]},"properties":{"OBJECTID":1086,"_id":1086,"LOC_ID":14701,"LOC_NAME":"Kinderbrook Montessori & Learning Centre","AUSPICE":"Commercial Agency","ADDRESS":"3660A MIDLAND AVE","PCODE":"M1V 0B8","ward":22,"PHONE":"(647) 248-6585","bldg_type":"Other","BLDGNAME":null,"IGSPACE":6,"TGSPACE":30,"PGSPACE":64,"KGSPACE":0,"SGSPACE":0,"TOTSPACE":100,"subsidy":"N","run_date":"28JUL26","cwelcc_flag":"N"}},{"type":"Feature","id":1087,"geometry":{"type":"MultiPoint","coordinates":[[-79.547559702999934,43.678424444000029]]},"properties":{"OBJECTID":1087,"_id":1087,"LOC_ID":14702,"LOC_NAME":"Itty Bitty Scholars Daycare Inc.","AUSPICE":"Commercial Agency","ADDRESS":"4650 EGLINTON AVE W","PCODE":"M9A 0E3","ward":2,"PHONE":"(647) 456-1089","bldg_type":"Other","BLDGNAME":null,"IGSPACE":10,"TGSPACE":10,"PGSPACE":16,"KGSPACE":0,"SGSPACE":0,"TOTSPACE":36,"subsidy":"N","run_date":"28JUL26","cwelcc_flag":"N"}},{"type":"Feature","id":1088,"geometry":{"type":"MultiPoint","coordinates":[[-79.395277052999973,43.709917503000042]]},"properties":{"OBJECTID":1088,"_id":1088,"LOC_ID":14707,"LOC_NAME":"Brightway Montessori Academy","AUSPICE":"Commercial Agency","ADDRESS":"65 BROADWAY AVE","PCODE":"M4P 1T9","ward":12,"PHONE":"(647) 892-1557","bldg_type":"Other","BLDGNAME":null,"IGSPACE":10,"TGSPACE":37,"PGSPACE":65,"KGSPACE":0,"SGSPACE":0,"TOTSPACE":112,"subsidy":"N","run_date":"28JUL26","cwelcc_flag":"N"}},{"type":"Feature","id":1089,"geometry":{"type":"MultiPoint","coordinates":[[-79.419665258999942,43.729428664000068]]},"properties":{"OBJECTID":1089,"_id":1089,"LOC_ID":14718,"LOC_NAME":"Mtt Melrose","AUSPICE":"Commercial Agency","ADDRESS":"375 MELROSE AVE","PCODE":"M5M 1Z6","ward":8,"PHONE":"(416) 722-8311","bldg_type":"Other","BLDGNAME":null,"IGSPACE":0,"TGSPACE":0,"PGSPACE":24,"KGSPACE":0,"SGSPACE":0,"TOTSPACE":24,"subsidy":"N","run_date":"28JUL26","cwelcc_flag":"N"}}]
}