{
  "type" : "FeatureCollection",
  "features" : [{"type":"Feature","id":2,"geometry":{"type":"MultiPolygon","coordinates":[[[[-79.235751752811225,43.834663351327514],[-79.237934057529756,43.834471939943136],[-79.239197153898388,43.833816144081581],[-79.239527809644159,43.833145970002292],[-79.238311074774515,43.832226855302004],[-79.238628493154934,43.832006659406943],[-79.238635112120988,43.831781671522556],[-79.238641731010247,43.831556683628506],[-79.238972379632898,43.830886510798521],[-79.238978997048562,43.830661522828272],[-79.237993654061128,43.832447050267746],[-79.23547409833381,43.833533614267331],[-79.235467467087673,43.833758601699756],[-79.234541681861231,43.833519209775297],[-79.234250783799496,43.832839444682769],[-79.232696775768105,43.832815416637921],[-79.232095104173254,43.832130838301573],[-79.23023031900091,43.83210196730743],[-79.22993947662188,43.831422192015275],[-79.228101349105529,43.830493339646608],[-79.227513073774531,43.82935876486858],[-79.227843833011974,43.828688625901997],[-79.228789481257564,43.828253110133147],[-79.23033006895804,43.828727163355616],[-79.23190389934696,43.828076260195999],[-79.231328864052657,43.826491729322711],[-79.232598499475714,43.825611016610189],[-79.234767217419048,43.825869635128932],[-79.233848191627047,43.82540525175537],[-79.233854827023208,43.825180264189243],[-79.231170940563189,43.821312210417581],[-79.230245364478336,43.821072786705571],[-79.228989099370793,43.821503500740761],[-79.226853870788219,43.820119840945836],[-79.223773216888802,43.819171627391725],[-79.223138410315258,43.81961193709332],[-79.221584754742167,43.819587763708583],[-79.220936562556616,43.820478033257665],[-79.219686933980796,43.820683658018616],[-79.219045391663172,43.821348930041843],[-79.220802891453388,43.824977754997278],[-79.221106967034743,43.825207579981345],[-79.221100283753771,43.82543256599449],[-79.221404362755663,43.825662390227897],[-79.221397680485666,43.825887376259381],[-79.224127833698091,43.828180745840264],[-79.226951467898019,43.827324240710702],[-79.22731552235642,43.825529169367329],[-79.228862682633675,43.825778254369503],[-79.229775023158879,43.826467664298626],[-79.231024741995796,43.826261930827314],[-79.226594053440763,43.828894323449241],[-79.224405251582056,43.829310507452803],[-79.223750316395154,43.830425776627159],[-79.22435187463077,43.831110397210104],[-79.225905831413257,43.831134537984511],[-79.226507421528098,43.831819147671382],[-79.228365536606702,43.832073065900879],[-79.22927796488321,43.832762480595839],[-79.232385974392969,43.832810608494526],[-79.235751752811225,43.834663351327514]],[[-79.227131307876988,43.82124959769898],[-79.228036904231473,43.822164007465666],[-79.229577330529423,43.822638068578364],[-79.22986147936777,43.823542832158502],[-79.228585194510785,43.824648501771875],[-79.226713983748724,43.824844564127375],[-79.22356635315586,43.82614620677095],[-79.221715125193597,43.825667227613266],[-79.221120333364027,43.82475760792596],[-79.221781931969772,43.823417366386778],[-79.223038286955301,43.822986733308717],[-79.224645386558706,43.821210995859964],[-79.227131307876988,43.82124959769898]]],[[[-79.275633460322823,43.831895891618352],[-79.280327836459364,43.830841195266764],[-79.280334298510184,43.830616202351486],[-79.280955894422007,43.830625556628135],[-79.281266692490362,43.830630232499253],[-79.281583947943545,43.83040991445457],[-79.281894744995284,43.830414588599545],[-79.294105629597794,43.827446296926134],[-79.294416413305626,43.827450936771072],[-79.294727197087781,43.827455575771289],[-79.293198930605854,43.826532394019019],[-79.293528943909138,43.825862052315415],[-79.295102037949263,43.825210265704349],[-79.294810484906108,43.824530643364895],[-79.293852539589039,43.825416704183588],[-79.292603033014828,43.825623128848477],[-79.292894565762353,43.826302756376315],[-79.291625781478373,43.827184153375725],[-79.289450309941614,43.827151603757336],[-79.287624225552619,43.825773707490022],[-79.285746702018315,43.826195733258182],[-79.284529380124653,43.825277100501921],[-79.28486592597686,43.824381791478984],[-79.286749834397114,43.823734785288224],[-79.286458383477239,43.823055143127924],[-79.287112076881144,43.821939492638187],[-79.285241112773846,43.822136518336031],[-79.28402387938209,43.821217881041875],[-79.284671153212898,43.820327238395933],[-79.285920573358069,43.820120898949689],[-79.285939889033742,43.819445916925666],[-79.284709812320358,43.818977275192829],[-79.283518438653601,43.817158657700709],[-79.284489284581738,43.815822694682943],[-79.284223670682792,43.814243070875129],[-79.286120136256713,43.813146080514102],[-79.288282238993744,43.813628674377178],[-79.289887172995293,43.811851980560299],[-79.2926963177202,43.811443810012229],[-79.291796289685109,43.81030490268985],[-79.289925703190661,43.810502011666422],[-79.288397937145163,43.809578771312133],[-79.286520929842808,43.810000819322156],[-79.284371856511342,43.809068205726632],[-79.284397623923738,43.808168228657998],[-79.283491358090529,43.807254252934278],[-79.286015390516326,43.805941598170541],[-79.285432672399068,43.804582308432231],[-79.286701056637554,43.803700970545961],[-79.28793726718132,43.803944592307495],[-79.288228648775814,43.804624231631045],[-79.2885457385172,43.804403890625366],[-79.288856401841599,43.804408543657892],[-79.290422556031714,43.803981805857717],[-79.291069541677672,43.803091119795099],[-79.288020817992134,43.801019658182341],[-79.28676537345757,43.801451022721473],[-79.287431670029406,43.799885372565385],[-79.284991617465863,43.798273133735485],[-79.285004491820416,43.797823144221347],[-79.288130057735117,43.797194741866655],[-79.289016981665696,43.798783666650664],[-79.289327615945496,43.798788317931091],[-79.289321194811222,43.799013313163442],[-79.289314773602442,43.799238308386144],[-79.291088787912642,43.802416133936575],[-79.292642055838002,43.802439355264298],[-79.293606046463864,43.801328299859058],[-79.29482943655168,43.802021838184601],[-79.295457139430056,43.801806113014806],[-79.296344323854299,43.803394983950895],[-79.294480369259929,43.803367175725533],[-79.293833430606185,43.804257881840968],[-79.29442274119522,43.805392136281867],[-79.295956895711001,43.806090300763209],[-79.295963293524096,43.805865305032349],[-79.296901704288146,43.805654205627135],[-79.296914492553142,43.805204213900225],[-79.297212375444929,43.805658836050704],[-79.297516654762191,43.805888461551433],[-79.297510262774352,43.806113457463098],[-79.299582828384942,43.809745778711651],[-79.297395194312045,43.810163382224893],[-79.297337651069427,43.812188343434769],[-79.296716241098679,43.812179081334797],[-79.295467020990756,43.812385542428075],[-79.297635570293707,43.81264296456456],[-79.298237812999275,43.813327208907253],[-79.297901533064277,43.814222563237365],[-79.296962990408588,43.814433668429579],[-79.296607492284238,43.816004004705007],[-79.295662516060261,43.816440093962306],[-79.294736740618347,43.816201189639386],[-79.294089661203898,43.817091893094791],[-79.292529599153994,43.817293680198588],[-79.293423332074369,43.818657577280128],[-79.292439806785438,43.820443607598989],[-79.290556061571934,43.821090710672237],[-79.291158304191171,43.82177499143333],[-79.290511109383289,43.822665671937351],[-79.291417709969508,43.823579595150981],[-79.293288702128933,43.82338246874086],[-79.294816891141011,43.824305648496924],[-79.294570193607854,43.822051061155875],[-79.296149575888975,43.821174262832074],[-79.297366998429069,43.822092773930066],[-79.298228944639988,43.82458161144082],[-79.300119108020979,43.823709387143467],[-79.301343024842424,43.824402861738982],[-79.301628271167843,43.825307464244233],[-79.299731689662821,43.826404708187084],[-79.300670412193526,43.826193583552282],[-79.301298351068766,43.825977830925602],[-79.301609128319271,43.825982451088883],[-79.308820564165615,43.823838516940221],[-79.310685169440433,43.823866101456801],[-79.314128953437034,43.823016605481321],[-79.31540365233252,43.821909953828687],[-79.315441621103815,43.820559969471681],[-79.316703596609372,43.81990329669339],[-79.31791499717508,43.821046591273152],[-79.320699172209842,43.821537728012082],[-79.327896859341223,43.819842565504814],[-79.329171239144515,43.818735754504679],[-79.332595691764666,43.818560690120187],[-79.333261002644221,43.816994761118636],[-79.334193210135126,43.817008356126799],[-79.335721886617591,43.817930997092482],[-79.337288082897516,43.817503618055731],[-79.337947016946927,43.816162659504613],[-79.336468331064552,43.813440047554138],[-79.336182606962041,43.812535522787663],[-79.33743170335724,43.812328614279458],[-79.33774865791186,43.812108134758923],[-79.338059369040437,43.812112654673484],[-79.339581748346546,43.813260244116975],[-79.34115402520969,43.812607808775475],[-79.341191401632372,43.81125780447357],[-79.342782277524449,43.809930342755827],[-79.341259918316894,43.808782795689091],[-79.34375791387734,43.808368850552505],[-79.343105421532968,43.809484846760554],[-79.343708160167282,43.810168859462365],[-79.344634050379796,43.810407368771664],[-79.346199988431735,43.809979862903816],[-79.34715691878732,43.809093344706277],[-79.346908293161263,43.806838834542951],[-79.346696393418483,43.80413972980481],[-79.348834399934432,43.804615771104871],[-79.351027692064079,43.80397217115906],[-79.351344552591314,43.803751652124369],[-79.351338363105853,43.803976654315228],[-79.351649034219449,43.803981136627236],[-79.352264190599968,43.804215101005099],[-79.351934956065776,43.804885627042523],[-79.353140561968033,43.806253559005235],[-79.351562390195824,43.807131166781794],[-79.350636520955419,43.806892713856556],[-79.349692070330278,43.807329259178246],[-79.348716604860414,43.808890805036732],[-79.348965304850253,43.811145311691199],[-79.351749299410031,43.811635689256264],[-79.351724540306691,43.812535696899197],[-79.352644314150481,43.812999144200127],[-79.354204085998845,43.812796531050346],[-79.35512388356733,43.813259958731045],[-79.361375216384886,43.811999235853527],[-79.362338108869963,43.810887584687592],[-79.361113737810484,43.810194755290993],[-79.361442901358657,43.80952420225065],[-79.363319402524553,43.809100914677003],[-79.364860621139343,43.809573164008299],[-79.365805000830221,43.809136492277432],[-79.366140241022052,43.808240921010338],[-79.367370762946237,43.808708693245933],[-79.36863805813006,43.807826428766155],[-79.368041181237928,43.806917539315073],[-79.368680934283518,43.80625140065338],[-79.368077944717157,43.80556751543299],[-79.368413129582891,43.804671936117735],[-79.367810158473958,43.803988049596789],[-79.366262924357287,43.803740845372005],[-79.366598125162596,43.802845271369762],[-79.365684528895713,43.802156932498576],[-79.365429090235651,43.800127453530891],[-79.36450940904875,43.799664109698377],[-79.363881966097779,43.799880218606326],[-79.362968445860474,43.799191858863168],[-79.366403975007444,43.798565753650834],[-79.366733012070625,43.797895182135939],[-79.365825621674446,43.796981840830789],[-79.365837888832758,43.796531832620161],[-79.363943378179883,43.79763018049821],[-79.363937237292276,43.797855184352116],[-79.362408617991605,43.79693291904416],[-79.362768414428416,43.795137340404459],[-79.361885717046903,43.793323953669102],[-79.360630942735057,43.793756141382993],[-79.360886197882778,43.795785630292094],[-79.359625207866031,43.796442809353437],[-79.358072042083847,43.796420500791854],[-79.355344248007,43.793905259386769],[-79.353492890618,43.793428412324033],[-79.352921106855803,43.791619436062717],[-79.351983100812703,43.791831002706651],[-79.351933622668938,43.793631024311544],[-79.350349580427221,43.794733624677903],[-79.349119480508293,43.794265674611033],[-79.348237211226746,43.79245218886139],[-79.347317783068007,43.791988709982817],[-79.346373547197928,43.792425232287478],[-79.344832918628811,43.791952741444959],[-79.34486397438998,43.790827731709683],[-79.347063000486003,43.789959196960659],[-79.346168442299671,43.788595700431358],[-79.346497645896832,43.787925188779248],[-79.344932290724941,43.788352709447537],[-79.343702364271508,43.787884703286188],[-79.343118492192104,43.786525685747556],[-79.343776935385023,43.785184679132236],[-79.341925942828425,43.784707649634008],[-79.341031577416274,43.783344114766265],[-79.34323659433953,43.78225064710746],[-79.345081314294887,43.782952656844977],[-79.346031612789261,43.782291139880769],[-79.343255239667968,43.781575640689638],[-79.342652783893556,43.780891626935109],[-79.340168384962325,43.780855564196216],[-79.338895030945309,43.781962520912217],[-79.335497661531761,43.781237803652253],[-79.335212090906722,43.780333274227999],[-79.336174935628023,43.779221837277305],[-79.334615987173677,43.779424218325246],[-79.333398828342609,43.778506102311766],[-79.334057393700036,43.77716515196326],[-79.336237342430508,43.776971822404398],[-79.334380417848237,43.77671967641389],[-79.33316331632669,43.775801558404581],[-79.333828104171673,43.774235607051395],[-79.334765892684189,43.774024185486084],[-79.334207337662065,43.77176511851539],[-79.33326958287725,43.771976536107424],[-79.333219577698529,43.773776546946017],[-79.332275533483596,43.774212956997687],[-79.331039737427261,43.773969820722364],[-79.331641991774049,43.774653893294932],[-79.330995921582826,43.775544827900319],[-79.327878176026132,43.775949429950188],[-79.325083478762821,43.775908497927148],[-79.324164484970737,43.775444838337755],[-79.323518296125073,43.776335728621973],[-79.322269909937006,43.776542497490929],[-79.324324164911616,43.780849395321397],[-79.323677917727807,43.781740284804307],[-79.321814609744322,43.781712933051018],[-79.321224995589631,43.78057881082502],[-79.319672270765466,43.780555986959563],[-79.318772169386421,43.779417285477777],[-79.318715409320859,43.781442279979764],[-79.31713109912836,43.782544417380912],[-79.315895198841673,43.782301115851425],[-79.315236170666239,43.783641952901533],[-79.312130573848634,43.783596118830744],[-79.311211567417175,43.783132355359733],[-79.31066016587927,43.780648191196157],[-79.311927670688746,43.779766555522613],[-79.313157174099146,43.780234897731823],[-79.313182483837181,43.779334902652352],[-79.31413306750818,43.77867365536607],[-79.314145714516002,43.778223657496142],[-79.311990987902504,43.777516568775106],[-79.311737449798002,43.775486992279532],[-79.313942690223072,43.774394092529299],[-79.314284812242789,43.773273678386516],[-79.315539471960903,43.772841996694829],[-79.316452043985961,43.773530723555638],[-79.317694076224129,43.773549017015604],[-79.318581460132762,43.775137725548987],[-79.322009733299382,43.774737937957219],[-79.318663433494734,43.77221273020313],[-79.319936941530997,43.77110599984173],[-79.317870702237357,43.767249026132262],[-79.319156720380661,43.765692302206787],[-79.317300223743402,43.765439884878674],[-79.31672346750068,43.763855740595403],[-79.315811036036209,43.763167017102447],[-79.316773949968066,43.762055741803117],[-79.3186492488813,43.76163316578787],[-79.318066185581358,43.760274027429197],[-79.319326844645801,43.75961729818529],[-79.319339444324498,43.759167297608485],[-79.318712274174914,43.759383164098011],[-79.317793580358384,43.758919456832338],[-79.316013042369008,43.755967020744734],[-79.316659112758899,43.75507616812375],[-79.317907067598156,43.754869452947055],[-79.317938587628078,43.753744451314766],[-79.31919280972815,43.753312721091611],[-79.317976409251997,43.752394449038576],[-79.318939104731527,43.751283150050909],[-79.318343525190897,43.750374013399465],[-79.318995797578168,43.749258144591565],[-79.322428870871576,43.748633317991093],[-79.324247198801814,43.750235652173011],[-79.323582447573557,43.75180155435158],[-79.32540090023825,43.753403871352361],[-79.323190360387898,43.754722012778842],[-79.325027721859072,43.755649333250069],[-79.325927600712973,43.756787986188002],[-79.323368808893193,43.759451585454492],[-79.325231427374163,43.759478900901705],[-79.325523033935951,43.760158453483754],[-79.326752250815986,43.760626646188619],[-79.327037608498387,43.761531196218677],[-79.328298199231085,43.760874366968622],[-79.329533715191587,43.761117528949043],[-79.330402464212483,43.763381155165845],[-79.331625531246402,43.764074298300649],[-79.333177839189247,43.764096953040841],[-79.33408424226225,43.765010542893513],[-79.333438316108811,43.765901494988313],[-79.332190179026213,43.766108376628189],[-79.332165165949874,43.767008382557371],[-79.330898227018409,43.767890253704216],[-79.329345822782912,43.767867566449986],[-79.327203820543517,43.766710764478283],[-79.326918438090075,43.765806215217012],[-79.328179121321639,43.765149389211331],[-79.328197924841078,43.764474385929965],[-79.326018410179856,43.76466756934326],[-79.326614242451456,43.765576667934333],[-79.325347254682896,43.76645847691335],[-79.322565581426176,43.765967489246123],[-79.321969807439956,43.765058370521572],[-79.319467188213508,43.765696868842809],[-79.320981757705241,43.767069690603115],[-79.322433492804947,43.770692495554911],[-79.324917448593368,43.770728937118562],[-79.325500762536564,43.772088042235822],[-79.3264448204216,43.771651688264235],[-79.325544717303089,43.770513038518423],[-79.326811789676526,43.769631229274445],[-79.331487908164405,43.769024329353854],[-79.33489078207424,43.769524153893961],[-79.335809772076061,43.769987727536936],[-79.336095307234686,43.77089225640168],[-79.337020563621778,43.771130818879165],[-79.338790112359916,43.77453294748787],[-79.340640766881549,43.775010023236099],[-79.339194056704571,43.771162431055977],[-79.340144227939859,43.770500959816978],[-79.340175348356496,43.769375948512319],[-79.34176510737548,43.76804847435033],[-79.344578083583073,43.767413984186142],[-79.345484711552132,43.768327486622347],[-79.347950014822658,43.769038435272748],[-79.347658112427624,43.768358936250301],[-79.348303857405057,43.767467901208398],[-79.348310050388477,43.767242897918862],[-79.348316243300104,43.767017894619734],[-79.347726260037746,43.765883900731048],[-79.346490566870926,43.765640932970371],[-79.346819633208611,43.764970415751684],[-79.345950239947271,43.762706904812546],[-79.347496328766752,43.762954367823838],[-79.348762922901869,43.762072306376346],[-79.349048620230107,43.762976806561262],[-79.349967624285611,43.763440266972921],[-79.351228012376822,43.762783181594422],[-79.354947344140371,43.763061881576682],[-79.357139041494804,43.762418134888172],[-79.358095033095822,43.761531503522981],[-79.356884021599072,43.760388630417609],[-79.355325625749373,43.76059130349492],[-79.355685383071162,43.758795736074582],[-79.356933293999589,43.758588593828321],[-79.357572637165418,43.757922505793978],[-79.35728067537498,43.757243029222984],[-79.356361706543865,43.75677962775822],[-79.354492974874944,43.75697782533512],[-79.353909136442596,43.755618856760101],[-79.357037982675621,43.754763514039105],[-79.357317617131812,43.755893000824216],[-79.35735455631864,43.754542972080401],[-79.356125214022057,43.7540751063611],[-79.355851771125216,43.752720612081013],[-79.353728282532771,43.750889290971422],[-79.355230958247219,43.752711677727596],[-79.355224794331562,43.752936682374788],[-79.352418780499903,43.75334644439711],[-79.351791785311136,43.75356249553041],[-79.353641907876323,43.754039353790276],[-79.353611056386555,43.755164375770136],[-79.352034257594894,43.756042018865578],[-79.350798747021187,43.755799100220052],[-79.349544689313348,43.756231180012897],[-79.348017338290973,43.755308735891091],[-79.348973345956168,43.754422180131677],[-79.348414414224109,43.752163169601815],[-79.346253993430068,43.751681736216639],[-79.345682788899452,43.749872720749281],[-79.344180475261723,43.74805021325826],[-79.344515667713296,43.74715469593648],[-79.342374091522871,43.745998181442928],[-79.342094779773632,43.744868661392225],[-79.343075532433275,43.743082137843501],[-79.340903051241867,43.743050615471105],[-79.340574046870714,43.743721118981114],[-79.338395320317233,43.743914551791448],[-79.337749693869029,43.744805536052112],[-79.339866256400711,43.746862148002656],[-79.342951371332958,43.747582209008357],[-79.343510059240415,43.749841244070751],[-79.345657992170146,43.750772735402066],[-79.345540191999206,43.755047802906326],[-79.342727808784886,43.755682327431195],[-79.340871509785757,43.755430296054435],[-79.339915368000604,43.756316781712478],[-79.338673678160589,43.756298735345915],[-79.338990326005359,43.756078245531199],[-79.338996551426206,43.755853242851202],[-79.340567311043415,43.755200785510901],[-79.341846266330251,43.753868792592904],[-79.341920832465547,43.751168754845153],[-79.340704119462586,43.750250719614272],[-79.3403937281238,43.750246211922622],[-79.338518929653318,43.750669153768975],[-79.338183627077271,43.751564651231874],[-79.339089924077243,43.752478201498903],[-79.338437984923445,43.753594189814685],[-79.337500529844064,43.753805647532182],[-79.33749429926273,43.75403065012236],[-79.335333905551664,43.75354901071502],[-79.335042216993401,43.752869481160708],[-79.333490197810733,43.75284685632915],[-79.332900628166755,43.751712789859965],[-79.333533913568289,43.751271840873244],[-79.333267238424497,43.749692297947504],[-79.334242093099888,43.748130859525574],[-79.333273483898026,43.749467295669206],[-79.333279729299136,43.749242293381307],[-79.333006822197802,43.747887751893352],[-79.333019314237177,43.747437747244206],[-79.331404915825274,43.749665118259571],[-79.330467499502319,43.749876518991982],[-79.32894060808249,43.748953826118246],[-79.329232209424816,43.749633370289473],[-79.328592647685895,43.750299297042424],[-79.326730310704875,43.750272040890316],[-79.326724040543994,43.750497042386279],[-79.325197192692556,43.749574300247943],[-79.324435548604967,43.743485611348554],[-79.322604846921962,43.74233328424733],[-79.323567290933283,43.741221940413332],[-79.325131550159256,43.740794691846055],[-79.326664446340516,43.741492430794473],[-79.326943452925448,43.742621984309004],[-79.329134681453667,43.741978765493023],[-79.33067390926837,43.742451449561493],[-79.330965501023442,43.743130989860695],[-79.329053304338515,43.744903792040716],[-79.329351147961347,43.745358334101809],[-79.330592605757531,43.745376478161859],[-79.331182072861907,43.746510556059413],[-79.332417307611834,43.746753682906977],[-79.33272767964624,43.746758211973891],[-79.332733926501632,43.746533209641456],[-79.333373401626929,43.745867257910234],[-79.33246104220936,43.745178666625698],[-79.332808883117337,43.743833180902875],[-79.332225657653524,43.742474108382567],[-79.331003015925091,43.741780976073436],[-79.329761632167404,43.741762837649347],[-79.329817941430974,43.73973781759473],[-79.327974720025694,43.739035580384261],[-79.327037459551434,43.739246955814814],[-79.327360322615078,43.738801494840907],[-79.326758464934684,43.738117402111804],[-79.324896507304373,43.738090122079647],[-79.322984299611605,43.739862823885751],[-79.322053295222432,43.739849156487814],[-79.323028270962382,43.738287813282824],[-79.321501786087666,43.737365025761832],[-79.318645916171619,43.739573976857898],[-79.318322984897492,43.740019412039182],[-79.318012649961119,43.740014844413302],[-79.317702315097833,43.740010275945195],[-79.316765005737508,43.740221566241608],[-79.318677405555746,43.738448971777167],[-79.321862391316955,43.735569571832585],[-79.318056751865385,43.738439837866885],[-79.316821749985237,43.738196559109404],[-79.316232633127569,43.737062411222603],[-79.314991356241904,43.737044113941494],[-79.314662099827686,43.737714539374117],[-79.312147912094019,43.73880289826873],[-79.311229580576665,43.738339142523408],[-79.310957214452628,43.736984554723946],[-79.30970328055335,43.737416200282034],[-79.309969289574823,43.738995790561418],[-79.309329634450791,43.739661609047914],[-79.308392303230647,43.739872830277022],[-79.307480325361368,43.739184044923348],[-79.305612006344319,43.739381449812839],[-79.304959600543143,43.740497241765929],[-79.306498590413611,43.740970247951651],[-79.307093899821311,43.741879443369676],[-79.306143835527166,43.742540644358655],[-79.305795408024466,43.743886039621415],[-79.304541293131706,43.744317625082111],[-79.302083900007602,43.743380762681092],[-79.301501378837088,43.742021544587182],[-79.299341724014994,43.741539235321618],[-79.298746536438102,43.740630001424918],[-79.300006981158418,43.739973479924153],[-79.300089758219997,43.737048494555346],[-79.30415564021601,43.735983440252873],[-79.303281897055626,43.733944625960909],[-79.305188135413715,43.732397258254871],[-79.306739603888815,43.732420258896369],[-79.307334836238994,43.733329453048924],[-79.308867330473902,43.734027425218322],[-79.308822994509313,43.735602425533429],[-79.310697513548462,43.735179965693767],[-79.310102212287575,43.734270788221686],[-79.310748126036387,43.73337996342071],[-79.311995646115449,43.733173305097793],[-79.313211572916074,43.734091636027735],[-79.314800958622868,43.73276452373679],[-79.316966736167643,43.733021537342999],[-79.317258129256146,43.733701110466036],[-79.319094763028502,43.7346285177901],[-79.32035486425255,43.733971765524011],[-79.321893816088419,43.734444564105353],[-79.321900100824138,43.734219562531045],[-79.321906385486997,43.733994560947153],[-79.321614938128107,43.733314998843959],[-79.322254389435244,43.732649107586852],[-79.321652650228344,43.731964989179069],[-79.320417764910459,43.731721750936181],[-79.318214229454071,43.732814810639788],[-79.317346349609309,43.730551094630094],[-79.316428100866489,43.730087381414883],[-79.315174349927389,43.730519090478957],[-79.314845133540658,43.731189517784806],[-79.313318954759666,43.730266624775318],[-79.311742248984444,43.731143716512761],[-79.309899508485756,43.730441194358804],[-79.308316414652737,43.731543238114128],[-79.307094275320139,43.730849856747263],[-79.307740194802491,43.729959048566712],[-79.307132310324761,43.72949985658483],[-79.307176681153479,43.727924855957284],[-79.306258552939482,43.727461062728096],[-79.305321403384113,43.727672262110715],[-79.305334093879878,43.727222262256454],[-79.30691078579936,43.726345258224953],[-79.309696823013866,43.726611598091047],[-79.309342247798639,43.728182010945979],[-79.309943808260371,43.728866191741261],[-79.311482544291167,43.729339127523019],[-79.313052889009313,43.728687039179007],[-79.314560090598746,43.730284937976514],[-79.318644157637507,43.728544351734257],[-79.318650453244331,43.728319350301767],[-79.317725928753347,43.728080649126504],[-79.317434555646372,43.727401076909004],[-79.315579245739954,43.727148649180116],[-79.315287901277074,43.726469071846729],[-79.313711324773891,43.727346193392606],[-79.312482886982934,43.726877870406263],[-79.311893957140995,43.72574370111041],[-79.31350208671995,43.723741599162466],[-79.314439147855325,43.723530331081129],[-79.315977785776482,43.724003205107351],[-79.318478689084529,43.723364751366653],[-79.32032760799521,43.723842132298607],[-79.318795232061632,43.723144314700143],[-79.318484984173267,43.723139749748618],[-79.31787708321454,43.722680614198147],[-79.316940046642628,43.722891910915955],[-79.317598328886035,43.721551038997156],[-79.316072346939933,43.720628184541127],[-79.314812484658688,43.721284894812349],[-79.312875270349366,43.723957440531251],[-79.312558701784965,43.72417786034508],[-79.312552384287557,43.724402861236435],[-79.312235812169348,43.724623280081929],[-79.311925557695005,43.724618697203937],[-79.310690865062099,43.724375356607531],[-79.311020087758251,43.723704940650713],[-79.310108318813207,43.723016177890067],[-79.311064347768266,43.722129935259865],[-79.310773077304987,43.721450347061534],[-79.308614076958008,43.720968222178577],[-79.308664726733966,43.719168217348546],[-79.310855277160812,43.718525335889176],[-79.311494683435001,43.717859502579806],[-79.31060196514882,43.716495741404422],[-79.313710403393486,43.716316560174455],[-79.314989090885859,43.714984855439212],[-79.314393914652399,43.714075699428044],[-79.312545343865338,43.713598227314975],[-79.313830307156962,43.712041532974176],[-79.31354536151153,43.711136949439535],[-79.311082842901911,43.710425296462851],[-79.311424617064361,43.709304873810844],[-79.314501146354985,43.71025067240393],[-79.315767079204576,43.709368958816832],[-79.314868077853916,43.708230231348779],[-79.313025993452911,43.707527767685072],[-79.313355092263876,43.706857341186428],[-79.313671564813475,43.706636917000949],[-79.314298195951977,43.706421067667044],[-79.31460835693224,43.70642564259974],[-79.31549472168048,43.708014375709453],[-79.317665908921086,43.708046360766609],[-79.318305125913795,43.707380485152072],[-79.317703676423747,43.706696347846211],[-79.318342878193548,43.706030471630747],[-79.318045304483533,43.705575902351327],[-79.319292221968936,43.705369153672237],[-79.319931391860038,43.704703267909451],[-79.319336237106853,43.703794136509565],[-79.318101937100124,43.703550881567956],[-79.318127105255968,43.702650872080902],[-79.32153867294555,43.702701032370967],[-79.322177789080826,43.702035132884269],[-79.321886482506898,43.701355570267793],[-79.323127027237547,43.701373780921749],[-79.323772381843895,43.700482868768304],[-79.327797846597591,43.700766940323973],[-79.328107980574302,43.700771478162068],[-79.328418114623517,43.700776015159072],[-79.327190093979766,43.700307855088397],[-79.326911254858302,43.699178297216626],[-79.32628474314383,43.699394217931889],[-79.325366891747407,43.698930580667941],[-79.325081827762588,43.698026022119137],[-79.325720854010854,43.697360100859136],[-79.324499190971054,43.696666909632775],[-79.325144472853083,43.695775987883884],[-79.327017635185513,43.69535323564314],[-79.326149919393444,43.693089575613477],[-79.324289356019619,43.693062307885008],[-79.321858814729993,43.691225877949968],[-79.322504074428977,43.690334969987475],[-79.324687160904091,43.689916804444096],[-79.32409207296574,43.689007696755837],[-79.32252289258571,43.689659959796565],[-79.32131397499758,43.688516729981508],[-79.320079977906914,43.688273500712498],[-79.318504487631202,43.68915071131179],[-79.318156681681444,43.690496165798123],[-79.31721385823792,43.690932476824635],[-79.316599990240064,43.690698340136493],[-79.31626472486775,43.691593782435184],[-79.315005482594245,43.692250507908234],[-79.313461350451391,43.692002633821026],[-79.31225887353591,43.69063430842661],[-79.31163871517596,43.690625147587276],[-79.311936169469121,43.691079732709895],[-79.311297061849402,43.691745576182974],[-79.30943655421882,43.691718067368136],[-79.308563227549072,43.689679285840157],[-79.306418044186259,43.68874713231525],[-79.305139745601096,43.690078752988086],[-79.306025630414297,43.691667555927381],[-79.304418145824684,43.693669573341687],[-79.305000298762238,43.695028781053651],[-79.304354730384574,43.69591958441751],[-79.303107963509632,43.696126172760763],[-79.301899295103752,43.694982742663875],[-79.300646184515955,43.69541430507676],[-79.298197194454374,43.694252384423677],[-79.297602470258752,43.693343145274838],[-79.299178368059287,43.692466230288225],[-79.298292654625172,43.690877377237022],[-79.298628181537907,43.689981991874561],[-79.296432186363177,43.690849657195578],[-79.294616360441452,43.689246905824099],[-79.296224044175176,43.68724502823239],[-79.297160589040047,43.687033892260175],[-79.299001860067591,43.687736600852332],[-79.299938403596883,43.687525442093708],[-79.299951116574775,43.68707544032236],[-79.299660130053212,43.686395824612354],[-79.298084400821722,43.687272749854195],[-79.29594584178065,43.686115402815282],[-79.294389198922374,43.686317275325663],[-79.293471797692064,43.685853388116598],[-79.293187271609838,43.684948756880566],[-79.294763008195233,43.684071899006227],[-79.29385839446617,43.68315801448275],[-79.294833130263768,43.681596893943613],[-79.293251080155201,43.682698754519166],[-79.29202370952973,43.68223022559544],[-79.291739220761642,43.681325590842299],[-79.290789968827056,43.681986683792893],[-79.291972627421842,43.684030226558221],[-79.290694117637344,43.685361683064542],[-79.290972217990856,43.686491319734472],[-79.290332932338885,43.687157043445318],[-79.288782644190718,43.687133839116044],[-79.288194530975119,43.685999553819137],[-79.287574428110119,43.685990263203323],[-79.285029898924179,43.688203058606575],[-79.279410187744844,43.689469154662717],[-79.278441359648909,43.690805134614848],[-79.276225716592776,43.692347400239527],[-79.274978937193424,43.692553681385206],[-79.273770882490226,43.691409963089257],[-79.275372861852446,43.689633389902625],[-79.276309511956441,43.689422426758668],[-79.277904923741289,43.687870813545324],[-79.281024804124655,43.687242500907452],[-79.280113925901233,43.686553509351882],[-79.276089688045047,43.686267776590768],[-79.276063905751101,43.687167768999181],[-79.274190668297479,43.687589684760852],[-79.273551187866232,43.688255311177386],[-79.273841885704357,43.688934988426574],[-79.27320884363624,43.689375614786954],[-79.273493086597838,43.690280290465175],[-79.272543494580461,43.69094122515623],[-79.272840651735621,43.691395907160768],[-79.270631313597534,43.692713064059262],[-79.27123208498125,43.693397439563569],[-79.270902598786748,43.694067739677131],[-79.267775786767302,43.694920764338875],[-79.267439773615081,43.695816050255871],[-79.266496510936364,43.696251934875626],[-79.265494847212111,43.69871277918196],[-79.264551524849878,43.699148646540202],[-79.263330551826101,43.698454812619445],[-79.262090105945262,43.698435954012695],[-79.261192291307339,43.697296821778188],[-79.262161606989437,43.695960997688573],[-79.261205298372502,43.696846829930635],[-79.260895195425974,43.696842110911859],[-79.25712833448307,43.698360385038669],[-79.256798663456337,43.699030640834202],[-79.257709453129436,43.699719815519387],[-79.257373261987354,43.700615068154001],[-79.256746497593269,43.700830603086558],[-79.256429852618041,43.701050866831672],[-79.255803080415646,43.701266396440353],[-79.255492955581431,43.701261662387481],[-79.252721443884539,43.700544033795438],[-79.251448257704425,43.701650032339565],[-79.250207753792949,43.701631043690128],[-79.249561309735583,43.702521521652741],[-79.248947599839212,43.702287024376602],[-79.248004105015298,43.702722751889816],[-79.246473130043427,43.702023984949591],[-79.245206363669652,43.702904917354886],[-79.245477112862346,43.704259642154213],[-79.242105051844788,43.702857250069641],[-79.240521487603829,43.703958350847522],[-79.240481991663941,43.7053083096786],[-79.239855120240449,43.705523749928545],[-79.239538389628365,43.705743965222567],[-79.239531803075408,43.705968958195925],[-79.237334400615069,43.70683546105068],[-79.236991268340546,43.707955639442837],[-79.23881925818894,43.709109299710214],[-79.24006649405743,43.70890342162415],[-79.240370071586014,43.709133191140097],[-79.240706565977803,43.708237994896493],[-79.239795849633381,43.707548686762919],[-79.239525216446125,43.70619395115957],[-79.240792134869409,43.70531308480701],[-79.242323123901087,43.706011927788389],[-79.242600395078725,43.707141664567459],[-79.244705791248151,43.70942496872496],[-79.245260460660688,43.711684430755724],[-79.244000040232137,43.712340351307098],[-79.243993468854768,43.712565344558641],[-79.242158696062091,43.711636757363856],[-79.242455718212383,43.712091514667939],[-79.242449141114676,43.712316507742976],[-79.243327088655391,43.714130761550969],[-79.241743242650003,43.715231872553716],[-79.242020539855915,43.716361609530452],[-79.236747143637899,43.716280358367918],[-79.234918980974015,43.715126663309775],[-79.233064437996305,43.714872907375749],[-79.231797203099262,43.715753681284006],[-79.232087548518763,43.716433455885685],[-79.22897230392563,43.716835403445366],[-79.228325378415704,43.71772575085928],[-79.22769833463768,43.717941121015443],[-79.22738149367683,43.718161300278894],[-79.226747804797412,43.718601656026834],[-79.228635583628957,43.717730560051393],[-79.229559573105178,43.71796997386911],[-79.230153488553242,43.718879550118707],[-79.231750876769993,43.717328622559073],[-79.233579042603765,43.718482367992138],[-79.235743910526935,43.718740907330897],[-79.236034314253544,43.719420672562748],[-79.237915393979989,43.718774413688926],[-79.239426915804046,43.720148276105569],[-79.240053942901227,43.71993284133525],[-79.241268484163598,43.720851916936454],[-79.240278528084559,43.722862520794159],[-79.237486428083884,43.722819488156127],[-79.237433640688508,43.724619424288768],[-79.236793352807538,43.725284827290359],[-79.235856011564437,43.725495453402367],[-79.234945096934609,43.724806105106779],[-79.234318001008461,43.72502151049077],[-79.235525946741035,43.726165638233901],[-79.23518265895845,43.727285805131118],[-79.236403872458951,43.727979940925671],[-79.235756930400854,43.728870328594546],[-79.236034169287137,43.730000076682934],[-79.23445637655594,43.730876082944818],[-79.232924858192476,43.730177128263811],[-79.232357269155386,43.728367600755675],[-79.231136096067388,43.727673422409637],[-79.231783092303161,43.726783061671561],[-79.230601705009903,43.724738930971029],[-79.230278212176472,43.725184108700546],[-79.230271586497011,43.725409099783228],[-79.229631211897768,43.726074461067981],[-79.228093238476362,43.725600434984507],[-79.227149226571697,43.726035979780271],[-79.226819062277983,43.72670613769494],[-79.227723273954567,43.727620540153289],[-79.226759308700309,43.728731052760885],[-79.228277448059373,43.729880069756057],[-79.229855301509446,43.729004149768151],[-79.230469203102956,43.729238751920896],[-79.230455951222751,43.729688733802604],[-79.228264179473612,43.730330051054004],[-79.228231006663407,43.731455004129188],[-79.229769129625367,43.731929030456513],[-79.231023493882816,43.731498269597317],[-79.23221826174867,43.733092414119234],[-79.234390259564549,43.733125996159458],[-79.236113250580431,43.737879567242928],[-79.235789724184855,43.738324759094077],[-79.237691207140401,43.737003541824642],[-79.239229549537328,43.737477444003389],[-79.239236144465309,43.737252452311417],[-79.238932432728561,43.737022678536754],[-79.238939028664404,43.73679768686273],[-79.237777008697762,43.734078651249348],[-79.236859341631941,43.733614308245429],[-79.23691216279218,43.731814375511938],[-79.237836402201992,43.732053726045848],[-79.238780435429675,43.731618093668061],[-79.239117090032281,43.730722908002683],[-79.238522926083292,43.729813375881754],[-79.239770594900918,43.72960750901953],[-79.240727750446609,43.728721875186736],[-79.2401599374884,43.726912382269752],[-79.241763874814694,43.725136323653189],[-79.241169722889538,43.7242268047032],[-79.243374292554051,43.723135247643242],[-79.243420323779205,43.721560298125034],[-79.246232069399383,43.720928205323894],[-79.246819704794646,43.722062692405835],[-79.248965100928388,43.722995964159495],[-79.25175722629308,43.723038716540565],[-79.25143389784391,43.723483957083531],[-79.252687936113915,43.723052952185036],[-79.253599032872245,43.723742162179882],[-79.254839995190636,43.723761121600958],[-79.255414757469808,43.725345555302432],[-79.254457869880341,43.726231317210036],[-79.256009137908791,43.726255003792069],[-79.256590480724384,43.727614437703053],[-79.257211002690852,43.727623903520374],[-79.257224053327789,43.727173915021133],[-79.258478129938965,43.726742847425626],[-79.258504211137264,43.725842869642761],[-79.260385264198035,43.725196240815428],[-79.259790826764885,43.724286814000962],[-79.260120612181353,43.723616554164103],[-79.261064355164706,43.723180732124334],[-79.262602541448217,43.723654317846673],[-79.262311816103789,43.722974615275696],[-79.262951800503402,43.722309063877596],[-79.264205735378198,43.721877930683128],[-79.265129938920509,43.72211706007694],[-79.265136433388022,43.72189206466885],[-79.265142927780275,43.721667069251076],[-79.263385550778693,43.718038869460081],[-79.263411550610186,43.717138887957049],[-79.264969085400466,43.716937453568008],[-79.265285785366913,43.716717167615435],[-79.265595991512541,43.716721876414979],[-79.267786886565062,43.716079826619939],[-79.268097089833404,43.716084528577618],[-79.270281462503618,43.715667426198337],[-79.270856563687786,43.717251789836304],[-79.272084468582946,43.717720552520703],[-79.273028033982484,43.717284628250603],[-79.273364094517405,43.716389329730312],[-79.274928037208056,43.715962761954785],[-79.27623336737372,43.713731517125744],[-79.275328607784502,43.712817487715469],[-79.276284973497454,43.7119315403896],[-79.275987693412532,43.711476866796517],[-79.276911788205936,43.71171589942832],[-79.278178290806238,43.710834612165939],[-79.277325111512283,43.708120619020079],[-79.275819452505928,43.706522248615947],[-79.27706652043679,43.706315963528205],[-79.27764171981265,43.707900296973989],[-79.278559325955712,43.708364313116412],[-79.280116588207235,43.708162667331933],[-79.280762648456616,43.707272010848314],[-79.280174502760516,43.70613768734718],[-79.280814107426778,43.705472027786328],[-79.279289105967578,43.704548695591541],[-79.281472986071918,43.704131370223855],[-79.277731935275838,43.704750331721712],[-79.277725491799572,43.704975329302471],[-79.276801496320871,43.704736304642573],[-79.27468856693298,43.702678569979007],[-79.273448026518949,43.702659833196627],[-79.272847140347636,43.701975468452865],[-79.273176651149399,43.701305163979477],[-79.271942604340111,43.701061414214109],[-79.271341750948224,43.700377041919147],[-79.271677734003816,43.699481744669491],[-79.272931128103238,43.699050505121889],[-79.272640395344368,43.698370826067404],[-79.273622391976318,43.69658490633639],[-79.274565610165155,43.69614896214015],[-79.27579956832912,43.696392682281136],[-79.276387541272058,43.697527027213461],[-79.277014203865164,43.69731138267781],[-79.279159215512962,43.698244084445541],[-79.27912703138233,43.699369074381885],[-79.277563551963539,43.699795708454538],[-79.277841462948118,43.70092537137225],[-79.279695789418696,43.701178397062655],[-79.279392097532622,43.700948729913719],[-79.279702224673329,43.700953399098957],[-79.280955594997721,43.700522071181823],[-79.281873116745686,43.700986059847139],[-79.284399063758798,43.699448346116043],[-79.284904266124514,43.700628793021245],[-79.283410913400715,43.701459360514178],[-79.284555174790242,43.704852965658034],[-79.285459960879351,43.70576692355958],[-79.287921969883541,43.706479121230117],[-79.289136993578353,43.707397697592015],[-79.28849745845045,43.7080634047092],[-79.288788415150663,43.708743046026086],[-79.28687612175915,43.710515150083047],[-79.288097614920545,43.711208739475069],[-79.288685958006482,43.712343024496761],[-79.290857271367727,43.712375521315337],[-79.290825290194618,43.713500515350106],[-79.289571713804008,43.713931947319267],[-79.289539706845147,43.71505694029171],[-79.288583481861181,43.715943000499074],[-79.290102513666753,43.717091212521254],[-79.289766696683699,43.717986564201084],[-79.290367932610337,43.718670843912676],[-79.293159918111243,43.718712581655673],[-79.294349726453049,43.720531101538931],[-79.296521341903016,43.72056349556096],[-79.296185598950885,43.7214588668323],[-79.296786942525216,43.722143114128286],[-79.295210219351446,43.723019978453358],[-79.295779665629041,43.72482922547831],[-79.294215629341181,43.725256076700404],[-79.293879823848229,43.726151439499326],[-79.294785064614672,43.727065327860267],[-79.296646651812793,43.727093092877368],[-79.297241679507025,43.72800233707266],[-79.297862218743006,43.728011582265509],[-79.297526450583831,43.72890695600428],[-79.298127881559452,43.729591196853264],[-79.299362625635595,43.729834673921687],[-79.300616470385961,43.729403139940004],[-79.301211580596828,43.730312364458705],[-79.301832144960855,43.730321588484095],[-79.302110637284855,43.731451196324812],[-79.301477340022004,43.73189197224805],[-79.301768551575123,43.732571582065027],[-79.299241618286317,43.73410965579037],[-79.298000413291874,43.73409117497792],[-79.297670985956472,43.73476154894778],[-79.293688156213832,43.732901394400976],[-79.291496903394346,43.733543933565315],[-79.290908311668744,43.732409662780697],[-79.289369668347859,43.731936451510869],[-79.288102871518262,43.732817855104734],[-79.288969672497913,43.735081774869556],[-79.287392493097201,43.735958521956903],[-79.284599714861301,43.735916630275653],[-79.283326334210543,43.737022974834275],[-79.283630219486199,43.737252633386717],[-79.282382526340555,43.737458978837623],[-79.284554739902589,43.737491610194617],[-79.285770323394132,43.738410227053052],[-79.285123987172923,43.739300902914053],[-79.283255602457871,43.739497940934257],[-79.283527351338222,43.740852584119807],[-79.28194994065116,43.741729251424488],[-79.281025366550949,43.741490252803878],[-79.280430459740984,43.740580928052431],[-79.279176241042975,43.741012233450626],[-79.279169794819907,43.741237229769489],[-79.279480129810167,43.741241902959366],[-79.278833669620127,43.742132540770442],[-79.279124669165739,43.742812203731432],[-79.28095452898242,43.743965213975891],[-79.281581665632544,43.743749553787062],[-79.282170184147276,43.744883869393185],[-79.28339873931759,43.745352519063033],[-79.284982651519002,43.744250836627685],[-79.283824827513158,43.74130723918686],[-79.285053323851926,43.741775870354473],[-79.286301098884408,43.741569497207138],[-79.288227250100547,43.739347433625234],[-79.289164638827089,43.739136378846553],[-79.288835084237164,43.739806724700472],[-79.289708412613734,43.741845640833382],[-79.288454230676024,43.742277048655268],[-79.288124649890605,43.742947391693903],[-79.289295533869989,43.745440954057891],[-79.287762988152224,43.744742719649615],[-79.286825506724853,43.744953761212088],[-79.285222334451632,43.746730459794634],[-79.285507003554272,43.747635104326051],[-79.287964298956751,43.748572321233809],[-79.289528989446865,43.748145567944093],[-79.291010412289467,43.750643759026637],[-79.292872726482841,43.750671597367777],[-79.292232756337143,43.751337313693369],[-79.292517551306133,43.752241942141993],[-79.29156076024546,43.753128012765529],[-79.292472758378494,43.753816924061141],[-79.292447160787518,43.754716913517129],[-79.2942968173884,43.755194725597754],[-79.295500126317805,43.756563239636129],[-79.296424991975258,43.756802125238245],[-79.297989842256413,43.756375259176707],[-79.29921238392744,43.757068741714633],[-79.300156386613622,43.756632603140972],[-79.300492283669811,43.755737227727415],[-79.302671540269912,43.755544527067016],[-79.30362185214149,43.754883360361752],[-79.302956511364286,43.756449131735103],[-79.302950150772332,43.756674130235318],[-79.30263973223731,43.756669519484454],[-79.302291134729742,43.758014898257862],[-79.30286109474055,43.759824108227157],[-79.2997440032876,43.760227953734038],[-79.299084874706153,43.761568700660881],[-79.299686639405124,43.762252935172178],[-79.300922058072928,43.762496405095284],[-79.299933353288452,43.764507533229981],[-79.301396489865951,43.76768058982794],[-79.304152618070731,43.769072083926737],[-79.303214807373976,43.769283253881575],[-79.301579595724846,43.772185161253383],[-79.30004622855067,43.77148708132556],[-79.298772352108102,43.772593583791206],[-79.296896578316293,43.773015824896035],[-79.294742250302519,43.772308416581083],[-79.29316415738414,43.773185223272918],[-79.292239055001289,43.772946308016564],[-79.290977824122947,43.7736027274644],[-79.289361149509162,43.775829457572158],[-79.289044217064969,43.776049804415372],[-79.289037799958706,43.776274800512894],[-79.287142573543321,43.777371866038919],[-79.285414480993722,43.772619010963304],[-79.285718550445125,43.772848665678943],[-79.286022622222603,43.773078319614555],[-79.286326696326185,43.773307972770105],[-79.286637198273738,43.773312629223021],[-79.28694770029584,43.773317284832778],[-79.285116844828636,43.772164359678698],[-79.282924058550051,43.772806705140241],[-79.280808592868766,43.770749064266923],[-79.281073959695718,43.772328702905384],[-79.279812623694625,43.772984997363217],[-79.27980617266428,43.773209992494046],[-79.279799721559158,43.773434987615232],[-79.280110223101829,43.773439661810492],[-79.282872541856861,43.774606668911233],[-79.283752572841024,43.776420628247536],[-79.280628054385772,43.777048930049368],[-79.284677692429241,43.776659612410562],[-79.285311592902005,43.776218942702606],[-79.286236716010293,43.776457914299598],[-79.28683847613091,43.77714221482308],[-79.28650224674837,43.778037541571848],[-79.284619787204946,43.778684572099841],[-79.283643133169292,43.780245549756032],[-79.284911017102559,43.779364220140586],[-79.284904583755221,43.779589215620817],[-79.285170090599195,43.781168844811539],[-79.286095288850532,43.781407818597302],[-79.286988364191586,43.782771763096768],[-79.286658530556252,43.78344209343588],[-79.285125059567193,43.782743812685155],[-79.283248876984658,43.783165822207742],[-79.28234943854649,43.782026844946863],[-79.280486161587405,43.781998819284389],[-79.279276253257137,43.780855144955787],[-79.27771709447039,43.781056745663307],[-79.277432400626225,43.780152086116466],[-79.276209655929904,43.779458369590749],[-79.274954586797762,43.779889611924112],[-79.274611692144077,43.781009894313641],[-79.272767891863737,43.780306761029379],[-79.270283606937411,43.780269179627872],[-79.269999029175381,43.779364503351715],[-79.269080423042297,43.778900407081352],[-79.26752128539421,43.779101868974763],[-79.266570193083467,43.779762719751545],[-79.26569714511308,43.777723643599053],[-79.263847041927704,43.777245362534778],[-79.26257890161763,43.778126454294053],[-79.263451848243292,43.780165552477477],[-79.262216232800284,43.779921674557862],[-79.261271592358725,43.780357487252658],[-79.261232457912101,43.781707442930355],[-79.25997071122579,43.782363510397055],[-79.260255149708016,43.783268208922003],[-79.259634051481385,43.783258750132291],[-79.261781812645765,43.784191811419703],[-79.262765614421795,43.782406039464824],[-79.264033844540464,43.781524947720477],[-79.26405989228671,43.780624975941386],[-79.265004517468199,43.780189139943559],[-79.266240150678598,43.78043298797305],[-79.266531178668401,43.781112679361179],[-79.268064384161619,43.781811205622731],[-79.269934133129283,43.781614440076879],[-79.270852786998375,43.782078530067352],[-79.271143875038973,43.782758210512689],[-79.270496825788328,43.783648785501732],[-79.269558675737414,43.783859672934952],[-79.270425449592921,43.786123714634762],[-79.269150717606379,43.787229869915834],[-79.270373533912675,43.787923662360946],[-79.270955758018758,43.789283024409386],[-79.275019221942031,43.788444077193006],[-79.27474101071364,43.78731441817196],[-79.273485765307854,43.787745640915944],[-79.271318231504495,43.787487775830556],[-79.270716550950581,43.786803395952354],[-79.271046581031783,43.786133115266701],[-79.272308291002531,43.78547692519151],[-79.276682036854538,43.784642609226744],[-79.276384410785084,43.784187936215787],[-79.277024915926731,43.78352232101075],[-79.278584141112105,43.783320730926164],[-79.279496435210135,43.784009747422502],[-79.281676776805554,43.783817466163889],[-79.282893231841967,43.784736121201789],[-79.280654804154452,43.786953377702993],[-79.281845518230142,43.78877202301188],[-79.28151559245498,43.789442336342148],[-79.279632719746985,43.79008927669328],[-79.278125009796895,43.788490923744909],[-79.277782119851352,43.789611214199866],[-79.276837433634697,43.790047154251305],[-79.276222728052218,43.789812790387472],[-79.275562732012077,43.791153380927774],[-79.273369148289987,43.791795527815189],[-79.273647351706558,43.792925189244954],[-79.275200359602579,43.792948643599374],[-79.275491546191645,43.793628313409052],[-79.276733968130969,43.793647058770226],[-79.27824822765723,43.795020436142039],[-79.275070888783574,43.797448517691713],[-79.274734361340862,43.79834380198438],[-79.275989822536161,43.797912569792516],[-79.277504169408971,43.799285957537158],[-79.281257600256637,43.798442116080714],[-79.283386916691185,43.800049766400249],[-79.283050496894134,43.800945076596783],[-79.280507250400447,43.802932651485449],[-79.278934596366398,43.803584246543494],[-79.277387776890521,43.803335844796386],[-79.277381309926881,43.803560838441292],[-79.276455809421478,43.803321789916609],[-79.275860388551379,43.802412441832267],[-79.274300656673404,43.802613985762285],[-79.273083981944836,43.801695238172485],[-79.274378391451307,43.799914065314844],[-79.274410777748614,43.798789098051273],[-79.273148805258771,43.799445305642372],[-79.272223385757172,43.799206223988385],[-79.270748107170832,43.796482809625431],[-79.270741616839828,43.796707802754021],[-79.269188515242035,43.796684286219509],[-79.267583397011521,43.798460690331659],[-79.265441548265457,43.797302737921761],[-79.263571295894621,43.797499421062135],[-79.262665509122371,43.796585286416956],[-79.260788743798301,43.797006916283912],[-79.260749575748036,43.798356867668517],[-79.259487467702925,43.799012922059298],[-79.259428666545588,43.801037846892733],[-79.260023822354938,43.801947276467622],[-79.257492868144084,43.803484342450112],[-79.257453617024609,43.804834289934583],[-79.258676646727466,43.805528209259144],[-79.258637419468911,43.806878157108819],[-79.257672697226923,43.807988904145297],[-79.25705788802756,43.807754436047922],[-79.256112766279685,43.808190196128088],[-79.25511521628269,43.81042587417695],[-79.2584739431651,43.812502936067858],[-79.258421620733415,43.814302864058028],[-79.260227074491439,43.816356186197872],[-79.262078344760852,43.816834542304818],[-79.263645005791787,43.816408181049326],[-79.264538061229629,43.817772293225495],[-79.265774462684746,43.818016157560429],[-79.265761434842887,43.818466140923121],[-79.263890520391328,43.818662817680583],[-79.263249483656338,43.819328346680017],[-79.263521084098528,43.820683017818581],[-79.262238943511122,43.822014066460873],[-79.262530112897537,43.82269376590088],[-79.265605077158312,43.823865938259658],[-79.266200543681023,43.824775337477099],[-79.267747862940581,43.825023898190125],[-79.268026094540446,43.826153567813151],[-79.269553952809176,43.827077079844422],[-79.270479788160614,43.827316188931306],[-79.271735892434279,43.826885016104661],[-79.272635773324538,43.828024076131506],[-79.271670953977704,43.829134936115828],[-79.271962263285815,43.829814613035985],[-79.273503250937594,43.83028809015881],[-79.274707532823697,43.831656822983049],[-79.275633460322823,43.831895891618352]],[[-79.281590405178505,43.830184921373963],[-79.280334298510184,43.830616202351486],[-79.277575954338332,43.829224110567928],[-79.277601841981777,43.828324139894484],[-79.276047915213582,43.828300703232109],[-79.274222111760182,43.826922597477662],[-79.27486959396839,43.826032014632169],[-79.276747183402392,43.825610168801205],[-79.275879644586368,43.823346176730745],[-79.274319365380762,43.823547711248409],[-79.272105097259697,43.824864787566334],[-79.26932770608397,43.8241474789086],[-79.267832460896159,43.822099005936039],[-79.265980980307987,43.821620740054122],[-79.266013548807138,43.820495782067397],[-79.267897527564159,43.819849087706103],[-79.269192498711973,43.818067988058012],[-79.270131189428298,43.817857113704484],[-79.272273854046958,43.819014987801211],[-79.27286288933999,43.820149346322516],[-79.272221934303701,43.82081492688603],[-79.272519701690541,43.821269610426739],[-79.27439715609124,43.820847800700264],[-79.27505752601131,43.819507229382687],[-79.276313433339212,43.819076002423053],[-79.277232703570391,43.81954004845467],[-79.277511092590771,43.82066969853328],[-79.278767007736008,43.820238444792778],[-79.279686315158827,43.820702471593499],[-79.27997121675287,43.821607123091169],[-79.281512061917567,43.822080490403991],[-79.2814991504342,43.822530477177565],[-79.28212711627296,43.822314830302922],[-79.283046481950805,43.822778830848627],[-79.283629309700316,43.824138130618977],[-79.282308811566821,43.826819370284028],[-79.283551926174354,43.826838052702591],[-79.284141249274185,43.827972356332765],[-79.282244270410573,43.829069302833389],[-79.281590405178505,43.830184921373963]],[[-79.302030117105787,43.811132720475342],[-79.303260175895275,43.811601175906581],[-79.304420211114348,43.814544579130391],[-79.305346002197155,43.81478340525419],[-79.306607961301253,43.814126843187417],[-79.307844473274017,43.814370253879467],[-79.308446851012235,43.815054446364236],[-79.307768207172529,43.817070214609934],[-79.310564798620646,43.81711160069429],[-79.312987297684685,43.819398303217298],[-79.312004337849046,43.821184510947404],[-79.310139814763986,43.821156949285019],[-79.307939116143046,43.822024741636511],[-79.304857013765314,43.821078692794153],[-79.303956612406949,43.81993987704422],[-79.298952732037975,43.820990940815662],[-79.297405373851504,43.820742802204528],[-79.29680306884579,43.820058553269249],[-79.297456536925907,43.818942839364013],[-79.30027235430326,43.818309491975327],[-79.300297891201794,43.817409508907673],[-79.299391243409573,43.81649565454078],[-79.299727515024358,43.81560029601301],[-79.300672449252872,43.815164172373713],[-79.302213302478307,43.8156372609348],[-79.300742648645951,43.812689216685861],[-79.301085256915044,43.811568856830348],[-79.302030117105787,43.811132720475342]],[[-79.307071260433659,43.80873152466507],[-79.307686283570263,43.808965726876217],[-79.307362882185174,43.809411118519293],[-79.307965206221638,43.81009531322043],[-79.310133733922058,43.810352497731394],[-79.310114696845702,43.811027489317958],[-79.311921852482314,43.813080022540092],[-79.310659972226688,43.813736644717785],[-79.31095165759389,43.81441622988747],[-79.309696086689598,43.81484784359909],[-79.309087346117934,43.81438865441519],[-79.309734174683086,43.813497861536646],[-79.309442507375493,43.812818273448094],[-79.308516729069254,43.812579480670671],[-79.307927082902751,43.811445294856718],[-79.306069227820146,43.811192674826316],[-79.307071260433659,43.80873152466507]],[[-79.337761142360534,43.811658134100639],[-79.336182606962041,43.812535522787663],[-79.336126369602397,43.81456052351259],[-79.335181694291748,43.814996944714842],[-79.33425577364703,43.814758358451023],[-79.333304822345468,43.815419763589482],[-79.331142266778258,43.814938015197463],[-79.330495736704023,43.815828933898963],[-79.327667771439266,43.816913031462633],[-79.327953385184884,43.817817575143295],[-79.32731305874772,43.818483475246303],[-79.325759347160883,43.818460718540578],[-79.326051226398462,43.819140267718439],[-79.325410864547038,43.819806156448053],[-79.323850824001184,43.820008371758341],[-79.322639328595656,43.818865138448956],[-79.321396354234906,43.818846883817429],[-79.321104529504197,43.818167323580489],[-79.319227465214524,43.818589907765919],[-79.318891465206789,43.819485327649367],[-79.317952908218217,43.81969660496938],[-79.317946589894305,43.819921602710714],[-79.316418144645425,43.818998727769255],[-79.316792111760364,43.816753329439941],[-79.314287264985907,43.81739167315645],[-79.31306967076091,43.816473339019353],[-79.313405739003301,43.815577936933259],[-79.314661299891469,43.81514628231821],[-79.31437589939749,43.814241708427211],[-79.315016320652887,43.813575881946193],[-79.315954790694178,43.813364627162457],[-79.317178688348747,43.814057932849337],[-79.317819076903305,43.813392090103925],[-79.319068248543871,43.813185383716956],[-79.319981462185439,43.813874088224161],[-79.321541353783829,43.81367192319923],[-79.32276532409449,43.81436517013212],[-79.323437136448518,43.812574301982828],[-79.32437556310191,43.812362977260285],[-79.323468616177593,43.811449308561883],[-79.323798205094519,43.810778870969905],[-79.324742893019632,43.810342543854063],[-79.326600809836648,43.810594861063102],[-79.327875011222062,43.809488060045382],[-79.329105247192956,43.809956240000957],[-79.330373119931394,43.809074409577399],[-79.333790760530107,43.809124300040601],[-79.335002280984725,43.81026741721201],[-79.33656203381598,43.810065044663489],[-79.337481649316985,43.810528611775062],[-79.337761142360534,43.811658134100639]],[[-79.320512922623209,43.806003712081079],[-79.321432348628235,43.806467405718998],[-79.322618384457812,43.808510644816856],[-79.322586891996735,43.809635638328757],[-79.321325198749776,43.81029238172728],[-79.321268463787547,43.812317367900526],[-79.320330027671986,43.812528666936757],[-79.320323719851956,43.812753665235782],[-79.31818031906333,43.811596679873439],[-79.317609450026751,43.809787546720834],[-79.315104904951966,43.810425913924611],[-79.31357040994196,43.80972800172546],[-79.313278715857379,43.809048422596277],[-79.314229779865983,43.808387185379239],[-79.313950745597651,43.80725761223497],[-79.314591094470472,43.806591786231927],[-79.31708916463694,43.806178425582274],[-79.318921669705972,43.807330858321841],[-79.319574583604236,43.806215006676965],[-79.320512922623209,43.806003712081079]],[[-79.326478625057845,43.803840333791541],[-79.328336349258038,43.804092619949181],[-79.330479687916053,43.805249415065482],[-79.33168480419765,43.806617565692626],[-79.331659748166331,43.807517564987478],[-79.330391927573586,43.808399410747683],[-79.329466128352593,43.808160787324852],[-79.328869848708422,43.80725170267133],[-79.327620831969327,43.807458518956395],[-79.328204539757195,43.808817608561135],[-79.326942923704536,43.809474415351225],[-79.326936641380769,43.809699414532325],[-79.324786926387219,43.80876755132801],[-79.322973152761534,43.806940213999766],[-79.32330272083621,43.806269777020937],[-79.324558016615384,43.805838008697776],[-79.32458946791408,43.804713013300791],[-79.326478625057845,43.803840333791541]],[[-79.346678305026145,43.80390931834016],[-79.346696393418483,43.80413972980481],[-79.346672097993078,43.804134319995612],[-79.346678305026145,43.80390931834016]],[[-79.360067964982989,43.802976824032761],[-79.362218043416718,43.803908029565235],[-79.363162351201836,43.803471378169291],[-79.364398892567181,43.803714177301181],[-79.36500182154559,43.804398081208305],[-79.364946573699697,43.806423114211874],[-79.362442643777783,43.807062529678667],[-79.361212195334716,43.806594705360688],[-79.359341919456995,43.806792956521484],[-79.359006586989807,43.807688506594097],[-79.357751488973562,43.808120656600664],[-79.357732989624282,43.808795664798751],[-79.358951130250901,43.809713532356852],[-79.35862193792407,43.810384077743436],[-79.356422314252612,43.811252822873044],[-79.355496361284693,43.811014408198652],[-79.353930458493792,43.81144204203931],[-79.35392427705608,43.811667044218837],[-79.351767867983526,43.81096068342336],[-79.350872902459002,43.809597221937359],[-79.352451150085628,43.808719625229642],[-79.353115828401172,43.807153568128641],[-79.355302995514776,43.806734889525167],[-79.356893441534453,43.805407223497227],[-79.358142323824666,43.805200084838219],[-79.3572411265272,43.804061673897394],[-79.357570297340573,43.803391131473475],[-79.360067964982989,43.802976824032761]],[[-79.340166713724159,43.803364727036318],[-79.34083164732327,43.801798744136924],[-79.341769847031514,43.801587272500768],[-79.342987594791168,43.802505305208655],[-79.344553335708767,43.802077818265602],[-79.345479105440972,43.802316319129766],[-79.346373843189127,43.803679820892221],[-79.346268295250212,43.807504847296514],[-79.345323804101255,43.807941355805511],[-79.344397948788441,43.807702852545923],[-79.343820099521665,43.80611883855132],[-79.341328426258144,43.806307785742945],[-79.339445633933963,43.806955711942095],[-79.339712681368695,43.808535231853021],[-79.338451193678836,43.809192167860772],[-79.338444954617955,43.809417168370928],[-79.336605756186472,43.808490042574959],[-79.335444238000804,43.805546939934828],[-79.333897110621606,43.805299298906803],[-79.333294532861601,43.804615236438721],[-79.334605995209202,43.802158353713736],[-79.335861126278971,43.801726458226639],[-79.337383204729022,43.802874074118321],[-79.338930285628663,43.803121667271732],[-79.339526680291058,43.804030701812572],[-79.338259048172432,43.804912638402129],[-79.340756900332678,43.804498756388533],[-79.340166713724159,43.803364727036318]],[[-79.302012696245825,43.800778267286866],[-79.304129929732213,43.802835534107487],[-79.303787433090847,43.803955906466577],[-79.302525661702148,43.804612441464307],[-79.304059894307528,43.805310498422777],[-79.304345099853748,43.806215096238581],[-79.303076914733708,43.807096632998196],[-79.300268037590072,43.80750506356123],[-79.298118830580975,43.806572706173206],[-79.296952855567881,43.803854238488164],[-79.297593352832678,43.803188509859744],[-79.299470072883068,43.802766274709079],[-79.298867918321037,43.802082037143087],[-79.299521141902048,43.80096630425566],[-79.302012696245825,43.800778267286866]],[[-79.263810235620156,43.79997905584316],[-79.266599458846997,43.800246496985878],[-79.267816003268081,43.801165311733591],[-79.266858050238085,43.80205114923568],[-79.267453329598837,43.802960541980148],[-79.266495341767012,43.803846375611052],[-79.268352782931998,43.804099633037382],[-79.268941605577737,43.805234010969045],[-79.267349253939486,43.806560420515673],[-79.269219779612044,43.806363680287554],[-79.270177769303814,43.805477824182546],[-79.27171163324617,43.806176309635802],[-79.274844242561485,43.80532328805829],[-79.276061016793037,43.806242017996823],[-79.275724450544189,43.807137303316821],[-79.274785947229134,43.807348227097492],[-79.275368447032676,43.808707566984054],[-79.276902455183119,43.809405984716101],[-79.277174327473645,43.810760629979974],[-79.278740727326678,43.810334056884329],[-79.27995766197634,43.811252747197294],[-79.279316882826762,43.811918371416709],[-79.279588819520882,43.813273011446206],[-79.278637302913168,43.813933952180008],[-79.278928623305433,43.814613613151657],[-79.277659891336967,43.815494857453245],[-79.275167663675788,43.81568235149463],[-79.274559185289519,43.815222982591237],[-79.272694884102904,43.815194813068764],[-79.271432542160923,43.815850993891786],[-79.269917930198417,43.814477524863513],[-79.269652706478098,43.812897873252915],[-79.268727095706311,43.812658760615761],[-79.267775472069786,43.813319609127561],[-79.267095488573048,43.815335114081044],[-79.266156827760142,43.815545964054984],[-79.266150315873801,43.815770955884325],[-79.264318599565087,43.814617690776622],[-79.264351191316294,43.813492732396689],[-79.262454327302734,43.814589354516599],[-79.260033979962571,43.812301613718951],[-79.260370810680996,43.811406379772045],[-79.261315954050957,43.81097058502521],[-79.261342069373313,43.810070619197212],[-79.26072069311094,43.810061161745026],[-79.26012544990499,43.809151735524182],[-79.260785999417919,43.807811247236437],[-79.261731082332886,43.807375447801682],[-79.260838239008976,43.806011314933329],[-79.260877415520795,43.804661365299857],[-79.261511789432959,43.804220837543831],[-79.260968816778302,43.80151148146799],[-79.263810235620156,43.79997905584316]],[[-79.351350742004897,43.803526649923953],[-79.351344552591314,43.803751652124369],[-79.35011426159096,43.803283710444788],[-79.349834569088173,43.802154213698692],[-79.348262660881417,43.802806775469826],[-79.347044824633755,43.801888797667075],[-79.348374263847717,43.798756740009566],[-79.349318586773492,43.798320202975937],[-79.350244319033678,43.798558664759611],[-79.349989415924469,43.796529158508477],[-79.350629252241703,43.795863121182208],[-79.351877954268744,43.795656047883305],[-79.355245481759098,43.797505306752718],[-79.356817176037225,43.796852644945169],[-79.357730589306058,43.79754105248152],[-79.359296100349354,43.797113359440601],[-79.360209546565272,43.797801747634502],[-79.36083698017444,43.797585658687396],[-79.361756600674809,43.798049031303854],[-79.36263321318981,43.800087422238732],[-79.361987312893874,43.800978531214263],[-79.360123370970598,43.800951794741614],[-79.358551602504733,43.801604500463895],[-79.35733979553082,43.800461627071982],[-79.355469700753147,43.800659817843027],[-79.354829864610309,43.801325881781949],[-79.352953552765157,43.801749033344791],[-79.352288934417501,43.803315091802673],[-79.351350742004897,43.803526649923953]],[[-79.308739438377941,43.793675106977496],[-79.309664927926136,43.793913894013741],[-79.310565063325427,43.795052665196941],[-79.310203708679595,43.796848054269702],[-79.312701397965,43.796434782831781],[-79.31391858868767,43.797353117348301],[-79.313582638623089,43.798248525452969],[-79.311078539389811,43.798886812689183],[-79.310425552808354,43.800002615888005],[-79.309487275383489,43.800213828782574],[-79.307946754564497,43.799740842583063],[-79.308859637493313,43.800429632186109],[-79.309734470699922,43.802468399777169],[-79.311623764871698,43.801595967937956],[-79.31315169857659,43.802518901398017],[-79.311864707157966,43.804075532836059],[-79.312162699330244,43.80453011782528],[-79.311211675567222,43.805191338880562],[-79.311782310897641,43.807000501586991],[-79.310203530866957,43.807877527839423],[-79.308973491041812,43.807409147236044],[-79.308415639345867,43.805149977516024],[-79.306570691788338,43.804447374243694],[-79.305385284468144,43.802403977282275],[-79.305765900949226,43.799933616703385],[-79.304238148720742,43.799010586964116],[-79.304884875495048,43.7981198177227],[-79.307395357208932,43.797256669311608],[-79.307433473637062,43.795906684682215],[-79.306812229163313,43.795897480177025],[-79.306216413093736,43.794988282926049],[-79.307173678456337,43.794102103093948],[-79.308739438377941,43.793675106977496]],[[-79.29088078846145,43.798811561674881],[-79.289327615945496,43.798788317931091],[-79.288447107671459,43.796974400223888],[-79.287223894781135,43.796280795851807],[-79.289171094491763,43.793383779052476],[-79.290115747528674,43.792947736646184],[-79.291345340388489,43.793416314196314],[-79.291681591286945,43.792520975731371],[-79.292626212915536,43.792084911982961],[-79.294153608295673,43.793008092302045],[-79.296334239726178,43.792815536150457],[-79.297855324031474,43.793963664441911],[-79.297461647676883,43.796883989012166],[-79.296491407510459,43.798220076210299],[-79.296776467791346,43.799124691594471],[-79.296136006425485,43.799790416655675],[-79.294887044106886,43.799996876001018],[-79.293961523966829,43.799757968917611],[-79.29337868012172,43.798398716345652],[-79.291844750835565,43.797700520036507],[-79.29088078846145,43.798811561674881]],[[-79.299497722033422,43.790836836832099],[-79.300423128984804,43.791075697544045],[-79.301323045612818,43.792214538552251],[-79.303807865615383,43.792251453220317],[-79.305024834190561,43.793169879562328],[-79.304048458389062,43.794731032656117],[-79.302793256894915,43.795162577794166],[-79.302761407160375,43.796287562455497],[-79.303661443976736,43.797426386033727],[-79.30239981093068,43.798082922564248],[-79.302393439006337,43.798307919354521],[-79.300865780777727,43.797384845776008],[-79.299312637144666,43.797361738319694],[-79.298710536796719,43.796677500213505],[-79.299687083487044,43.795116396022927],[-79.299401996243503,43.794211786889171],[-79.298476545589082,43.793972917310882],[-79.297880875527269,43.793063678655741],[-79.298514858416766,43.792622938140347],[-79.298229799647359,43.79171832618249],[-79.299497722033422,43.790836836832099]],[[-79.330899486574225,43.790174409654163],[-79.332439954351585,43.790647086064133],[-79.333036131170189,43.791556152856003],[-79.336750899441995,43.792060471756734],[-79.337347155722043,43.792969517096495],[-79.336079731119781,43.79385143434844],[-79.333284188044672,43.793810689705793],[-79.334172272308521,43.795399283080201],[-79.33382412763919,43.796744757003616],[-79.335371034925799,43.796992395864045],[-79.335973562710905,43.797676447415945],[-79.335637938223257,43.79857192553812],[-79.334382872372672,43.799003819826758],[-79.334326600763418,43.801028823511984],[-79.333369616234563,43.80191523447003],[-79.331816329288245,43.801892566872411],[-79.331486881285173,43.802563030805395],[-79.328989052350039,43.802976710530672],[-79.327758958963642,43.802508531074174],[-79.327175318454749,43.801149438892416],[-79.326218227990552,43.802035788206659],[-79.324043630337911,43.802003911523322],[-79.323409729511042,43.802444794436965],[-79.322179692339034,43.801976555734598],[-79.321894234419233,43.801071997811675],[-79.319700753569109,43.80171503543032],[-79.318483385815284,43.800796760351048],[-79.318533880535554,43.798996771609154],[-79.320112304231714,43.798119623216891],[-79.319509955726929,43.797435490891274],[-79.31984581284506,43.796540063740217],[-79.320783998456719,43.796328764130429],[-79.319877342349344,43.795415069221264],[-79.320206877471207,43.794744639413629],[-79.322717005969608,43.79388114800296],[-79.322114668431908,43.793197029129566],[-79.322450461193228,43.792301592679394],[-79.323388571483804,43.792090270319832],[-79.323718048232905,43.791419829088021],[-79.325277342078451,43.791217602738023],[-79.327432720482719,43.791924449608587],[-79.327724498743265,43.792603995784802],[-79.328656324393634,43.792617629959537],[-79.328053930378829,43.791933541376721],[-79.32838962730446,43.79103808574969],[-79.330899486574225,43.790174409654163]],[[-79.342410261661769,43.789666702008311],[-79.342658666026765,43.791921224676656],[-79.344783225664344,43.793752756522366],[-79.344137134117631,43.794643762415191],[-79.344429115340375,43.795323268819971],[-79.346591082237069,43.795804757798024],[-79.349405322043751,43.795170171505873],[-79.349995608863907,43.79630415617617],[-79.346237005372743,43.797375275713279],[-79.344683825900105,43.797352784834494],[-79.34403769247433,43.798243788988486],[-79.345255409307384,43.799161797514671],[-79.344901275085974,43.800732309536428],[-79.343658662632123,43.800714302909597],[-79.343329352967203,43.801384803324048],[-79.341465415916133,43.801357762365669],[-79.341148532784587,43.801578253713345],[-79.34083164732327,43.801798744136924],[-79.339874744730352,43.802685210802302],[-79.339564082179734,43.802680696590123],[-79.337700108395154,43.802653593591501],[-79.33739568790061,43.802424072813722],[-79.33709126973595,43.802194551252882],[-79.337097512305647,43.801969550611858],[-79.336811828115231,43.801065026390113],[-79.337756269251074,43.800628587014238],[-79.339334463339853,43.799751169490975],[-79.338452416655642,43.79793761326188],[-79.339999375596292,43.798185190192726],[-79.340943748301044,43.797748723167338],[-79.341273063241786,43.797078229325422],[-79.340372307867341,43.795939690758694],[-79.341621043550219,43.795732730160495],[-79.342267184293732,43.794841739438262],[-79.341664611200656,43.794157720067865],[-79.339813361587332,43.793680652940104],[-79.340465733736536,43.79256467081251],[-79.339565059121057,43.791426126333384],[-79.338012038967278,43.791403547207892],[-79.337732624082633,43.790274023069209],[-79.339919270315974,43.789855629736955],[-79.341142981142866,43.790548678207692],[-79.342410261661769,43.789666702008311]],[[-79.314551818414259,43.785882780206066],[-79.314532847293606,43.786557776229692],[-79.313290547753539,43.786539444114538],[-79.312650405692139,43.78720526828829],[-79.31351886131408,43.789469008781339],[-79.312561764205284,43.790355245175832],[-79.314089431523399,43.791278163455289],[-79.313753520825784,43.792173573565663],[-79.314957996107296,43.793541893283141],[-79.315877189551557,43.794005628837695],[-79.316815348213666,43.793794361317325],[-79.317113329603956,43.794248933960326],[-79.317398685657636,43.795153503187066],[-79.316771128470634,43.795369351549105],[-79.315858227973393,43.794680624358527],[-79.314298815852879,43.794882720066823],[-79.311858222480367,43.793271045382589],[-79.310913716909155,43.793707270026147],[-79.310298835368144,43.793473086911241],[-79.309443136552474,43.790759328700425],[-79.308219798399676,43.790065946544829],[-79.309557313707018,43.78670936486899],[-79.311427100645759,43.786511920634837],[-79.31175667752602,43.785841514933381],[-79.314551818414259,43.785882780206066]],[[-79.319539887028569,43.785280974156294],[-79.320446389378901,43.786194670760132],[-79.322918399841939,43.786681164972173],[-79.323793528149011,43.788719834054881],[-79.322805124986843,43.790731156638564],[-79.320922636140452,43.791378783883715],[-79.320003442081529,43.790915088740853],[-79.319718064743839,43.790010525069079],[-79.319096877415419,43.790001388310017],[-79.319382245293482,43.79090595338382],[-79.318120918544466,43.791562669220404],[-79.318114607047775,43.791787668092852],[-79.316884829127446,43.791319375714906],[-79.316599497346104,43.790414805039596],[-79.314431656833904,43.790157753559654],[-79.313842105345174,43.789023595751054],[-79.315116067249633,43.787916929442467],[-79.316364713721299,43.787710243348201],[-79.31703007875808,43.786144402057353],[-79.319539887028569,43.785280974156294]],[[-79.3416153730698,43.784703142458554],[-79.341292357251191,43.785148638036695],[-79.341304803383338,43.784698634439529],[-79.3416153730698,43.784703142458554]],[[-79.331833633125541,43.778933446607681],[-79.334292949579236,43.779869694133957],[-79.334199217815041,43.783244711030527],[-79.334820339967663,43.783253764603799],[-79.335155883919299,43.78235828540663],[-79.336100037910356,43.781921853857064],[-79.338863872854304,43.783087529000056],[-79.338826480759906,43.78443753838858],[-79.339435156767507,43.784896570202996],[-79.338782853360769,43.786012548905006],[-79.340018930043911,43.78625560536404],[-79.34060895516815,43.787389636032856],[-79.339347928994087,43.788046591483514],[-79.339012412874467,43.788942082624452],[-79.338074403374748,43.789153535050289],[-79.338068167259493,43.789378536309265],[-79.335608403877501,43.788442364411949],[-79.335012217181529,43.78753331043962],[-79.334384801078286,43.787749258112747],[-79.333465554407681,43.787285670233231],[-79.333496818304738,43.786160666059352],[-79.330447437238263,43.784090321179264],[-79.33110613318884,43.782749391134253],[-79.329217714999018,43.783622161937892],[-79.327379443010884,43.782694898473288],[-79.327410816026358,43.781569896881884],[-79.32897611029631,43.781142614972445],[-79.330895757722956,43.779144842539168],[-79.331833633125541,43.778933446607681]],[[-79.298132205014539,43.773259327973562],[-79.29966559378326,43.773957433758106],[-79.300552501564383,43.775546274563325],[-79.301496789762652,43.775110130834769],[-79.304278696397844,43.775601634817598],[-79.304246896234929,43.776726624208905],[-79.301097070210915,43.778255479517163],[-79.300748297832456,43.779600846105154],[-79.301654426060182,43.780514686655643],[-79.300057080578554,43.782066577262519],[-79.303504949743129,43.780992361695603],[-79.30292205729306,43.77963315298117],[-79.30450018429714,43.778756212883778],[-79.305723251522039,43.779449631758339],[-79.30661675023542,43.78081343001822],[-79.306287145713782,43.781483820975247],[-79.307503939623416,43.782402219648446],[-79.307174335661088,43.78307261300538],[-79.306236314387206,43.783283803896715],[-79.30621725142376,43.783958797333391],[-79.308067919170654,43.784436400492233],[-79.308663663681401,43.785345588458313],[-79.307370588899161,43.787127175712513],[-79.303282166425419,43.788867271768069],[-79.303275799858753,43.789092269025325],[-79.302046197420992,43.788623819472868],[-79.3017674741874,43.787494218028499],[-79.300208208184728,43.78769612389997],[-79.299289235072706,43.787232265316526],[-79.299282853891725,43.787457262172516],[-79.299587051078731,43.787686881489492],[-79.299580670913684,43.787911878362301],[-79.300150804987396,43.789721096057967],[-79.299206273946538,43.790157223692908],[-79.297659706715308,43.789909100140122],[-79.294192017140958,43.791658115937786],[-79.293266627665716,43.791419205031509],[-79.292994464583586,43.790064589173625],[-79.29178415556639,43.788921042317945],[-79.290231238453117,43.788897814994371],[-79.289590818331462,43.789563505100901],[-79.289875736833181,43.790468136647348],[-79.288607684253989,43.791349517075652],[-79.287054706839044,43.791326245573245],[-79.286414225216021,43.791991916599358],[-79.287307458055977,43.793355858880695],[-79.286654096634152,43.794471520994357],[-79.283839273707812,43.795104551213868],[-79.282558142460147,43.796435849974102],[-79.280060265892615,43.796848458960085],[-79.279477765759253,43.795489140438939],[-79.280428974096779,43.794828185703544],[-79.280435427656528,43.79460319135331],[-79.283250260201967,43.793970245154675],[-79.283580193239203,43.793299927414324],[-79.282408676464811,43.790806315059051],[-79.283961636641664,43.790829649472165],[-79.284615005884902,43.789714002246178],[-79.286827683798791,43.7883966499571],[-79.285928101131205,43.787257699474914],[-79.284698677239007,43.786789065894574],[-79.284433162584051,43.785209436893631],[-79.285992410066669,43.785007746063002],[-79.286956231840179,43.78389674095115],[-79.289427853883154,43.784383954043733],[-79.292876038024914,43.783310064970465],[-79.293497147644302,43.783319343121704],[-79.291057588265843,43.781707237703678],[-79.290113121468053,43.782143291724466],[-79.288573221493124,43.781670052908453],[-79.287984241716231,43.780535769393914],[-79.28926490366652,43.779204398711315],[-79.290519860298232,43.778772997195233],[-79.289348317697488,43.776279449849397],[-79.289995007418213,43.775388761109326],[-79.291243469766954,43.775182346306728],[-79.292757614510535,43.776555533420705],[-79.294297419190073,43.777028714637119],[-79.294627130630332,43.77635835955514],[-79.297447347333289,43.775500048263098],[-79.296864642636052,43.774140810489833],[-79.298132205014539,43.773259327973562]],[[-79.309075969862036,43.770720696341172],[-79.310590420635691,43.772093652909795],[-79.311826088595211,43.772337008504962],[-79.312421776140226,43.7732461777019],[-79.310843909038411,43.774123232250041],[-79.311439598445617,43.775032406341431],[-79.310793227442673,43.775923221733365],[-79.309544810294625,43.776129850994195],[-79.308321764141425,43.775436473026552],[-79.307668995527308,43.776552268162355],[-79.306731078557107,43.776763465024779],[-79.306724727609804,43.776988463161814],[-79.305495342333245,43.776520053360123],[-79.305546183894961,43.774720068990355],[-79.303727642645043,43.773117439824205],[-79.305014153350626,43.771560884624009],[-79.306877130018577,43.771588505215377],[-79.309075969862036,43.770720696341172]],[[-79.308486976963067,43.75855697248371],[-79.310330553147125,43.759259527802627],[-79.31121121002387,43.761073290073696],[-79.312744449314707,43.761771219167521],[-79.313606247458978,43.764259962182415],[-79.312028637528698,43.7651370385082],[-79.311363392667928,43.766702857851996],[-79.308258678555234,43.766656932597584],[-79.307314572739273,43.767093135786006],[-79.307308226120924,43.767318134373006],[-79.306079031930068,43.766849733224859],[-79.30579396897258,43.765945136362134],[-79.303943886356521,43.765467504422993],[-79.303652501916361,43.764787900912843],[-79.304919765053199,43.763906336878129],[-79.302797474437469,43.762074091351231],[-79.305674064581751,43.759190575500831],[-79.308486976963067,43.75855697248371]],[[-79.34888052248202,43.757797237194787],[-79.351010279697419,43.759403643894757],[-79.353512319598678,43.758764444494815],[-79.354741735637646,43.759232339151701],[-79.355009012250449,43.760811838987372],[-79.354369609320429,43.761477911418524],[-79.353432082468871,43.761689498526202],[-79.35220262730185,43.761221589337161],[-79.350638012867194,43.76164920172269],[-79.348489615671255,43.760717798349432],[-79.346974561823686,43.75934533237934],[-79.346682714392671,43.758665830676051],[-79.347322170440421,43.757999801825413],[-79.34888052248202,43.757797237194787]],[[-79.337109102336413,43.756726163315591],[-79.338654997761807,43.756973743193818],[-79.339250950599265,43.757882778885339],[-79.337661413122703,43.759210223731131],[-79.33920114931189,43.759682799647273],[-79.339530261779146,43.759012303526575],[-79.341082445076935,43.759034848849772],[-79.341988896256112,43.759948377463239],[-79.341641155952573,43.761293889272494],[-79.342578715233074,43.761082399469622],[-79.343795672097059,43.762000416998553],[-79.34249172483112,43.764232438939011],[-79.339374637453489,43.764637366048198],[-79.339368411541983,43.764862368424268],[-79.337834773880687,43.764164790820956],[-79.337549241310668,43.763260265371862],[-79.33661786723836,43.763246710883273],[-79.335344832470938,43.764353636210508],[-79.334419686847966,43.764115061660156],[-79.333848733822819,43.762305994610529],[-79.332613174638553,43.762062878674328],[-79.332321478643706,43.761383342978206],[-79.329546239028232,43.760667526141518],[-79.329254584300529,43.759987983118769],[-79.329900505530802,43.759097053767221],[-79.33304860122378,43.757567371636306],[-79.333973640916398,43.757805955856512],[-79.334296557110875,43.75736047744283],[-79.337109102336413,43.756726163315591]],[[-79.335290233530642,43.755124026982564],[-79.334973577545199,43.755344506441126],[-79.334979817856805,43.755119504190922],[-79.335290233530642,43.755124026982564]],[[-79.305084966291645,43.758056374206731],[-79.302956511364286,43.756449131735103],[-79.305212010280968,43.753556398491433],[-79.306155914878318,43.753120208483139],[-79.307080772978381,43.753359007787104],[-79.306789407324047,43.75267941127241],[-79.308056364330696,43.751797805762806],[-79.31053318901715,43.752059546821982],[-79.312047215974118,43.753432481311805],[-79.311698849481758,43.754777893233907],[-79.312269066786513,43.756587061337306],[-79.311299831877236,43.757923299180298],[-79.310045458306234,43.758354939941647],[-79.309120511301359,43.758116163401489],[-79.308525017433141,43.757206977918443],[-79.305084966291645,43.758056374206731]],[[-79.295598497459906,43.742158742948995],[-79.296503998504775,43.743072619603048],[-79.297441418806969,43.742861497519968],[-79.299588363900668,43.743793840370117],[-79.299866868476741,43.744923451454817],[-79.298606316690211,43.745579969145638],[-79.298903930564634,43.746034586832053],[-79.297636966545753,43.746916091489219],[-79.297294700737041,43.748036458125597],[-79.29886568868983,43.747384577320197],[-79.299771316611029,43.7482984293706],[-79.301323191392015,43.74832151016259],[-79.302488364548609,43.751039944296124],[-79.303710852925576,43.751733378395791],[-79.302431111581569,43.753064931883713],[-79.300258314562186,43.75303263116966],[-79.300245574602684,43.753482627800942],[-79.299307996440064,43.75369376997584],[-79.299301622789898,43.753918768159224],[-79.296533528094059,43.75297716246439],[-79.295931889568124,43.752292912381364],[-79.297573179190763,43.749166073614219],[-79.295704521006243,43.749363310557506],[-79.29419097425081,43.747990166327199],[-79.293259857749362,43.747976262360595],[-79.292347937027756,43.747287357975807],[-79.291093658266178,43.74771879282995],[-79.289573850699199,43.74657058687513],[-79.290233014907415,43.745229892226426],[-79.292418313395288,43.744812383499692],[-79.291519250721265,43.743673477650852],[-79.293426102625276,43.742126318737718],[-79.295598497459906,43.742158742948995]],[[-79.317664503649837,43.741360280967228],[-79.318322984897492,43.740019412039182],[-79.319576914670961,43.73958767194177],[-79.320793086715668,43.740505925152114],[-79.320755344063812,43.741855932197538],[-79.318545137875319,43.743173991500512],[-79.321319435905451,43.74389006257703],[-79.321914999669715,43.744799184396264],[-79.320958756917747,43.745685511216017],[-79.319711003429191,43.745892263286819],[-79.318723213719025,43.747903574172099],[-79.31686096043066,43.747876158398142],[-79.316848347145083,43.748326159294564],[-79.315910904280713,43.748537440147047],[-79.31590459397016,43.748762440464077],[-79.314682020183838,43.74806913520051],[-79.313738255914217,43.748505398304694],[-79.312509390130757,43.748037070270236],[-79.311926589398439,43.746677901849466],[-79.313218622177814,43.744896234677462],[-79.31231283603141,43.743982486221888],[-79.312002481582766,43.743977901949769],[-79.311996157637338,43.744202901994328],[-79.31040640063253,43.745529966810693],[-79.310045385019052,43.747325375062459],[-79.30878488982809,43.747982005780564],[-79.309373965619031,43.749116189447044],[-79.307207646624207,43.74885902371615],[-79.306263817353482,43.749295223936464],[-79.305547813752526,43.75266100624853],[-79.303799839263917,43.748583394542216],[-79.302571052732233,43.748114960847829],[-79.301937579237077,43.748555735285279],[-79.301633566569663,43.748326123793682],[-79.301639930241492,43.748101125117145],[-79.30321723214638,43.747224184933557],[-79.302951371457439,43.745644583411156],[-79.303578450565283,43.745428801534764],[-79.303533958292391,43.7470037943894],[-79.304452358914745,43.747467612504437],[-79.305700192707164,43.747261028518864],[-79.306954361794538,43.746829431411903],[-79.307302782553492,43.745484033135696],[-79.309177622122803,43.745061604110688],[-79.31016567935167,43.743050379213599],[-79.311103054724157,43.74283914424948],[-79.311166321317529,43.740589143867616],[-79.313034662564419,43.740391648499426],[-79.312376059840389,43.741732484888949],[-79.312977786326002,43.742416650906122],[-79.314212857619253,43.7426599721937],[-79.314200226793105,43.74310997288957],[-79.315479492225791,43.741778277706423],[-79.317664503649837,43.741360280967228]],[[-79.29178161118881,43.734448564988021],[-79.293313946356918,43.735146743163369],[-79.294510457280794,43.736740263533711],[-79.295454168769211,43.736304157664094],[-79.296378724721549,43.73654303935691],[-79.297575344620824,43.738136529037099],[-79.296263858885752,43.740593011216042],[-79.292850184984502,43.740542061669146],[-79.292843790073931,43.740767059616346],[-79.291311319203459,43.740068873535293],[-79.289830130882152,43.737570685988707],[-79.289874967696903,43.73599570174742],[-79.29178161118881,43.734448564988021]],[[-79.265124918135072,43.711537556655301],[-79.26571931717784,43.712446956903825],[-79.267276723157252,43.712245488744394],[-79.268194311933755,43.712709587567879],[-79.268168387692938,43.713609572049663],[-79.269415627033595,43.713403373598474],[-79.270333250259,43.713867455721065],[-79.270617553893132,43.714772136043088],[-79.269350858304463,43.715653335691314],[-79.263101342672357,43.717134173193664],[-79.261563317492886,43.716660596387236],[-79.262144700924779,43.718020004768505],[-79.260528531072879,43.72024635473538],[-79.258964380000663,43.720672721523478],[-79.257671301165146,43.722453764240029],[-79.256417309541035,43.72288482468894],[-79.255189427968062,43.72241589430471],[-79.255228617251049,43.721065928909155],[-79.25432407552168,43.720151737782984],[-79.254964115905736,43.719486231792651],[-79.25715521976646,43.718844389761564],[-79.256877626937666,43.717714685036512],[-79.259101225608461,43.715947830180191],[-79.261582836996183,43.715985610763468],[-79.26286265364206,43.714654508468179],[-79.262578467835553,43.713749810785906],[-79.263211848221758,43.713309250706516],[-79.262934163356974,43.712179558178086],[-79.263574022250921,43.711514000059751],[-79.265124918135072,43.711537556655301]],[[-79.262146685338649,43.707215507088115],[-79.262999164278142,43.709929602354144],[-79.261066563355271,43.712376247049804],[-79.259198952081036,43.712572905181759],[-79.25855903388117,43.713238437681191],[-79.259153348508093,43.714147870451733],[-79.258791024524697,43.715943103820848],[-79.255979636050498,43.716575512353096],[-79.255675960852727,43.716345782971722],[-79.255986163499728,43.716350517819251],[-79.255992690873285,43.716125523275764],[-79.257285676739983,43.714344496224946],[-79.256704436896612,43.712985064713209],[-79.257964736898245,43.712329001981196],[-79.257370457558153,43.711419563352031],[-79.256136273953288,43.711175640872],[-79.256776195859757,43.710510121794016],[-79.256201526888319,43.708925692777548],[-79.257151584480539,43.708264903663384],[-79.256860990113751,43.707585187744677],[-79.257797981950489,43.707374382762389],[-79.258398746324076,43.708058824073326],[-79.26055034490723,43.708766879855375],[-79.262146685338649,43.707215507088115]],[[-79.252616857840053,43.704143948904395],[-79.254451572549101,43.705072368186052],[-79.255026161525009,43.706656805637557],[-79.253449260840171,43.707533092522524],[-79.250850201675561,43.711545036749371],[-79.251761106663778,43.712234259448223],[-79.253008367893003,43.712028240529321],[-79.253925839598452,43.712492452063572],[-79.254216422495205,43.713172174730474],[-79.25232260559855,43.714268696871464],[-79.252302983325563,43.714943679372759],[-79.255068617414594,43.715886321877541],[-79.255662903559468,43.716795771955745],[-79.254402484028702,43.717451806814964],[-79.254680029083417,43.7185815168042],[-79.254020389157063,43.719922003941988],[-79.250891995770303,43.720774536277411],[-79.248429870807385,43.72006153988589],[-79.247829106014819,43.719377047422554],[-79.248165552250967,43.71848182984094],[-79.249419507292288,43.71805085909719],[-79.249135510470467,43.717146131620105],[-79.245142251804083,43.715734311004319],[-79.244548136578842,43.714824808896971],[-79.247385790034784,43.713292707697818],[-79.246514292152895,43.711253489371167],[-79.247160878813659,43.71036303229107],[-79.246593026892214,43.70855356544606],[-79.24755629550728,43.707442870131743],[-79.249113624283936,43.707241648238238],[-79.248222486673797,43.705877423619853],[-79.248552292476589,43.705207195578986],[-79.250756024129927,43.704115478622711],[-79.252616857840053,43.704143948904395]],[[-79.269396855947321,43.703273835727032],[-79.270630936689869,43.703517613481758],[-79.271231812127454,43.704201989541339],[-79.269926516190409,43.706433181145748],[-79.270184892833726,43.708237849211507],[-79.270818159461001,43.707797244666644],[-79.270850508448561,43.706672261317387],[-79.27304098094379,43.706030102674909],[-79.275761390562721,43.708547223827928],[-79.275425413025417,43.70944253189387],[-79.273861644736016,43.709869109813297],[-79.273835807866973,43.710769097436092],[-79.271638701369767,43.711636264678901],[-79.270417395121072,43.710942502377222],[-79.26855633348643,43.710914318412584],[-79.267961905481471,43.710004932228735],[-79.266398072708725,43.710431406828981],[-79.265183344236462,43.709512593878131],[-79.26584910433256,43.707947037860698],[-79.265228782546757,43.707937622288135],[-79.264634433428171,43.707028219666689],[-79.266217649312736,43.705926779224107],[-79.265939937443349,43.704797092230997],[-79.267206448081211,43.703915925822841],[-79.268440532291464,43.704159727282374],[-79.269396855947321,43.703273835727032]],[[-79.309740648219886,43.702977322709643],[-79.311614136908773,43.702554828911943],[-79.312829452860299,43.703473158505915],[-79.314380181327579,43.70349604346422],[-79.315886807750289,43.705093921878301],[-79.313044929257785,43.706852762817341],[-79.311804277965052,43.706834440928688],[-79.311133400173503,43.708625286007809],[-79.309873741204981,43.709281946346692],[-79.310443513749973,43.711091129507416],[-79.309481330090051,43.712202372303189],[-79.310690481222593,43.713345726842746],[-79.309424390103132,43.714227381024195],[-79.307563188886022,43.714199830523597],[-79.308164593767486,43.714884019693095],[-79.30781005730455,43.716454431360198],[-79.306227302413035,43.717556454116014],[-79.306176582517253,43.719356457188525],[-79.304916642562546,43.720013057153878],[-79.305499043555415,43.721372260646831],[-79.306733652104683,43.721615656129757],[-79.307335119011896,43.722299849865465],[-79.305745855547954,43.723626862447119],[-79.306670261472675,43.723865658859374],[-79.307569330264272,43.725004449116398],[-79.30630294350614,43.72588606224803],[-79.304751644033658,43.725863058396904],[-79.305030173394968,43.726992660523216],[-79.30345343754621,43.727869637783236],[-79.302225072549234,43.727401205670766],[-79.301642691915291,43.726041987119316],[-79.300395288559287,43.726248534475616],[-79.298565574997383,43.725095834897594],[-79.298901304707385,43.724200456931911],[-79.300471644585357,43.723548540987942],[-79.299598195056518,43.721509699249836],[-79.299946615476884,43.720164317977158],[-79.301200252305676,43.7197327735295],[-79.302409390260422,43.720876214164718],[-79.303352793712364,43.720440036899831],[-79.302757743900983,43.719530823091176],[-79.303137837683252,43.717060430105789],[-79.301554982826659,43.718162386367872],[-79.300637046211847,43.717698550339655],[-79.299073229508608,43.718125472159834],[-79.296927197467753,43.717193130715664],[-79.296591480913293,43.718088504092883],[-79.295648067568052,43.718524625501054],[-79.294723789707334,43.718285741753689],[-79.294128892150724,43.717376485159157],[-79.292584212720683,43.717128320807348],[-79.2919957514233,43.715994054796866],[-79.293274905359652,43.714662600779548],[-79.294211889901817,43.714451497121594],[-79.294243808784074,43.713326501288854],[-79.29580753182411,43.712899643746596],[-79.29614322860256,43.712004271609992],[-79.295852173536488,43.711324647776124],[-79.293680892458724,43.711292246456019],[-79.291256980482672,43.70923017526588],[-79.29189649835125,43.708564452534752],[-79.294390611821029,43.708151517355013],[-79.29471992038826,43.707481148061575],[-79.295973325643999,43.707049656333346],[-79.298112617186277,43.708207010975293],[-79.298055302378813,43.710232009196083],[-79.300226550117756,43.710264326802509],[-79.301707537061247,43.712762387090386],[-79.302327920465288,43.71277160549905],[-79.302049499720582,43.711641995987705],[-79.302688926433902,43.710976211585596],[-79.305474231501151,43.711242643203683],[-79.306113616494159,43.710576838904018],[-79.305822454339207,43.709897238585356],[-79.30456905642734,43.710328838341574],[-79.303341036590666,43.70986042253783],[-79.303385476306829,43.708285419567922],[-79.302777839871212,43.707826206855174],[-79.303132449447119,43.706255809839782],[-79.304069269945373,43.706044622343967],[-79.304404803001006,43.705149222275303],[-79.305347942171011,43.704713023131347],[-79.30720251449813,43.704965606011328],[-79.308151960766011,43.704304382217607],[-79.309392557543674,43.704322742908026],[-79.309740648219886,43.702977322709643]],[[-79.267594360614027,43.701220670749542],[-79.267277752321803,43.70144096517231],[-79.267284234074793,43.701215968691585],[-79.267594360614027,43.701220670749542]],[[-79.284980812946273,43.700807647979673],[-79.284904266124514,43.700628793021245],[-79.284987228353785,43.700582649377814],[-79.284980812946273,43.700807647979673]],[[-79.254219803776564,43.702367692283921],[-79.256429852618041,43.701050866831672],[-79.262367719607639,43.699565649870628],[-79.263285078856086,43.70002978524775],[-79.263569217048655,43.700934482348401],[-79.262619346664849,43.701595328750216],[-79.262580349830245,43.702945304064208],[-79.26039639340182,43.703362266919861],[-79.261274764754731,43.705176392393327],[-79.25969799191283,43.706052767911245],[-79.256642151357624,43.704430525734765],[-79.256674761634642,43.703305550173134],[-79.255427693590178,43.703511612660868],[-79.254219803776564,43.702367692283921]],[[-79.299645923775572,43.697875472201858],[-79.303955815018398,43.69906499592247],[-79.304550690183902,43.69997420361419],[-79.303284798747413,43.700855794858391],[-79.303253062804075,43.7019807984369],[-79.301689675826367,43.70240776415929],[-79.300164421425009,43.701484706163718],[-79.30076561821221,43.702168932291961],[-79.300417332815201,43.703514322128214],[-79.299474178211568,43.703950480381756],[-79.298239962023857,43.703707012135347],[-79.297897978447949,43.704827392906282],[-79.296328107074245,43.705479283064797],[-79.292049868500612,43.703164471272707],[-79.292372785719877,43.702719107540013],[-79.291771680497817,43.702034838788734],[-79.292411113751029,43.701369111024178],[-79.293658022986293,43.701162641972942],[-79.293702702692386,43.699587644518836],[-79.294645828265587,43.699151533153781],[-79.295879935777094,43.699395038643132],[-79.29652566708755,43.69850428634885],[-79.299645923775572,43.697875472201858]],[[-79.305544451282927,43.697737992847586],[-79.305227997476933,43.697958395128765],[-79.30523433653731,43.697733394043368],[-79.305544451282927,43.697737992847586]],[[-79.320207887549813,43.694803147800094],[-79.321714460485381,43.696400950686233],[-79.322961175397268,43.696194158376571],[-79.324176542751943,43.697112368975098],[-79.323847620282862,43.697782830543787],[-79.322594600847424,43.698214635075566],[-79.322544404809349,43.700014659421349],[-79.321601460757805,43.700451004063041],[-79.320677348955087,43.700212332367997],[-79.320348369772518,43.700882782610556],[-79.318791414876117,43.701084982232167],[-79.31633553676636,43.700148444496698],[-79.314544115028937,43.697645990181471],[-79.315816075483255,43.696539267587418],[-79.316163972660803,43.695193823005525],[-79.317106871193545,43.694757522158639],[-79.318024594189183,43.695221224045035],[-79.320207887549813,43.694803147800094]],[[-79.30877843847469,43.69305890133213],[-79.309373330719396,43.693968085051061],[-79.311214960221108,43.694670601776032],[-79.312461671653821,43.694463923976294],[-79.312790700739626,43.693793496574706],[-79.313714681451785,43.694032230210574],[-79.312740219191866,43.695593513254863],[-79.310854320880225,43.69646603326526],[-79.310493658390683,43.698261462724957],[-79.311708872125052,43.699179803215046],[-79.313563304427944,43.699432280746841],[-79.314816411295098,43.69900057680848],[-79.315424054531277,43.699459726221505],[-79.315417753193913,43.699684728421261],[-79.311664664406763,43.700754815476358],[-79.311620453102194,43.702329827266162],[-79.311614136908773,43.702554828911943],[-79.310373575165372,43.702536492919492],[-79.30974697151315,43.702752321297943],[-79.309753294733142,43.702527319876616],[-79.306322749474674,43.703151811053793],[-79.305759507243394,43.701117607158203],[-79.306708906946909,43.700456394198312],[-79.306715241021664,43.70023139303931],[-79.305493746012147,43.699538001548447],[-79.305531775405925,43.69818799508058],[-79.305848229358816,43.69796759196808],[-79.306158345409912,43.69797218912629],[-79.307424133708935,43.69709056394511],[-79.307139348819476,43.696185964879412],[-79.308101309766656,43.695074735355561],[-79.307512756227936,43.693940543817106],[-79.308158256244255,43.693049721207579],[-79.30877843847469,43.69305890133213]],[[-79.29143261570573,43.692125587479445],[-79.295096241755431,43.694206162125475],[-79.296589380985907,43.696254285433078],[-79.295323455584452,43.697135788391137],[-79.293798432716201,43.69621264838419],[-79.292868117956885,43.696198754231709],[-79.292532468269826,43.697094119768238],[-79.29315268715537,43.697103385348697],[-79.294051112193173,43.698242276352957],[-79.293411731132053,43.698908014488154],[-79.291228117574931,43.699325572899845],[-79.290550326785734,43.701341289972987],[-79.289290605178039,43.701997722999216],[-79.288935664014772,43.703568072650143],[-79.287998833094818,43.703779135906267],[-79.287992428235484,43.704004134736273],[-79.284632184739522,43.702152984318666],[-79.285601067665155,43.700816955159631],[-79.284140289027903,43.697643701125294],[-79.282867732759371,43.698750060885004],[-79.280690489195152,43.698942418516921],[-79.277944528107227,43.697325406142532],[-79.277388741060975,43.695066079213795],[-79.278344786459655,43.694180106835425],[-79.281471418844632,43.693326789708138],[-79.28270534979265,43.693570434886432],[-79.282996175590469,43.694250090370481],[-79.283926455427121,43.694264064375218],[-79.283958544109623,43.693139070598058],[-79.285844712851315,43.692266998747165],[-79.287395130839357,43.692290245079661],[-79.288603466239124,43.693433823705433],[-79.289843826317181,43.693452392910068],[-79.290179493766232,43.692557035048523],[-79.29143261570573,43.692125587479445]]],[[[-79.295062715198711,43.78289253068278],[-79.295049922991907,43.783342523739442],[-79.295043526777235,43.783567520253314],[-79.290638028288214,43.785527524505412],[-79.290301804371168,43.786422861335673],[-79.290903708012593,43.787107141692609],[-79.291829021453665,43.787346070673372],[-79.294332826706665,43.786708199632933],[-79.295296524436353,43.785597122399444],[-79.295917658518178,43.785606387778955],[-79.295277336835568,43.786272111731506],[-79.295568722554108,43.786951734305433],[-79.2964876617215,43.787415622301175],[-79.298363891773221,43.786993396302563],[-79.298693616361547,43.786323030757458],[-79.299289235072706,43.787232265316526],[-79.298719148471989,43.785423043371758],[-79.297470495020178,43.785629536466175],[-79.295322106865541,43.784697136488383],[-79.295379662991962,43.782672167624654],[-79.296013551596658,43.782231438732154],[-79.295411636021853,43.781547184585207],[-79.294790544129853,43.781537917134266],[-79.294764956545464,43.782437903295644],[-79.293497147644302,43.783319343121704],[-79.293807702565374,43.783323980932138],[-79.294435211098062,43.783108257571548],[-79.294745765078133,43.783112892815467],[-79.295062715198711,43.78289253068278]]],[[[-79.4122603114551,43.792009215851813],[-79.415079671111741,43.791147988449303],[-79.416005570429874,43.791385919925901],[-79.41660303407447,43.792294569823483],[-79.419398621872602,43.792333275406087],[-79.420593688904844,43.794150538266869],[-79.418999000606178,43.795704129495277],[-79.417750508299193,43.79591193994122],[-79.417398288927231,43.797482706585811],[-79.416454458993911,43.797919814137138],[-79.415223757763243,43.797452567295991],[-79.414901211489607,43.797898277296461],[-79.415504667895235,43.798581923179206],[-79.414865512111845,43.799248334035653],[-79.413616932596071,43.799456097851142],[-79.412655168789456,43.800568200576592],[-79.412965831647853,43.800572515945326],[-79.413276494575371,43.800576830469915],[-79.42359941969039,43.798018611825398],[-79.423910070980341,43.7980228972486],[-79.42422072233893,43.798027181827749],[-79.42269114795495,43.797105709117851],[-79.423019551455994,43.796434965708443],[-79.424590506124261,43.795781359834756],[-79.423998801888274,43.794647739302498],[-79.424643719381976,43.793756263864481],[-79.424022460856236,43.793747696821328],[-79.423424869791788,43.792839084036494],[-79.424063861408726,43.792172622112282],[-79.425933496000312,43.791973300799015],[-79.427457091215132,43.793119740720847],[-79.427093337242809,43.795140563950234],[-79.429584328391968,43.79494973476838],[-79.430797426462647,43.796091861894617],[-79.429531279771211,43.796974835118078],[-79.430469111348614,43.796762629033026],[-79.430785646993343,43.796541884432585],[-79.431096291704463,43.796546150209501],[-79.43390973133512,43.795909469401693],[-79.434560392454514,43.79479292447629],[-79.435187537863285,43.794576422592094],[-79.435181664946612,43.794801434398231],[-79.436101835146189,43.795264216734367],[-79.437350255982381,43.795056204569143],[-79.440239661777198,43.791494206191373],[-79.440825794750694,43.792852759812227],[-79.442689558310519,43.792878176388051],[-79.442982655833973,43.793557447633873],[-79.443908709247964,43.793795155075827],[-79.453596381503957,43.791675751051216],[-79.454551448703924,43.79078830270381],[-79.45426983263151,43.78965903101534],[-79.457076927287645,43.789246784765155],[-79.459596496542559,43.787930223368996],[-79.458998416634387,43.78702178868086],[-79.457451207626661,43.786775819659873],[-79.457784951577423,43.785879954033703],[-79.456887909330206,43.784517287236206],[-79.455358159353409,43.783596247457282],[-79.455053374234737,43.783367034234665],[-79.454742794237944,43.783362834571932],[-79.455346569261067,43.784046276235799],[-79.455024393015435,43.784492105993252],[-79.45654257835281,43.785863179251429],[-79.455271227106792,43.786971462369216],[-79.452803855066733,43.78626280197048],[-79.453085429276044,43.787392077278128],[-79.451819791232381,43.788275306380953],[-79.447822701014402,43.786645431771674],[-79.448086713247378,43.788449758262665],[-79.4492825842797,43.790266733966106],[-79.44801100544386,43.791374932096836],[-79.445824999194357,43.791795404652419],[-79.445819166757303,43.792020417707889],[-79.44428940282404,43.791099230575],[-79.444312754373271,43.790199178803952],[-79.445267932654716,43.789311809532343],[-79.445308768911687,43.787736717607004],[-79.443779120443352,43.786815524713006],[-79.44411890536054,43.785694688955196],[-79.440063676529391,43.78631467697538],[-79.438844734413763,43.78539765924031],[-79.439805767303,43.784285322321011],[-79.443866698794736,43.783440328065339],[-79.442061674362222,43.781164804704275],[-79.444288166186354,43.779169304500435],[-79.447370440373803,43.780111598888588],[-79.447646062839141,43.781465900484946],[-79.446685220173762,43.782578306714569],[-79.448870883030239,43.782157811976049],[-79.450089917029658,43.783074724538174],[-79.450101546160951,43.782624696800163],[-79.45135546809378,43.782191512574421],[-79.452885119860284,43.783112604728252],[-79.452586152005551,43.782658370928871],[-79.452591957158063,43.782433356782654],[-79.453224712411952,43.781991738360581],[-79.453259527137988,43.780641652775415],[-79.452655809391942,43.779958200546595],[-79.451729931432197,43.779720566096387],[-79.450470251626399,43.780378769429333],[-79.450194569500255,43.779024473526547],[-79.449274532973917,43.778561805504886],[-79.44585261005092,43.778740407687671],[-79.446203962523398,43.777169535638983],[-79.444990938924676,43.776027569774257],[-79.445020099698993,43.774902501683968],[-79.444715398103412,43.774673261788699],[-79.444070989035311,43.77556486089437],[-79.440953917331214,43.775972560180165],[-79.441229378104666,43.777326875763322],[-79.439969637369742,43.777984962619612],[-79.439963785783718,43.778209975594592],[-79.438733294280368,43.777742983749086],[-79.438452031462319,43.776613675931692],[-79.436571184766109,43.777263235706656],[-79.43317281658075,43.776541408840465],[-79.432569370678308,43.775857854040552],[-79.43353036055268,43.774745567567159],[-79.43324920849696,43.773616248045769],[-79.431069641698329,43.77381143538129],[-79.429856976877019,43.772669313524446],[-79.430495676761382,43.7720028090583],[-79.432991572618292,43.771586877918786],[-79.433331463834662,43.770466073082176],[-79.435235599233252,43.7689165119873],[-79.436460020392389,43.769608552026838],[-79.437707903604448,43.769400527055694],[-79.439852190117477,43.770555289958217],[-79.440438123111733,43.771913847199116],[-79.439160928755669,43.773246966783702],[-79.440731099264767,43.772593124724018],[-79.441346298420726,43.772826611046199],[-79.440186098349301,43.769659475853516],[-79.441457347603546,43.768551356038685],[-79.443912186074314,43.769710278254806],[-79.44388300981268,43.77083534677913],[-79.444515703068618,43.770393774857595],[-79.44452153599444,43.770168761086701],[-79.445781061662629,43.769510619989227],[-79.445810200999119,43.768385550189485],[-79.44367170847454,43.767005884326522],[-79.443706719861595,43.765655801296369],[-79.442488131727444,43.76473882464493],[-79.442201011716705,43.76383453722503],[-79.441855484675528,43.765180386426977],[-79.440918187643263,43.765392695070503],[-79.440912342182315,43.765617708644726],[-79.439377466133791,43.764921476296742],[-79.439096244388168,43.763792168332174],[-79.437883621412283,43.762650130478043],[-79.437877765136889,43.762875143835373],[-79.438481145957766,43.763558671051378],[-79.438170670896554,43.763554427872272],[-79.437526289730698,43.764445992072083],[-79.438129681781049,43.76512952113886],[-79.436870167917121,43.765787578494461],[-79.43715135589504,43.766916891070714],[-79.435587163925391,43.767345673274384],[-79.43530013705049,43.766441370280418],[-79.43438040899845,43.765978585937951],[-79.433132586791231,43.766186575579141],[-79.432804470817203,43.766857355661969],[-79.429699561079815,43.766814729193044],[-79.428498844378751,43.76522256947797],[-79.426635952297289,43.765196934292206],[-79.426056295871931,43.76361329836778],[-79.424515742097128,43.763141881481438],[-79.423250214256186,43.764024799090947],[-79.423823890322296,43.765833459811077],[-79.421638663630773,43.766253482871385],[-79.420999929814883,43.766919937910203],[-79.421298581110619,43.767374250784279],[-79.420349335692649,43.76803641162234],[-79.419136991780789,43.766894179711777],[-79.416963567202217,43.766864090118119],[-79.416396027210425,43.764830387298623],[-79.417960282664239,43.764401868737011],[-79.419243673500105,43.762843977091485],[-79.418945059475107,43.762389659074294],[-79.421171592630401,43.76039460411301],[-79.423315235185854,43.761549669481028],[-79.424580708852062,43.7606667499808],[-79.42429978422895,43.759537409278963],[-79.426801095287402,43.758896593149643],[-79.427463255024279,43.757330052794906],[-79.426860061933041,43.756646469502549],[-79.428435812423317,43.755767777533379],[-79.428154835282697,43.754638444629087],[-79.427235342222829,43.754175605393534],[-79.426924917346227,43.754171332390221],[-79.427217658690054,43.754850643002271],[-79.426579110909898,43.755517133275347],[-79.422830289952273,43.756365827007002],[-79.422496203752544,43.757261589610167],[-79.421553050876327,43.757698752353619],[-79.420329045241616,43.757006557431311],[-79.419391805617522,43.757218690549422],[-79.418478270945968,43.756530769912132],[-79.416920159367763,43.756734287972293],[-79.416006660805124,43.756046348057104],[-79.414758988196525,43.756254139540694],[-79.415338279393296,43.757837829155818],[-79.416275542114931,43.757625729675794],[-79.417189067336381,43.758313667668418],[-79.418747219261959,43.758110146602],[-79.420568442356185,43.759710988575463],[-79.419929768550446,43.760377439240841],[-79.415547755657855,43.761667322073755],[-79.415834462679186,43.762571670566047],[-79.414879293180263,43.763458797629248],[-79.413631462179666,43.763666574142874],[-79.413912202368849,43.764795937535602],[-79.412628631636821,43.766353766042982],[-79.411076204030863,43.766332189501213],[-79.409875996417412,43.764739841593496],[-79.408616190034621,43.765397582934298],[-79.407380241136622,43.765155270133043],[-79.406484651553583,43.763792224933439],[-79.405839802149856,43.764683603175833],[-79.406126375255354,43.765587973558425],[-79.404842587387193,43.76714571104371],[-79.403899152703445,43.767582722990994],[-79.402358680681175,43.767111008757212],[-79.403546759657544,43.769153451455914],[-79.402889829222943,43.770494829292318],[-79.401337301864388,43.770473118850383],[-79.400435777117565,43.769335037427133],[-79.397951785155044,43.769300237995076],[-79.396441382524941,43.767703400582953],[-79.396112850655228,43.768374068707601],[-79.3967338380874,43.768382783470457],[-79.397330787860824,43.769291529705349],[-79.395437713767762,43.770390426920187],[-79.395395593400096,43.77196548576692],[-79.394452015365189,43.772402417128482],[-79.393222010292391,43.771934941918225],[-79.392893418148262,43.772605599397139],[-79.391639295159507,43.773038139287543],[-79.388247788968584,43.77208997983449],[-79.387364634054236,43.770276776271857],[-79.386140781211665,43.76958421867527],[-79.386798072710661,43.768242942560079],[-79.384923012815037,43.768666640983056],[-79.38369922122304,43.767974057986272],[-79.383735582639972,43.766624014391049],[-79.386249699263175,43.7655340831271],[-79.385415119992615,43.761920803507607],[-79.38352813001336,43.762794497453385],[-79.381080843822332,43.761409291659433],[-79.382078925103841,43.758947402413945],[-79.383016314767971,43.758735577902286],[-79.383935525215804,43.759198768463129],[-79.384909236359078,43.757636882179447],[-79.385852646249504,43.75720002603137],[-79.386777902807111,43.757438185876794],[-79.388287794211365,43.759035145862335],[-79.389231202606965,43.758598261878788],[-79.3904669382149,43.758840768076482],[-79.391069732517934,43.759524537215555],[-79.39043073802425,43.760190817991386],[-79.390723090966318,43.760870215515411],[-79.390084077915134,43.761536493921213],[-79.388525750961335,43.761739621095685],[-79.389767584230427,43.761757127597335],[-79.390078042722735,43.761761502115405],[-79.392263308166108,43.761342083263777],[-79.392920368176348,43.760000766567458],[-79.392013129133318,43.759087630103153],[-79.39077738173431,43.758845140464786],[-79.389924506713783,43.755906912329912],[-79.388688833522366,43.755664401110408],[-79.387422951161952,43.756546917298309],[-79.38716692436634,43.754517462986833],[-79.385949438879933,43.753599898378503],[-79.384701722974128,43.753807360890356],[-79.384062721569606,43.75447360654109],[-79.384324698729543,43.75627805843402],[-79.383076921788899,43.756485502160054],[-79.381865525759167,43.755342887094258],[-79.380611691244582,43.755775311545733],[-79.380270911271083,43.756895948379366],[-79.378694445185673,43.757773964512566],[-79.379291018213976,43.758682800760987],[-79.377404045268008,43.759556394232014],[-79.3749083027962,43.759971113654792],[-79.372765674219409,43.758815155107882],[-79.370282151385894,43.758779761048757],[-79.369338606810558,43.759216486352862],[-79.369332494363618,43.759441492329969],[-79.36902816466278,43.759212055705071],[-79.369034278201212,43.758987049752996],[-79.369673493458563,43.758320892015263],[-79.368766638207433,43.757407576606482],[-79.36784145791934,43.757169272018153],[-79.366897921850224,43.757605977402008],[-79.365364136098023,43.756908766395433],[-79.365078217825982,43.756004302690179],[-79.365717443580834,43.755338166941357],[-79.364804564780272,43.754649826977861],[-79.364494146942548,43.754645384381462],[-79.364159205605517,43.755540963203416],[-79.363215669601445,43.755977638278139],[-79.362290534563883,43.755739289371775],[-79.361943274755731,43.757084871448264],[-79.361005841833489,43.757296522358004],[-79.360999698571504,43.757521527475291],[-79.360074549256296,43.7572831604516],[-79.359174007429331,43.756144766273771],[-79.359161707599753,43.756594776177131],[-79.359155557578006,43.756819781114451],[-79.359702636220334,43.759528754147695],[-79.361534582369202,43.760680502878067],[-79.361540724303623,43.760455497825376],[-79.362478205144754,43.760243843383122],[-79.363378869609861,43.761382212675137],[-79.363999774669566,43.761391104164183],[-79.36272727627707,43.76249834348549],[-79.363621843294368,43.763861716147019],[-79.365466252608442,43.76456339378435],[-79.367341311322974,43.764140014538462],[-79.366695883138277,43.765031162661948],[-79.367298462952945,43.7657150532484],[-79.37319750974136,43.765799190551704],[-79.373507986596238,43.765803610400475],[-79.375364757963752,43.766055118179636],[-79.37596135867021,43.766963971041207],[-79.37721546134712,43.766531602590931],[-79.378140824351448,43.766769833710875],[-79.379358449250859,43.767687481784002],[-79.379638558464535,43.76881691892919],[-79.380576111364491,43.76860511731487],[-79.381489382372649,43.769293335731398],[-79.38367497887279,43.76887408685846],[-79.384892731908138,43.769791677591598],[-79.38422932100913,43.771357948641388],[-79.383291736817355,43.771569779671104],[-79.382372344776584,43.771106582041398],[-79.380497165670732,43.771530205753997],[-79.382049704492928,43.771552199695641],[-79.382043637070183,43.771777206603431],[-79.381392269202223,43.7728934455398],[-79.382610066385411,43.773811060703807],[-79.384168725745511,43.773608019786231],[-79.384813993332301,43.77271677165497],[-79.385751590561398,43.77250492836739],[-79.386963398707138,43.773647505410679],[-79.386318152280069,43.774538765880045],[-79.386927100996772,43.774997549488553],[-79.38686659919955,43.777247622186792],[-79.385630502315948,43.777005072171697],[-79.384686775168404,43.777441920189432],[-79.38401114516671,43.779458200286982],[-79.384614065161969,43.78014200317272],[-79.385850221891431,43.780384564990776],[-79.385819945992182,43.781509599798277],[-79.387044034327815,43.782202163133149],[-79.387634918315257,43.783335964806717],[-79.389492296269509,43.783587251518924],[-79.389784744783455,43.784266650354212],[-79.389157551641574,43.784482902521653],[-79.389163595071395,43.784257895327102],[-79.387903152021053,43.784915396294231],[-79.386356316957361,43.784668469710688],[-79.385412472680017,43.785105321380264],[-79.384748894099999,43.786671588996455],[-79.38566248300944,43.787359776943596],[-79.385936735984714,43.788714204805338],[-79.384998884235927,43.788926045132136],[-79.383464090670955,43.788229065178115],[-79.381283857272635,43.788423291557272],[-79.37998068883816,43.79065574416353],[-79.380279139180658,43.791110159464843],[-79.379012372243537,43.791992563685831],[-79.379609275258616,43.792901398377161],[-79.380839595192739,43.793369023501747],[-79.380815288442506,43.794269047088981],[-79.379237831406527,43.795147050102187],[-79.379828686954909,43.796280889363999],[-79.380754516632422,43.796519105387368],[-79.38545649821188,43.795009998840904],[-79.385767128146171,43.795014387700469],[-79.385761069704472,43.79523939409377],[-79.386071700873671,43.795243782143686],[-79.386077758150776,43.795018775716116],[-79.387009648586087,43.79503193469963],[-79.387947589872695,43.794820079445394],[-79.388258219204246,43.794824461519468],[-79.389781150055001,43.795971393374565],[-79.39134036632224,43.795768263862442],[-79.391663073921592,43.795322622732414],[-79.392588938747267,43.795560743383056],[-79.393532899309378,43.7951238349184],[-79.393873670825926,43.794003165282732],[-79.395146289982705,43.792895586359158],[-79.396388772245999,43.79291303072624],[-79.396675324639858,43.793817420387668],[-79.397595173649378,43.794280508165642],[-79.399464949585436,43.794081622429189],[-79.398801629557411,43.795647973391503],[-79.399392862789398,43.796781717108018],[-79.398454928318529,43.796993666406877],[-79.397492927742576,43.798105638257859],[-79.397779519417568,43.799010024991617],[-79.400240721684241,43.799944878086229],[-79.401184698287437,43.799507906923232],[-79.401519354695353,43.798612221488547],[-79.402731981435167,43.799754638891436],[-79.402725985657284,43.799979646968467],[-79.403036643967056,43.79998398928042],[-79.401238708950686,43.797482835240785],[-79.402212624540596,43.795920814185386],[-79.403783784143613,43.795267497613274],[-79.405301043666938,43.796639235605845],[-79.406232968054539,43.796652238228589],[-79.407481512139725,43.796444554515062],[-79.407822032308573,43.795323839672065],[-79.408765881704767,43.79488680358034],[-79.409381177660421,43.795120462729166],[-79.410325012816585,43.794683413520247],[-79.411244983548173,43.795146393130707],[-79.41126883434319,43.794246356272851],[-79.412535185406057,43.793363588239053],[-79.411931814133368,43.792679927378082],[-79.4122603114551,43.792009215851813]],[[-79.391078039936815,43.793963834176978],[-79.386077758150776,43.795018775716116],[-79.382404840838618,43.792941009256303],[-79.383714037184021,43.790483522887378],[-79.384657979241098,43.790046687143004],[-79.385882225186933,43.790739264410689],[-79.38775797354873,43.790315562352497],[-79.38897621614673,43.791233113912369],[-79.388647464793081,43.791903754636593],[-79.390821766598492,43.791934396507784],[-79.392040089216849,43.792851916371589],[-79.391078039936815,43.793963834176978]],[[-79.407696647460199,43.788344233944954],[-79.408299927587592,43.789027916276872],[-79.407965429570481,43.789923625376559],[-79.40420820983914,43.790996675198926],[-79.402911822433182,43.79300439213965],[-79.401657337546467,43.793437035103253],[-79.400731467114525,43.793198987810605],[-79.400140241726973,43.792065250488825],[-79.398611196343353,43.791143462430171],[-79.399913688378774,43.788910787048856],[-79.401168089633529,43.788478161647191],[-79.402703102215753,43.789174906970302],[-79.403652879567858,43.788512903186252],[-79.407696647460199,43.788344233944954]],[[-79.435715379994448,43.786255231503254],[-79.438164958707389,43.787639295193493],[-79.439717957872432,43.787660511948275],[-79.440315748899792,43.788569043214302],[-79.43842282349604,43.789668651787437],[-79.437748841837404,43.791685270457528],[-79.435574499624707,43.791655521475711],[-79.435509916346476,43.79413065254662],[-79.433317848288311,43.794775894504888],[-79.432391824278682,43.794538101657864],[-79.432098843058057,43.7938588050785],[-79.429596116222243,43.794499712363617],[-79.428359479556519,43.794257617429174],[-79.427761817245454,43.793349026345268],[-79.428717288063268,43.792461800348526],[-79.427814918905995,43.791323926424724],[-79.428764459675278,43.790661710462729],[-79.429749333131781,43.788649417633934],[-79.431314124566214,43.788220725856419],[-79.431964746077668,43.787104193736248],[-79.433213009263611,43.786896224164266],[-79.434133044229839,43.787359020933842],[-79.434461264158656,43.786688240817085],[-79.435715379994448,43.786255231503254]],[[-79.419038408597999,43.78242422525846],[-79.420884056469717,43.783125024478053],[-79.420549780841682,43.784020774649179],[-79.421768410190623,43.78493798315268],[-79.420185858697764,43.786041576315519],[-79.42047866840862,43.786720901731755],[-79.421398599490374,43.787183799542206],[-79.423268085651372,43.786984519468561],[-79.42354910450787,43.788113859112698],[-79.424773772848596,43.788806026020232],[-79.426344506799694,43.788152391890989],[-79.426643300108807,43.78860669136305],[-79.424732395800135,43.790381102198339],[-79.422259344071861,43.789896796605589],[-79.420061368001015,43.790766795302808],[-79.419165121646529,43.789403845269597],[-79.41792863487116,43.789161639442383],[-79.415425963021747,43.789802237494662],[-79.415396231955711,43.790927286686447],[-79.415079671111741,43.791147988449303],[-79.413520646552101,43.791351445155698],[-79.413526600027836,43.791126435557445],[-79.412302018389397,43.790434149607293],[-79.412021202565114,43.789304785787991],[-79.413908636456952,43.788430631496141],[-79.41391458787075,43.788205621740182],[-79.414237087174072,43.787759913116894],[-79.413633750783035,43.787076261157353],[-79.411770193506172,43.787050373479708],[-79.409631849245045,43.785670076609904],[-79.408049059539451,43.786773497831909],[-79.408329789785569,43.787902870580126],[-79.407392024600213,43.7881148961606],[-79.404901261449325,43.788305244938741],[-79.40490724662628,43.788080236161889],[-79.403055650177365,43.787604188550418],[-79.402111876716873,43.78804117911816],[-79.401819270448087,43.787361809856819],[-79.401556657394451,43.78555739741946],[-79.402494401561356,43.785345419350215],[-79.402518375491894,43.784445384773221],[-79.403474068018056,43.783558372086482],[-79.405349474350345,43.783134375363652],[-79.405677989363554,43.782463682007183],[-79.40847310423041,43.782502647914278],[-79.408753824828921,43.783632020252625],[-79.40967361597086,43.784095010619986],[-79.414356074911566,43.783259714939604],[-79.414666648381584,43.783264024340042],[-79.414971275517175,43.783493342963673],[-79.414965329044804,43.783718353020916],[-79.415801959997083,43.787331435064672],[-79.416405323923897,43.788015075957219],[-79.417641780558981,43.788257297867737],[-79.418907910780604,43.787374454973232],[-79.418094830422532,43.782861351232874],[-79.418727838819223,43.782419927802692],[-79.419038408597999,43.78242422525846]],[[-79.434045705366117,43.778804303158786],[-79.433729276953414,43.779025059033884],[-79.43373515208593,43.778800046760487],[-79.434045705366117,43.778804303158786]],[[-79.440122202131903,43.784064549892911],[-79.439805767303,43.784285322321011],[-79.439178746543547,43.784501851786302],[-79.438868163009076,43.784497608899208],[-79.437326971886691,43.784026356912655],[-79.436377630820402,43.784688647764909],[-79.43483058324793,43.784442374593787],[-79.433887084293147,43.784879632095361],[-79.43235180592346,43.784183301472858],[-79.430781240303304,43.784837021172237],[-79.429234214070107,43.784590672513552],[-79.427968292566291,43.785473633429717],[-79.428261188427612,43.786152940247504],[-79.427311715047168,43.786815153520422],[-79.427610509383243,43.787269450575572],[-79.426356316142503,43.787702369648656],[-79.42608115131209,43.786348024915391],[-79.426708236804174,43.786131568400741],[-79.427974190629527,43.785248622032043],[-79.427681302164487,43.784569314489751],[-79.426761360665282,43.784106466937573],[-79.425513135472812,43.784314366654378],[-79.425214371266904,43.783860064347436],[-79.424868336344389,43.785205850145047],[-79.423930668198253,43.785418013090762],[-79.423924754933012,43.785643024044589],[-79.422090833479871,43.784492250968341],[-79.422138190809946,43.782692164296144],[-79.423111315729358,43.781129949353257],[-79.424048919100713,43.780917792012609],[-79.424956973684388,43.781830683046103],[-79.425888676870883,43.781843521966806],[-79.430893088871912,43.780561796743754],[-79.432123574125924,43.781028872759173],[-79.432410616416078,43.781933181831079],[-79.431771828603416,43.782599694617225],[-79.432082401259862,43.782603956642234],[-79.432076519148964,43.782828968587403],[-79.432990604753357,43.783516785778417],[-79.433928213045064,43.783304547482174],[-79.434590475481855,43.781737973532401],[-79.435850353551999,43.781079948466058],[-79.434959753978433,43.779492104483126],[-79.434033957360427,43.779254327762558],[-79.434350385909369,43.779033571053468],[-79.434660940489522,43.779037825798007],[-79.436530134058955,43.778838323979443],[-79.438065327479094,43.779534597764581],[-79.440567339966591,43.778893492675664],[-79.440538091638132,43.780018557596058],[-79.438973578237366,43.780447380479302],[-79.438000874258165,43.782009737046266],[-79.440122202131903,43.784064549892911]],[[-79.390318748207008,43.775945749890489],[-79.391542778234268,43.776638264726152],[-79.394039113124805,43.776223191976428],[-79.395257173828085,43.777140675824128],[-79.394612010170889,43.778031983924684],[-79.395184940261771,43.779840772977927],[-79.392968874190103,43.781385275147876],[-79.393225185700274,43.783414712036723],[-79.394784063904268,43.783211529905088],[-79.394515654807904,43.781632111455707],[-79.395781975298576,43.780749526937264],[-79.396707634133548,43.78098761159778],[-79.397000153113098,43.781666993319142],[-79.400087776497315,43.782385545207241],[-79.4009954823713,43.78329862122969],[-79.400350334139347,43.784189961099663],[-79.399102024036935,43.78439757083197],[-79.398122213937214,43.78618457814882],[-79.396563268129356,43.786387804716597],[-79.39561344856763,43.78704974911566],[-79.394078574837437,43.786352910383386],[-79.394048446962472,43.78747794856141],[-79.39559538888571,43.78772477247621],[-79.396192505217954,43.788633524379378],[-79.39461541788539,43.789511746279359],[-79.394274688153516,43.79063241958098],[-79.393336833659319,43.790844328278318],[-79.393330804497367,43.791069335673697],[-79.392405005393471,43.790831221874228],[-79.391198791089977,43.78946369171593],[-79.389944300276895,43.789896206161522],[-79.388726069126022,43.788978664907773],[-79.38906084723024,43.788083016334106],[-79.39094252843212,43.787434253009224],[-79.390966677437177,43.786534223850694],[-79.388822796650388,43.785378552254279],[-79.389151508141637,43.784707909706611],[-79.390089279806631,43.784496033899458],[-79.390149676033602,43.782245960498528],[-79.389272364822972,43.780207764190642],[-79.388048290085067,43.779515224728769],[-79.38900411238248,43.778628334432419],[-79.38841324607192,43.77749453925545],[-79.390318748207008,43.775945749890489]],[[-79.400566340230995,43.77608965123629],[-79.401485952278861,43.776552705377973],[-79.403349174196606,43.776578755811251],[-79.403659711426073,43.776583094598273],[-79.404250859758321,43.777716815357635],[-79.403916369600111,43.778612514353107],[-79.405116684088583,43.780204922957026],[-79.406042373833074,43.780442932443535],[-79.405391349808724,43.781559311951114],[-79.403217408537387,43.781528952938196],[-79.401688578597046,43.78060720780352],[-79.400440347638508,43.780814833494162],[-79.400147793306758,43.780135459951111],[-79.398905573393421,43.780118060459998],[-79.3976813862092,43.779425622525508],[-79.399598722121993,43.777426659139493],[-79.399300188979893,43.776972292061281],[-79.400237805470127,43.776760330276147],[-79.400566340230995,43.77608965123629]],[[-79.427296135771499,43.775560304515288],[-79.428532384445731,43.775802405872845],[-79.427887724837859,43.776693909735378],[-79.429112215163798,43.77738602872288],[-79.429721526010596,43.777844589366872],[-79.431280149487094,43.777640905029173],[-79.433131677700985,43.778116494755523],[-79.433119923121851,43.778566519216973],[-79.431877715883076,43.778549478574007],[-79.430916632798301,43.779661749057439],[-79.429979071873163,43.779873963463601],[-79.429961403351669,43.780548998914234],[-79.428707368281152,43.78098194665148],[-79.428713262648657,43.780756934996532],[-79.427494608090569,43.779839799602968],[-79.425308892012524,43.780259884582527],[-79.425637168790146,43.779589129911052],[-79.424735045469603,43.778451232976742],[-79.425684411631622,43.777789038617577],[-79.425421112617741,43.775984667942765],[-79.426346822998923,43.776222513314949],[-79.427296135771499,43.775560304515288]],[[-79.429593570150118,43.770864949357183],[-79.429856976877019,43.772669313524446],[-79.428280795668499,43.773548016222627],[-79.427366913791332,43.772860163284442],[-79.425497880889807,43.773059517733252],[-79.424589946897839,43.772146631520783],[-79.422105809459609,43.772112355295967],[-79.421502534444059,43.771428744104838],[-79.421830802307099,43.770757999282104],[-79.42464902369764,43.76989651550042],[-79.423741149300795,43.76898362297019],[-79.424069378158904,43.768312870859383],[-79.426887453133702,43.767451329290814],[-79.429025566316952,43.768831303649627],[-79.430888573327451,43.768856901565243],[-79.431480168326758,43.769990489494944],[-79.43084150128422,43.770657000177032],[-79.429593570150118,43.770864949357183]],[[-79.412610776330439,43.767028797452291],[-79.417513342006345,43.769572822710657],[-79.418075027910675,43.771831530467232],[-79.419299304356883,43.772523751983201],[-79.41801570063906,43.774081638594573],[-79.418314363202612,43.774535958917056],[-79.420171612609337,43.774786745051507],[-79.421067673186045,43.776149687605432],[-79.421032139618958,43.777499753521667],[-79.420399200784658,43.777941191126047],[-79.420990680665298,43.779074829990073],[-79.419097714780392,43.780174119316932],[-79.419050270384787,43.781974204146437],[-79.416207633202148,43.783735579081302],[-79.413746830090005,43.782801073714985],[-79.413454114996128,43.782121732041105],[-79.41190127881508,43.782100160573258],[-79.410993422000772,43.781187168767957],[-79.411047067103013,43.779162080905579],[-79.410437888815736,43.778703422734111],[-79.409189725190132,43.778911145146814],[-79.407971411891495,43.777993806325746],[-79.408938854940658,43.77665672493854],[-79.407374216537619,43.77708511324942],[-79.405242305761846,43.77547972942051],[-79.406227698537478,43.773467642416378],[-79.407786278349192,43.773264277920966],[-79.408437163695297,43.772147881154773],[-79.411870700326077,43.771520375016138],[-79.411578057971084,43.770841028399076],[-79.409720970206479,43.770590104802487],[-79.409129783999219,43.769456410478192],[-79.409768675557828,43.768790024502167],[-79.411327122789928,43.768586609511708],[-79.41166739823241,43.767465874442962],[-79.412610776330439,43.767028797452291]],[[-79.368407280579902,43.759203191880978],[-79.369332494363618,43.759441492329969],[-79.369928939999824,43.760350375255591],[-79.370872498495501,43.759913645370503],[-79.372722976102622,43.760390199541661],[-79.373983057433392,43.759732857909846],[-79.375200477845951,43.760650548176841],[-79.374555204120455,43.761541743622665],[-79.375151749592149,43.762450600515272],[-79.374823012076064,43.76312120476441],[-79.373246302284642,43.763999141017564],[-79.3710608174067,43.764418192362626],[-79.371054710305714,43.764643198326993],[-79.370129409683102,43.764404910676632],[-79.369532922504746,43.763496028742722],[-79.367049210035006,43.76346056144186],[-79.366142320001558,43.762547225404049],[-79.367141030504115,43.760085477000409],[-79.368407280579902,43.759203191880978]]],[[[-79.365615298562062,43.781897662289772],[-79.36503711385393,43.780313743863005],[-79.367223219846153,43.779894818568295],[-79.368209955145986,43.777883081982296],[-79.368514374252683,43.778112521493696],[-79.368508254684926,43.778337526631795],[-79.368453175381134,43.780362572443785],[-79.369670918786497,43.781280323653398],[-79.371235921522313,43.780852457887619],[-79.371583127168307,43.779506851851018],[-79.373117557689824,43.780203986827502],[-79.374365861634502,43.779996660907528],[-79.375005249362374,43.77933047825794],[-79.374712991815741,43.778651043996838],[-79.371339779763986,43.777027365735293],[-79.371059793638352,43.775897911642929],[-79.371370322408779,43.775902338105077],[-79.372283594241736,43.776590629349379],[-79.373215192086278,43.776603896396672],[-79.374475614007366,43.77594655634342],[-79.374816620443625,43.77482594376049],[-79.375437668119673,43.774834775256672],[-79.376673676063817,43.775077434309026],[-79.377258209857402,43.776436293044611],[-79.378810873121253,43.776458332932776],[-79.37945017333422,43.775792123659855],[-79.379170038986302,43.774662686931585],[-79.38043035617126,43.774005279324321],[-79.379523104644946,43.773092045499951],[-79.379839696187602,43.772871442135127],[-79.377343412370777,43.773286205498358],[-79.377337326935745,43.773511211813862],[-79.375809105637799,43.772589128450811],[-79.37677716681101,43.771252327953725],[-79.375541236767731,43.771009671081885],[-79.375529053280687,43.771459683481318],[-79.374274834931938,43.771892031270148],[-79.371529115614749,43.770052190569537],[-79.371864035034051,43.769156591879486],[-79.373447001180054,43.768053671801795],[-79.372235564520111,43.766910956076913],[-79.373507986596238,43.765803610400475],[-79.372570454531967,43.766015354404637],[-79.372259976726511,43.766010931992199],[-79.369112399061351,43.767541701128472],[-79.368466958790322,43.768432858586081],[-79.368759098774362,43.769112308116675],[-79.367803137978925,43.769999028158544],[-79.366555022549122,43.770206285614385],[-79.365915642642676,43.770872422049614],[-79.36407103610496,43.770170749296639],[-79.363133404342364,43.770382414114621],[-79.361190520342646,43.773280770535081],[-79.36056949315666,43.773271861873567],[-79.360594085732146,43.772371844030026],[-79.359687164839002,43.771458457551773],[-79.35844514940068,43.77144062110532],[-79.358165429932342,43.770311138566555],[-79.358817196532755,43.769195037907046],[-79.357301694127088,43.767822703775707],[-79.354519673138256,43.767332489145709],[-79.353606747113545,43.766644060248929],[-79.351110559523391,43.767058252087708],[-79.350800079656054,43.767053771296773],[-79.353246873690992,43.768439617029188],[-79.352284520028221,43.769551207589288],[-79.352576480571898,43.770230695571655],[-79.353520318598413,43.769794114160007],[-79.355060455204423,43.770266481739561],[-79.354992599636589,43.772741524489547],[-79.355905632589938,43.773429943314028],[-79.355570450561146,43.774325490456974],[-79.357439721260562,43.774127284269127],[-79.358657168899128,43.775045149207564],[-79.35959488873128,43.77483352268348],[-79.360514155690453,43.775296901460912],[-79.360800088087473,43.776201374010725],[-79.359539515360908,43.776858560727405],[-79.358552509353331,43.778870218477728],[-79.359484136210341,43.778883597995026],[-79.361627206740891,43.780039808936195],[-79.362199154469849,43.781848747533758],[-79.360932327143857,43.782730951556829],[-79.358758391167029,43.782699746252476],[-79.358112628958381,43.783590837964738],[-79.359963723908422,43.784067606769973],[-79.361547305688177,43.782964863940002],[-79.364330110530943,43.783454918385573],[-79.364926707565061,43.7843638262963],[-79.363666004457315,43.785021055666306],[-79.363958164899827,43.78570051598691],[-79.363324727009314,43.786141628876138],[-79.364536368651741,43.787284438802587],[-79.364182817243559,43.788855022721812],[-79.366344722200367,43.789336137231459],[-79.367916083359404,43.788683316605869],[-79.371582117490036,43.790986543489275],[-79.371551562744457,43.792111568257667],[-79.370290764645915,43.79276886847056],[-79.37056469036915,43.794123326980959],[-79.369925091398926,43.794789479892742],[-79.368987091286215,43.795001186199997],[-79.368073583902515,43.794312866958244],[-79.366203711838438,43.794511237188196],[-79.367440082729203,43.794754001079056],[-79.367433955577511,43.794979005439153],[-79.367378808013797,43.797004044248936],[-79.369212028884704,43.798155682765611],[-79.371417100808756,43.797061674394868],[-79.371758295933589,43.795941077687402],[-79.372921436369694,43.798883840686599],[-79.372610788364184,43.798879416605516],[-79.370704091000675,43.80042788617375],[-79.37130094697298,43.801336762329342],[-79.372537480131456,43.801579473285038],[-79.374425862351615,43.800705988028803],[-79.375022777987539,43.801614845615667],[-79.377179141098793,43.8023207675975],[-79.378750733261441,43.801667802821115],[-79.379085736016279,43.800772188798533],[-79.378482679374386,43.800088356880792],[-79.380370930216571,43.799214771067369],[-79.380699815975532,43.798544157037917],[-79.380096762335413,43.797860333445385],[-79.380736283714668,43.797194122690335],[-79.379518051370724,43.796276484263906],[-79.377958786528154,43.796479451581661],[-79.37705124323702,43.795566196902747],[-79.3773740547458,43.795120597748266],[-79.37611934908459,43.795552956594683],[-79.375156963611403,43.796664734574208],[-79.375144766333378,43.79711474486033],[-79.375772141256888,43.79689857291531],[-79.376691870388456,43.797361826987306],[-79.37727660696666,43.798720683897876],[-79.376009632657073,43.799603050514996],[-79.374462474107403,43.799355958388546],[-79.374456372325085,43.799580963352518],[-79.373225978146053,43.7991132687687],[-79.371472112111832,43.79503663153524],[-79.37277569458125,43.792804284035888],[-79.373719750710507,43.79236754064496],[-79.374943913428268,43.793060233630762],[-79.376497005239159,43.79308231157313],[-79.37770903847337,43.794224986525712],[-79.377715126911966,43.793999980987302],[-79.37741668246214,43.793545559287431],[-79.377727303577288,43.793549969881759],[-79.378677421334487,43.792888179561665],[-79.378391145821254,43.79198374888599],[-79.37655183738471,43.791057262192368],[-79.375607822112144,43.791494029722855],[-79.37499269997204,43.791260191154144],[-79.374444681643254,43.788551290586774],[-79.372282735261109,43.788070328723492],[-79.370717549651275,43.788498205492829],[-79.369840818170132,43.786459870969317],[-79.368312391036397,43.785537685994548],[-79.367380656735605,43.785524376840279],[-79.367392907327357,43.785074367375273],[-79.368647451554622,43.784642101169553],[-79.368988620640209,43.783521510093252],[-79.368385848423699,43.782837627382747],[-79.365615298562062,43.781897662289772]],[[-79.365043246860822,43.780088739192372],[-79.36503711385393,43.780313743863005],[-79.364726563232523,43.780309299840411],[-79.364732697403085,43.780084295204475],[-79.365043246860822,43.780088739192372]],[[-79.374822715609014,43.774600937778082],[-79.374816620443625,43.77482594376049],[-79.374506096711627,43.774821526747466],[-79.374512193040374,43.774596520799527],[-79.374822715609014,43.774600937778082]],[[-79.360873859555127,43.773501321097655],[-79.360551047976372,43.773946875155602],[-79.36056334483456,43.773496866310495],[-79.360873859555127,43.773501321097655]],[[-79.369586644176962,43.772950696420672],[-79.371126994019676,43.773422850394113],[-79.371729706491067,43.774106718741237],[-79.370457071517393,43.775214039806741],[-79.371017025295444,43.777472950016254],[-79.36975653403033,43.778130250653149],[-79.369750419116784,43.778355255929711],[-79.367911660048222,43.777428636589626],[-79.367625614585094,43.776524180260886],[-79.365122969477966,43.777163677602395],[-79.364197502198806,43.776925339761256],[-79.363010629002488,43.774882509085828],[-79.363339565899352,43.774211943229844],[-79.365842104770977,43.773572483010454],[-79.366749151837567,43.774485822266207],[-79.367680714441732,43.774499133918674],[-79.369586644176962,43.772950696420672]]],[[[-79.17125418029633,43.777826712656008],[-79.168445890413537,43.778231912254036],[-79.167231357723693,43.777312070471126],[-79.167879849526386,43.776422105018128],[-79.169439206706343,43.776222007565387],[-79.16855579633409,43.774632209489639],[-79.16981834400606,43.773977165448862],[-79.169859524129151,43.772627275160751],[-79.171425633708125,43.77220216676514],[-79.172633278494686,43.773346946122793],[-79.174192541683638,43.773146782008013],[-79.175710747108042,43.774296491070771],[-79.1776078514159,43.773201307324193],[-79.181333654787153,43.773260673154759],[-79.182306006566805,43.77192559583527],[-79.184486158061546,43.771735166916564],[-79.185120723032711,43.771295064626251],[-79.185161555138265,43.769945162209709],[-79.183622839838222,43.769470527503607],[-79.183332810440987,43.768790640839008],[-79.181787322346139,43.768540965579774],[-79.180890047035788,43.767401223920601],[-79.182476389092201,43.76630100952066],[-79.182220462121549,43.764496202131369],[-79.182861777297532,43.763831127138502],[-79.186897446503139,43.763895238270841],[-79.187497934972299,43.764580041729751],[-79.186856662047987,43.765245143419151],[-79.187126325348032,43.766599974405011],[-79.188381712962666,43.766169702117466],[-79.190507365235959,43.767779029550447],[-79.190176550434273,43.768449065831163],[-79.188603872144071,43.769099419793037],[-79.189197640557566,43.77000919919687],[-79.18855632614158,43.770674309146244],[-79.189122945791425,43.772484025526303],[-79.190945130919772,43.773863441704052],[-79.189986512662387,43.774748626578337],[-79.189945782254171,43.776098531460001],[-79.189000697438246,43.776533738797696],[-79.188386487480457,43.776298910085586],[-79.188676608082986,43.776978784688431],[-79.18740739669461,43.77785902304138],[-79.187717905661302,43.777863948623519],[-79.188028414706821,43.777868873362522],[-79.188656226914645,43.777653736420049],[-79.189864312935114,43.778798340172209],[-79.191113155295497,43.778593026916298],[-79.191768093816961,43.777477935905459],[-79.190890853507881,43.775663316034688],[-79.193732759910276,43.774132636575544],[-79.193172762126991,43.772097956215468],[-79.191951182702226,43.771403356537085],[-79.191323447875561,43.771618513147786],[-79.190763552865079,43.769583821942234],[-79.193274387185625,43.768723184971584],[-79.193881768342905,43.769182971575333],[-79.193537435203737,43.77030298759329],[-79.194138062347406,43.770987757833296],[-79.196918813643904,43.771481858031805],[-79.197863762358182,43.771046582457977],[-79.198531999579643,43.769481476890476],[-79.199760369536193,43.769951021485049],[-79.201339698844407,43.769075526525413],[-79.202959409789912,43.766850092415204],[-79.203283337325644,43.766405002490323],[-79.203290073639735,43.766180016332747],[-79.202021305040603,43.767060426250659],[-79.200792975035256,43.76659090645478],[-79.198302599073671,43.766776755857727],[-79.19766817728491,43.767216934194643],[-79.197627630332576,43.768566846579397],[-79.196689481285617,43.768777135785157],[-79.196682719619858,43.769002121024101],[-79.195454394024537,43.768532544012295],[-79.195171000824331,43.767627699947582],[-79.191742415155332,43.768023674222967],[-79.190527718570777,43.767104075957945],[-79.191492983609422,43.765993898458028],[-79.192741552984074,43.765788562256581],[-79.191202879874353,43.765314030128167],[-79.190298684994787,43.76439934417882],[-79.191284250688355,43.762614213026922],[-79.190393660919668,43.761249558491521],[-79.191655691683536,43.760594262634122],[-79.192310412744462,43.759479161592601],[-79.189503110862887,43.759884897403822],[-79.188544701859186,43.760770075742428],[-79.187309814440823,43.760525399016423],[-79.186743350794046,43.758715672937846],[-79.187728922314975,43.756930570981112],[-79.18679092451903,43.757140781857132],[-79.185583320592997,43.755996150047423],[-79.184652134325091,43.755981359213393],[-79.183741369995133,43.75529160833927],[-79.182182600264312,43.755491912009532],[-79.180968300835247,43.754572217131816],[-79.181933530817474,43.753462117654152],[-79.183181867320471,43.753256881541965],[-79.183863882447909,43.751241891753416],[-79.185118967397855,43.750811649043293],[-79.184822202403566,43.750356749833998],[-79.186090855827445,43.749476526730973],[-79.18762908438579,43.749951121226637],[-79.18818871142004,43.751985829445381],[-79.189767722900498,43.75111048657471],[-79.19221004748259,43.752499709518737],[-79.190563222443842,43.755624936448584],[-79.189308072756916,43.756055237558812],[-79.188086859876563,43.75536060112799],[-79.188046114299212,43.756710509187805],[-79.188984101264367,43.756500287797628],[-79.190522532160387,43.756974846293581],[-79.191480850086393,43.756089649247286],[-79.193322919828958,43.756794068065872],[-79.193680710708094,43.75522407810552],[-79.195873747565415,43.754583449089047],[-79.197405431626095,43.755282900917067],[-79.197682051563575,43.756412726739406],[-79.198943901941973,43.755757346709906],[-79.200475652640662,43.756456758369069],[-79.20075233530504,43.75758657762411],[-79.199476967453492,43.758691949100474],[-79.200360984233697,43.760281522347412],[-79.198464699125807,43.761377100515901],[-79.197229755327385,43.76113253013547],[-79.196588626580208,43.761797689334628],[-79.197168931960718,43.763157400256254],[-79.198748115836622,43.762281937701168],[-79.200259787455522,43.763656311759611],[-79.201811976720379,43.763680750393007],[-79.202149374442541,43.762785691046247],[-79.203411313937025,43.762130263834059],[-79.205570874350173,43.762614384351501],[-79.206535790265278,43.761504072893459],[-79.206258982610379,43.760374266206007],[-79.20752754599485,43.759493804748992],[-79.208452083083117,43.759733397198694],[-79.209046067778132,43.760643078428465],[-79.210591478977051,43.760892383693587],[-79.212704157763227,43.762951281184193],[-79.214283116447277,43.762075599878123],[-79.214620319540415,43.761180500125931],[-79.216192517129898,43.760529778780899],[-79.217407486116585,43.761449109596924],[-79.217367391162796,43.762799037930094],[-79.219263387116271,43.761703141130035],[-79.222321050716275,43.763326399984926],[-79.221343055706967,43.764886825788444],[-79.220067900172069,43.765992429613725],[-79.218819410361419,43.766198065998843],[-79.218475559294006,43.76731816597038],[-79.217530814204309,43.767753615865175],[-79.215073892103348,43.766814892368131],[-79.214783515543544,43.766135079382835],[-79.212934199448199,43.765655985874616],[-79.212333405941635,43.764971311094719],[-79.212663954947359,43.764301205701543],[-79.211098327231781,43.764726888552765],[-79.210187122591563,43.764037342047125],[-79.209255798992714,43.764022749544267],[-79.207993880755225,43.764678241523278],[-79.207002049152237,43.76668851077325],[-79.206063960036175,43.766898878098729],[-79.203931177745005,43.76551481953809],[-79.204228160414829,43.765969671734531],[-79.203917710157043,43.765964792054312],[-79.203850367531942,43.768214654052237],[-79.206313888370047,43.768928630265194],[-79.207522147161811,43.770073051709893],[-79.209101369965893,43.76919744757555],[-79.208831198964575,43.767842660346382],[-79.210370083446378,43.76831695833237],[-79.212266381077043,43.767221183842814],[-79.214709885792288,43.768609942153518],[-79.21687646187074,43.768868866369303],[-79.216215395924806,43.770209100099805],[-79.21743055647714,43.771128432533054],[-79.219914392707196,43.771167156351176],[-79.221500138469565,43.770066390238235],[-79.221466792867133,43.77119133134039],[-79.222688720051295,43.771885621155405],[-79.224882080022482,43.771244442133217],[-79.226421184790752,43.771718527261591],[-79.22735928383446,43.771507993003652],[-79.225753643156878,43.773283807313554],[-79.223540230032341,43.774599966730541],[-79.224141246236954,43.775284585280254],[-79.223810759868897,43.775954723803061],[-79.224722301230685,43.776644166000182],[-79.224067978935608,43.777759456663219],[-79.224358513497634,43.778439247469706],[-79.222819255184703,43.777965132431689],[-79.221563852700555,43.778395782325923],[-79.220922798612889,43.779061077629848],[-79.22121997530742,43.779515887956379],[-79.219971206029768,43.779721531744642],[-79.219330119914744,43.780386817421984],[-79.220465423411753,43.784005970987685],[-79.220769294894822,43.784235794894904],[-79.221383717596169,43.784470452720129],[-79.221694266564725,43.784475286572317],[-79.22200481561066,43.784480119581112],[-79.220478775358899,43.783555995833247],[-79.220836040673021,43.781985918453955],[-79.222402058116145,43.781560109857075],[-79.223049789294492,43.780669818694875],[-79.224609097677231,43.780468967025122],[-79.225276754998063,43.77890369740539],[-79.226829359823896,43.778927802923505],[-79.227694444631297,43.781192142205079],[-79.227740980750482,43.779617222044315],[-79.227747628459113,43.779392233411137],[-79.228401901799444,43.778276921119428],[-79.23027828731297,43.777855815947774],[-79.231183298271148,43.778770197149392],[-79.229379944700526,43.776716438965991],[-79.229723652750721,43.775596305397585],[-79.229109285764991,43.775361693067175],[-79.228164486456748,43.775797229479004],[-79.226949065431114,43.774878007549766],[-79.228237579804585,43.773322351753372],[-79.228330594217752,43.770172505678204],[-79.227432399449398,43.769033114491975],[-79.225880050087369,43.769009021468683],[-79.225285728620108,43.768099423299127],[-79.226560835921106,43.766993760749159],[-79.226594081178135,43.765868815710988],[-79.227538732787409,43.765433289107449],[-79.229084351628543,43.765682347397366],[-79.229658795821905,43.767266894834563],[-79.230894008567276,43.767511118771417],[-79.231798878080951,43.768425494198205],[-79.231461885430051,43.769320647221122],[-79.232360161879512,43.770460008037183],[-79.231388935241014,43.771795530998176],[-79.232954614031769,43.771369571250865],[-79.234473927038934,43.772518517964677],[-79.234143571386198,43.773188688896091],[-79.232571224356249,43.773839653597946],[-79.232848583547607,43.774969403416314],[-79.234374605496342,43.775893362776472],[-79.233700595043743,43.777683680364973],[-79.234024358380225,43.777238501210718],[-79.234030981977867,43.777013511720092],[-79.23840459242119,43.776180658627993],[-79.239369135847767,43.775070065790523],[-79.238160161062822,43.773925970203678],[-79.235973451556887,43.774342414786162],[-79.235094905744518,43.772528111621568],[-79.236032989386018,43.772317505865132],[-79.23695123210743,43.772781862380434],[-79.237895921747565,43.772346251203153],[-79.238232837445722,43.77145107832245],[-79.237354262279482,43.769636791217792],[-79.238338532000256,43.767851233493303],[-79.238054491485059,43.766946484856639],[-79.23960679770012,43.766970411636969],[-79.240584358441254,43.765409822596276],[-79.242136627028657,43.765433714354906],[-79.242103673549934,43.766558668903357],[-79.24117888906666,43.766319345038767],[-79.240234318698839,43.766754985801775],[-79.23989746129547,43.767650166235384],[-79.240498599855613,43.768334701493359],[-79.239250123908889,43.768540561440574],[-79.238609371633132,43.76920596216759],[-79.239203907762487,43.770115494439786],[-79.239824863185788,43.770125061983258],[-79.240406229996537,43.771484569244045],[-79.239758856867766,43.772374966191457],[-79.240049546423137,43.773054720257733],[-79.241278327950113,43.773523824838563],[-79.241569039999305,43.774203575290763],[-79.244033279499803,43.774916749058249],[-79.247785610208979,43.774073986247537],[-79.248386902145128,43.774758481847059],[-79.248697405367622,43.774763241493716],[-79.248677700869138,43.775438215517966],[-79.248671132550641,43.775663206840022],[-79.246775208815478,43.776759590770446],[-79.24673575314371,43.778109536870524],[-79.248275214481581,43.778583332867441],[-79.249530438485962,43.778152386296817],[-79.250118662668299,43.779286855977404],[-79.251981825468988,43.779315375310652],[-79.252576661927534,43.780224841511263],[-79.254433308484622,43.780478313080643],[-79.25696988713446,43.778716301915878],[-79.255495782238668,43.775992701144425],[-79.259241502998336,43.775374553022935],[-79.259888624212067,43.774484041842882],[-79.260807090323297,43.774948210062611],[-79.263608161559773,43.774765719859573],[-79.264261721354828,43.773650189409601],[-79.263673279268843,43.772515787958795],[-79.265859746227179,43.772098808732466],[-79.266500232986729,43.771433250982639],[-79.265594781959777,43.770519141349958],[-79.26528429790298,43.770514427969488],[-79.268098140091098,43.769881836479492],[-79.268725594504346,43.76966625305451],[-79.269036074738722,43.769670957014675],[-79.270284482384241,43.769464770284124],[-79.271817439725055,43.770163243340434],[-79.272761843418209,43.769727338781429],[-79.273104701330482,43.768607059330328],[-79.274682956200436,43.767730531906246],[-79.277160268103998,43.767993004234427],[-79.277425528684816,43.769572650294904],[-79.27747719967536,43.767772690079973],[-79.278731995309158,43.767341414686378],[-79.279954527436331,43.768035102043157],[-79.279727904188093,43.765105488015763],[-79.282534910876223,43.764697529313366],[-79.282243774086965,43.764017875153961],[-79.282883992900977,43.76335222024322],[-79.284436243103187,43.763375536652568],[-79.285386877829907,43.762714527830475],[-79.286622243100012,43.762958151575702],[-79.287579267027212,43.762072127536861],[-79.292527177672682,43.762821451253146],[-79.293122479652709,43.763730716219236],[-79.292482368464803,43.764396430254131],[-79.29092367791047,43.764598219471424],[-79.291214916317003,43.765277853098077],[-79.289953838399413,43.765934264536952],[-79.290245071757454,43.766613900410015],[-79.289604897391484,43.767279596975008],[-79.288356595266123,43.767485996743481],[-79.287438021522277,43.767022047815111],[-79.286855621551283,43.765662762115404],[-79.285917808068248,43.765873790077578],[-79.28525830708881,43.767214449880569],[-79.286487339130403,43.767683072479159],[-79.286765692984289,43.768812708745443],[-79.286125456397116,43.769478384550325],[-79.284249698162398,43.769900418360962],[-79.28423039682913,43.7705754056608],[-79.286733572100573,43.769937689226552],[-79.287943411369739,43.771081285393073],[-79.287956251388422,43.770631293035301],[-79.288266739752629,43.770635944836584],[-79.288913381893693,43.769745260642907],[-79.288033285247039,43.767931338078519],[-79.29019378572815,43.768413873031221],[-79.292703212261998,43.767551026330025],[-79.293071285057962,43.76553069245282],[-79.293685813418961,43.765764963626566],[-79.294629993620404,43.765328874243203],[-79.294674747941727,43.763753893738176],[-79.296556630721412,43.763106686505594],[-79.296588559884611,43.761981698912052],[-79.294434627802346,43.761274289998831],[-79.292242337314136,43.761916823612168],[-79.291666277464373,43.760332563244653],[-79.28982930701487,43.759404713053016],[-79.288555509140934,43.760511104953267],[-79.286712160831087,43.759808201943528],[-79.285774439015782,43.760019230427439],[-79.28513428847134,43.760684903017967],[-79.285412588400192,43.76181454295741],[-79.284791703921854,43.761805224488675],[-79.283569238927399,43.761111589336551],[-79.28298054422784,43.759977280975619],[-79.28205568695283,43.759738286736464],[-79.280788185797505,43.760619593692077],[-79.281066403318519,43.761749242880867],[-79.279837535523072,43.761280564192589],[-79.278253071905695,43.762382163184796],[-79.279106987524187,43.765096138111183],[-79.272231580085034,43.766568028315589],[-79.271345554510347,43.764978979829266],[-79.268551450112653,43.764936673886943],[-79.267956513105489,43.764027287036214],[-79.266714710087513,43.764008456325641],[-79.266113309853992,43.76332405427965],[-79.266145809718864,43.762199084697031],[-79.26740056505696,43.761767932778866],[-79.267730485352999,43.761097657192522],[-79.268972228831188,43.761116475878602],[-79.269929478469535,43.760230603247223],[-79.268183736441813,43.756152488179382],[-79.269444836004723,43.755496316511916],[-79.269787665857478,43.754376044021704],[-79.268591482483316,43.752782274494201],[-79.267349911588553,43.752763454504183],[-79.267052507495293,43.752308758540913],[-79.266994057133147,43.754333708104156],[-79.265118650964695,43.754755434488025],[-79.264200454508511,43.754291303939141],[-79.263929091889523,43.752936624071509],[-79.262060222813716,43.753133306800834],[-79.261142075200098,43.752669152351025],[-79.260857753696087,43.751764453585366],[-79.263063004487478,43.750672532516035],[-79.263089038765031,43.749772556324132],[-79.261046721585302,43.745239631574755],[-79.260063513350048,43.74702540913659],[-79.260315210356936,43.749055078967388],[-79.259047628181264,43.749936144738875],[-79.257819178735389,43.74946723517089],[-79.256920714092487,43.74832806771623],[-79.256966430607918,43.746753113768818],[-79.255136960365618,43.745599726122379],[-79.253565564069078,43.746250998662013],[-79.253843209167286,43.747380707199078],[-79.252885937341716,43.748266446407662],[-79.253797409758093,43.748955658353147],[-79.253771236998261,43.749855630228339],[-79.252173515500829,43.751406852269383],[-79.25279428177187,43.751416346144019],[-79.253692711435548,43.752555544925265],[-79.255264273611033,43.75190427405856],[-79.256188897608368,43.752143481708686],[-79.257087402987423,43.753282654911736],[-79.256737810923539,43.754627878766847],[-79.255159652451169,43.755504161580568],[-79.253310318081859,43.755025720925538],[-79.24706287595842,43.756280603870387],[-79.24986310511099,43.756098436209392],[-79.24985654566332,43.756323428438115],[-79.249836866864015,43.756998405066177],[-79.251058848226037,43.757692393731581],[-79.252940986398116,43.757045908985312],[-79.25355526540865,43.757280392292742],[-79.253832954726448,43.758410099617343],[-79.254757672052833,43.758649320170079],[-79.254104109525343,43.759764798830567],[-79.254394906221208,43.760444519523134],[-79.256250951966251,43.760697952304064],[-79.257770457209062,43.761846594173718],[-79.25934222341435,43.761195271541588],[-79.25963308628215,43.761874979841366],[-79.259620037895004,43.762324966174916],[-79.258391333263987,43.761856059434017],[-79.25744695463554,43.762291846095764],[-79.257401225940711,43.763866796148278],[-79.256146357875153,43.764297836158462],[-79.255816290514119,43.764968075479374],[-79.253643115978434,43.764934881496586],[-79.251806614257717,43.764006428099052],[-79.25151583111284,43.763326701425306],[-79.249653165056998,43.763298182727908],[-79.250293731653329,43.762632716293709],[-79.250016092227582,43.761503001953571],[-79.251594484076676,43.760626794970136],[-79.251323382842642,43.759272090878504],[-79.251963886819723,43.758606613601927],[-79.250748432900522,43.757687641964409],[-79.248872815535833,43.758109097755565],[-79.24765741982894,43.757190094117064],[-79.247347007664416,43.75718533315527],[-79.246079064222641,43.758066247761242],[-79.2448439776025,43.757822189854188],[-79.244553301612939,43.757142446581526],[-79.242981488959799,43.757793565272564],[-79.241436008545449,43.75754469712605],[-79.24078221353804,43.7586600958169],[-79.241383275567046,43.759344626104024],[-79.24105307369355,43.760014821011922],[-79.239177320088828,43.760436115088048],[-79.236403307406448,43.759718054941985],[-79.235802299418751,43.759033499391819],[-79.236125942275265,43.758588310931408],[-79.234573855685056,43.758564340503966],[-79.233669087038322,43.757649987346817],[-79.233999356822821,43.756979814689707],[-79.235571241354251,43.756328820778123],[-79.23654872370885,43.754768262336661],[-79.237493128407507,43.754332648443274],[-79.239652705871862,43.754816125212905],[-79.241528279488506,43.754394819923057],[-79.243377494563376,43.754873449449313],[-79.243720804496661,43.753753263180656],[-79.244665142836368,43.753317588780263],[-79.246190811869027,43.754241387454677],[-79.249624859909005,43.753618766585426],[-79.247504643793391,43.751785525056839],[-79.246877305841366,43.752000994431228],[-79.245662062052261,43.751081971212415],[-79.245708078182233,43.74950702749215],[-79.246348535759282,43.748841579905886],[-79.244822998804366,43.747917784767765],[-79.245780381698694,43.747032114973315],[-79.245819816094084,43.745682162196573],[-79.248025104191555,43.744590531132999],[-79.249259934352892,43.744834550842924],[-79.248988945924509,43.743479839706659],[-79.250256532829027,43.742598884776847],[-79.251801670864467,43.742847628391758],[-79.253003758359441,43.744216572531734],[-79.254562028617556,43.744015293278856],[-79.255783806728203,43.744709229409807],[-79.256430633601283,43.743818728581573],[-79.25768506699923,43.743387676796758],[-79.256463292674795,43.74269376092726],[-79.256495949855221,43.741568793031135],[-79.259301990866106,43.741161387837387],[-79.258423187907326,43.739347250340842],[-79.259393272499224,43.738011471516337],[-79.257861274030262,43.73731284407701],[-79.256613500032344,43.737518906603206],[-79.257511803561826,43.738658075740204],[-79.255610692615946,43.739979628955453],[-79.25437593366658,43.73973567892881],[-79.253781451318531,43.738826222176911],[-79.252843952360038,43.739036984650703],[-79.251622322535169,43.738343018921974],[-79.251331656519469,43.737663290973195],[-79.252592539615534,43.737007299881498],[-79.251694354314523,43.735868093726111],[-79.252030843515755,43.734972867816452],[-79.253285120177623,43.734541861140137],[-79.255107688703433,43.735920268017232],[-79.256982567561366,43.735498695995567],[-79.256394615232111,43.734364258332164],[-79.257351608143324,43.733478483097294],[-79.259213357338837,43.73350686105718],[-79.26515439284222,43.732021559767688],[-79.265167386007207,43.731571569718611],[-79.263919754432166,43.731777714641304],[-79.263014922172104,43.730863589076542],[-79.262077578371546,43.731074430211827],[-79.260869022355891,43.729930574061385],[-79.25993168624413,43.730141397740667],[-79.259020420526824,43.729452236152866],[-79.25777281423521,43.729658314403572],[-79.258690588837268,43.730122491418705],[-79.2589747854161,43.731027196605361],[-79.257080479679814,43.732123786385323],[-79.255845874729857,43.73187985452271],[-79.254954235026673,43.730515679366214],[-79.250933757477355,43.730004021740108],[-79.250332867938198,43.729319541435864],[-79.250022599302312,43.729314790132534],[-79.250016046577045,43.729539783438611],[-79.248755295595785,43.730195749073552],[-79.249045898810323,43.730875483331602],[-79.248399109284136,43.731765944781664],[-79.249614014480741,43.732684936005754],[-79.25055142407588,43.732474198340569],[-79.250822406127767,43.733828908025743],[-79.248003535598201,43.73468609596317],[-79.24797728909175,43.735586067309271],[-79.246399515922207,43.73646223815625],[-79.246993863002217,43.737371731410356],[-79.248842604575898,43.737850265767896],[-79.249417330663903,43.739434725510307],[-79.24686909773709,43.741646589599704],[-79.2453503045829,43.74049781093543],[-79.24441275196574,43.740708503227161],[-79.244762527962351,43.739363317229291],[-79.244168196299654,43.738453812906997],[-79.24480854886437,43.737788371027023],[-79.244207655116583,43.737103859262774],[-79.242345809401684,43.737075235028549],[-79.241751536271266,43.736165718783418],[-79.24051691633008,43.735921621081353],[-79.239249334091866,43.736802468898382],[-79.239539858523599,43.737482225309037],[-79.239229549537328,43.737477444003389],[-79.240127518351372,43.738616744268796],[-79.240087965780745,43.739966694598671],[-79.24099916509725,43.740656005012433],[-79.240966218789069,43.741780963768726],[-79.243131959546261,43.742039376801337],[-79.244921636481749,43.744542904427959],[-79.244591560482789,43.745213113255637],[-79.243653931247863,43.745423797870885],[-79.244254898814688,43.746108312888438],[-79.243607867814433,43.746998740986804],[-79.240814641171397,43.746955770928949],[-79.240808049923302,43.747180762428385],[-79.239282641971869,43.746256895197199],[-79.239929727983579,43.745366492431188],[-79.239361797913048,43.743556998339272],[-79.23780349530054,43.74375806961956],[-79.236892287557808,43.743068733899747],[-79.236265005471608,43.743284146207991],[-79.233498433380461,43.742341036477534],[-79.232897626578477,43.741656467157647],[-79.233221192894547,43.74121128441157],[-79.231048904177598,43.741177675245041],[-79.230461393860992,43.740043112554318],[-79.231418855418738,43.739157563406863],[-79.235789724184855,43.738324759094077],[-79.232648605282421,43.738688888572348],[-79.232079220499259,43.737817223208332],[-79.233993995296586,43.736046086494319],[-79.233710155640495,43.735141325890865],[-79.23279250509529,43.734676950560022],[-79.231855003264727,43.734887540793494],[-79.230950621820867,43.733973169225912],[-79.228765330708768,43.734389502408241],[-79.227854367696651,43.733700097693216],[-79.226613218153574,43.733680841837504],[-79.226686268083881,43.73120594788589],[-79.2242439720021,43.729817458230585],[-79.222989597028487,43.73024814454385],[-79.222012185747786,43.731808594168591],[-79.220777741918013,43.73156428586281],[-79.219509971336763,43.732444911940107],[-79.218645839984674,43.730180509453753],[-79.217107853982256,43.729706335494704],[-79.215846751920978,43.730361931754246],[-79.214862470211202,43.7321473059677],[-79.21295396223816,43.733693127024523],[-79.211753004144882,43.732323778297733],[-79.210828871423161,43.732084218470121],[-79.207335277213701,43.734730581161593],[-79.20732856343021,43.734955569060311],[-79.208563017059845,43.735200022808556],[-79.209163480112039,43.735884714979207],[-79.208509340507959,43.736999926786773],[-79.205966456845417,43.738985867659835],[-79.204718488370062,43.739191359681264],[-79.204691589395054,43.740091309223139],[-79.203436864256858,43.740521774008634],[-79.201595163465228,43.73981752291548],[-79.200697918337312,43.738677932291658],[-79.201028441759249,43.738007857365119],[-79.200711397225234,43.738227958414484],[-79.20039435036972,43.738448058535809],[-79.200387609725936,43.738673045431391],[-79.198802334430241,43.73977353187739],[-79.199085664961459,43.740678369818497],[-79.197824138386807,43.741333758559129],[-79.198114210709292,43.742013612090481],[-79.199335276721186,43.742708140194985],[-79.200893663596176,43.742507595344662],[-79.20274217018131,43.742986871703103],[-79.204954837982669,43.741671096114246],[-79.206182698506368,43.742140564918131],[-79.205501541504731,43.744155705668121],[-79.207019645242482,43.745305001898494],[-79.206365357881054,43.746420197227934],[-79.205744658822468,43.746410452075146],[-79.203956582257476,43.743906338619603],[-79.201797703888474,43.743422197879617],[-79.20021906823267,43.744297714661194],[-79.197480055225626,43.742453795692079],[-79.19621171639433,43.743334151755541],[-79.197054904783855,43.746273666195201],[-79.197365252086925,43.746278562775366],[-79.197041394722191,43.746723638532018],[-79.197034639573928,43.746948624685828],[-79.192669422099868,43.747554939316942],[-79.192001296043955,43.749120017898981],[-79.190780189489843,43.748425411358674],[-79.189538760888155,43.748405747702613],[-79.184849408722002,43.749456811768574],[-79.182339274813586,43.750317278245838],[-79.18010534168765,43.752307551257445],[-79.178857015631451,43.752512753944096],[-79.177864430924856,43.754522760807809],[-79.178140678415332,43.755652627618659],[-79.179037732523568,43.75679238913709],[-79.181203707322737,43.757051980308844],[-79.182107654187917,43.757966735031886],[-79.1777483300082,43.758347478274338],[-79.173989238167522,43.759412925634507],[-79.173347875155002,43.760077950414598],[-79.173644597810494,43.760532878014267],[-79.17269279843795,43.761192936394174],[-79.172962125635152,43.762547795825583],[-79.172010286245836,43.763207847607305],[-79.171976021250231,43.764332759416746],[-79.171341437618779,43.764772788802603],[-79.171921193125044,43.766132617804942],[-79.168520029505984,43.765627965859871],[-79.167257646888459,43.766282999293324],[-79.163835866372622,43.766453152782525],[-79.16756122226306,43.766512960278462],[-79.169051673963438,43.768562680871888],[-79.170272923331225,43.769257520108198],[-79.169314081661753,43.77014252814115],[-79.169907563985007,43.771052402714282],[-79.169569637816096,43.771947356372671],[-79.168313999872552,43.772377417032224],[-79.168603873762251,43.773057338745147],[-79.167962301140463,43.773722328175424],[-79.166403004972409,43.773922406603319],[-79.165478430378073,43.773682473523799],[-79.165188589397047,43.773002544519066],[-79.16362930403433,43.773202585275627],[-79.162711642262735,43.772737649272919],[-79.162421837086711,43.772057713772099],[-79.163691280281071,43.771177756449703],[-79.162456290389969,43.770932809501943],[-79.16064175927113,43.769327970587526],[-79.160993592314895,43.767983083429641],[-79.160683139091617,43.767978086135564],[-79.160690035448482,43.767753105359404],[-79.158199516185363,43.767938077441777],[-79.156916243136081,43.769267934506956],[-79.158723766387325,43.771097811233815],[-79.159648272638478,43.77133779791108],[-79.160593479175049,43.770902835337402],[-79.160572786505568,43.771577777226682],[-79.159310192669096,43.772232718456834],[-79.159586159638181,43.773362622085685],[-79.158344236897292,43.773342610617981],[-79.155598331893145,43.771722675880788],[-79.154328761195799,43.772602540891],[-79.155225599326826,43.773742482666862],[-79.154894358738431,43.774412408582471],[-79.149884970748033,43.775681951109526],[-79.149553659586502,43.776351860078151],[-79.146159082764356,43.775621557477898],[-79.145213700066364,43.776056397101023],[-79.144875377190957,43.776951269934123],[-79.143336821132522,43.776476095602945],[-79.142087877181169,43.776680884508295],[-79.141798290027666,43.776000900944631],[-79.139652760797759,43.775065620899262],[-79.138382889767769,43.775945302782816],[-79.138354961435553,43.776845213193745],[-79.137416490608302,43.777055009341026],[-79.137071058688889,43.778174834132336],[-79.135497570780444,43.778824441144707],[-79.135124111224272,43.780844167108661],[-79.134503080860682,43.780834028791311],[-79.133924049279301,43.779474025804845],[-79.133006531579838,43.779008854053053],[-79.128306836777796,43.780282507826442],[-79.127975259535006,43.780952348933795],[-79.129168193816838,43.782547526681462],[-79.126987508373062,43.782736889350396],[-79.125371598881898,43.784736206682382],[-79.126585620780176,43.785656483592469],[-79.12814533776762,43.785456956897221],[-79.128110223586532,43.786581836444661],[-79.132063197996644,43.789347623957276],[-79.131421046659881,43.790012396018675],[-79.129889288805387,43.789312061423715],[-79.12864003504113,43.789516697263394],[-79.127990820138876,43.790406425074963],[-79.12859088064522,43.79109152788368],[-79.126099314321223,43.791275780298548],[-79.124800750592911,43.793055200322158],[-79.125676209907255,43.794870291248863],[-79.128775053445864,43.795146177431199],[-79.129078620151589,43.795376239552844],[-79.13029992744481,43.796071504513215],[-79.128789098570635,43.794696226147401],[-79.130101616834878,43.792466807992717],[-79.131654490574903,43.792492212579084],[-79.132247604531727,43.793402273175055],[-79.134746244881796,43.792992911476432],[-79.135953581578761,43.794138069625639],[-79.138431271863539,43.794403557749092],[-79.13903149203297,43.795088608088221],[-79.13870693157881,43.79553350246659],[-79.139645689735644,43.79532370142234],[-79.140853167243705,43.796468809837265],[-79.142392210289785,43.796944024793234],[-79.14268189738128,43.797624006395175],[-79.140783386668829,43.798718580619379],[-79.142032796336025,43.798513814954021],[-79.142343404349631,43.798518865687058],[-79.1432891668492,43.798084058095291],[-79.143896445630588,43.798544106696923],[-79.142598238688421,43.800323733469497],[-79.14412346141242,43.801248881337372],[-79.143791935451731,43.801918767097916],[-79.144392290228055,43.80260379083046],[-79.145317216913426,43.802843899825874],[-79.146269986744514,43.802184091163753],[-79.148133754598447,43.802214315812428],[-79.149065639614193,43.802229416745512],[-79.147526406281088,43.801754288786547],[-79.147554221226457,43.800854377632945],[-79.146339569876304,43.799934314755369],[-79.146988623896121,43.799044481074887],[-79.148541682875006,43.799069659201429],[-79.147679372511604,43.796804775506644],[-79.148949562833891,43.795924998731017],[-79.150185004068433,43.796170098803636],[-79.151089039278475,43.797085095071402],[-79.153573859164382,43.797125279380026],[-79.154450252634632,43.798940164962509],[-79.155685780107348,43.799185206909378],[-79.156286246611458,43.79987017035274],[-79.155637319528267,43.800760059013456],[-79.154077281459038,43.800959955179962],[-79.153407513964822,43.802524765844687],[-79.152164991604266,43.802504676675696],[-79.151515974256299,43.803394539950865],[-79.15150903489247,43.803619518157078],[-79.151819671023517,43.80362454359885],[-79.153083016734698,43.802969701691204],[-79.157369630021762,43.805064730751141],[-79.15894358949835,43.804414833237018],[-79.15897814697297,43.803289937555576],[-79.158053155012638,43.803049938110611],[-79.158708984634302,43.801935056695172],[-79.157501052961663,43.800790130133926],[-79.157252683863874,43.798760308693019],[-79.156645298033695,43.798300329272124],[-79.157936133752997,43.796745513441579],[-79.161918770862528,43.798610381270848],[-79.1646936154023,43.79933026133267],[-79.165556606268609,43.801595027531135],[-79.163975898268063,43.802469998854583],[-79.164548931004433,43.804054839993867],[-79.163610115385097,43.804264844526244],[-79.163278787583749,43.804934790033492],[-79.16509443690326,43.806539597666067],[-79.167579668223823,43.806579484271182],[-79.168166588481782,43.807714348328915],[-79.169706146310546,43.80818920321974],[-79.170610660014091,43.809104051530916],[-79.172812779758814,43.808238929160858],[-79.173461539689256,43.807348941001152],[-79.175001132561874,43.807823725123129],[-79.176568136092015,43.807398564111423],[-79.177858666165662,43.805843519918383],[-79.177568540288092,43.805163620819592],[-79.179466607431522,43.804068428253274],[-79.180122054470019,43.802953417357337],[-79.179831915627204,43.802273523476522],[-79.181412394079487,43.80139832859922],[-79.180825278594497,43.800263528124233],[-79.178961537216153,43.800233837636029],[-79.178671423783854,43.799553940956706],[-79.178050184436827,43.799544035921464],[-79.1780707005625,43.798869090754387],[-79.179657944908627,43.797768936661285],[-79.181210999279628,43.797793670282111],[-79.185283005990954,43.796732965492701],[-79.185945069434027,43.795392933743273],[-79.187207878202059,43.794737704057887],[-79.186931303421204,43.793607860457726],[-79.188491054523141,43.793407510148214],[-79.189132621139606,43.792742407308204],[-79.188545437557863,43.791607643812945],[-79.187019749971597,43.790683079973235],[-79.185466874732839,43.790658428446903],[-79.185183539494048,43.789753563747219],[-79.186122056401985,43.789543376156168],[-79.186149280429433,43.788643443635507],[-79.186156086238952,43.788418460480983],[-79.183988958456908,43.788158944527488],[-79.183395099332373,43.787249139057842],[-79.18498193368859,43.786148901824781],[-79.183449623588416,43.785449275855299],[-79.183490513460669,43.784099378044381],[-79.185367373555763,43.783679019590956],[-79.185063643623565,43.783449103890923],[-79.185374181119272,43.783454036337737],[-79.186036086110022,43.782113998515612],[-79.184821200766692,43.781194338303322],[-79.183241312892818,43.782069593395306],[-79.181405422365629,43.781140020695737],[-79.180156496951582,43.781345226236624],[-79.179825487655847,43.782015227712243],[-79.176423353415018,43.781510795582243],[-79.177713307664263,43.779955736682822],[-79.176208604823131,43.778356087544601],[-79.178423167558762,43.777040866509346],[-79.17874050160529,43.776820833739357],[-79.179051003707173,43.776825782774615],[-79.179354677353473,43.777055713731038],[-79.179665180776752,43.777060661118753],[-79.179975684279214,43.777065607663353],[-79.17689800369871,43.776116174399249],[-79.175642327356911,43.776546314706522],[-79.174041888563934,43.778096389532458],[-79.172482495705793,43.778296549169369],[-79.172475641028598,43.778521531013915],[-79.17125418029633,43.777826712656008]],[[-79.171588956757333,43.797415000841838],[-79.171872118014207,43.798319895155785],[-79.172790238315926,43.798784763663143],[-79.175599469942057,43.798379474917574],[-79.176186468300031,43.799514300565527],[-79.173998428332993,43.799929533315328],[-79.173377186710937,43.799919602812309],[-79.17677348827759,43.800649123369048],[-79.177374213617554,43.801333980242447],[-79.177043055682432,43.80200396895944],[-79.175158713222331,43.80264915957342],[-79.175407701934802,43.804678951609411],[-79.174462057977479,43.805114026901109],[-79.171976877852472,43.805074291004111],[-79.17196315181296,43.805524252440605],[-79.171024336957814,43.805734317908907],[-79.171017470244848,43.805959298486329],[-79.170092385958753,43.805719395078178],[-79.169802349422383,43.805039477788668],[-79.167627824897835,43.805004623221627],[-79.167027177259925,43.804319716816046],[-79.167358459880958,43.803649759575507],[-79.17208667470554,43.801474598108022],[-79.169574164173738,43.802334735386204],[-79.169263531628644,43.802329758316482],[-79.1675029208441,43.798925173146863],[-79.1675097990599,43.798700192733421],[-79.167530433228578,43.79802525143463],[-79.167841043172089,43.798030232828317],[-79.169069739353432,43.798500111230474],[-79.170008446346714,43.79829005971412],[-79.17001531500911,43.798065078960455],[-79.170657134775041,43.79740008485242],[-79.171588956757333,43.797415000841838]],[[-79.166957373481168,43.796440423288807],[-79.1675097990599,43.798700192733421],[-79.166246697254337,43.799355198998818],[-79.166239814141889,43.799580179227348],[-79.163782444051321,43.798640348798834],[-79.163492511228,43.797960416539929],[-79.161332053412593,43.797475487027889],[-79.160731551427133,43.79679054924442],[-79.161387259340373,43.795675649212683],[-79.162325946580395,43.795465660426146],[-79.161407960242627,43.795000709870983],[-79.160835089659727,43.793415853560255],[-79.162098121271839,43.792760905327548],[-79.162125708842282,43.791860985366078],[-79.163395585296342,43.790981041671742],[-79.164927791624521,43.791680934377467],[-79.165203942187446,43.792810824198838],[-79.166128808058502,43.79305076388362],[-79.167329878765273,43.794420581409959],[-79.168579117322196,43.794215522083434],[-79.169794005003425,43.795135353292885],[-79.169145329553331,43.796025323793408],[-79.166957373481168,43.796440423288807]],[[-79.173989363177625,43.790025388617593],[-79.175197405513245,43.791170144582516],[-79.176432866146214,43.791414961128929],[-79.178310002620208,43.790994723991666],[-79.179835559789169,43.791919401914811],[-79.180166627325221,43.79124940246539],[-79.181422584299312,43.79081921826667],[-79.183258766557103,43.791748794337153],[-79.184460209591066,43.793118438383672],[-79.1837913239481,43.794683444517716],[-79.181292912183224,43.795093883515676],[-79.180644405790161,43.795983922294283],[-79.179077730489155,43.796409145721469],[-79.177538393750993,43.795934420177652],[-79.177193586736777,43.797054373942167],[-79.17625492246691,43.797264485322366],[-79.176248077407521,43.797489466890525],[-79.174715587606784,43.796789721813823],[-79.174149199804972,43.794979944887643],[-79.172271910694107,43.795400110685897],[-79.170422062200956,43.794920321485797],[-79.170132070081408,43.794240404656463],[-79.171726192088698,43.792915379253678],[-79.171139339415546,43.79178053203858],[-79.171477363952022,43.790885578239234],[-79.173989363177625,43.790025388617593]],[[-79.145197210024833,43.786635417216949],[-79.144879702877816,43.786855353345537],[-79.144886663049135,43.786630375320136],[-79.145197210024833,43.786635417216949]],[[-79.144569154819337,43.786850310565995],[-79.144879702877816,43.786855353345537],[-79.144872742625807,43.787080331361132],[-79.144865782293053,43.787305309366964],[-79.142657087690594,43.788394880152516],[-79.142622242070345,43.789519768411871],[-79.144161123385985,43.78999495716959],[-79.146666502508296,43.789360352543596],[-79.147542579425675,43.791175287763146],[-79.150958864576666,43.791230627394292],[-79.15154532666071,43.792365571555081],[-79.151807354865284,43.793945446468143],[-79.151862839841769,43.792145617184296],[-79.15311900848171,43.791715748155454],[-79.15434053012018,43.792410760103373],[-79.155934943800943,43.79108595995865],[-79.15750163225465,43.790661053996672],[-79.158737003784907,43.790906060496937],[-79.159323611509848,43.792040967318222],[-79.158053653819366,43.792920864144037],[-79.159268350646585,43.793840804196229],[-79.158937036257967,43.794510738433402],[-79.156735236237097,43.795375600632411],[-79.153622367792181,43.795550428101407],[-79.151724117746767,43.796645189221657],[-79.150198889045001,43.795720142129113],[-79.15054418923522,43.79460027836231],[-79.150226658031897,43.794820228662829],[-79.149909124500553,43.795040178031478],[-79.149902181130059,43.795265156363662],[-79.148328371435767,43.795914932799242],[-79.148010825180521,43.796134876625302],[-79.147693276597096,43.796354819519358],[-79.147686324594673,43.796579797517886],[-79.146112456902515,43.797229542246043],[-79.143746077615461,43.793364577534604],[-79.141896535340123,43.792884331385288],[-79.14064724325948,43.793089097826197],[-79.139425871791161,43.792393942100468],[-79.138176582462975,43.792598681568656],[-79.137279803062484,43.791458610268023],[-79.138895509935736,43.789459122875392],[-79.138598918196081,43.789004109350053],[-79.139862089860515,43.788349409161313],[-79.140221490483924,43.786779623102177],[-79.142719804715199,43.786370080669684],[-79.143630546222241,43.787060155025493],[-79.144569154819337,43.786850310565995]],[[-79.13200494856045,43.781243395007614],[-79.134468091545159,43.781958913331849],[-79.13505415382825,43.783093936736748],[-79.136578827352395,43.784019178121255],[-79.134984188318711,43.785343705386381],[-79.137398618593295,43.787634002092865],[-79.13610746220958,43.789188582217633],[-79.135168789463933,43.789398355887862],[-79.135161792169498,43.789623332562492],[-79.132712341241955,43.788457871561548],[-79.130912132893485,43.786402617120459],[-79.129055894049742,43.786147144314228],[-79.128152360359493,43.785231980958372],[-79.128801514248138,43.784342250419009],[-79.130050659100817,43.784137610701976],[-79.129761176346179,43.783457599261546],[-79.13200494856045,43.781243395007614]],[[-79.169943515235431,43.780056641468519],[-79.171171865001028,43.780526492519122],[-79.171454948646016,43.781431388912438],[-79.173649176164602,43.780791210244189],[-79.175478087577901,43.781945887455961],[-79.175147022919063,43.782615874338966],[-79.173256424486411,43.783486027778892],[-79.173850092631682,43.784395883194861],[-79.17349843803683,43.785740809624869],[-79.171614576405261,43.786385951771976],[-79.171607716538475,43.786610933187958],[-79.170379240136157,43.786141085062553],[-79.170096152944666,43.785236186609119],[-79.168515948440273,43.78611123183628],[-79.167280631567095,43.785866331926712],[-79.166680172431143,43.785181424935423],[-79.167011346001033,43.784511464781517],[-79.166410903040671,43.783826556511535],[-79.167991075972097,43.782951539554837],[-79.168025437945417,43.781826633927558],[-79.169943515235431,43.780056641468519]],[[-79.141714654651267,43.778700636917272],[-79.142583468245633,43.780740585887884],[-79.145032808001631,43.781905834529034],[-79.146295759652773,43.78125105852785],[-79.146965455018872,43.779686283097654],[-79.147910883614486,43.779251430027671],[-79.148835468243902,43.779491505347565],[-79.149428724054459,43.78040148103954],[-79.150677723556527,43.78019661292636],[-79.151595400976831,43.780661645390985],[-79.151560732342986,43.781786540865419],[-79.150304763531224,43.782216396946097],[-79.151173918482655,43.784256285451143],[-79.153927189002957,43.785651351962841],[-79.155804289019258,43.785231483851291],[-79.157018798682259,43.786151445652195],[-79.15605256827503,43.78726131116612],[-79.153554297979412,43.787671146089565],[-79.152608773917606,43.788106043636802],[-79.152270486628041,43.789000937325241],[-79.151331868933937,43.789210844871775],[-79.151324932311667,43.789435823614966],[-79.150103506181722,43.788740780763263],[-79.149164885603497,43.788950670450895],[-79.147936545890531,43.788480583414298],[-79.147336285991628,43.787795578484037],[-79.147667689254789,43.787125678780356],[-79.14860628587212,43.786915800918848],[-79.148075512584882,43.783981014550896],[-79.146529797994191,43.783730858593515],[-79.143714119764496,43.784360420083281],[-79.141885765126887,43.783205244324741],[-79.139677171879299,43.784294759954918],[-79.138138472929555,43.783819513572254],[-79.137848899166684,43.783139520987724],[-79.139436436587431,43.782039928600135],[-79.13851883603877,43.781574799864536],[-79.138250218651024,43.780219875840956],[-79.140162128998298,43.778675375304104],[-79.141714654651267,43.778700636917272]],[[-79.151685530017403,43.777736916014504],[-79.151057591136919,43.777951847412645],[-79.151064525983628,43.777726868249673],[-79.151375027960299,43.777731892553639],[-79.151685530017403,43.777736916014504]],[[-79.162960118251718,43.774767468995535],[-79.163843380723492,43.776357307741335],[-79.166003105243135,43.776842178490902],[-79.168439020616376,43.778456893593919],[-79.168445890413537,43.778231912254036],[-79.169998429318824,43.778256789468621],[-79.169984701275595,43.778706752527135],[-79.16904630308477,43.778916809892785],[-79.167190111744674,43.778661957665129],[-79.166244827059558,43.779096972954598],[-79.165913676921548,43.779766931864749],[-79.167425009086088,43.781141730949379],[-79.165858637406657,43.781566779275394],[-79.163319325756632,43.783326717550324],[-79.164216490726645,43.784466592517475],[-79.163236637558143,43.786026482819828],[-79.163498952666188,43.787606337500712],[-79.165024190289543,43.788531208235362],[-79.166590751106426,43.788106175134743],[-79.167198114338788,43.788566101982475],[-79.16813667065415,43.788356062893165],[-79.168426613729196,43.7890359845617],[-79.168737177273087,43.789040962713052],[-79.169047740896673,43.789045940020948],[-79.169951965206863,43.789960791245043],[-79.168992777614832,43.790845787654554],[-79.167474295486841,43.789695987399604],[-79.1662251482567,43.789901036380769],[-79.165017305189679,43.788756188737501],[-79.163761280228798,43.789186191405697],[-79.163478280630827,43.788281278510553],[-79.162560393201161,43.7878163384323],[-79.159441023820932,43.788216311878109],[-79.15877845762941,43.789556182604443],[-79.157550026816367,43.789086197447403],[-79.156273189561603,43.790191054972865],[-79.155037843632741,43.789946022234744],[-79.156639091364724,43.788396230939803],[-79.157577679087638,43.78818627920446],[-79.157929705362989,43.7868414088667],[-79.160738462853033,43.786436476712673],[-79.162001345893358,43.78578152622471],[-79.162332574830344,43.785111580678098],[-79.161732180358285,43.784426648716128],[-79.15956531750895,43.784166673631354],[-79.162718937029908,43.782641790686753],[-79.162746505553002,43.781741868812745],[-79.163684968622164,43.781531864460263],[-79.164664732903802,43.779971967651704],[-79.164078133600313,43.778837086274144],[-79.161324926290362,43.777442264190917],[-79.161980399672416,43.77632735325124],[-79.160772903871106,43.775182464362103],[-79.162960118251718,43.774767468995535]],[[-79.15770945828497,43.773782560177835],[-79.158944485356997,43.774027559019295],[-79.159544747369821,43.774712504429537],[-79.159213548884551,43.775382443515738],[-79.157957767764231,43.775812387523636],[-79.158537315912284,43.777172278485537],[-79.160103620300518,43.776747329133805],[-79.161318029982894,43.777667244664457],[-79.15971029402165,43.779442091679606],[-79.159972492946949,43.781021954052491],[-79.158709690482311,43.781676884003126],[-79.158702783349113,43.781901863978888],[-79.157474507965603,43.781431880178708],[-79.156901859643853,43.779847004669882],[-79.155342371711342,43.78004692846033],[-79.154128008862301,43.779126950533573],[-79.154459285745219,43.778457027976458],[-79.156032567251813,43.777807155942448],[-79.154873599436755,43.775087347892438],[-79.155515329813099,43.774422434938856],[-79.15770945828497,43.773782560177835]],[[-79.249285582460331,43.77589771528784],[-79.248697405367622,43.774763241493716],[-79.25027617095995,43.77388706083584],[-79.249991923780925,43.772982339303006],[-79.250632593507589,43.772316873715617],[-79.25249554042334,43.77234538108808],[-79.253136175794737,43.771679900811563],[-79.254695161816841,43.771478632583388],[-79.255917490634758,43.772172573457127],[-79.256790128943294,43.774211719361496],[-79.254577342849018,43.775528490722671],[-79.254227549258474,43.776873698778864],[-79.252661867335533,43.777299949812438],[-79.251432916456679,43.776830965191529],[-79.251148639200551,43.77592624645807],[-79.249285582460331,43.77589771528784]],[[-79.247672250673702,43.76731948273838],[-79.250763783026585,43.767817038075329],[-79.251365049004221,43.768501518236171],[-79.251002113053232,43.770296701158905],[-79.247243489448692,43.77136456618932],[-79.246893559359677,43.7727097503791],[-79.24563843248005,43.773140669961144],[-79.244416206718427,43.77244662088119],[-79.242863754857282,43.77242275706103],[-79.242573036015756,43.771743009599476],[-79.241648170280698,43.771503688366941],[-79.24135746943324,43.770823938013805],[-79.242308687939484,43.77016329843768],[-79.242335051116115,43.76926333528894],[-79.24639751780181,43.768425387281376],[-79.247672250673702,43.76731948273838]],[[-79.171914339251785,43.7663576000596],[-79.171921193125044,43.766132617804942],[-79.172231638756543,43.766137584408348],[-79.172542084467509,43.766142550168986],[-79.17438422643977,43.766847274699373],[-79.176612066935022,43.765082114040069],[-79.178805638912479,43.76444182319716],[-79.179116076990454,43.764446770950308],[-79.179743777485854,43.764231680618593],[-79.180054214639,43.764236625804934],[-79.180047391699276,43.764461609153365],[-79.178467885117868,43.765336807125095],[-79.179317300155958,43.768051448875269],[-79.177717188553473,43.769601582986603],[-79.178621264087397,43.77051636575132],[-79.176178544204063,43.769126849160379],[-79.174923010937363,43.769556984523],[-79.174585168268266,43.770451954694202],[-79.173032827292587,43.770427143279917],[-79.173363843563607,43.769757160400253],[-79.173370692816306,43.769532178097997],[-79.173701700075753,43.768862193987232],[-79.172487269854429,43.767942408553679],[-79.172825128236468,43.767047444512237],[-79.171914339251785,43.7663576000596]],[[-79.269359533860907,43.769225672060308],[-79.26528429790298,43.770514427969488],[-79.264048871943501,43.770270572650212],[-79.261836388861198,43.771587490544661],[-79.261829870754681,43.77181248359576],[-79.259986506146205,43.771109150123024],[-79.259391642127355,43.770199720751172],[-79.258434075975913,43.771085498363931],[-79.257185597804423,43.771291554298394],[-79.254740973662976,43.769903686904925],[-79.254773694133476,43.768778725415835],[-79.256960080521594,43.768361915020591],[-79.256100591857873,43.765872784566128],[-79.256747652167064,43.76498228882916],[-79.257995999717039,43.764776235300964],[-79.261662787091467,43.76685791133216],[-79.26355161757759,43.765986262278567],[-79.264159522119257,43.766445683931146],[-79.266022300207212,43.766473967825696],[-79.266921200682603,43.767613067609858],[-79.268486532459278,43.767186614591857],[-79.270025897250022,43.767660116550118],[-79.270316911033589,43.768339799433932],[-79.269359533860907,43.769225672060308]],[[-79.233563150121313,43.761249829572378],[-79.235722940667202,43.761733383741486],[-79.236634411168794,43.762422731191791],[-79.237572330680976,43.762212109683333],[-79.23878766775141,43.763131218954783],[-79.238133759806331,43.764246599590614],[-79.236264466328095,43.764442852599345],[-79.235273578203746,43.766453383442638],[-79.23617188682482,43.767592715330174],[-79.234593090086932,43.768468701312003],[-79.232129231767018,43.767755329512475],[-79.231237630217336,43.766390977552867],[-79.231891689737637,43.765275639353611],[-79.230993496750699,43.764136275329165],[-79.231634276163859,43.763470917266723],[-79.232882669517664,43.763265139034424],[-79.232294921473411,43.762130585720868],[-79.233563150121313,43.761249829572378]],[[-79.181729096386874,43.760211633684776],[-79.184799245816194,43.761385910537044],[-79.185089258934923,43.762065793985613],[-79.184447987550001,43.762730882435783],[-79.175687583828775,43.764842264900551],[-79.174763108330623,43.764602408398794],[-79.174169612079595,43.763692557901585],[-79.174811006105443,43.763027529424342],[-79.176997686386642,43.762612255011703],[-79.17672826751452,43.761257403514826],[-79.177369606735127,43.76059235945327],[-79.178921697155104,43.760617107574888],[-79.179508413095377,43.761751917963181],[-79.180129261754658,43.761761808329076],[-79.181729096386874,43.760211633684776]],[[-79.244170497829444,43.759612583281864],[-79.243853490975255,43.759832804008788],[-79.243860073720839,43.759607812641569],[-79.244170497829444,43.759612583281864]],[[-79.246356615393935,43.75919597080955],[-79.248206018181108,43.759674524921117],[-79.24878091795226,43.761258985297594],[-79.248140349999929,43.761924443366901],[-79.248437654572498,43.762379186228486],[-79.247486628063172,43.763039880898312],[-79.248054969979933,43.764849335899335],[-79.246793444247359,43.765505263202691],[-79.246786871141893,43.765730254690425],[-79.245564779925772,43.765036219345951],[-79.244012518762176,43.765012374316662],[-79.243411371593425,43.764327857054276],[-79.244058600531645,43.763437435841006],[-79.243120682792039,43.763648110619883],[-79.24159482781603,43.762724269171009],[-79.240709674660536,43.761134996648209],[-79.241363499439004,43.760019599310972],[-79.245088614342862,43.760076873169297],[-79.246356615393935,43.75919597080955]],[[-79.261057356003931,43.755594069900205],[-79.262272929861027,43.756512934100286],[-79.26537704482341,43.756560099862583],[-79.267834373256875,43.75749774919052],[-79.267801910357306,43.758622720706846],[-79.2656094486114,43.759264740413023],[-79.264962582557189,43.760155290402849],[-79.262168712086904,43.760112832120747],[-79.26216219783403,43.760337825664877],[-79.261243940953236,43.759873670747886],[-79.260306135171831,43.760084488676796],[-79.257861885072771,43.758696691858745],[-79.260119616961518,43.755804887551037],[-79.261057356003931,43.755594069900205]],[[-79.224443266615225,43.754580792084901],[-79.225361149684062,43.755045237007444],[-79.225942051362253,43.756404813267885],[-79.226879910837113,43.756194278373606],[-79.227797837665321,43.756658704331549],[-79.228081679023674,43.757563476581666],[-79.22650303637478,43.758439354698659],[-79.226753631584003,43.760469076152567],[-79.222995223448393,43.761536148264263],[-79.222070596941492,43.761296672124644],[-79.22178016521444,43.760616875402683],[-79.220234709683339,43.760367720815303],[-79.219640556087242,43.759458094875932],[-79.220591823627302,43.758797635872007],[-79.22063850970207,43.757222715581769],[-79.222824688462239,43.756806554548596],[-79.222554253298156,43.755451792648905],[-79.223195028908762,43.754786480970509],[-79.224443266615225,43.754580792084901]],[[-79.233808099420315,43.752925190660278],[-79.233491091578131,43.753145382833566],[-79.233497711609601,43.7529203924557],[-79.233808099420315,43.752925190660278]],[[-79.233180702682461,43.75314058374903],[-79.233491091578131,43.753145382833566],[-79.233484471469907,43.753370373201719],[-79.233174081412486,43.753365574079702],[-79.233121108489073,43.75516549637635],[-79.23249368573137,43.755380885173608],[-79.230017119196958,43.755117455818734],[-79.229105834641402,43.754428057896796],[-79.228835266209899,43.753073308105378],[-79.227917385020007,43.752608890998559],[-79.225070708376123,43.754365447821264],[-79.224226040713944,43.751426118861552],[-79.225797879519305,43.750775258150355],[-79.228234409911934,43.752388714570678],[-79.22948258199942,43.752182969402348],[-79.230393837726211,43.752872364073838],[-79.231021241136531,43.752656986402386],[-79.231648640130658,43.752441605201284],[-79.233180702682461,43.75314058374903]],[[-79.19760806925315,43.748533320572939],[-79.197365252086925,43.746278562775366],[-79.198633638041684,43.745398195119016],[-79.200171867860504,43.745872620956675],[-79.201966577539125,43.74815180441157],[-79.203214741699085,43.747946346127002],[-79.204442714735478,43.748415835114407],[-79.205387242305875,43.747980488454274],[-79.208126750951266,43.749824224635638],[-79.207479148940905,43.750714437686447],[-79.205920567193075,43.750915068814201],[-79.203012738344526,43.754695947958865],[-79.201757693076388,43.755126387791599],[-79.201750953617861,43.755351374196714],[-79.20082651198716,43.75511172896163],[-79.199321784146463,43.753512377758],[-79.197776613778899,43.753262923813502],[-79.195354413784798,43.751198860017965],[-79.196002198799548,43.750308718966643],[-79.195408511141522,43.749398973523746],[-79.196049515806237,43.748733817510136],[-79.19760806925315,43.748533320572939]],[[-79.236813021975507,43.745768627402882],[-79.237387497780347,43.747353141482868],[-79.238305375624719,43.747817482789706],[-79.239533632585363,43.748286599180922],[-79.240728948985293,43.749880659666168],[-79.242888395457371,43.750364073371273],[-79.242855473377077,43.751489031350438],[-79.241277202374633,43.752365120830916],[-79.241567819593598,43.753044871969216],[-79.240042253508122,43.752121013081634],[-79.238153536821798,43.752992277064415],[-79.236628026059222,43.752068373484335],[-79.234435491741536,43.752709794042097],[-79.235393103780382,43.751824215887922],[-79.235102562452809,43.751144450184015],[-79.236053529299639,43.750483856412067],[-79.235769597188579,43.749579101433206],[-79.237030899192888,43.74892329049981],[-79.235868749236715,43.7462042384903],[-79.235875358760211,43.745979247549911],[-79.236185711101044,43.745984038697266],[-79.236496063518487,43.745988829002364],[-79.236813021975507,43.745768627402882]],[[-79.235281100926258,43.745069699169328],[-79.235875358760211,43.745979247549911],[-79.235234818540192,43.746644635295901],[-79.233049090499009,43.747061042241384],[-79.23363009612217,43.748420582863154],[-79.232976262328918,43.749535937812354],[-79.231728156315,43.749741722377451],[-79.230810302104487,43.749277328738799],[-79.230797043513618,43.749727309120068],[-79.2298592985087,43.749937878344788],[-79.229852665536541,43.750162868398576],[-79.228631087132143,43.749468658780046],[-79.227389611273182,43.749449405874124],[-79.226795450768691,43.748539815480356],[-79.225560644035369,43.748295553364265],[-79.224993124464788,43.746485995614947],[-79.225633774580643,43.74582066717457],[-79.226881817387053,43.745614948027196],[-79.227529077803581,43.744724618409045],[-79.229080800878194,43.744748678489913],[-79.229411045840948,43.744078517316119],[-79.231292974152495,43.743432384464576],[-79.233121909382007,43.7445861454976],[-79.235281100926258,43.745069699169328]],[[-79.232363046803243,43.738721987256831],[-79.232648605282421,43.738688888572348],[-79.232673361069374,43.73872678731189],[-79.232363046803243,43.738721987256831]],[[-79.212893726897647,43.73571802434877],[-79.214128220705462,43.735962418586979],[-79.214728755492231,43.736647082635471],[-79.21405464141705,43.738437293586337],[-79.215842988813449,43.740941255691702],[-79.215512612089753,43.741611375702632],[-79.214257928536071,43.742041960011413],[-79.213333636878417,43.741802418104172],[-79.210918042264041,43.739513690818313],[-79.210991753503336,43.737038820522535],[-79.212893726897647,43.73571802434877]],[[-79.219353408644807,43.748198989355302],[-79.216850479273944,43.748835235000058],[-79.215946126981308,43.74792074709984],[-79.214083974473553,43.747891656830852],[-79.213490032458552,43.746982000709565],[-79.215068552418842,43.746106298832316],[-79.214778268466333,43.745426485193001],[-79.211344364474769,43.746048061286771],[-79.212241919961386,43.747187572238531],[-79.211263942321963,43.748747915981696],[-79.210319443527084,43.749183311697585],[-79.209395059609207,43.748943736595329],[-79.209104827697274,43.748263909728458],[-79.207553030678156,43.748239576910848],[-79.206952467313045,43.747554875882066],[-79.206986057251285,43.74642993901174],[-79.207937249467932,43.745769582789649],[-79.207350137615023,43.744634908838322],[-79.208314721273055,43.743524573496117],[-79.210176732548447,43.743553755457164],[-79.211768605536676,43.742228121857977],[-79.21329347785364,43.74315234809837],[-79.217037528304004,43.742535552780808],[-79.215612874375395,43.738236545066378],[-79.21784511446883,43.736245543983927],[-79.216610598449009,43.73600118956368],[-79.21571311922834,43.73486171224588],[-79.2188694019748,43.733110208804462],[-79.220394159703915,43.734034339588924],[-79.220731101258011,43.733139213368091],[-79.221675271268666,43.732703724819565],[-79.222599459541996,43.732943197783385],[-79.223800680526693,43.734312436768946],[-79.222803252115682,43.736547860732642],[-79.223740809382861,43.736337345819003],[-79.225265724487514,43.737261413756876],[-79.225292312675379,43.736361453678249],[-79.227167398872353,43.735940374775247],[-79.228078386970097,43.736629785152886],[-79.22963653213705,43.736428843700878],[-79.230851235851247,43.737348030465562],[-79.23020410711662,43.738238382187667],[-79.22895622863966,43.738444140677458],[-79.229537063844418,43.73980370108918],[-79.229200212098931,43.74069885387744],[-79.225449741346353,43.741541041922439],[-79.226367436380016,43.742005476517647],[-79.226644550565268,43.743135242938052],[-79.224425637429874,43.744676435080436],[-79.224392376131249,43.745801382983558],[-79.223448016077029,43.746236889863987],[-79.222833971507484,43.746002248157268],[-79.222820654681101,43.746452226854458],[-79.221882935347139,43.746662731115407],[-79.222727428249996,43.749602076648245],[-79.221465960606196,43.750257726685192],[-79.22145929611861,43.750482715703484],[-79.220231142316123,43.750013406801472],[-79.220224473259776,43.750238395678501],[-79.220217804126079,43.750463384545832],[-79.221669710148049,43.753862381062547],[-79.218849496852826,43.754718823675447],[-79.218208674611233,43.75538411017812],[-79.21872932911586,43.758768615589638],[-79.217487667656371,43.75874925188225],[-79.217203981833933,43.75784445611793],[-79.215671994007167,43.757145264985667],[-79.212838146951029,43.758451530268069],[-79.212507634222021,43.759121637404618],[-79.213722517675237,43.760041006175129],[-79.212791254269703,43.760026443530563],[-79.210651844875102,43.758867497865367],[-79.210368262163556,43.757962686898736],[-79.209450455159413,43.757498122962701],[-79.208202110416465,43.757703646008927],[-79.207554420674711,43.758593856875628],[-79.205718847053248,43.757664677138642],[-79.203809275873382,43.759210320849007],[-79.204092764442024,43.760115146311037],[-79.204659765956976,43.761924795154926],[-79.203728477947521,43.761910158171624],[-79.203418048767176,43.761905277491799],[-79.201879385084595,43.761430889119808],[-79.201285502842339,43.760521172481482],[-79.202243723317508,43.759635883913248],[-79.201683554734757,43.75760123771316],[-79.203903525912693,43.756060508870341],[-79.202999268955892,43.755145921103306],[-79.203329863601596,43.754475842479415],[-79.204287955050376,43.753590533692559],[-79.204294684590508,43.753365546904767],[-79.206784488411586,43.753179556590204],[-79.209631627935522,43.751423463284226],[-79.211473778822494,43.752127591169049],[-79.212418316576816,43.751692186773248],[-79.213409704132118,43.749681858123111],[-79.217154162890438,43.749065066602277],[-79.219353408644807,43.748198989355302]]],[[[-79.446547697352003,43.763893712040215],[-79.447467490511727,43.764356399518086],[-79.448065177834081,43.765264892113805],[-79.450830507001001,43.766427882746527],[-79.4523365431332,43.768249037134119],[-79.453883253534741,43.768495068820428],[-79.456378855022621,43.768078621962509],[-79.456367278854543,43.768528652183967],[-79.456999857371486,43.768087009240219],[-79.455148436335122,43.76761180729126],[-79.454544823726181,43.766928365155671],[-79.456459880681777,43.76492840934764],[-79.455206358327686,43.765361656734164],[-79.454280693302579,43.765124045545925],[-79.453090948478803,43.763082104635274],[-79.451532770227715,43.763286093721113],[-79.450009447319047,43.762139973494399],[-79.449141991134397,43.759652174748339],[-79.451033762610052,43.758552366056534],[-79.451379042262317,43.757206483972027],[-79.452632419081908,43.756773275866031],[-79.453552152959119,43.757235913995459],[-79.453839416042186,43.758140175963092],[-79.456323012894657,43.758173754008297],[-79.45720231545296,43.760211471917742],[-79.45876617391491,43.75978238824672],[-79.460600073484329,43.760932576657275],[-79.462462863277381,43.760957656333566],[-79.46305498564665,43.762091089916147],[-79.461795802113471,43.762749427350727],[-79.460806674798079,43.764987043051583],[-79.461709295017158,43.766124664844121],[-79.463261754746185,43.766145553573331],[-79.464480694502029,43.767062313524399],[-79.464486451909735,43.766837297502505],[-79.464492209250693,43.766612281471133],[-79.466395429359352,43.76506218642362],[-79.465791711826682,43.764378801908613],[-79.464555535594585,43.764137104498914],[-79.464578561353193,43.763237039860414],[-79.468056989897605,43.76080769663686],[-79.467459039518729,43.759899304149997],[-79.465918239425449,43.759428441859406],[-79.466585138513963,43.757636643418316],[-79.465671046180759,43.756949092131364],[-79.465694049446824,43.756049025886277],[-79.466930064941096,43.756290708932191],[-79.467878617837059,43.755628149496701],[-79.469114634167184,43.755869808928928],[-79.470063156676048,43.755207230859128],[-79.471304903365706,43.755223849479606],[-79.471942958315907,43.754557101886199],[-79.471655436893286,43.753652881146316],[-79.469511116553591,43.752498711707482],[-79.469827273519584,43.752277851763445],[-79.470143428161109,43.75205699090219],[-79.470453848461545,43.752061146367232],[-79.4710689595031,43.752294472067909],[-79.472011677166094,43.751856893645552],[-79.472034581324692,43.750956823928234],[-79.472040307198341,43.750731806475173],[-79.471086148579886,43.751619420142937],[-79.46732667322965,43.752919621372534],[-79.467320929257966,43.753144638243683],[-79.466395400577667,43.752907126776336],[-79.465492882251439,43.751769541073031],[-79.466763284025888,43.750661123901111],[-79.468010675722184,43.750452759964894],[-79.467395595694995,43.750219418178034],[-79.467401338800883,43.749994401183422],[-79.465561884392557,43.749069339651022],[-79.463078653238526,43.749035967850062],[-79.462124391880394,43.749923505379705],[-79.460267714400132,43.749673408931628],[-79.459014539991259,43.750106704318071],[-79.45779602237279,43.74918988973058],[-79.456859029302777,43.749402334241935],[-79.456267143236147,43.748268869690918],[-79.45443370863596,43.747118616216937],[-79.453192139346143,43.747101816765699],[-79.452910730765254,43.745972536786923],[-79.451996971926462,43.74528487969161],[-79.450450865249749,43.745038830485584],[-79.450468281662438,43.744363784239887],[-79.452025970237727,43.744159801794204],[-79.452664115213906,43.743493162042604],[-79.452083961817209,43.741909645286242],[-79.45304982853169,43.740572159032716],[-79.452165138733577,43.738759424577729],[-79.452176734360336,43.738309392895815],[-79.451216687822026,43.739421856832685],[-79.449342958499358,43.739846634691126],[-79.449583617726788,43.742551031286965],[-79.448324706490084,43.743209226325618],[-79.448318893291543,43.743434241567662],[-79.445859204826291,43.742500438615743],[-79.445572130650689,43.741596157092332],[-79.446227779760378,43.740254508381454],[-79.44467017539769,43.740458413129069],[-79.443452072702797,43.739541450245774],[-79.443779912652815,43.738870632488855],[-79.445032955499713,43.738437501519151],[-79.44473426054185,43.737983247932334],[-79.446010560651786,43.736650045092475],[-79.445407354671374,43.73596655727814],[-79.44385568790689,43.735945437553731],[-79.44326417457323,43.734811908695086],[-79.443902313156343,43.734145316794432],[-79.445459755522094,43.733941419896752],[-79.445172724640543,43.733037136759293],[-79.445810822937574,43.732370533402552],[-79.447057899226465,43.732162393000294],[-79.447965592611425,43.733075102926954],[-79.447983029672741,43.732400056057187],[-79.447678527602577,43.732170825452194],[-79.447684340915174,43.731945809833313],[-79.446466360227774,43.73102887964906],[-79.445213483314987,43.7314620293388],[-79.444885702034554,43.732132852891233],[-79.443667761196153,43.731215893483309],[-79.442731003611769,43.731428226214838],[-79.441770897984483,43.732540611109414],[-79.442069544419709,43.732994872122767],[-79.44019595643725,43.73341950246617],[-79.440155063468467,43.734994605588234],[-79.438902059496101,43.735427683862937],[-79.438890365620978,43.735877712937899],[-79.436741462565635,43.734947958357544],[-79.437063496847401,43.734502174472382],[-79.437379673978938,43.734281404008065],[-79.437689997647041,43.734285647092634],[-79.43894883228532,43.733627567182367],[-79.438954678578952,43.733402552554459],[-79.439282532933149,43.732731747255514],[-79.441161943119155,43.732082116700411],[-79.441478092521876,43.731861334388896],[-79.441483928985917,43.731636319420232],[-79.440547157594622,43.731848634018718],[-79.440541317580099,43.732073648878703],[-79.439013137787811,43.731152405751928],[-79.439668811704479,43.729810792794616],[-79.4396921825779,43.728910733313896],[-79.438468539505735,43.728218734999807],[-79.439135880069301,43.726427094368454],[-79.440698974211273,43.725998244319122],[-79.443140423057116,43.727607195659864],[-79.44441070669113,43.726499021017872],[-79.445962130002272,43.726520129606271],[-79.44655361743493,43.727653645629822],[-79.446875539064294,43.727207831872171],[-79.446881354376444,43.726982816142822],[-79.449375267220219,43.726566494406747],[-79.450013248807963,43.725899865135531],[-79.449433322440484,43.72431633376749],[-79.448203846634001,43.723849454964643],[-79.447261406325538,43.724286842985379],[-79.447284659022642,43.72338677938464],[-79.447600739754762,43.723165978790689],[-79.44791100754847,43.723170193278818],[-79.449152079396669,43.723187042812519],[-79.449807436645543,43.721845365205517],[-79.450749820228225,43.721407955159151],[-79.452559239250959,43.723458326057454],[-79.455638815208474,43.724400365826838],[-79.455925966756539,43.725304625715502],[-79.456845251778361,43.725767233047328],[-79.458092155536946,43.725558969383748],[-79.45873003077935,43.72489228973852],[-79.458460152523543,43.723312984952607],[-79.4600230345619,43.72288386707843],[-79.461884644503385,43.722908938933223],[-79.462780920278874,43.724271568838212],[-79.464332299547806,43.724292427247541],[-79.46498158635174,43.723175675815554],[-79.464091025650504,43.721588044657501],[-79.466274344651225,43.721167178208489],[-79.467233814827807,43.720054575925197],[-79.466326015622116,43.719142015645744],[-79.468819478742475,43.718725262178708],[-79.469773134434732,43.717837655323208],[-79.468623870843274,43.714220735846446],[-79.46898566444699,43.712199725045139],[-79.469606093184112,43.712208035435609],[-79.469916307652269,43.712212189368458],[-79.469910581520097,43.712437208120569],[-79.470801168376298,43.714024796646882],[-79.469853316547912,43.714687395119526],[-79.469824681572589,43.71581248826304],[-79.471042723730577,43.716729172516693],[-79.47197915719974,43.716516602312268],[-79.470359267746048,43.719196073621418],[-79.471887640880155,43.720116901952103],[-79.471537333495462,43.721687882877823],[-79.472112101921056,43.72349632947742],[-79.47333604783681,43.724187972308457],[-79.474577155515007,43.724204546086405],[-79.479265479391756,43.722916462066628],[-79.47988033072771,43.723149737631815],[-79.47987463970496,43.723374756995504],[-79.479846183601651,43.724499853671688],[-79.478582282145297,43.725383413671345],[-79.478881175497932,43.725837582561688],[-79.477956016202043,43.725600169109498],[-79.476077191706082,43.726250414384346],[-79.47542236601241,43.727592249548195],[-79.474175474664179,43.727800702525712],[-79.473537736613309,43.728467470127924],[-79.474124052557855,43.729825869432283],[-79.475049260451357,43.73006331447187],[-79.476301901912606,43.729629833947115],[-79.477215711260271,43.730317299073654],[-79.47661791173104,43.729408952235076],[-79.477881927787635,43.728525416225089],[-79.479444815112274,43.728096033025317],[-79.480674628954901,43.728562580132994],[-79.481628272437788,43.727674875532671],[-79.482875137558594,43.727466340805641],[-79.483794668668367,43.727928734645921],[-79.48407090837415,43.729282968790223],[-79.485605419926003,43.729978599228843],[-79.486248710783102,43.729086742937184],[-79.487495590692959,43.728878158031797],[-79.486897647987632,43.727969862707603],[-79.487224939534343,43.727298911016582],[-79.490344849093901,43.726664884576749],[-79.490666443721722,43.726218942576942],[-79.489741229404174,43.725981623805033],[-79.48693164086788,43.726619743083106],[-79.485667795980106,43.727503382007605],[-79.484742582885787,43.727266022810838],[-79.48352979655877,43.726124460459992],[-79.48386279135093,43.725228498909885],[-79.482322738266618,43.724757866131249],[-79.482351148277175,43.723632768214173],[-79.481104361406821,43.723841298491038],[-79.480196292929818,43.722928845091772],[-79.478656328362447,43.722458163990133],[-79.478363149253326,43.721778975262296],[-79.47931102323804,43.721116307255507],[-79.479057696946072,43.718861984109402],[-79.475587886430176,43.721066702482339],[-79.47280125712571,43.720804400631806],[-79.472197896481276,43.720121050285989],[-79.472835558042675,43.719454288139467],[-79.47224364748071,43.718320900510648],[-79.473191531925195,43.717658283070449],[-79.47292701549236,43.715853986489414],[-79.47419079406788,43.714970485902469],[-79.47667263097081,43.71500359591262],[-79.477270294107115,43.715911942601046],[-79.475989426697211,43.717470535081013],[-79.47785088292315,43.717495344469569],[-79.479063390130293,43.71863696465271],[-79.480011206044693,43.71797428964873],[-79.480045341693639,43.716624171958316],[-79.480987429223632,43.716186507726235],[-79.481912457307175,43.716423895075678],[-79.482504533883301,43.717557235364922],[-79.483739834524883,43.71779872760402],[-79.48433763210403,43.718707038854419],[-79.485589970421017,43.718273451253253],[-79.4871298855535,43.718744038471428],[-79.487389177184994,43.720773327914735],[-79.485510602814429,43.721423732510345],[-79.482718227007965,43.721386691541319],[-79.482667104175306,43.723411868764487],[-79.486723334951236,43.722565273915123],[-79.48892351380627,43.721468912199519],[-79.492026167048238,43.721509896246808],[-79.492037457329275,43.721059854835147],[-79.493605692325886,43.720405252300644],[-79.498592345032733,43.719570496030904],[-79.499805293012443,43.720711901988672],[-79.497599710598948,43.722033497899176],[-79.499472561502671,43.721607914470127],[-79.500685566515486,43.722749311521596],[-79.501311723893139,43.722532429790292],[-79.502231326465278,43.722994676599747],[-79.502818245078103,43.724352938480017],[-79.505311694078841,43.723935388494333],[-79.507444539672036,43.725538931154816],[-79.505820368673525,43.728443942216728],[-79.5048838603104,43.72865678839063],[-79.503653849467554,43.728190499134584],[-79.502384603845314,43.729299347311226],[-79.49961431360488,43.728362628587242],[-79.49958060354183,43.729712755674022],[-79.498328121293127,43.730146493795331],[-79.49798968700938,43.731267520403243],[-79.497053108378623,43.731480301259367],[-79.497024965819548,43.732605405251796],[-79.496082730745883,43.733043198466873],[-79.494847065103102,43.732801835050921],[-79.494553654584919,43.732122685684629],[-79.493301086840717,43.732556367275173],[-79.492375764625649,43.732319068530543],[-79.491484345383867,43.730731640904253],[-79.490858067759333,43.730948466729757],[-79.489938435150378,43.730486128513633],[-79.489611155348584,43.73115708780221],[-79.488364234633409,43.731365695134308],[-79.485904388770848,43.730432750496647],[-79.486192024224934,43.731336940436925],[-79.48493374139872,43.731995549333213],[-79.484911045569476,43.73289562743998],[-79.487117305614561,43.731574288725767],[-79.488629270998217,43.733169958949695],[-79.491094922857997,43.733877826619171],[-79.491698635003956,43.734561080694952],[-79.490745025890604,43.73544886888093],[-79.490705455043752,43.737024008738182],[-79.489763105154353,43.737461747841976],[-79.488837722675385,43.737224419750696],[-79.489441441404963,43.737907685480366],[-79.489114113372409,43.738578641835034],[-79.488171727544852,43.739016367177456],[-79.488166064422799,43.739241386777522],[-79.488476421101709,43.739245492344807],[-79.490016892977565,43.739716047101552],[-79.493797630566974,43.73751499642632],[-79.494124900529627,43.736844025694531],[-79.492906100117608,43.735927579634811],[-79.494158741555552,43.735493903678183],[-79.494807605425933,43.734376978613113],[-79.496370531511843,43.733947364773549],[-79.496697752410213,43.733276385572076],[-79.498537223152326,43.734200948254575],[-79.499473839538084,43.733988155866101],[-79.499801026253536,43.733317167286572],[-79.501042337615459,43.73333345638968],[-79.502311694861547,43.732224625461988],[-79.501724715739272,43.73086636185333],[-79.50325947810569,43.731561758530191],[-79.504833471373658,43.730681983667452],[-79.505482084031925,43.729564993481354],[-79.509228127833225,43.728713543322442],[-79.510203671832457,43.726925505092133],[-79.509921271807187,43.725796347692054],[-79.511179156556992,43.725137457161182],[-79.510281760661528,43.723775191211743],[-79.51064779899886,43.721529009946629],[-79.51220471145237,43.721324194896468],[-79.511872160182364,43.722220245983998],[-79.513395694533074,43.723365551565742],[-79.515262923836289,43.723164731344262],[-79.517091279181344,43.724539042715513],[-79.51677544120507,43.724760039031253],[-79.516465155305823,43.724756011358458],[-79.515534297994506,43.724743923287981],[-79.514265342554282,43.725852908247013],[-79.514198584151032,43.728553181300732],[-79.515428687247933,43.729019358286195],[-79.517634147447083,43.727697417859474],[-79.519429428126813,43.73042183207032],[-79.521601638421885,43.730449954647156],[-79.522261006358576,43.728882817784189],[-79.524150487118519,43.727781759999331],[-79.523867820500115,43.726652633464084],[-79.524532609573242,43.724860457197238],[-79.523928613868961,43.724177371571741],[-79.522693009603756,43.72393630992962],[-79.52242144995185,43.722357132155985],[-79.520615187679439,43.720082810109616],[-79.519390766289902,43.719391666695536],[-79.517523666513782,43.719592556364539],[-79.516310398980522,43.718451333807543],[-79.514736894623141,43.719331275554282],[-79.513512557609332,43.71864007024395],[-79.513839500453088,43.717969036290476],[-79.512620768634221,43.717052798761742],[-79.509811827685922,43.717691491040426],[-79.508920150609001,43.716104192019301],[-79.509772780829607,43.719266649558605],[-79.508199161542308,43.720146499479618],[-79.507273966951786,43.719909322779429],[-79.506371144290668,43.718772049625549],[-79.506111217421619,43.716742793500323],[-79.503933917907261,43.716939405695705],[-79.502715360405219,43.716023064823162],[-79.503375049311316,43.714456037902977],[-79.504316937829486,43.714018178228628],[-79.505242030063613,43.714255377641052],[-79.50497656181453,43.712451140613965],[-79.506239806149807,43.711567277249998],[-79.507779720166724,43.712037586559752],[-79.507785304533542,43.711812563861159],[-79.507790888835615,43.711587541153129],[-79.507209560106787,43.710004279338357],[-79.509059653492187,43.710478622811905],[-79.510012590051815,43.709590668479798],[-79.510943210482935,43.709602798195746],[-79.511552484757217,43.710060926800487],[-79.510306073279253,43.710269781669886],[-79.509663344686118,43.711161784239707],[-79.511485641317407,43.712761204017276],[-79.518565350516198,43.715104155518254],[-79.518870043394926,43.715333200489177],[-79.519484977431048,43.71556626432109],[-79.520105455298065,43.715574301094648],[-79.52041569432788,43.715578318218803],[-79.5207259334219,43.715582334501221],[-79.52509688868723,43.714513352386334],[-79.525733910262318,43.713846285232172],[-79.525174163583983,43.711363010410679],[-79.527063032975008,43.710261892638485],[-79.527096103277927,43.708911744102032],[-79.525262462398274,43.707762617313094],[-79.524010619471056,43.708196647669482],[-79.52123540847353,43.707485483187796],[-79.521246474696881,43.707035434675525],[-79.522177060329696,43.707047472373958],[-79.523406792082369,43.707513559808376],[-79.524669665291469,43.706629486638207],[-79.526215119194205,43.706874523446821],[-79.526525314205671,43.706878523359201],[-79.523135276187517,43.705934380112971],[-79.522226823851952,43.705022252754695],[-79.520686969748837,43.704552138532158],[-79.519429623150572,43.705211143636731],[-79.517269421639682,43.704732944752408],[-79.515447206168773,43.703133616310723],[-79.515779591174365,43.702237549651969],[-79.516721198345493,43.701799582803986],[-79.518260950107589,43.702269749244657],[-79.516427680969628,43.701120484671129],[-79.516455429809369,43.699995364507615],[-79.517396996665582,43.699557391353537],[-79.518942237331288,43.699802523812536],[-79.520830849258019,43.698701503357974],[-79.521750246654719,43.699163591900309],[-79.522331863131541,43.70074678659951],[-79.525101261433207,43.701682945915337],[-79.525367295974206,43.703487147367255],[-79.526624542711772,43.702828075302129],[-79.529089429312336,43.703535115451075],[-79.530607336335578,43.704905218348443],[-79.530269656230871,43.706026355869852],[-79.528696681074436,43.706906499183987],[-79.529006876596753,43.706910492364393],[-79.529001372572054,43.707135517416376],[-79.533017468008268,43.707862428903304],[-79.53458492374304,43.707207251326523],[-79.534911567418206,43.706536151591202],[-79.533687249275076,43.705845161353267],[-79.533094310180942,43.704712072045162],[-79.533132726591703,43.703136892921911],[-79.534085193811578,43.702248730072967],[-79.536588472439263,43.701380428211095],[-79.536904113948893,43.70115937350328],[-79.53721428097893,43.701163343998147],[-79.537524448072389,43.701167313651638],[-79.540642500528236,43.700531884515961],[-79.543499362871415,43.697867175207008],[-79.545333063331995,43.699016011932443],[-79.546573692290522,43.699031796765091],[-79.546834926522976,43.701060984956463],[-79.54835318312314,43.702430857470482],[-79.551471194849427,43.701795132303211],[-79.551438679783786,43.703145297201104],[-79.554197840773895,43.704530813896639],[-79.555449397535682,43.704096448467268],[-79.55579200143768,43.70275020160102],[-79.557631484653427,43.703673817384313],[-79.558567426165027,43.703460530003568],[-79.559203961015911,43.702793268236405],[-79.558909956520154,43.702114272626531],[-79.560172202661761,43.701229797466489],[-79.559878194348272,43.70055080412174],[-79.56208163905886,43.69922797142037],[-79.56273959417868,43.697660573349204],[-79.564301097923959,43.697230007749766],[-79.56496970699186,43.695212537069729],[-79.56652040874711,43.695231998259963],[-79.567183561141889,43.693439541978606],[-79.56874492431723,43.693008913397605],[-79.56908181083088,43.691887648816369],[-79.568477624203638,43.691204792439834],[-79.569766241172985,43.689195055897294],[-79.571969051040057,43.687872021273897],[-79.574235734905912,43.683848577626556],[-79.574551147153727,43.683627415108326],[-79.574877213092293,43.682956190566806],[-79.573925652036294,43.683844708801303],[-79.572364563580123,43.684275412615612],[-79.572963391851061,43.685183279191314],[-79.571391578902293,43.686064029411561],[-79.570466642390741,43.685827366785865],[-79.570172587924105,43.685148397586374],[-79.565831347348578,43.685094001925258],[-79.564944006135477,43.683282087953671],[-79.566227203529991,43.681497417616427],[-79.567162769427071,43.681284053853901],[-79.568697061579314,43.681978570434993],[-79.569354645028497,43.680411124707334],[-79.572471302799784,43.679774805384149],[-79.573390822262624,43.68023648139139],[-79.573396155223563,43.68001145085907],[-79.573706218279582,43.680015320852164],[-79.574951798229947,43.679805761724083],[-79.575587896711838,43.679138400085414],[-79.575635815400588,43.677113122628917],[-79.575651787186374,43.676438029973987],[-79.575320441818647,43.67733428890881],[-79.574379636046174,43.677772751568398],[-79.573454813715628,43.677536114382107],[-79.573123429332242,43.67843236624693],[-79.571872533700571,43.678866936235394],[-79.570947705056824,43.678630278707367],[-79.569434859699442,43.677035671778171],[-79.566644437713194,43.677000709187055],[-79.566040424093245,43.676317840636372],[-79.566366542574272,43.675646640307086],[-79.568253537707335,43.674544809095039],[-79.570097711087342,43.675243189081925],[-79.568873606195282,43.674552575370427],[-79.5685689218612,43.674323662369787],[-79.568258888806,43.674319778842126],[-79.567344853356147,43.673633032673429],[-79.564244562811524,43.67359412685817],[-79.563956001960477,43.672690112135982],[-79.564902164217315,43.672026704852463],[-79.564918253482531,43.671351614756858],[-79.563699654818024,43.6704359170635],[-79.562764246979356,43.670649255028955],[-79.561534944901823,43.67018359444215],[-79.5631172164356,43.668852913764887],[-79.561284072666368,43.667704364554034],[-79.560092503208807,43.665663480474315],[-79.559167924806289,43.665426730531969],[-79.558227193235666,43.665865062047928],[-79.55789565213999,43.66676126927991],[-79.558483320225278,43.668119268035831],[-79.557553321168953,43.668107534187833],[-79.556008719649228,43.667862931668331],[-79.555698721558485,43.667859014533448],[-79.555388723530271,43.667855096558206],[-79.555073326434183,43.668076206948911],[-79.554763327373692,43.668072287262234],[-79.553234956932556,43.66715256007619],[-79.551973338646491,43.668036972264524],[-79.551951695203542,43.668937087769827],[-79.550417930549145,43.668242352144574],[-79.549172512568347,43.668451646413772],[-79.548269635165624,43.667314694089299],[-79.547965066517733,43.667085727477463],[-79.547970492015864,43.666860698939217],[-79.548285908188149,43.666639608382233],[-79.548579629437356,43.667318631331931],[-79.549504192792227,43.667555466690764],[-79.550445012689295,43.667117208365276],[-79.550782081028245,43.665995995526011],[-79.552032852942915,43.66556165384695],[-79.552364473762751,43.664665464565978],[-79.551766154857148,43.663757494046195],[-79.553658435903557,43.662430870952804],[-79.553060118619328,43.66152290690048],[-79.553402508358204,43.660176654823182],[-79.551259861655325,43.659024025802253],[-79.55159145534742,43.658127837426498],[-79.550987798147077,43.657444892139772],[-79.547263050333811,43.657622705426689],[-79.546365795757424,43.656260709903485],[-79.545441417607904,43.65602385130024],[-79.543880862168649,43.656454175281809],[-79.541434049096537,43.65507238813786],[-79.540172518747468,43.655956672979357],[-79.538002977460053,43.65592894075543],[-79.535811563903749,43.656801278336573],[-79.534854385907053,43.657914500514636],[-79.53393550644239,43.657452521639229],[-79.532690260106904,43.657661639001866],[-79.531716557010839,43.659449915522551],[-79.530177781343284,43.658979940980416],[-79.527975148629594,43.660302178473884],[-79.527687193044699,43.659398078736061],[-79.526458399651744,43.658932047021025],[-79.524576666751102,43.65980816063],[-79.524250176183131,43.660479238112984],[-79.522080487547768,43.660451201405898],[-79.521106424550098,43.662239381546179],[-79.51925770316663,43.66176524900493],[-79.518316747914426,43.662203248920179],[-79.517990174374532,43.662874307063944],[-79.51890347627608,43.663561438915593],[-79.518576901453642,43.664232498569604],[-79.519772555871668,43.666048769870265],[-79.518803864435,43.667611900798441],[-79.520027241566382,43.668303041493729],[-79.519994059624906,43.669653195356624],[-79.523072010082217,43.67059340208116],[-79.524655128309732,43.669263266280431],[-79.526526147486848,43.668837209603289],[-79.526836146585339,43.668841205920231],[-79.527146145747579,43.668845201396771],[-79.526221655532794,43.668608186162189],[-79.525928182050279,43.667929109381369],[-79.522540330975829,43.666984973474563],[-79.521942443850378,43.666076853227302],[-79.524460911130461,43.664533714407902],[-79.523553046266443,43.663621599764184],[-79.524200557943473,43.662504475420199],[-79.525445931840579,43.662295452582882],[-79.526984752881603,43.662765491256003],[-79.528872041222556,43.661664312420349],[-79.530084434932604,43.662805399786684],[-79.531335283164125,43.662371285588428],[-79.532259699529831,43.662608258634521],[-79.533450260273668,43.664649419826929],[-79.532193894833924,43.665308583581378],[-79.532487427430112,43.665987645391247],[-79.531851000447219,43.666654763825534],[-79.530301058361644,43.666634842624298],[-79.530899078032107,43.667542920914748],[-79.530251632910051,43.668660083251588],[-79.529316141668076,43.668873146201626],[-79.529936141075751,43.668881122868072],[-79.530246140875064,43.668885109940724],[-79.531475165706695,43.669351103426266],[-79.534265189882959,43.669386919567508],[-79.534857820995782,43.670520005006779],[-79.534204937417158,43.671862216763692],[-79.534493045891935,43.672766300386712],[-79.536962275616801,43.673248131203984],[-79.5369349357847,43.674373267028415],[-79.534416362481366,43.675916676889791],[-79.53470449191957,43.6768207596755],[-79.535623669073857,43.677282735099645],[-79.536249228046785,43.677065651803538],[-79.536238285518166,43.677515705716573],[-79.534677106492367,43.67794589365873],[-79.533409508466931,43.67905511890622],[-79.531549193855554,43.679031230935877],[-79.529965962695528,43.680361458560903],[-79.528448674593008,43.678991350396821],[-79.52720846867193,43.678975374641979],[-79.526914936596384,43.678296300716497],[-79.525375722408981,43.677826256714305],[-79.524130025554868,43.678035273666204],[-79.5231612449751,43.679598437218196],[-79.524667395244748,43.681418665225095],[-79.521566762639452,43.681378596293428],[-79.519340970347301,43.683600748468777],[-79.517801683532895,43.68313060177838],[-79.515930159422879,43.683556507345116],[-79.515337765540252,43.682423329508396],[-79.512857228019101,43.682391078051225],[-79.512264903303063,43.681257885051899],[-79.509789988135992,43.681000543474077],[-79.508533024579847,43.681659436651586],[-79.508488417160891,43.68345962812014],[-79.506921312646696,43.68411445516076],[-79.506588903873691,43.685010498352106],[-79.50780690621454,43.685926794575543],[-79.510304293286012,43.685284085708609],[-79.510614374791913,43.685288127219899],[-79.510608806164981,43.685513151256281],[-79.510902186100793,43.686192264105351],[-79.510896618374133,43.686417288135445],[-79.511201139167966,43.686646352174989],[-79.511195572470655,43.686871376217709],[-79.51149453100723,43.687325463547452],[-79.511184438882495,43.687321424274792],[-79.510237451603274,43.687984373141965],[-79.510519699357744,43.689113534551666],[-79.508332258625458,43.689760293490764],[-79.511128767070971,43.689571663992538],[-79.511721147815706,43.690704862147427],[-79.510774112062336,43.691367814403925],[-79.511394337955096,43.691375894926111],[-79.511388771061604,43.691600918801711],[-79.511665489500018,43.692955101077018],[-79.512889289914611,43.693646321420516],[-79.514140904138429,43.693212408654354],[-79.514467694110323,43.692541367934474],[-79.514783367996898,43.69232037449671],[-79.514777813591451,43.692545398681141],[-79.517568891816438,43.692581637552955],[-79.518837068765393,43.69147259879049],[-79.518853685635165,43.690797524841074],[-79.52009966465944,43.69058856988304],[-79.520742012006579,43.689696500169987],[-79.522597122518135,43.68994559374417],[-79.523510880486953,43.690632692203607],[-79.52382099140091,43.690636698277565],[-79.523815471111121,43.690861723447682],[-79.523809950757382,43.69108674860837],[-79.524097986632682,43.691990854577185],[-79.525332944112662,43.69223189311883],[-79.526850485936222,43.693602043298284],[-79.52810200264588,43.693167976168077],[-79.528113011994776,43.692717925132634],[-79.528727754334923,43.692950937354979],[-79.528068973068073,43.69451812904768],[-79.528672727577913,43.695201192683641],[-79.526147548297004,43.696969424785991],[-79.526092417331313,43.699219675916837],[-79.526696194870667,43.699902749801225],[-79.52543901091002,43.700561823859637],[-79.5238992437924,43.700091753831991],[-79.524884903023619,43.697853518922535],[-79.523666399102368,43.696937399468396],[-79.522110155058684,43.69714238105469],[-79.52119631651847,43.696455270975527],[-79.520254825648848,43.696893276750927],[-79.518399512392321,43.696644142530928],[-79.516815521414301,43.697974173231145],[-79.51622852595446,43.696615976332168],[-79.513747402456275,43.696583735919603],[-79.51220783197094,43.696113510789651],[-79.512517969542671,43.696117547928203],[-79.513171611294226,43.694775476286395],[-79.512568039154814,43.694092333274725],[-79.511643224367646,43.693855196383943],[-79.510070306724856,43.694735085764457],[-79.508536391346652,43.694039788556189],[-79.508547547347177,43.693589741572104],[-79.510746265362684,43.692492933371774],[-79.506681219488186,43.693790465907213],[-79.505756433813389,43.693553281759634],[-79.505152958828944,43.692870100824393],[-79.505474257219063,43.692424110420298],[-79.504239381234797,43.692182858350066],[-79.503331421516151,43.691270585738671],[-79.501166248867108,43.691017113287153],[-79.498668530022769,43.691659616969176],[-79.496525855133356,43.690505966790504],[-79.494975323832904,43.690485557812003],[-79.494648329777519,43.691156540037312],[-79.493402258173575,43.691365216004613],[-79.491282264434275,43.689311381144087],[-79.490340675784495,43.689749139442021],[-79.489416019853167,43.689511824721784],[-79.488829724132216,43.688153495297257],[-79.487905098844905,43.687916168729245],[-79.487307540019799,43.687007875066421],[-79.485751443532422,43.687212363752153],[-79.482684607447808,43.685821108281992],[-79.481495383683722,43.683779444529719],[-79.480553813747363,43.684217122816541],[-79.478704759749007,43.683742330769761],[-79.478135828090714,43.681708886990215],[-79.479415853501493,43.68015024906726],[-79.477876980999696,43.679679570137019],[-79.477905429442728,43.678554465634448],[-79.47884692830263,43.678116807735854],[-79.481631616160215,43.678378935574727],[-79.481958680946022,43.677707990249907],[-79.483835914156359,43.677057619905234],[-79.483531547035568,43.676828484791784],[-79.483537215159913,43.676603463207485],[-79.482968180368175,43.674570039630197],[-79.481125077066423,43.673870268487967],[-79.479862278109266,43.674753866023437],[-79.48044824802669,43.676112239678744],[-79.47916833780549,43.677670891880986],[-79.476067962796009,43.67762959161503],[-79.47765229079711,43.676300126505097],[-79.477387787605451,43.674495828311592],[-79.475561845827897,43.673120905498124],[-79.47369035527241,43.673546120162548],[-79.473098855939057,43.672412734538199],[-79.474034588650895,43.672200135664617],[-79.47436170201604,43.671529212132064],[-79.473460209136022,43.670391689361537],[-79.471910212287909,43.670370975058262],[-79.471003069523178,43.669458454226408],[-79.469447379143588,43.669662727350229],[-79.468850275030107,43.668754341123339],[-79.467300323653632,43.668733564928608],[-79.467317504935224,43.668058504286925],[-79.467018974500846,43.667604306214137],[-79.466686073042084,43.668500228429046],[-79.46574464092329,43.668937787758466],[-79.464206164611284,43.668466929636224],[-79.463942093079154,43.666662604389259],[-79.462690689715259,43.667095972081775],[-79.461772241958528,43.666633419771109],[-79.459906617766251,43.666833391113691],[-79.458374002676052,43.666137436343426],[-79.456818360417486,43.666341538285181],[-79.454671623478575,43.665412142709378],[-79.451876101435147,43.665599405372404],[-79.450963549196672,43.66491174898399],[-79.449103742039469,43.664886525756721],[-79.448506993151597,43.663978037781298],[-79.449770011983404,43.663094788633359],[-79.449787386311286,43.662419732891543],[-79.448576545588125,43.661277816333879],[-79.448898083455333,43.660831986353408],[-79.447050006487061,43.66035669463907],[-79.446722655251335,43.661027537616434],[-79.445477058803846,43.661235698867436],[-79.446372080539021,43.662598452441742],[-79.445728943375059,43.66349009606855],[-79.444483292625222,43.663698245586168],[-79.443260897517149,43.663006309963372],[-79.442933489140941,43.663677140936123],[-79.438564880548228,43.664743022815678],[-79.439143989851303,43.666326612406806],[-79.438173220171876,43.667889028294979],[-79.439079834983588,43.668801802167366],[-79.437477355674815,43.670805775214816],[-79.436541524225333,43.671018073161356],[-79.435020779182963,43.66987177454341],[-79.434079102671177,43.670309069099524],[-79.433154977992785,43.670071306163365],[-79.432254293974296,43.668933470090131],[-79.429780275549248,43.668674407868117],[-79.428885546650918,43.667311530050448],[-79.428873805694224,43.667761562353292],[-79.427306279920984,43.668415292391643],[-79.427253388339395,43.670440435527283],[-79.425691658134056,43.670869126046092],[-79.425048126213653,43.671760646048462],[-79.423480455039851,43.672414320953031],[-79.423743331557063,43.674218719949195],[-79.423105627455584,43.674885212260612],[-79.421555551954299,43.674863813447011],[-79.420672727831416,43.67305084401395],[-79.416630827800574,43.673445108675971],[-79.415063024178167,43.674098665850266],[-79.41535526705367,43.674778008083756],[-79.41440152226258,43.675665165403224],[-79.416261631400829,43.675690958243869],[-79.417168023048617,43.676603901492683],[-79.418706319303539,43.67707538984282],[-79.420501533208011,43.679576276328049],[-79.419541876916568,43.680688490506455],[-79.42046610644833,43.680926364771594],[-79.42140804694688,43.680489187211094],[-79.421115709440542,43.679809859653993],[-79.421753489003848,43.679143380129922],[-79.422689496268561,43.678931206296369],[-79.423911966723878,43.679623361439887],[-79.426135194870795,43.677628133015766],[-79.42705940534789,43.677865953756907],[-79.427351801565905,43.678545267203084],[-79.428597814878913,43.678337310503181],[-79.42738707099771,43.677195173722623],[-79.429276593623726,43.676095676803506],[-79.428691786072292,43.674737058175886],[-79.429645308586629,43.67384977803264],[-79.429680520826921,43.672499681953681],[-79.428153998440038,43.671578309640175],[-79.429113347625133,43.670466016818018],[-79.431920870208288,43.669829282909248],[-79.432844986039797,43.670067055706284],[-79.433447408103973,43.670750605372923],[-79.433394718712421,43.672775753637204],[-79.434628892938591,43.673017761852492],[-79.437746485370639,43.67238513179781],[-79.438699838346508,43.671497773176199],[-79.438419016175487,43.670368452436009],[-79.439682316520944,43.66948531998316],[-79.440916450882881,43.669727259788644],[-79.442729845997363,43.671552758591233],[-79.443975665537522,43.671344630990539],[-79.444894043351169,43.671807325003577],[-79.445169182646183,43.673161649157656],[-79.443911698017473,43.673819824259695],[-79.44419845261433,43.674724115118792],[-79.443549331636362,43.67584075966279],[-79.445725305063178,43.675645277468689],[-79.446643761396288,43.67610795826527],[-79.447544824104952,43.67724568520736],[-79.446568279597003,43.679033187808095],[-79.447475186644652,43.67994589776405],[-79.446527630841629,43.680608310742343],[-79.446826066862812,43.681062560002928],[-79.446188540034385,43.681729183105688],[-79.442748842877123,43.682807846154638],[-79.443345682614776,43.683716362801952],[-79.443006513652549,43.684837223983394],[-79.443919268825326,43.685524944761752],[-79.442638217075626,43.687083168162133],[-79.441386238178893,43.687516292382497],[-79.440479314031634,43.686603534942449],[-79.438613008077255,43.686803147605247],[-79.437384378045664,43.686336162175124],[-79.434716590818837,43.681572631143787],[-79.433154619723297,43.682001419304711],[-79.432230320711966,43.681763646708312],[-79.430007134526818,43.683758993074271],[-79.430299590957986,43.684438299235772],[-79.43153398960122,43.684680343825704],[-79.433353391099615,43.686280973524163],[-79.432066189729994,43.688064089589851],[-79.433622469887695,43.687860335099238],[-79.433950120532259,43.687189537095549],[-79.435202143761344,43.686756495030721],[-79.436120683921104,43.687219260875558],[-79.436401532407203,43.688348584580076],[-79.438853039590668,43.689507580663097],[-79.439133949011222,43.690636898144952],[-79.441614741365399,43.690670754430599],[-79.441638051252156,43.689770687930036],[-79.442901720787106,43.68888752818151],[-79.445359192279099,43.689821369864177],[-79.44565185066871,43.690500639068851],[-79.446605383546355,43.689613219756851],[-79.448471754113854,43.689413477552606],[-79.450607649829522,43.690793032308363],[-79.451485836401147,43.692830799930427],[-79.452404596930279,43.693293437644456],[-79.453352293137016,43.6926309793621],[-79.452761002340438,43.691497495029999],[-79.453433264249938,43.689480729506002],[-79.455311163369274,43.688830839116385],[-79.457429893935014,43.690885323070368],[-79.457998200990048,43.692918857697677],[-79.458905487336693,43.693831480465576],[-79.457946297015866,43.694944021668753],[-79.455763881365783,43.695364744104147],[-79.452691564287676,43.694197707492997],[-79.452656841640007,43.695547813211142],[-79.451370000199461,43.697331149509615],[-79.450433799296817,43.697543554863294],[-79.448894723499109,43.697072483755974],[-79.447625158093487,43.69818072426294],[-79.446086089202964,43.697709615460269],[-79.446372980310599,43.698613899397998],[-79.445109152261125,43.699497093790534],[-79.44418453639517,43.699259413870273],[-79.443587536325069,43.698350901496063],[-79.441404903754744,43.69877134608506],[-79.441972733726288,43.700804950706342],[-79.444143796543884,43.700834529428427],[-79.446233486648609,43.704014299878153],[-79.445589887257157,43.704905929826168],[-79.444343374411943,43.705114063529912],[-79.445560808252324,43.706031012050282],[-79.445227360163983,43.706926857966721],[-79.446450656667537,43.707618781087504],[-79.445491011764943,43.708731208417944],[-79.445766309853056,43.710085525399656],[-79.44419202284007,43.710964484822746],[-79.443267235758242,43.710726795359669],[-79.442365771292174,43.709589034831687],[-79.440814787414851,43.709567883907361],[-79.438362434477142,43.708408921007027],[-79.438391650532907,43.707283843104342],[-79.439328043776428,43.707071539677521],[-79.440925629613488,43.705292582487765],[-79.440311116038444,43.705059101590656],[-79.438742726554352,43.705712971677741],[-79.437507867422028,43.705470998905625],[-79.436910910220234,43.704562453190171],[-79.43786479883002,43.703675114214846],[-79.436945997154794,43.703212359701077],[-79.434763144372809,43.70363267372722],[-79.435055745077719,43.704311967695354],[-79.43347559826573,43.705415795480683],[-79.43192472856849,43.705394525533592],[-79.431017688319187,43.704481693856437],[-79.428548097588035,43.703997569733296],[-79.428214409614242,43.704893362655625],[-79.426640011076842,43.705772079199519],[-79.424796643358491,43.705071398643256],[-79.423842542309174,43.705958625058585],[-79.421683126140536,43.705478630242645],[-79.420728973266463,43.706365829803602],[-79.419500092362284,43.705898649658231],[-79.418915236691433,43.704539986790088],[-79.415538966443606,43.703142651660372],[-79.415252521537155,43.702238297721614],[-79.416510913570306,43.701580454987209],[-79.416230385302811,43.700451089661605],[-79.416868443649193,43.699784643884961],[-79.418419157519381,43.699806115933242],[-79.419689286866074,43.698698208922529],[-79.421222258226493,43.69939468451728],[-79.421508781022183,43.700299025080866],[-79.423387351046983,43.699649670887986],[-79.42282016189813,43.697615983192264],[-79.420052612209247,43.696677371259547],[-79.419450093233181,43.695993752336861],[-79.419783857809989,43.695097984894261],[-79.420720121396201,43.694885831642594],[-79.420129429359847,43.693752187871816],[-79.422347416502632,43.691982062116864],[-79.42327182997569,43.692219916034496],[-79.424781117065223,43.693816401212466],[-79.426665332846923,43.692941974008306],[-79.429719443073708,43.694784747613433],[-79.430011946265481,43.695464054005214],[-79.428426067849685,43.696792830753424],[-79.43122896612185,43.696381150484676],[-79.432744430905032,43.69775251882043],[-79.433674834697925,43.697765274877007],[-79.432159348036407,43.696393918559735],[-79.433124893245392,43.695056586106965],[-79.43225902838104,43.692568655982235],[-79.432896825594568,43.691902115875173],[-79.434137243615169,43.69191911881542],[-79.434792572811915,43.690577520143513],[-79.431416694629434,43.689180657126435],[-79.430784778883009,43.689622173986692],[-79.43017046456464,43.689388640940365],[-79.42983688788739,43.690284442400198],[-79.428584753586918,43.690717423725474],[-79.424600619157815,43.688861801894163],[-79.423705721734279,43.687498885396131],[-79.423723403153929,43.686823840942971],[-79.424671304368744,43.686161623050843],[-79.424396576699124,43.684807258606824],[-79.423097353551668,43.687040300201225],[-79.420610827440768,43.687231058776803],[-79.419394153764472,43.686313853055069],[-79.419727861314556,43.685418083507599],[-79.419125455133482,43.684734463341741],[-79.416024804630439,43.684691529099737],[-79.41510646171092,43.684228604454098],[-79.415171636718483,43.68175344988763],[-79.414235560552882,43.681965560963071],[-79.411772971530681,43.681256074695],[-79.411480740019513,43.680576724180071],[-79.412428672621871,43.679914607704951],[-79.411826403744627,43.679230950529643],[-79.409960245663143,43.679430097491256],[-79.409948358288716,43.679880124727205],[-79.408696305862449,43.680312889992777],[-79.407181826084482,43.678941213777478],[-79.405935733011077,43.679148935597958],[-79.404397489279418,43.678677276210223],[-79.402585065964047,43.676851185835829],[-79.40164902519507,43.677063194465291],[-79.401941129097025,43.677742568559829],[-79.400367079306562,43.67862093214228],[-79.399705144267486,43.680187338767972],[-79.398453015013175,43.680619990537473],[-79.398751084574357,43.681074359775323],[-79.39777902748952,43.682636408789328],[-79.395298618736987,43.6826016062275],[-79.394970566948473,43.683272287660088],[-79.393110242878137,43.683246144775872],[-79.393098227963762,43.683696168010201],[-79.391845979588794,43.684128745258874],[-79.389091594067693,43.682739375654059],[-79.388525711768793,43.680705532317674],[-79.389181920732796,43.679364206539368],[-79.390124056112882,43.678927289893522],[-79.391668200636829,43.679174128158358],[-79.392264227016398,43.680082899705162],[-79.392902324324027,43.679416586230445],[-79.394148463779459,43.679209007334379],[-79.393230376709383,43.678745910330889],[-79.392646364166865,43.677387120003047],[-79.393916474417708,43.676279495304307],[-79.38958224758602,43.675993404359822],[-79.388706400020055,43.673955191405994],[-79.387782409783711,43.673717063577485],[-79.386542394632443,43.673699563390194],[-79.386214297452753,43.674370219929415],[-79.383722162041877,43.674785193536209],[-79.384001972331561,43.675914632238694],[-79.383357773785534,43.676805906254785],[-79.385527909569731,43.676836584938201],[-79.386117787809141,43.677970398140303],[-79.385479632312865,43.678636672961154],[-79.384233477657233,43.678844157055536],[-79.384525391719464,43.679523572546898],[-79.383577165259467,43.680185452905889],[-79.383546952521101,43.68131050624806],[-79.381048459484646,43.681950426776417],[-79.379832505635775,43.681032810027034],[-79.379874899738113,43.679457738094349],[-79.379552752935012,43.679903362937999],[-79.37924271845192,43.679898966341128],[-79.377376447536236,43.680097579119504],[-79.375467655659662,43.681871229512616],[-79.375759483767993,43.682550665735121],[-79.374203168893004,43.682753631399692],[-79.373248697834015,43.683640432575025],[-79.37319395964083,43.685665516836401],[-79.371947620334922,43.685872863754021],[-79.371303134298344,43.686764063845978],[-79.371905009318212,43.687447927722154],[-79.373753282465529,43.687924436325694],[-79.373437125642425,43.688145032612056],[-79.373431043651436,43.688370041855784],[-79.372172475186176,43.689027408564549],[-79.371521867757608,43.690143617934183],[-79.372421694948443,43.691281915656461],[-79.375504393951942,43.69200106590705],[-79.376720497144646,43.692918729448557],[-79.374853813983677,43.693117294152984],[-79.374555869762119,43.692662865386147],[-79.374251850178609,43.692433445052771],[-79.373941751969127,43.692429033078284],[-79.374537633250185,43.693337892927964],[-79.373899183396134,43.694004096793215],[-79.372652672684964,43.694211448446943],[-79.371345241427207,43.696668873617512],[-79.369782449295883,43.697096781206874],[-79.367636021882817,43.69616575918495],[-79.367940034149498,43.69639519687739],[-79.367933929852896,43.696620205179997],[-79.367003573635614,43.696606914308568],[-79.368541963514119,43.697079078270654],[-79.368499246689126,43.698654136470772],[-79.370055991470906,43.698451255789735],[-79.371582270868402,43.699373396834453],[-79.371910674532558,43.698702789825667],[-79.373157281100404,43.698495447919065],[-79.37436739522947,43.699638145832189],[-79.375918073069499,43.699660194396373],[-79.37620998664427,43.700339628857662],[-79.378082957957602,43.699916036366353],[-79.379317445622505,43.700158646098643],[-79.380187268557549,43.702421932441666],[-79.381725914585218,43.702893922357511],[-79.382662425388688,43.702682085202454],[-79.382686626978241,43.701782046318336],[-79.383945354968063,43.701124567570801],[-79.381768291461128,43.70131885499692],[-79.380558001526381,43.700176233075986],[-79.381512636238199,43.699289375720959],[-79.384315938543978,43.69887885321728],[-79.385306735123208,43.696641901858861],[-79.386553256895866,43.696434412345134],[-79.388401927066582,43.696910689354027],[-79.389046275778654,43.696019392099473],[-79.39278574243535,43.695396758689633],[-79.394050233890852,43.69451415293041],[-79.396531132073946,43.694548990084449],[-79.397747612952315,43.695466435174254],[-79.397711656046681,43.696816504932265],[-79.399566417682294,43.697067591125766],[-79.400782995615231,43.697985005004867],[-79.400132812566682,43.699101382280531],[-79.398582130638445,43.699079662433313],[-79.398546187925646,43.700429731885684],[-79.397281634077544,43.701312385620142],[-79.395742899926574,43.700840603798774],[-79.395462766179222,43.699711193405136],[-79.393906064208466,43.699914421024722],[-79.395122610349162,43.700831894287887],[-79.394472290849691,43.701948236722025],[-79.395999041362842,43.702870058208589],[-79.395354718166075,43.703761394099153],[-79.396899520786022,43.704008170800392],[-79.397501857592673,43.704691905001773],[-79.397173702484963,43.705362588781817],[-79.396237197295363,43.705574544926343],[-79.397119728244618,43.707387689202243],[-79.39868859787245,43.706734398256792],[-79.399899366286164,43.707876834192078],[-79.401456257306322,43.70767352804576],[-79.402374844719006,43.70813656444998],[-79.402649166250072,43.709490970530013],[-79.403561816589161,43.710179009485415],[-79.406031442890693,43.710663673955061],[-79.405739143415744,43.709984310934153],[-79.406711458472756,43.708422205015381],[-79.408584482885345,43.707998113671096],[-79.407987943103336,43.707089423527016],[-79.408632118205091,43.706198014578263],[-79.406478785348327,43.705492721832258],[-79.405578101017198,43.704354681902167],[-79.403406951466039,43.704324368765199],[-79.40280455017006,43.70364066467738],[-79.403132632991685,43.702969963422859],[-79.402220094670255,43.7022819219562],[-79.404128776142258,43.700507828583881],[-79.404164593690254,43.699157755472093],[-79.406371323986434,43.697837976513838],[-79.407283844815922,43.698525985037719],[-79.408524384064094,43.698543267986778],[-79.40881666335855,43.699222624825836],[-79.409442890135779,43.699006246981007],[-79.410355464150143,43.699694231646241],[-79.410981690595619,43.699477845375398],[-79.411894289567854,43.700165818073614],[-79.413134865401048,43.700183051497788],[-79.413737352223677,43.700866702783451],[-79.414017835210473,43.701996073466745],[-79.413069564684307,43.702658195613751],[-79.413344106437577,43.704012580560935],[-79.412389856434558,43.704899709184012],[-79.410833070151455,43.705103166067431],[-79.410188939518008,43.705994588266933],[-79.410809286884074,43.706003216824882],[-79.411710095205621,43.707141217089102],[-79.412956752927315,43.70693344182304],[-79.413869485632318,43.707621399948557],[-79.414800033610021,43.707634311941199],[-79.416684828503648,43.706760060163148],[-79.41882649899874,43.707915189877333],[-79.417544311620873,43.709473108923568],[-79.415062772566358,43.709438718546778],[-79.414722920061635,43.710559480667015],[-79.41314224059883,43.711663017911761],[-79.413100670109259,43.713238106585905],[-79.411836050390249,43.714120918642614],[-79.410607084587753,43.713653642100304],[-79.410326617873594,43.712524265416029],[-79.409103650134796,43.711831960940948],[-79.407540714402188,43.712260381967546],[-79.406305856927631,43.712018072115377],[-79.404689164799692,43.71447155986187],[-79.403752541475711,43.71468357551111],[-79.404337144241055,43.716042309926955],[-79.402762109566808,43.716920685984789],[-79.401539143336819,43.716228301020969],[-79.401252853420914,43.71532391625891],[-79.399994007283695,43.715981582440335],[-79.398765099635099,43.715514179501263],[-79.398484848587245,43.714384777389313],[-79.397572195095563,43.71369669828124],[-79.398210602054547,43.713030363529413],[-79.397912385280549,43.712575992956438],[-79.393861684806367,43.713194417111815],[-79.393515403221826,43.714540119480418],[-79.391946273266242,43.71519333452013],[-79.390735515179159,43.714050815776893],[-79.388880272795404,43.713799579417113],[-79.388588154218994,43.713120175640448],[-79.387055228444254,43.712423264260167],[-79.387115586536567,43.710173165738716],[-79.381191669241858,43.711214876822538],[-79.379981196803897,43.710072247771741],[-79.381878668138668,43.708748561031712],[-79.380643993990205,43.708505976419232],[-79.380351993064707,43.707826552825289],[-79.379105214579653,43.708033970277143],[-79.378192881719784,43.707345740585751],[-79.376629855800928,43.707773737497234],[-79.373886934149596,43.705933978033102],[-79.373521996683337,43.707954640656162],[-79.372263012938348,43.708611999801228],[-79.371599997607888,43.710178219076951],[-79.373132681593887,43.710875334384347],[-79.377195561719333,43.70980762816118],[-79.378405975161527,43.710950285867582],[-79.376514433700194,43.712048903527574],[-79.376484055238379,43.713173946645696],[-79.37459240842341,43.714272530436311],[-79.374574158569203,43.714947555428949],[-79.373315037260681,43.715604923285312],[-79.372980461563074,43.716500539304008],[-79.378278527305454,43.715675470695082],[-79.379495141891169,43.716593109161373],[-79.379166718540205,43.71726373574301],[-79.377287136392383,43.717912344964944],[-79.377585220950522,43.718366766947085],[-79.376946530330514,43.719032981413321],[-79.375699507604793,43.719240357505363],[-79.376003665361395,43.719469775150749],[-79.37569342747932,43.71946536577309],[-79.375060786823994,43.719906560861624],[-79.372572776935726,43.720096249415349],[-79.37193401263643,43.720762434512658],[-79.372232069801214,43.721216869831032],[-79.370352291304428,43.721865361438063],[-79.370017634088356,43.722760966600177],[-79.371215966605064,43.724353714955953],[-79.37460451575636,43.725302341504786],[-79.376119376339105,43.726674445405294],[-79.378619791641839,43.726034667254027],[-79.378923994400111,43.726264077570818],[-79.379228199479314,43.726493487104889],[-79.379532406879463,43.726722895856234],[-79.379222131023852,43.726718495479282],[-79.378267015427696,43.727605322286387],[-79.380098370871849,43.728756769951168],[-79.379125026168921,43.730318628168547],[-79.380037710936563,43.731006853338826],[-79.379654597753344,43.733702552383178],[-79.380226691303832,43.735511416435301],[-79.378662940394491,43.735939427964482],[-79.377750198429325,43.735251191464172],[-79.376813160478179,43.735462979017079],[-79.376174274056368,43.736129184283257],[-79.376466355509962,43.736808616718008],[-79.375206789015408,43.737465996186742],[-79.376417705686549,43.73860867772283],[-79.375790948396514,43.738824864836609],[-79.374878197150153,43.738136605556988],[-79.37394110445419,43.738348368593023],[-79.373283874904487,43.739689578127383],[-79.37418445002956,43.740827864566775],[-79.375109407152891,43.741066114920059],[-79.375078971616105,43.742191151521816],[-79.376606421428974,43.74311323718085],[-79.377841785160214,43.743355874821319],[-79.379405736263138,43.742927878156173],[-79.377799243150378,43.74493092749632],[-79.378389604949518,43.746064775713052],[-79.379625036826511,43.746307395006156],[-79.380836212277472,43.747450032081801],[-79.382388128832673,43.747472011866577],[-79.382351761412949,43.748822059104548],[-79.384201996328898,43.749298424358948],[-79.386320329271484,43.75135420125364],[-79.389113969468141,43.751393618445995],[-79.38971667585696,43.752077394192462],[-79.389710641279009,43.752302402719806],[-79.391530904758042,43.753903694494831],[-79.39557837217302,43.75351040895498],[-79.396533659634684,43.752623443708792],[-79.396844071937224,43.752627799130344],[-79.396838063947101,43.752852808422496],[-79.39714847748138,43.752857163035387],[-79.398055704438917,43.753770259434901],[-79.399607797441362,43.753792007897985],[-79.398634530411243,43.75535402728601],[-79.399858245952885,43.756046450474258],[-79.400449130891005,43.757180190640987],[-79.401684886328937,43.757422575809542],[-79.403255031196736,43.756769246950235],[-79.402281807644002,43.758331297336085],[-79.402275818835776,43.758556307000624],[-79.403529562871682,43.758123643500547],[-79.405045901842939,43.759495379064681],[-79.403768204968955,43.760828097844708],[-79.405302550692042,43.761524801161237],[-79.40657425618609,43.76041707514765],[-79.408425049475468,43.760893055576872],[-79.408132494723361,43.76021370029747],[-79.409427968841143,43.758205899570434],[-79.411296583506143,43.758006801293355],[-79.412526452687871,43.758474080813549],[-79.412562153921399,43.757124015935993],[-79.410442710342892,43.755068710810562],[-79.411111203806271,43.753277259266142],[-79.413296023325643,43.752857430585003],[-79.411427575132649,43.753056564274843],[-79.411117158408345,43.753052248426094],[-79.410185908649822,43.753039295823605],[-79.41015015908242,43.754389360113862],[-79.408890576149517,43.755047108980961],[-79.408884612790146,43.755272119498997],[-79.407959296463162,43.755034137770011],[-79.407666773649424,43.754354781141267],[-79.404550589171691,43.754761501716025],[-79.402407556576122,43.753606092175239],[-79.403691107049511,43.752048375032111],[-79.403726998887947,43.750698314427282],[-79.406532574845954,43.750287284820956],[-79.407804013971045,43.749179539040021],[-79.409033676032351,43.749646853684766],[-79.409296388602158,43.751451260905711],[-79.409338114304418,43.749876185707109],[-79.409344074842551,43.749651174926271],[-79.408806750100567,43.746492380612068],[-79.408812711925634,43.746267369755586],[-79.407553287738963,43.746925107154695],[-79.407547321059425,43.747150117847475],[-79.406317721599081,43.746682787965419],[-79.405726822504789,43.745549076025938],[-79.4032497903642,43.745289396198636],[-79.403237825377516,43.745739416761225],[-79.401984340537766,43.746172081888886],[-79.399841660485762,43.745016627990609],[-79.399871635280121,43.743891578234035],[-79.402062170199713,43.743246949559449],[-79.401799704218419,43.741442527080295],[-79.402438368818338,43.740776175627609],[-79.406162597178806,43.740828181519937],[-79.407386110720893,43.741520522583755],[-79.40766664150668,43.74264990217852],[-79.409516900389391,43.743125858131414],[-79.409809393252843,43.743805210797206],[-79.40854406965282,43.744687971309006],[-79.40948114814725,43.744475924333599],[-79.409797478023819,43.744255232912991],[-79.409803435672856,43.744030221859859],[-79.413557596594416,43.742956933385052],[-79.415951499600439,43.746366552890571],[-79.417181170627799,43.746833780156706],[-79.419705703724631,43.745293063372507],[-79.420039759589315,43.7443973067396],[-79.422230107741427,43.743752288447347],[-79.423442056796461,43.744894485838536],[-79.426235446997097,43.744932991216693],[-79.429883500039935,43.74790939646352],[-79.431453097354662,43.747255670672928],[-79.433608219980258,43.747960514683406],[-79.43357300321027,43.749310595411025],[-79.43449247314625,43.749773383638036],[-79.435429545958144,43.749561123837218],[-79.435417820298198,43.750011151049691],[-79.433239118679978,43.750206393489215],[-79.432594813997895,43.751097932938457],[-79.433818846293377,43.751789997460882],[-79.434404470753876,43.753148585166379],[-79.435329869180421,43.753386353929294],[-79.436272856315696,43.752949074622478],[-79.436261135589319,43.753399101748421],[-79.434697292627334,43.75382787792541],[-79.434662093133383,43.755177957964719],[-79.433724929542862,43.755390209914047],[-79.433074701188104,43.756506763687838],[-79.434292979081391,43.757423837359902],[-79.435851056475968,43.757220081786834],[-79.436436776704141,43.758578659309798],[-79.437971457394184,43.759274928976225],[-79.437643435098167,43.759945725113091],[-79.435189115569031,43.758786674080469],[-79.433917964536732,43.759894727345291],[-79.437573151138068,43.762645885745464],[-79.437883621412283,43.762650130478043],[-79.438522123606589,43.761983577086369],[-79.43827020203986,43.759729199425664],[-79.439535421267223,43.758846110149499],[-79.440765535954981,43.759313089163342],[-79.441632638606322,43.761800946399951],[-79.445352413035437,43.762076708642674],[-79.446570992895985,43.762993655004323],[-79.446243044517345,43.763664476535908],[-79.444673168324854,43.764318399703846],[-79.445610436056725,43.764106059769574],[-79.446237219367163,43.763889490747651],[-79.446547697352003,43.763893712040215]],[[-79.46569980009663,43.75582400930125],[-79.465694049446824,43.756049025886277],[-79.465383609223267,43.756044857194041],[-79.46538936103552,43.755819840641578],[-79.46569980009663,43.75582400930125]],[[-79.397160491067808,43.752407144373514],[-79.396844071937224,43.752627799130344],[-79.3968500798577,43.752402789828643],[-79.397160491067808,43.752407144373514]],[[-79.394517200438742,43.746742694292578],[-79.395752716451412,43.746985140381526],[-79.397262595304866,43.748581984204961],[-79.396898140713603,43.750602715071118],[-79.390647901394146,43.752090513340711],[-79.387902556551836,43.750251066222084],[-79.388577698917899,43.74823474609412],[-79.389520933248519,43.747797856271383],[-79.391060808156382,43.748269735955965],[-79.392332483876345,43.747162165708204],[-79.394517200438742,43.746742694292578]],[[-79.387402610867952,43.745742137731121],[-79.387086192513067,43.745962765700412],[-79.387092235587133,43.745737757213085],[-79.387402610867952,43.745742137731121]],[[-79.39091320021744,43.742190124168474],[-79.390596813574348,43.742410762479921],[-79.390602842751619,43.742185753463751],[-79.39091320021744,43.742190124168474]],[[-79.398678158451403,43.742074108104951],[-79.398982518820262,43.742303466818967],[-79.39928688151204,43.74253282474897],[-79.399597242091133,43.742537171901191],[-79.39958525089294,43.742987191879173],[-79.398349799981702,43.742744788096005],[-79.39709634462838,43.743177400234131],[-79.396457595310665,43.743843720252521],[-79.396755949291929,43.744298094442065],[-79.393938560059851,43.745158906226585],[-79.392386694437178,43.745137084182481],[-79.391163286065051,43.744444584445084],[-79.389581273505158,43.745547768997831],[-79.388668261054718,43.744859616649748],[-79.388990703477589,43.744413975328648],[-79.389611441010032,43.74442272500265],[-79.389921809881187,43.744427098576004],[-79.390852916914227,43.744440214241465],[-79.391491734041253,43.743773926679985],[-79.390901144115929,43.742640142259532],[-79.391217530898786,43.742419503115286],[-79.391527889665824,43.742423872169361],[-79.394309091022549,43.742913174571427],[-79.395258212071127,43.742251225585854],[-79.398367800403889,43.742069758493514],[-79.398678158451403,43.742074108104951]],[[-79.411879834651089,43.735955709954368],[-79.411873886454828,43.736180721553168],[-79.413706158331664,43.7373316426578],[-79.41276920594882,43.73754372646372],[-79.411850092980188,43.737080767853051],[-79.410590896644479,43.737738543194098],[-79.410262695321151,43.738409260300891],[-79.411468357754046,43.739776591976103],[-79.41022101054277,43.739984339378189],[-79.408681188140122,43.739512718216289],[-79.407415940587825,43.740395468000315],[-79.407153323370437,43.738591054686303],[-79.407768042134919,43.738824715858478],[-79.409015372854938,43.738616994957695],[-79.409976177452052,43.737504897168861],[-79.410913138423666,43.737292836406944],[-79.410936946108222,43.736392790549537],[-79.411879834651089,43.735955709954368]],[[-79.385703653550152,43.739640613834638],[-79.387237248347375,43.740337550649159],[-79.387529474848108,43.741016956570512],[-79.386890644636807,43.741683222061717],[-79.387803589076071,43.742371387923448],[-79.387158704777747,43.743262663221508],[-79.384968017703301,43.743907003672142],[-79.384000595805304,43.745243889378806],[-79.382753048285579,43.745451333484702],[-79.382746989018727,43.745676341501991],[-79.380300407463253,43.744291126074067],[-79.380008248453478,43.74361170305982],[-79.381596443845439,43.742283644622738],[-79.379764654187369,43.741132216745626],[-79.379795000861378,43.740007177323669],[-79.379168240437551,43.740223382875563],[-79.377951163047427,43.73930573721848],[-79.37860221150757,43.7381895069162],[-79.380470288728304,43.737990904056872],[-79.380208491214944,43.736186440794185],[-79.381790420469756,43.735083383126856],[-79.382715321790684,43.735321571231182],[-79.383616014799912,43.736459785921582],[-79.383555470287817,43.738709870175313],[-79.385411454079758,43.738961203508715],[-79.385703653550152,43.739640613834638]],[[-79.440160172576171,43.722839563337985],[-79.439844066842824,43.723060342977476],[-79.439849907631185,43.722835327836059],[-79.440160172576171,43.722839563337985]],[[-79.447296284966882,43.7229367475272],[-79.44698020436951,43.723157547288778],[-79.446986018468351,43.722932531388238],[-79.447296284966882,43.7229367475272]],[[-79.51703020350206,43.727014296807305],[-79.517091279181344,43.724539042715513],[-79.514664611995286,43.722256575276752],[-79.515933482456461,43.721147584020507],[-79.51716344948926,43.721613740949856],[-79.519036157366145,43.721187834668349],[-79.521169280551874,43.72279112570601],[-79.520842391292774,43.723462180872446],[-79.521751093479693,43.72437432003818],[-79.521080690283412,43.726391502658117],[-79.519817342263352,43.727275526546819],[-79.518265846352449,43.727255420136004],[-79.51826029821072,43.727480443294787],[-79.51703020350206,43.727014296807305]],[[-79.503223789144386,43.720531632398213],[-79.502907922682255,43.720752590102869],[-79.502913526980279,43.720527568248841],[-79.503223789144386,43.720531632398213]],[[-79.385050869201208,43.729277057332887],[-79.381339517339811,43.728774357540857],[-79.380128698202597,43.727631727898647],[-79.3804571709844,43.72696110043794],[-79.378625862207144,43.725809658919665],[-79.378339877403633,43.724905222859043],[-79.377110964623611,43.724437587500248],[-79.377141343291683,43.723312546257873],[-79.375888151629226,43.723744931073689],[-79.374038767595948,43.723268442417812],[-79.374081375989547,43.721693386687555],[-79.375024289823969,43.721256609738816],[-79.376259199895159,43.721499258285426],[-79.376289591387902,43.720374216937408],[-79.377883309937417,43.718821188186915],[-79.379130317093228,43.718613787992929],[-79.380340940308002,43.719756426835218],[-79.38127772012659,43.719544605793281],[-79.382196326043001,43.720007803900295],[-79.382774432414735,43.72159164960491],[-79.382135763134627,43.72225789307771],[-79.380888689395732,43.722465324932699],[-79.381491020372536,43.723149141453497],[-79.383024149340372,43.723846129469045],[-79.384885720072276,43.723872455812298],[-79.385488110786113,43.724556252022218],[-79.38515366167924,43.725451904375426],[-79.386698973260422,43.725698826078421],[-79.388530437232077,43.726850140559065],[-79.389777578489003,43.726642626447322],[-79.391913393212349,43.728023269316679],[-79.392169494034434,43.730052722793921],[-79.391530834693228,43.730719018052788],[-79.390283613899015,43.730926549946673],[-79.390277585894083,43.731151559372435],[-79.390271557819275,43.731376568788654],[-79.390581859411597,43.731380939539463],[-79.393995181535672,43.731428962222857],[-79.395820952614969,43.732805173445868],[-79.397688813170333,43.732606285425533],[-79.39854177221109,43.735544467904568],[-79.400057440226263,43.736916264414447],[-79.39849978437141,43.737119538782139],[-79.397580791132484,43.73665646713701],[-79.396637790839463,43.737093427910089],[-79.395658721131255,43.738880439086266],[-79.396876066164879,43.739797900204337],[-79.397180408229801,43.740027263524254],[-79.400349797189492,43.73759563990609],[-79.401286791272128,43.737383658632346],[-79.402205824914105,43.737846701019606],[-79.402492226698214,43.738751081819466],[-79.401543240070282,43.739413093359062],[-79.40213400255341,43.740546825976985],[-79.400844675951333,43.742329541947015],[-79.399907602739702,43.74254151821097],[-79.398690156062173,43.741624088254262],[-79.394327136951176,43.742238146324127],[-79.394321121711371,43.742463155749441],[-79.392793409202014,43.741541302884904],[-79.392519185329704,43.740186881638792],[-79.393157937618298,43.739520583301427],[-79.392847593599967,43.739516218902288],[-79.39253724965144,43.739511853660872],[-79.390985530956144,43.73949001481936],[-79.39038896126722,43.738581236904267],[-79.389153640503196,43.73833873547008],[-79.387882098807992,43.739446273964802],[-79.389093299403655,43.740588825119069],[-79.389683835886956,43.741722618439198],[-79.387547595752523,43.740341930346283],[-79.387237248347375,43.740337550649159],[-79.38724328967011,43.740112541922841],[-79.386628640967899,43.73987877140263],[-79.386634684473123,43.739653762725609],[-79.385119261015873,43.738281792459965],[-79.38456514701592,43.735797925290107],[-79.383037754600537,43.734875945884326],[-79.38318913093751,43.729250731106866],[-79.385050869201208,43.729277057332887]],[[-79.38972653219983,43.716962836134009],[-79.393365070611353,43.720165377369163],[-79.392075941757028,43.721948003248713],[-79.388949289132867,43.722804344357257],[-79.3864853558118,43.722094296714772],[-79.386193226930871,43.72141488756067],[-79.387148126427405,43.720527990235723],[-79.385280612659301,43.720726711613032],[-79.384069874988597,43.71958412353785],[-79.385961523236304,43.718485383725948],[-79.388139198879543,43.71829102637831],[-79.388163331673411,43.717390987531651],[-79.38972653219983,43.716962836134009]],[[-79.442512772219985,43.715893705978146],[-79.444971329346743,43.71682756816044],[-79.445568526090995,43.717736073516072],[-79.446510874255821,43.717298697626447],[-79.44774601399611,43.717540576777537],[-79.449877071222247,43.719145169533434],[-79.448290984450878,43.720474213910791],[-79.446441092994434,43.719998889868329],[-79.442700594301854,43.720623262134119],[-79.442372847728791,43.721294080171823],[-79.441436241530539,43.721506404886746],[-79.441430406950033,43.72173142025057],[-79.439287805310741,43.720576703030694],[-79.439000925863368,43.719672404689675],[-79.440575518432524,43.718793522634428],[-79.440276950921088,43.718339257849479],[-79.441225180522181,43.717676910871205],[-79.441248518209818,43.716776848805807],[-79.442512772219985,43.715893705978146]],[[-79.409336466883047,43.714761437971475],[-79.411156154372691,43.716362417856182],[-79.412719173273373,43.715933948903427],[-79.414568658102993,43.716409813283491],[-79.414538987011653,43.717534876509085],[-79.412349524324085,43.718179763502825],[-79.411043152620351,43.720637649811849],[-79.410106453476843,43.720849716202736],[-79.409193568231103,43.720161727144728],[-79.407009917884395,43.720581497407366],[-79.407003954651714,43.720806509081648],[-79.406079173064711,43.720568518958018],[-79.405482552306722,43.719659816332992],[-79.404247552626444,43.719417482338649],[-79.403650970758832,43.718508770571937],[-79.405255880523569,43.716505324813781],[-79.406807016792385,43.716526960938616],[-79.407439393233886,43.716085585708839],[-79.407147053160102,43.715406226265323],[-79.407785374246174,43.714739836861739],[-79.409336466883047,43.714761437971475]],[[-79.498383263322751,43.715516032290523],[-79.500842706101437,43.716448704641302],[-79.501136116461439,43.717127839584982],[-79.500182928290258,43.718015715146429],[-79.493628248110738,43.719505168610773],[-79.493622609262587,43.719730189547469],[-79.490548297178663,43.718564146972781],[-79.490255000627243,43.717884986637827],[-79.490892440250619,43.717218120220352],[-79.493075426096311,43.716796736317797],[-79.495241485806645,43.717050373895411],[-79.497114196115746,43.716624826761432],[-79.498383263322751,43.715516032290523]],[[-79.379805365538232,43.716597507992212],[-79.379495141891169,43.716593109161373],[-79.379501207182045,43.716368100356505],[-79.379507272402634,43.716143091542101],[-79.380814819889693,43.713685582440107],[-79.381131087318906,43.713464968357428],[-79.381441295080123,43.713469362499779],[-79.383284391529386,43.714170737676234],[-79.383910863343957,43.713954504153413],[-79.384513146742606,43.714638304934255],[-79.386058178727609,43.714885231404409],[-79.384166647438974,43.71598397526806],[-79.38476895344165,43.716667774826895],[-79.38472058633667,43.71846784958629],[-79.383467548801107,43.718900320300172],[-79.382238715902147,43.718432740907076],[-79.382883395042569,43.717541486646013],[-79.38228110232204,43.716857677445255],[-79.379805365538232,43.716597507992212]],[[-79.380826939295886,43.713235564297428],[-79.380510672007134,43.713456177548174],[-79.380516732834806,43.713231168506368],[-79.380826939295886,43.713235564297428]],[[-79.486143860025564,43.708601685396921],[-79.487373333229769,43.709068156907442],[-79.488563234581576,43.711109760898573],[-79.487914518722349,43.712226656870129],[-79.48604188531985,43.712652054588062],[-79.483261268583632,43.712164992182721],[-79.479205698290258,43.713011475152271],[-79.47920000675559,43.713236494846122],[-79.47797051506231,43.712769935401191],[-79.477683084965292,43.711865725022186],[-79.479584197642026,43.710315365639424],[-79.479285372849077,43.709861198442304],[-79.479922844918249,43.709194392848126],[-79.482105608959088,43.708773214821548],[-79.48363958006307,43.709468866123103],[-79.486143860025564,43.708601685396921]],[[-79.520110994231516,43.715349277277696],[-79.520105455298065,43.715574301094648],[-79.518570895121726,43.714879131839361],[-79.517701214522177,43.712391803017837],[-79.514898101238998,43.712805601181955],[-79.513679455520972,43.711889375404411],[-79.514322133213753,43.710997349615283],[-79.51556854707944,43.710788450980118],[-79.51498146271048,43.709430249247234],[-79.516244498291854,43.708546271820602],[-79.517801056340033,43.708341375004778],[-79.51901969560511,43.709257557247263],[-79.520249446703744,43.709723678781025],[-79.522116231196904,43.709522739757624],[-79.523334960914184,43.710438877067105],[-79.523013693757505,43.710884916843483],[-79.523922244381907,43.711797038462741],[-79.522033269879643,43.712898102528349],[-79.521047243422046,43.715136302110345],[-79.520110994231516,43.715349277277696]],[[-79.473058455863779,43.71067854861073],[-79.46898566444699,43.712199725045139],[-79.467991954181855,43.714662456756287],[-79.466440820704335,43.714641651641337],[-79.465550341265768,43.713054030856554],[-79.462137944983638,43.713008160271471],[-79.461810457676435,43.713679038745639],[-79.460247828885286,43.714108185462372],[-79.460845232899203,43.715016614404298],[-79.460195962291522,43.716133344041033],[-79.45864479654719,43.71611243257675],[-79.457748731913071,43.714749771532581],[-79.456186047641978,43.715178861781588],[-79.457035880569407,43.718341672098134],[-79.455771782912734,43.719224977654946],[-79.457633275844671,43.719250117086624],[-79.463258035570192,43.717750228932665],[-79.464493257004861,43.717991928160096],[-79.465096508217485,43.718675317832449],[-79.464769021044219,43.71934620417408],[-79.463516516353309,43.719779560950755],[-79.463803766860579,43.720683803170736],[-79.462539716342164,43.721567183993592],[-79.460706959230464,43.720417036225221],[-79.456018455503596,43.721704356299533],[-79.454788979404853,43.721237548182934],[-79.454823685305797,43.719887447196612],[-79.452364845300465,43.718953793360384],[-79.451767533249097,43.718045322007583],[-79.44991768691915,43.717570054759015],[-79.449946696113571,43.71644497249202],[-79.451509455681446,43.716015968818475],[-79.450917982376595,43.714882476530988],[-79.449337837246901,43.71598652190702],[-79.448412951943567,43.715748872840457],[-79.448120147353478,43.715069611312018],[-79.447183657734541,43.715281985110337],[-79.446264607355886,43.714819302722823],[-79.445983463446609,43.713690003703753],[-79.446931556722788,43.713027606815899],[-79.446960617182881,43.711902525242643],[-79.448523277905409,43.711473560639206],[-79.44916690732542,43.710581915558279],[-79.450723721065714,43.710377936744699],[-79.452953029236767,43.708157183576155],[-79.453889388122974,43.707944760285329],[-79.455118588030629,43.708411574997193],[-79.456072274907299,43.707524081515416],[-79.45761167484379,43.70799505990859],[-79.458881271634851,43.706886710625298],[-79.46101802090142,43.708266079432846],[-79.466009814532072,43.707207716938328],[-79.466928906603911,43.707670241626545],[-79.467509148057857,43.709253693076057],[-79.472782538839382,43.709324288459712],[-79.473385801276677,43.710007635477652],[-79.473058455863779,43.71067854861073]],[[-79.427254476667102,43.706005632902006],[-79.42816736245706,43.706693479179584],[-79.429718262852759,43.706714800606193],[-79.430321004027192,43.707398367525755],[-79.4299873219923,43.708294165224395],[-79.430912016356885,43.708531960913959],[-79.431789773115312,43.710569867644317],[-79.433036439148424,43.710361873439197],[-79.433955317518581,43.710824660021807],[-79.434599153424017,43.709933100045646],[-79.435845797346644,43.709725074821328],[-79.436758838639236,43.710412854349677],[-79.437695286313854,43.710200565234075],[-79.438608356251194,43.710888330353569],[-79.440153535349197,43.711134527367825],[-79.440750604458188,43.712043056843321],[-79.439492247767461,43.712701166070005],[-79.437876877557031,43.715155143157297],[-79.436940352801514,43.715367432434803],[-79.435096569268666,43.714666912965328],[-79.433527871479072,43.715320705790546],[-79.432608928763742,43.714857915137692],[-79.431660651621996,43.715520190166764],[-79.430115398379399,43.71527387730854],[-79.430103646965762,43.715723906086566],[-79.429167087665007,43.71593613108324],[-79.430987347051797,43.717536803319746],[-79.43031987121644,43.719328396881323],[-79.431865229138893,43.719574708386808],[-79.431906317274453,43.71799960723321],[-79.43284876581933,43.717562345597919],[-79.433773613688146,43.717800120071573],[-79.434364788299277,43.718933696123536],[-79.435904299469797,43.719404967897205],[-79.436196984840137,43.720084258477655],[-79.435242804698149,43.72097157678563],[-79.436758966488398,43.722342896865413],[-79.436115024082042,43.723234465626355],[-79.433919708521273,43.724104780273734],[-79.433884528040053,43.725454866858279],[-79.432321402174608,43.72588362320414],[-79.432912624342805,43.727017206004192],[-79.431009789319091,43.728566758419852],[-79.433175976352146,43.728821574506348],[-79.43376137708438,43.73018016720475],[-79.435933492204072,43.730209917672454],[-79.436536533036929,43.730893453687273],[-79.436214514994816,43.731339236590649],[-79.437449897129198,43.731581230174953],[-79.438052968763273,43.732264758492313],[-79.43770755086733,43.733610603663465],[-79.436442847528298,43.734493684025971],[-79.435213270632389,43.734026664633085],[-79.433035149755412,43.734221912394041],[-79.432121797929426,43.733534101078398],[-79.43088052249125,43.733517063448566],[-79.430552570469629,43.734187843073542],[-79.431787986298332,43.73442989829789],[-79.432385149108072,43.735338469487495],[-79.43049378826565,43.736437979580451],[-79.430470273475848,43.737338033916522],[-79.432033712218242,43.736909308405387],[-79.432958852320397,43.737147093126268],[-79.433907463630462,43.736484814657487],[-79.435137079745516,43.736951848511239],[-79.435710880239839,43.738760459312118],[-79.434434308611472,43.740093542521763],[-79.435974357909089,43.74056481981404],[-79.436565786155796,43.741698384097241],[-79.437502725305151,43.741486105006324],[-79.439347352269351,43.742186595211926],[-79.440249230512137,43.743324379742887],[-79.439915480852349,43.744220200223744],[-79.438351903487728,43.744649031050564],[-79.43893171720417,43.746232611782034],[-79.440190792777088,43.745574523060554],[-79.442966735693147,43.746287663279674],[-79.446093892274618,43.745429854083767],[-79.447013402990265,43.74589254240324],[-79.447300517680276,43.746796820276394],[-79.447927112680645,43.746580238573024],[-79.448840843284032,43.747267927666734],[-79.450088220827581,43.747059759156542],[-79.451007787834186,43.747522416029625],[-79.451300773126135,43.748201669262166],[-79.449725550105001,43.749080685622864],[-79.450018527904092,43.749759941861861],[-79.451880961868554,43.749785188904198],[-79.453398218620748,43.751156297939758],[-79.455881526140161,43.751189881340494],[-79.45682433340356,43.750752429525811],[-79.459577632002308,43.752365235834944],[-79.461434389226937,43.752615344567147],[-79.4620264141506,43.753748783583795],[-79.463555521002306,43.754669729056062],[-79.46291737297166,43.755336428409308],[-79.463170208011775,43.757590766753125],[-79.461594903959025,43.758469944291335],[-79.458812390934369,43.757982262334643],[-79.457909944386728,43.756844618704363],[-79.455736843382155,43.756815271742106],[-79.455162279629249,43.75500675555201],[-79.453270695448538,43.75610663603662],[-79.452362581927389,43.755193965454446],[-79.450195354915181,43.754939498922546],[-79.44990235148002,43.754260243327522],[-79.446153917600114,43.755109708590524],[-79.445802709313753,43.756680588249147],[-79.444537626879693,43.757563749304346],[-79.443307517158075,43.757096810861789],[-79.441743624703591,43.757525682531941],[-79.440531073771524,43.756383672703052],[-79.437426694178498,43.756341264156688],[-79.436823395738202,43.755657731802465],[-79.437151402334507,43.754986937320055],[-79.440279094152089,43.754129296561175],[-79.439980360818836,43.753675031123393],[-79.440929162660467,43.753012698952624],[-79.440653804689887,43.751658378840901],[-79.440355080257405,43.751204114334236],[-79.438492612484296,43.751178678832396],[-79.437889351954098,43.750495152104172],[-79.438217316879417,43.749824353375971],[-79.43696984416087,43.75003239071301],[-79.436050350651371,43.749569622097766],[-79.43575753276501,43.748890332399135],[-79.436395907533338,43.748223787500912],[-79.435166052929731,43.747756764477735],[-79.434884981908297,43.746627445259705],[-79.433637565417101,43.746835447148527],[-79.431804617665051,43.745684837426886],[-79.430920502921339,43.743871948540828],[-79.428747899105275,43.743842095438261],[-79.427840344076216,43.742929236449619],[-79.425989937466625,43.742453575117267],[-79.425697266516778,43.741774261056527],[-79.426646030715617,43.741112045704291],[-79.426675499512214,43.739986980569846],[-79.425744445285986,43.739974157756883],[-79.425416399004092,43.740644920509865],[-79.42258184535423,43.742181485981547],[-79.420122623763135,43.741247135595671],[-79.419800427517018,43.741692868773278],[-79.420421146246582,43.74170145070272],[-79.421018204533922,43.742610078677266],[-79.418493819053765,43.744150827379592],[-79.417264191743627,43.743683614707344],[-79.416977545067553,43.742779267957552],[-79.415730152510505,43.742987074742395],[-79.413897671503491,43.741836183983757],[-79.413300729378378,43.740927520435008],[-79.413945203897015,43.740036090948962],[-79.415502889489147,43.739832606463978],[-79.416457664032251,43.738945464808353],[-79.417681261707173,43.739637697063358],[-79.419555193445674,43.739213441710966],[-79.419596632424586,43.737638355306849],[-79.41809826766594,43.735591774279435],[-79.416546630878642,43.735570283974248],[-79.415036549014474,43.733973688666282],[-79.417262129153698,43.731978686293935],[-79.41634306442073,43.731515764157926],[-79.415095904885575,43.731723567930409],[-79.413568133859982,43.730801990484593],[-79.412291252209982,43.732134823188225],[-79.413508722697102,43.7330521099206],[-79.412237736959682,43.73415992899681],[-79.412840542916982,43.734843586122999],[-79.412512383280202,43.735514310642863],[-79.409379336396071,43.736596214026974],[-79.406299902312711,43.735652930910696],[-79.405959724643495,43.736773657237485],[-79.404706447542765,43.737206356042286],[-79.403787403692093,43.736743333574381],[-79.40321458656841,43.73493457682698],[-79.401686922209223,43.734012842550563],[-79.402958095907749,43.732905143745583],[-79.402075035191032,43.731092043926424],[-79.402116920512228,43.729516968631884],[-79.401508304391612,43.729058267747618],[-79.399956848778643,43.729036554798618],[-79.398990005937634,43.730373579571634],[-79.397128220959857,43.7303474798683],[-79.395612782305179,43.728975646556421],[-79.395953103691497,43.727854951849217],[-79.394109438374869,43.727153773907133],[-79.394139501781737,43.726028723777127],[-79.395392616088344,43.725596137650328],[-79.395732920577288,43.724475442728412],[-79.396675726517827,43.724038485549883],[-79.397898791506222,43.724730923238937],[-79.399760403230431,43.724757007744827],[-79.401962201261028,43.723662346462014],[-79.40351351969251,43.723684030086659],[-79.404730685976944,43.724601406992122],[-79.408430081182146,43.725553369664333],[-79.409020845978688,43.726687069229733],[-79.410273871752679,43.726254318512538],[-79.411491194261373,43.727171625368435],[-79.41369881417755,43.725851724367885],[-79.414928051691589,43.726318970852638],[-79.415214595986825,43.727223323597549],[-79.416145447966827,43.727236229210774],[-79.416479448446637,43.72634047953612],[-79.417732415565666,43.725907646071413],[-79.419260129787816,43.726829167678225],[-79.421133649014521,43.72640487929592],[-79.422046766492585,43.727092775736168],[-79.423598188546535,43.72711418809817],[-79.423890768950429,43.72779350778152],[-79.42513192202648,43.727810619548748],[-79.425454001736554,43.727364868569836],[-79.424236457961911,43.726447707226328],[-79.42519678339562,43.725335471957735],[-79.424915993299379,43.724206128345273],[-79.425554216495712,43.723539639097041],[-79.426801172467364,43.723331717770478],[-79.426502688539117,43.722877418571706],[-79.42714087985857,43.722210919832335],[-79.428387803135379,43.722002980644447],[-79.428434868824155,43.720202868769462],[-79.427468800488086,43.721540148230396],[-79.424658803618001,43.722176729917379],[-79.42493958047605,43.723306074332932],[-79.423674914772079,43.724189015348529],[-79.422439743519519,43.723946875660282],[-79.421848749012568,43.722813241527135],[-79.420309266974215,43.722341780988828],[-79.419981262393279,43.723012530674588],[-79.418412185715539,43.723666109255447],[-79.418376657503657,43.725016185885529],[-79.417111860749813,43.725899051993551],[-79.415876683041603,43.725656841293556],[-79.415584203538103,43.724977502377612],[-79.414038780416789,43.724730969795864],[-79.413441998598316,43.723822306911202],[-79.412189045853651,43.724255093670216],[-79.410649606760714,43.723783503685901],[-79.410052885696061,43.722874823878648],[-79.410691256760288,43.722208419800019],[-79.411938231703402,43.722000660996684],[-79.41163986757482,43.72154632468029],[-79.412278206760078,43.720879911102401],[-79.413525149020572,43.720672134429719],[-79.413250537955165,43.719317752507578],[-79.413888835156953,43.718651329048164],[-79.415135725899091,43.718443533931904],[-79.416973456456574,43.719369386104134],[-79.418220352474108,43.719161557414928],[-79.419437658176875,43.720078780366357],[-79.419783397170875,43.718732992368459],[-79.421042091559812,43.718075106050428],[-79.421966897803529,43.718312975482768],[-79.422008243409849,43.716737881466543],[-79.422950741564108,43.71630070217104],[-79.42387552870683,43.716538555927379],[-79.42388732706452,43.71608852855951],[-79.424823906152255,43.715876347163189],[-79.424238838805323,43.714517710547014],[-79.423612499762399,43.714734167277143],[-79.422395234960476,43.713816988650315],[-79.423039273748898,43.712925497344173],[-79.422752673120513,43.712021161287801],[-79.423384886673674,43.71157969497839],[-79.422483790649849,43.710441783254126],[-79.423121889901964,43.709775304237844],[-79.424368566648454,43.709567404782419],[-79.424409836752858,43.707992306526506],[-79.426007883196007,43.706213565237505],[-79.427254476667102,43.706005632902006]],[[-79.508640127941746,43.702369699051324],[-79.510174254379905,43.70306499694312],[-79.512239709908471,43.707368726493584],[-79.511901673740482,43.70848980417616],[-79.51096549832495,43.70870270566418],[-79.510959926461325,43.708927728811268],[-79.509730266206205,43.70846150850155],[-79.509442375131925,43.707557370807066],[-79.50881640330914,43.707774300297963],[-79.50790256128569,43.707087085004666],[-79.50447364917143,43.707717551230573],[-79.503255266345022,43.706801217247822],[-79.504213824072153,43.705688288588568],[-79.505770344401725,43.705483555085671],[-79.506102886767806,43.704587519188124],[-79.507670539360646,43.703932713426553],[-79.507377115060237,43.703253593606902],[-79.508640127941746,43.702369699051324]],[[-79.510972851671966,43.695872330168903],[-79.514965745425656,43.697499958943339],[-79.51586842404221,43.698637166059491],[-79.515220351954071,43.699754228572822],[-79.513652888898363,43.700409141106995],[-79.512118787886195,43.699713889999259],[-79.510872593624185,43.699922754508179],[-79.509355265951086,43.698552396531966],[-79.507499951671122,43.698303085323595],[-79.506896410453905,43.697619913178869],[-79.507550193985594,43.696277876069267],[-79.508491764758773,43.695839976113909],[-79.510972851671966,43.695872330168903]],[[-79.375614013605727,43.699430777324864],[-79.37436739522947,43.699638145832189],[-79.37437955692009,43.699188128016402],[-79.374689690029498,43.699192539342533],[-79.374695769610284,43.698967530385836],[-79.376252504136005,43.698764565089611],[-79.376890980408533,43.698098348990939],[-79.375388955387052,43.696276241392638],[-79.37726180470564,43.695852660186823],[-79.377292150277313,43.694727613213267],[-79.378240678266749,43.69406579128762],[-79.377954836112409,43.693161351863246],[-79.37703666780385,43.692698124458261],[-79.37673263838964,43.692468710576676],[-79.377042737232728,43.692473114983144],[-79.378903331767674,43.692499523763054],[-79.379809393551213,43.693412755881077],[-79.381378075204054,43.69275969833518],[-79.382916486134178,43.693231669288473],[-79.383494374998349,43.694815514800062],[-79.381615546163928,43.695464209300013],[-79.38128121429537,43.696359856330453],[-79.383415774109579,43.697740645358614],[-79.375614013605727,43.699430777324864]],[[-79.475663365704449,43.69360604226857],[-79.477782965443225,43.695660159825728],[-79.479322242460412,43.696130844714858],[-79.482130473200613,43.695492889664905],[-79.483664110155274,43.696188537268263],[-79.483940220880712,43.697542776848849],[-79.483291573195842,43.698659650023863],[-79.481718124067385,43.699539140539891],[-79.481684046293751,43.700889263328236],[-79.480747889815873,43.701101917683445],[-79.48074220641314,43.701326938008911],[-79.479208474968772,43.700631250373583],[-79.478921079119985,43.699727041824445],[-79.477674779353961,43.699935542588399],[-79.476405673440183,43.701044109215744],[-79.473637095055665,43.70010678113082],[-79.473344074947704,43.699427579380149],[-79.474291643922939,43.698764946149126],[-79.474015746228943,43.697410686636815],[-79.472775191651152,43.697394114796474],[-79.471557505941618,43.696477451369582],[-79.471884786270763,43.695806540033615],[-79.473452566809925,43.695152204851638],[-79.473165281770733,43.694247982639361],[-79.473802650451873,43.693581207993404],[-79.475663365704449,43.69360604226857]],[[-79.386990066006618,43.691713569608417],[-79.386673936316456,43.691934202824086],[-79.386679969553327,43.691709192247657],[-79.386990066006618,43.691713569608417]],[[-79.405613867935486,43.691299634404714],[-79.406496486752147,43.693112711745925],[-79.408047020904291,43.693134321895208],[-79.406770842713897,43.694467111737687],[-79.408589862363669,43.69606812753964],[-79.407361287620972,43.695600820685335],[-79.406419008631673,43.6960378761461],[-79.405208346136234,43.694895508768397],[-79.403955945493536,43.695328215678487],[-79.403627915950082,43.69599892094255],[-79.401152929350147,43.695739224890872],[-79.400580546504386,43.693930449627054],[-79.40216097590779,43.692827079241894],[-79.40216695142999,43.692602066992819],[-79.402494977512902,43.691931365504068],[-79.403419307043123,43.692169378818967],[-79.405613867935486,43.691299634404714]],[[-79.514484360609757,43.691866295447319],[-79.514163131416552,43.692312312225326],[-79.514174244669221,43.691862263954071],[-79.514484360609757,43.691866295447319]],[[-79.490002341283756,43.69087015120963],[-79.496441513588948,43.693881301527306],[-79.497033655807854,43.695014571611516],[-79.495776259418918,43.695673316647571],[-79.495770633288828,43.695898338748044],[-79.488406582881382,43.69264982560253],[-79.487803316224998,43.691966555927863],[-79.488130390729992,43.691295594556337],[-79.490002341283756,43.69087015120963]],[[-79.524136621446004,43.690415678299644],[-79.52382099140091,43.690636698277565],[-79.523826511626723,43.690411673098005],[-79.524136621446004,43.690415678299644]],[[-79.464022478410641,43.687822772640523],[-79.467088969707049,43.68921452366142],[-79.468335079804319,43.689006135249961],[-79.469248192038478,43.689693658413475],[-79.470184207890583,43.689481095850276],[-79.467961967287451,43.691477192422433],[-79.469173773127039,43.692618912104635],[-79.471028736568513,43.692868840938523],[-79.47099442691264,43.694218958595982],[-79.468496270375397,43.694860795719137],[-79.467284433625693,43.693719068809472],[-79.465733840570948,43.693698261979478],[-79.465079160469557,43.695040047088462],[-79.466911243399977,43.696190119511975],[-79.466905509230202,43.696415138581045],[-79.467847368697676,43.695977577936468],[-79.469082165228585,43.696219222137508],[-79.469668085771147,43.697577645628392],[-79.47121306329862,43.697823420012249],[-79.471816195955739,43.698506774692483],[-79.471488899334219,43.699177685298039],[-79.470552735949866,43.699390256049099],[-79.470817122347086,43.701194561049299],[-79.46955931580591,43.701853010786536],[-79.469553590407415,43.702078029910453],[-79.467721279566504,43.700927997615551],[-79.467411123603952,43.700923838574418],[-79.467405390356745,43.701148857509068],[-79.468571541262691,43.704090735731036],[-79.469795056584147,43.704782412360792],[-79.471368814810006,43.703903091384007],[-79.470489799196969,43.701865468108913],[-79.470805681155312,43.70164459960403],[-79.470811401784346,43.701419580331404],[-79.474860590374291,43.700798403652158],[-79.474797827765087,43.703273620071215],[-79.475682712664792,43.705086192519808],[-79.476601849331104,43.705548640182919],[-79.477853964383513,43.705115133210832],[-79.479157270993653,43.702656431682094],[-79.48069673681988,43.703127100271161],[-79.481604522272505,43.704039548506564],[-79.482540721932409,43.703826887861474],[-79.484125615417454,43.702497346880591],[-79.48291332755899,43.701355780634344],[-79.485417276479694,43.700488609869709],[-79.485468265884606,43.698463421917126],[-79.486393041983774,43.69870076999829],[-79.487656259397426,43.697817109792886],[-79.48675413217758,43.696679687578715],[-79.485519249971404,43.696438233196602],[-79.484927313045844,43.695304906670778],[-79.484307054188008,43.695296681957032],[-79.484634186542792,43.694625731803725],[-79.484030944089596,43.693942442777221],[-79.484972643685126,43.693504738408947],[-79.485265768921252,43.694183912512869],[-79.487126512699589,43.694208560458094],[-79.487729793349956,43.694891833661337],[-79.488964653514586,43.695133263884898],[-79.490227757574445,43.694249573080185],[-79.489940223163117,43.693345389306494],[-79.493921095948934,43.695423786938029],[-79.49391546293073,43.695648808856589],[-79.492979429007576,43.695861565419072],[-79.491688121765549,43.697870394590396],[-79.490763336267619,43.69763308921231],[-79.48950016749248,43.69851678451316],[-79.489793367032121,43.699195947522348],[-79.48850753407342,43.70097971582932],[-79.489725572353009,43.701896202999556],[-79.490971874781621,43.701687570848186],[-79.491569629192853,43.70259584600506],[-79.491293326117898,43.701241623192814],[-79.494158008112478,43.698353158257795],[-79.495686233512487,43.699273669118512],[-79.496244659625475,43.701757074291564],[-79.496870611682837,43.70154021320068],[-79.496588569136875,43.70041102331664],[-79.497225748945269,43.699744115902924],[-79.498161829599695,43.699531325351181],[-79.499081060355678,43.699993593897091],[-79.500033971606612,43.699105720932685],[-79.501268970843768,43.699347019971526],[-79.500665491147274,43.698663815905107],[-79.498195536026046,43.698181191986379],[-79.497597722649999,43.697272950000411],[-79.499176498912178,43.696168213843649],[-79.502300268984342,43.695308809888147],[-79.503518408972795,43.696225152283965],[-79.505379231464431,43.696249504003163],[-79.505971565422129,43.697382730069378],[-79.50471421401663,43.698041573889981],[-79.504043559583096,43.700058661580435],[-79.502791731736096,43.700492460144901],[-79.503389654957786,43.701400676049445],[-79.503057091300192,43.702296704207356],[-79.504280977417721,43.702988016961172],[-79.503954014654852,43.703659024909115],[-79.503017888550389,43.703871862133013],[-79.503610248831762,43.705005099414109],[-79.502335899955668,43.706338980856955],[-79.501083928327944,43.706772758191264],[-79.49985439116567,43.706306433168258],[-79.499267704938546,43.704948155407742],[-79.499245244985488,43.705848243728155],[-79.498935059128542,43.705844169861287],[-79.497660589683392,43.707177997220995],[-79.497948301126897,43.708082162077041],[-79.500086008382638,43.709460813573315],[-79.503830863261982,43.708609520528825],[-79.504384106060968,43.711317910423986],[-79.500932477254324,43.712848354519238],[-79.499657898779603,43.714182201072219],[-79.499065527869575,43.713048944836565],[-79.497835879940112,43.712582596965589],[-79.496893968460952,43.713020402965938],[-79.496555612729011,43.714141429587478],[-79.49531470013423,43.71412509742666],[-79.494400920860613,43.713437775727819],[-79.493464609883858,43.713650531642521],[-79.492804673626566,43.715217497951187],[-79.491281741418533,43.71407192489923],[-79.490035182068837,43.71428055628521],[-79.488732051765083,43.71673937984562],[-79.488410495594323,43.717185317645182],[-79.48749109002928,43.716722961979393],[-79.487209160909785,43.715593753375039],[-79.486289788856396,43.715131388405879],[-79.485353424465458,43.715344076993297],[-79.483204503695887,43.714415193259747],[-79.482268140314886,43.714627856593005],[-79.480446578681949,43.713027981863078],[-79.483249916132436,43.712615032473991],[-79.483244239808158,43.712840052605394],[-79.486024887467025,43.713327115821293],[-79.487903201067368,43.712676698124618],[-79.489764519176177,43.712701311362736],[-79.491975565048548,43.711154841043466],[-79.492003781013466,43.710029735423561],[-79.49046969591231,43.709334194866145],[-79.488986532098167,43.706613445800762],[-79.488061624365145,43.706376117111553],[-79.487114081709663,43.707038864142291],[-79.486499364263011,43.706805628851768],[-79.484311029216741,43.707451912895586],[-79.483104316081082,43.70608532769424],[-79.482179440947675,43.705847951827074],[-79.480915972775506,43.706731546646424],[-79.480876184160593,43.708306687291135],[-79.480238732201187,43.708973498595938],[-79.479032083233761,43.707606871646099],[-79.478107201855153,43.707369462771503],[-79.476527746866267,43.708473895757514],[-79.472793968305595,43.708874250096891],[-79.472225023225491,43.706840784990085],[-79.470679810540759,43.706595021199959],[-79.469421887925691,43.707253467140426],[-79.469146066614044,43.705899198857203],[-79.468226983678221,43.705436692011752],[-79.467600891765656,43.705653393931492],[-79.465171133000567,43.703594925589748],[-79.463608790980786,43.704024123219789],[-79.462638014827249,43.705586737391762],[-79.462936692320312,43.706040946285881],[-79.462316329130829,43.706032600625846],[-79.462029164914782,43.705128353786868],[-79.461110149939159,43.704665790618726],[-79.454561811801682,43.705927995904979],[-79.454274765197212,43.705023731299647],[-79.453045640606518,43.704556908368666],[-79.450828065829597,43.706327632811451],[-79.449920720702423,43.705414946854859],[-79.448685819255005,43.705173094295588],[-79.449025008285687,43.704052220244108],[-79.450283079936071,43.703394000822463],[-79.449709146313552,43.701585450883506],[-79.450059890212216,43.700014538270658],[-79.451288898882012,43.700481391952316],[-79.452225142985327,43.700268980333334],[-79.452885955065568,43.698702257681667],[-79.454448230159187,43.69827320536367],[-79.455091625881664,43.697381521515538],[-79.457572715028661,43.697415035561974],[-79.458480060722081,43.698327661922889],[-79.459732149027701,43.697894352709149],[-79.460714384842134,43.695881723625163],[-79.460427288997849,43.694977472279156],[-79.461995167890521,43.694323295731365],[-79.462334043143741,43.693202375542661],[-79.459583333219726,43.691589658445722],[-79.460220821311509,43.690922961069937],[-79.459922236378887,43.690468745328324],[-79.461782843330738,43.690493804139429],[-79.463080721331636,43.688260303836813],[-79.464022478410641,43.687822772640523]],[[-79.408535670562031,43.686388249787605],[-79.410068198934241,43.687084869705004],[-79.410354499982319,43.687989236662439],[-79.41223279687577,43.687340060477304],[-79.414081405031283,43.687815921574256],[-79.414683782973157,43.688499567573558],[-79.412781734257308,43.690048837912649],[-79.41275205703549,43.691173905372594],[-79.411815825389638,43.691385993919923],[-79.413939066398399,43.693216248724234],[-79.416109826261462,43.693246355765211],[-79.417326586003412,43.694163596755715],[-79.417273311044667,43.696188721001846],[-79.415693062685691,43.697292302668259],[-79.415663432398901,43.698417370282755],[-79.414411029584457,43.69885019156127],[-79.413182351603012,43.698382945961313],[-79.412901899247757,43.697253573034018],[-79.412275702795398,43.69746997036895],[-79.411058956211122,43.696552676259302],[-79.409889823866024,43.693835265517741],[-79.410229662484582,43.692714514539077],[-79.409609452285366,43.692705884910389],[-79.408708892435214,43.691567869223469],[-79.407259650472724,43.687721048962992],[-79.407593546048645,43.686825317952561],[-79.408535670562031,43.686388249787605]],[[-79.383194601300957,43.682881194410371],[-79.38502471703427,43.684032552116662],[-79.385554290687637,43.68741647422685],[-79.386466413985389,43.688104644070329],[-79.384533461021903,43.690778485734235],[-79.383281004933238,43.691210965352404],[-79.383274959093868,43.691435975571459],[-79.382046682569879,43.690968400684348],[-79.381456761469735,43.689834568161366],[-79.37864780207066,43.690470037148508],[-79.377735734990068,43.689781806000539],[-79.375875225544661,43.68975537951583],[-79.373741120870406,43.688374454891665],[-79.375036113716703,43.686367013539062],[-79.376598589642015,43.685939028384588],[-79.376622867761725,43.68503898955391],[-79.377887368856591,43.684156561424537],[-79.38250193533689,43.685572544667494],[-79.381930203648565,43.68376368309184],[-79.383194601300957,43.682881194410371]],[[-79.384756931252625,43.682453095131905],[-79.384440843208367,43.682673723142344],[-79.384446882842582,43.682448712447666],[-79.384756931252625,43.682453095131905]],[[-79.512989390296539,43.689595888906872],[-79.510614374791913,43.685288127219899],[-79.510946725591566,43.684392071523959],[-79.511888084068602,43.68395413968242],[-79.513427343411237,43.684424365607953],[-79.514329803164827,43.685561584183702],[-79.517120556998776,43.685597829417929],[-79.51837197298056,43.685163866892189],[-79.519590161179181,43.686080040094588],[-79.518299953113114,43.688089188981749],[-79.5170540203614,43.68829812505335],[-79.515210089699977,43.687598893652364],[-79.515791429605287,43.689182120699371],[-79.51421869510429,43.690062070490661],[-79.512989390296539,43.689595888906872]],[[-79.519950051830108,43.684058831481366],[-79.519634440693295,43.684279840389614],[-79.519639975343949,43.684054815383952],[-79.519950051830108,43.684058831481366]],[[-79.400605367733277,43.681325422367024],[-79.401517576379433,43.682013473995873],[-79.403675983841751,43.68249383643613],[-79.40544091273064,43.68612001413883],[-79.403550646034375,43.687219103525656],[-79.403210717597972,43.688339834246342],[-79.401958441068132,43.688772521615363],[-79.401934538638912,43.689672571068094],[-79.399745970754111,43.690317233075817],[-79.40004409607657,43.690771599086666],[-79.398135613441582,43.692545630042822],[-79.397795551604247,43.693666341628784],[-79.3959229055382,43.694090262844057],[-79.395916906359332,43.69431527434773],[-79.394384365668273,43.693618465164612],[-79.394104287185087,43.69248905097642],[-79.393167973676384,43.692700985350996],[-79.392261716395993,43.691787856085035],[-79.391009292147785,43.692220420876616],[-79.3900850138875,43.691982307919169],[-79.38951299787108,43.690173481767815],[-79.387974610070756,43.68970159979709],[-79.387086569756121,43.688113398538725],[-79.388667085203949,43.687010215180855],[-79.389889315045224,43.687702729857229],[-79.392065862844149,43.687508279226769],[-79.391767813828608,43.687053893330813],[-79.393032140957402,43.68617129511594],[-79.394570480970017,43.686643108492945],[-79.397993251574349,43.686240949293349],[-79.39677095512549,43.685548520151684],[-79.396484869766979,43.684644122112289],[-79.39839314284275,43.682870113251923],[-79.39873312670889,43.681749396734418],[-79.400605367733277,43.681325422367024]],[[-79.471951808840828,43.680951079757691],[-79.472864843551051,43.681638573769099],[-79.474110777799908,43.681430119506018],[-79.475029545736135,43.68189257619261],[-79.475609771863873,43.683475992901073],[-79.474346688161333,43.684359523900788],[-79.476195724641414,43.684834386193586],[-79.47648871066167,43.68551358174124],[-79.475845760528784,43.686405394373281],[-79.478016338488246,43.686434322195723],[-79.47921686630626,43.688025978923065],[-79.482340480429116,43.687167117419854],[-79.483569489555677,43.687633624735916],[-79.484166997365847,43.688541937118558],[-79.483839894794869,43.68921288703249],[-79.480095990205669,43.690063541204104],[-79.480992213834512,43.691426034716315],[-79.478787319779826,43.692747283696541],[-79.47878163070277,43.692972304147389],[-79.477552552224481,43.692505744704107],[-79.476966498730121,43.691147358591991],[-79.475703270352,43.692030901371652],[-79.472935114274705,43.691093561084699],[-79.472969376657616,43.689743441464159],[-79.475179985092637,43.688197284081305],[-79.472997926823652,43.688618341519408],[-79.472079073705203,43.688155867744797],[-79.471791839876801,43.687251641801659],[-79.470545777202943,43.68746006868281],[-79.468099450540279,43.686076724792727],[-79.467806557245268,43.685397509154079],[-79.470355794825622,43.682730501082951],[-79.470068610629468,43.681826270739066],[-79.470705877735043,43.681159510532872],[-79.471951808840828,43.680951079757691]],[[-79.537540860887262,43.700492235183894],[-79.536904113948893,43.70115937350328],[-79.533780506850974,43.702019725282561],[-79.533775021619846,43.702244751009339],[-79.53037962547053,43.701525849597147],[-79.529160963390964,43.700609787073354],[-79.529204979005641,43.698809584201143],[-79.531708180758116,43.697941387718338],[-79.531120847283646,43.696583262571501],[-79.531452961197914,43.695687145516153],[-79.529979244381252,43.692516849233243],[-79.528467159869606,43.690921714102693],[-79.528195573978579,43.689342541162098],[-79.526046887867324,43.688414462837173],[-79.526068933390249,43.687514360808819],[-79.524828553207271,43.687498356765573],[-79.523610255618166,43.686582238088306],[-79.524252507083474,43.685690146688337],[-79.523632336165818,43.685682136757926],[-79.523034254294842,43.684774022232759],[-79.5243021637244,43.683664917579051],[-79.525547977079995,43.683455900595099],[-79.524944372738645,43.682772821260947],[-79.525597586273179,43.681430669509943],[-79.52745797005413,43.681454655379312],[-79.528355153125531,43.682816792791158],[-79.530226571627239,43.682390682102927],[-79.531765941226539,43.682860662584936],[-79.532059549249098,43.683539724610633],[-79.531417436145404,43.68443186217538],[-79.532037596352239,43.684439829688301],[-79.532635812165623,43.685347899013209],[-79.531689088090474,43.686011029656768],[-79.531982709658024,43.686690091721339],[-79.531035957017593,43.687353216402727],[-79.530698392157618,43.688474360037539],[-79.530992013751188,43.689153424375455],[-79.532237919970584,43.688944335927175],[-79.533456398245292,43.689860364779626],[-79.533129833972382,43.69053146330409],[-79.531878407414439,43.69096558698191],[-79.532759365934865,43.693002768897671],[-79.533374129821425,43.693235756407084],[-79.535572394899575,43.692138463870883],[-79.534663954060235,43.691226433532186],[-79.534995983769022,43.69033030420367],[-79.537498749273539,43.689461973473918],[-79.539038357712201,43.689931858766272],[-79.53933208067626,43.690610902928356],[-79.538689996045619,43.691503080742777],[-79.539908625169161,43.692419042504113],[-79.543929330367334,43.692920533442518],[-79.543956557135658,43.691795397776474],[-79.545213357882133,43.691136113603037],[-79.546502743413512,43.689126650217446],[-79.54744392589167,43.688688423229664],[-79.548983595914791,43.689158175395363],[-79.5499356058384,43.688269871964472],[-79.551159762913997,43.688960687790527],[-79.552400187798213,43.688976406524361],[-79.552982523647245,43.690559457815191],[-79.553896644178224,43.691246318182955],[-79.553570298423352,43.691917478032856],[-79.552318984339536,43.692351827116738],[-79.552912172551416,43.693484822390616],[-79.552580389676748,43.694381006770939],[-79.554446602580001,43.694179530906752],[-79.554468227774592,43.693279418399506],[-79.555730349132261,43.692394989308312],[-79.559745812883719,43.693120954025559],[-79.56038760628968,43.692228654057082],[-79.559141721499046,43.692438049725801],[-79.556698505807958,43.690831544137104],[-79.557024810693832,43.690160374663421],[-79.556420779411283,43.68947745647634],[-79.557682791411764,43.68859300374303],[-79.556779459368258,43.687456116121446],[-79.558041423025529,43.686571658461752],[-79.561131613384589,43.687060799807831],[-79.562029645863987,43.688422683247666],[-79.564189643169854,43.688900034094132],[-79.565103869273742,43.689586806420685],[-79.566355036703328,43.689152315065769],[-79.56758476105864,43.689617928153147],[-79.567868095606428,43.690746962553078],[-79.566894868587809,43.692535535809249],[-79.565953762667405,43.692973923842274],[-79.56472398348086,43.692508292696402],[-79.564066139635784,43.694075705058836],[-79.563130363331254,43.694289040104145],[-79.562804102498063,43.694960227173155],[-79.561868308148277,43.695173551599275],[-79.560643900559143,43.694482847770011],[-79.559681171469776,43.695821297446855],[-79.556264206564535,43.696003278711828],[-79.556253406497348,43.696453335125469],[-79.557814922770021,43.69602285828109],[-79.559648847391458,43.697171468648556],[-79.558691443133128,43.698284880065231],[-79.557445426937434,43.69849425520394],[-79.557728607954743,43.699623310981245],[-79.556776527288292,43.700511676726457],[-79.552722713064327,43.701360796018498],[-79.551803037981387,43.700898953072475],[-79.551514544753132,43.699994911911197],[-79.549952881800948,43.700425300303642],[-79.549027814898636,43.700188462823597],[-79.548434637618385,43.699055448775333],[-79.549071235475949,43.698388243870085],[-79.550627429714154,43.69818289430367],[-79.550034240861137,43.697049888028566],[-79.548804506940215,43.69658408643533],[-79.54820593762885,43.695676098520714],[-79.545425558354651,43.695190551414598],[-79.544837938521127,43.69383249218231],[-79.543907547816715,43.693820641805516],[-79.543581076655798,43.694491771078205],[-79.542335091166521,43.694700981949232],[-79.542628873417698,43.695380017934603],[-79.541992237780875,43.696047186735193],[-79.53918457656016,43.69668662147739],[-79.537922125100664,43.697570862491261],[-79.53515818556221,43.696409987019422],[-79.534222276539822,43.696623083293467],[-79.535108872222608,43.698435221463619],[-79.537290885461886,43.698012977522325],[-79.538504155166024,43.699153981069188],[-79.53724164114972,43.700038213326359],[-79.537540860887262,43.700492235183894]],[[-79.573401488122698,43.679786420317321],[-79.573396155223563,43.68001145085907],[-79.573091426286609,43.67978254951371],[-79.573401488122698,43.679786420317321]],[[-79.452493760855063,43.677762999170092],[-79.45431352533268,43.679363302188179],[-79.453641415374733,43.681380078464144],[-79.454226850030622,43.682738577218601],[-79.450798815621894,43.683367447614835],[-79.450161307031905,43.684034092915063],[-79.45045978700567,43.684488333084182],[-79.450752479111941,43.68516759030944],[-79.452905633941015,43.68587204800226],[-79.454473351646982,43.685217971343711],[-79.455702096899273,43.685684774744324],[-79.457189022593425,43.688180917190849],[-79.455954441515715,43.687939147295438],[-79.454754537577372,43.686347255304526],[-79.45352000443782,43.686105459735614],[-79.452566628962074,43.686992939621668],[-79.451642172693141,43.686755321966402],[-79.450700345403604,43.687192750113581],[-79.450665586577358,43.688542856221858],[-79.450045407345783,43.68853444662679],[-79.447927013307563,43.686479829927713],[-79.447306856135143,43.68647140578917],[-79.447347492816533,43.684896283894673],[-79.447979239016689,43.684454672528517],[-79.447703991882676,43.683100356012289],[-79.450225040411198,43.681558896752527],[-79.450259800648851,43.680208789269898],[-79.451207309837187,43.679546344591678],[-79.450627764161979,43.677962813046193],[-79.45155208212249,43.678200437190519],[-79.452493760855063,43.677762999170092]],[[-79.464045454969565,43.674767482668813],[-79.464964043044148,43.675230018163539],[-79.465239648708433,43.676584300113426],[-79.466491233658843,43.676150907843812],[-79.468328504346246,43.67707593325791],[-79.46892567954032,43.677984322031563],[-79.46797838632078,43.678646917046436],[-79.468265525132423,43.679551152444212],[-79.467633977130461,43.679992879289557],[-79.467605335318581,43.681117978120376],[-79.466663709750136,43.681555541274406],[-79.465434959575717,43.681088855411346],[-79.463557409057771,43.681738918219573],[-79.464476098168817,43.682201458608468],[-79.464763199575629,43.683105701735997],[-79.462564015958819,43.684201619577827],[-79.462845350069088,43.685330885998532],[-79.461869118387639,43.687118521701564],[-79.459687013452566,43.687539324228979],[-79.459681254006966,43.687764342877337],[-79.457832265989211,43.687289214184233],[-79.455403571288215,43.685230547684746],[-79.454531132640213,43.682967788945646],[-79.456104528499907,43.682088669793487],[-79.455811789592062,43.681409425248624],[-79.457413958059817,43.67940519379777],[-79.460210109046159,43.679217805341374],[-79.459917336559883,43.67853857050477],[-79.460864714899387,43.677876043593756],[-79.460899232119601,43.676525928465949],[-79.464045454969565,43.674767482668813]],[[-79.419104976880035,43.673704457513665],[-79.418789058864235,43.673925183484975],[-79.418794968319318,43.673700168673633],[-79.419104976880035,43.673704457513665]],[[-79.564212366099966,43.674944306034355],[-79.563896962946657,43.675165440446428],[-79.563902330440669,43.674940410647139],[-79.564212366099966,43.674944306034355]],[[-79.468775891134342,43.67167960502622],[-79.471187376261,43.674413051902981],[-79.472438874630228,43.673979593034446],[-79.47397755809537,43.67445034289112],[-79.473599078345558,43.677146449841146],[-79.471710311329431,43.678246690929427],[-79.466221333888285,43.674571608576258],[-79.465624232311256,43.673663206246935],[-79.466295849367398,43.671646349654424],[-79.468775891134342,43.67167960502622]],[[-79.541710728794612,43.66925706865554],[-79.542624401292656,43.669944015342459],[-79.546034482056669,43.669987449254364],[-79.54663277314971,43.670895448479264],[-79.545360107590412,43.672229840917552],[-79.546279299634975,43.672691731154025],[-79.547209364844818,43.672703557704189],[-79.546921064838855,43.671799503464293],[-79.548182836158787,43.670915149759885],[-79.549727481054845,43.67115985858166],[-79.550325839536313,43.67206783923055],[-79.551582154766919,43.671408476080593],[-79.552506792951434,43.671645288022034],[-79.554019052304852,43.67324011239868],[-79.551484713605547,43.675458991567758],[-79.552676174000624,43.677499960639238],[-79.557033022755462,43.676879761270605],[-79.559475691009311,43.678486255793921],[-79.563223187980455,43.677407943955345],[-79.564452649652821,43.677873588027936],[-79.564741240801325,43.678777601145129],[-79.56348490998667,43.679437108006425],[-79.563452689676467,43.680787285347684],[-79.560961407151041,43.681206137477496],[-79.561249960294802,43.682110158394487],[-79.559988138139943,43.682994654108249],[-79.558453923968344,43.682300021750031],[-79.558170802255461,43.681170965385185],[-79.552557141132496,43.68245058736256],[-79.551343929377566,43.681309730766067],[-79.552295777766872,43.680421404271222],[-79.553541434538019,43.6802120796861],[-79.553552248759331,43.679762022527292],[-79.551376421810261,43.679959560747676],[-79.549864069299403,43.67836470184244],[-79.546747262298041,43.679000402414054],[-79.546404606042785,43.680346626661233],[-79.548537053191623,43.681949407872416],[-79.547884341813358,43.683291697709677],[-79.549413031880519,43.68421149851482],[-79.549385914297261,43.685336638402809],[-79.548444798608628,43.685774882564687],[-79.544413642887264,43.685723610959137],[-79.543162395362089,43.686157861108974],[-79.540105160355594,43.684318074224265],[-79.539784160942219,43.684764166833766],[-79.541002673292823,43.685680116294002],[-79.540969941696559,43.687030278740451],[-79.540333378724185,43.687697440226962],[-79.539087524213656,43.687906617744396],[-79.539082061522265,43.688131644562368],[-79.538157227490885,43.687894721838994],[-79.536949656222447,43.686528689053667],[-79.536324000395155,43.686745774485502],[-79.532951382223899,43.685126853640313],[-79.532978806765342,43.684001721944796],[-79.535165784248704,43.683354483877494],[-79.535176737023903,43.682904430641635],[-79.5323915720613,43.682643601628186],[-79.531787896975501,43.681960557367248],[-79.532114427039744,43.681289461255275],[-79.53741286147671,43.680231907256562],[-79.537744785435322,43.679335766837688],[-79.539305979969399,43.678905537284919],[-79.540524368673999,43.679821490988409],[-79.540502545171393,43.680721600058028],[-79.541998351636167,43.68299166154123],[-79.541677373451193,43.683437759865619],[-79.54416342902725,43.683244359004803],[-79.544495270803125,43.682348198261018],[-79.543586836680404,43.681436237517723],[-79.544544240742681,43.680322949623054],[-79.543940448606861,43.679639967686988],[-79.5433148892498,43.679857093006262],[-79.542395612631779,43.679395178271179],[-79.542118254902363,43.678041058465809],[-79.544326684607455,43.676493529297005],[-79.546170629254107,43.677192292143118],[-79.548982729387333,43.676327641634906],[-79.548079741436396,43.675190687732297],[-79.546850465328717,43.674724869827728],[-79.545594029484931,43.675384178891527],[-79.544663923542075,43.675372338623824],[-79.543750146604367,43.674685407396424],[-79.541889958395984,43.674661689589897],[-79.540312525236047,43.675767038879577],[-79.539077839504088,43.67552616546056],[-79.538479619253337,43.674618128350957],[-79.540698920285806,43.672620612994791],[-79.539774316217233,43.672383705991749],[-79.538523316424403,43.67281790975477],[-79.537604183649009,43.672355957950735],[-79.53731056386998,43.671676908768625],[-79.538256997615477,43.671013725893886],[-79.537968840050624,43.670109650813906],[-79.53860523770382,43.669442498258562],[-79.541710728794612,43.66925706865554]],[[-79.55474712613497,43.668747374732888],[-79.556008719649228,43.667862931668331],[-79.558777163935318,43.668798266300833],[-79.559979510347048,43.670389104075902],[-79.559637203042612,43.671735374755976],[-79.561165788022734,43.67265501856496],[-79.560524222366169,43.673547328924833],[-79.558343251934787,43.673970032837609],[-79.558337863850142,43.674195062125797],[-79.557113918176057,43.673504324488022],[-79.555563782406054,43.673484743394404],[-79.553426032538312,43.672107121457067],[-79.555345537994725,43.669655330189933],[-79.55474712613497,43.668747374732888]],[[-79.453098649938099,43.666291250789847],[-79.454935412187396,43.667216485548046],[-79.457742527108522,43.666579110533988],[-79.458976680298605,43.666820855594175],[-79.459573615649077,43.667729291218755],[-79.457989126336159,43.669058505023202],[-79.45954483553038,43.668854388219174],[-79.461686023106935,43.670008714196541],[-79.462926007065306,43.670025398117239],[-79.463528774707044,43.670708794250402],[-79.46317857353003,43.67227976372164],[-79.464395649893433,43.673196511082054],[-79.464056935958766,43.674317443413386],[-79.461875311734801,43.674738295726897],[-79.461542291719141,43.675634200156495],[-79.45935484492712,43.676280022465427],[-79.459021778429971,43.677175918632734],[-79.458085918318162,43.677388392454809],[-79.458080154928538,43.677613411334754],[-79.455938772017205,43.676459016283431],[-79.454997138186741,43.676896483466528],[-79.454078603889187,43.676433868740155],[-79.453142739083589,43.676646302015826],[-79.451925769211485,43.675729436848997],[-79.453522129324767,43.673950276175283],[-79.453556806423705,43.672600164785337],[-79.451737261757401,43.670999851230476],[-79.45238617744468,43.669883156217566],[-79.451461982768592,43.669645540340269],[-79.450882518294534,43.668062008754653],[-79.453098649938099,43.666291250789847]],[[-79.448150647370213,43.665773976028525],[-79.447834875994957,43.665994784814956],[-79.447840675319085,43.665769766564651],[-79.448150647370213,43.665773976028525]],[[-79.441027131927171,43.665451928253027],[-79.443173652382313,43.666381577022449],[-79.445039310342281,43.666181879479126],[-79.446887547984858,43.66665720568129],[-79.448139050968791,43.666224012585438],[-79.44964837477896,43.667820176430162],[-79.450268340581317,43.667828585026307],[-79.450210430844791,43.670078768874561],[-79.449286242273232,43.669841135491161],[-79.448338868171405,43.670503567293103],[-79.446484695966134,43.670253280875173],[-79.444969587437541,43.668882094072742],[-79.443419650221259,43.668860994034063],[-79.44253042637213,43.667273200760462],[-79.440670553750039,43.66724783924591],[-79.440073910961445,43.666339309152079],[-79.441027131927171,43.665451928253027]],[[-79.533444780955151,43.664874446997104],[-79.533450260273668,43.664649419826929],[-79.533466697848311,43.663974338259727],[-79.533472176912895,43.663749311051795],[-79.534413049746803,43.663311185241731],[-79.533765716882328,43.664428369854235],[-79.535592754454527,43.665802379690298],[-79.536511772675155,43.666264346560141],[-79.538719903579008,43.664716918595602],[-79.539649842532341,43.664728804934647],[-79.53838808045748,43.665613065411101],[-79.53898621347588,43.666521103111378],[-79.53743626988151,43.666501278703365],[-79.53584803255967,43.668056624489672],[-79.534618998780005,43.667590677827967],[-79.533444780955151,43.664874446997104]],[[-79.538894578895452,43.657516027294896],[-79.539780771787946,43.659328135137308],[-79.541645932450308,43.659126852464354],[-79.541977669043249,43.658230694018158],[-79.542918394597947,43.657792495688099],[-79.544141858895529,43.658483380456133],[-79.546626875681156,43.65828991063001],[-79.547545867798149,43.65875178893058],[-79.547839544546974,43.65943081403806],[-79.54720335656593,43.6600980220677],[-79.548736878075161,43.660792798382488],[-79.549313444548091,43.662600899626995],[-79.54834557109848,43.664164293396674],[-79.546485703994549,43.664140654878224],[-79.548547088639538,43.66866880267591],[-79.548220812704201,43.669339950701136],[-79.546969935193729,43.669774248894129],[-79.54512076928259,43.669300529283582],[-79.54392428129762,43.667484512573004],[-79.544576899637264,43.666142240584605],[-79.542760532169552,43.664318315219553],[-79.543418581803166,43.662751020791575],[-79.542526786406356,43.661163968198593],[-79.541281490324707,43.661373178388928],[-79.541259692174378,43.662273290677931],[-79.539057174668415,43.663595742765558],[-79.53782820525295,43.663129831198233],[-79.537540088715232,43.662225754447881],[-79.535669349296171,43.66265199593488],[-79.534440426127674,43.662186048500047],[-79.534152364808335,43.661281963845006],[-79.53699120654295,43.659292460120831],[-79.536708585350965,43.658163353352293],[-79.537344867012578,43.657496204879379],[-79.538894578895452,43.657516027294896]]],[[[-79.351058292160388,43.746348922558781],[-79.351325424416814,43.747928432004116],[-79.352554603332266,43.748396347279446],[-79.352560776274217,43.748171342754702],[-79.352932872663601,43.745925771113583],[-79.351722266949608,43.744782846802806],[-79.353311107854466,43.743455192176512],[-79.354862899932712,43.74347754407485],[-79.356694270368735,43.744629364357856],[-79.355652281997962,43.748666059408507],[-79.356528014484198,43.750704499552022],[-79.358061537695491,43.751401825808024],[-79.358341177718245,43.752531310784008],[-79.36022204984863,43.751883037265735],[-79.361445240478517,43.752575864234409],[-79.361724949223074,43.753705341789356],[-79.362972734925677,43.753498131411391],[-79.364494146942548,43.754645384381462],[-79.364500276495292,43.754420378757558],[-79.364202121107269,43.75396592414598],[-79.364512535387576,43.753970367480989],[-79.366082978229358,43.753317554009044],[-79.366113594099929,43.752192524639412],[-79.363332215370946,43.751702533515569],[-79.36274822322676,43.750343606571228],[-79.360600030686598,43.749412432555033],[-79.360630745083341,43.748287405495631],[-79.361872283025477,43.748305210751695],[-79.362151982336599,43.749434687887813],[-79.36430020060368,43.750365833109235],[-79.365566282226197,43.749483575476056],[-79.365280392924475,43.748579111650741],[-79.369315424352791,43.74863676560603],[-79.371829030429097,43.74754714070194],[-79.371896132696278,43.745072066183958],[-79.373149801355325,43.744639734096872],[-79.373478450109474,43.743969131288054],[-79.369200565575042,43.741432127231164],[-79.368257289749465,43.741868849015901],[-79.366711647355075,43.741621673234079],[-79.36828174023708,43.740968822754475],[-79.368616532698852,43.740073227416808],[-79.367399622846889,43.739155471902784],[-79.366462489605055,43.739367172901943],[-79.36527012001784,43.737549369624844],[-79.362812014268428,43.736613801865168],[-79.363773629581843,43.735502105136838],[-79.363165253043093,43.735043204106773],[-79.363208163922152,43.733468160161877],[-79.362283372979562,43.733229815730418],[-79.362320171429701,43.731879778257216],[-79.361097384766609,43.731186964699333],[-79.35985620097658,43.731169156535238],[-79.357125061855214,43.728878981312533],[-79.355592117049227,43.728181649071963],[-79.35496539814099,43.728397722856108],[-79.354059208200951,43.727484296743327],[-79.35343249138171,43.727700362172094],[-79.351918132732692,43.726327965485432],[-79.350670879705859,43.726535064393417],[-79.350025627795603,43.727426126463904],[-79.351844080261671,43.729028028633209],[-79.352415291945022,43.730837019444792],[-79.351459720093061,43.731723614257348],[-79.350230887343955,43.73125569141687],[-79.348964977814234,43.732137784332679],[-79.349250549360676,43.733042286367727],[-79.350777363844415,43.733964708814405],[-79.347935089245283,43.735724403616096],[-79.346395889366676,43.735251952143813],[-79.346730971802387,43.734356424738408],[-79.348313452652491,43.733253839217113],[-79.347729969477896,43.731894839496256],[-79.348369120120537,43.731228797089294],[-79.347152701208671,43.730310832285447],[-79.34496828221134,43.730729403399913],[-79.343118945171398,43.730252415297819],[-79.34257284381772,43.727543365599089],[-79.341356588244082,43.726625341108665],[-79.34200816583855,43.725509325562136],[-79.340891340168454,43.720991228314219],[-79.341530445830614,43.720325222302478],[-79.340004117256953,43.719402681941069],[-79.338254686981884,43.715325552766124],[-79.338267125569729,43.714875544343982],[-79.339203966633804,43.714664069238914],[-79.340742584649618,43.715136609947479],[-79.341685628144717,43.714700109867337],[-79.342033066264406,43.713354583071293],[-79.340817099662942,43.71243655534434],[-79.34025881859526,43.710177500036032],[-79.34306288183312,43.709768002988788],[-79.343373064623478,43.709772500141867],[-79.343087681951786,43.708867983035852],[-79.340308502306769,43.708377462661147],[-79.339036727311708,43.709484458918482],[-79.339328265641328,43.710163980600861],[-79.338689247394512,43.710829976766455],[-79.337752464806854,43.711041448711974],[-79.336840570726068,43.710352895994951],[-79.336213975352464,43.710568869460126],[-79.336809451937128,43.711477917057231],[-79.336164165295713,43.712368902403547],[-79.334600725948121,43.712796317138853],[-79.333682606936293,43.712332743423843],[-79.333397359814199,43.711428204640882],[-79.331840169213606,43.711630578050872],[-79.333638954411626,43.713907769768554],[-79.335518859235791,43.713259883666211],[-79.337677815829977,43.713741499781499],[-79.337640487447985,43.715091524797863],[-79.33545033417812,43.715734926761421],[-79.336349838259366,43.716873498865105],[-79.335692025511094,43.718214487381061],[-79.337180910797343,43.72048710741791],[-79.338099180302294,43.720950654802657],[-79.338378319055892,43.722080186200806],[-79.340239793553309,43.722107238789853],[-79.340829229289213,43.72324127061745],[-79.338626368932836,43.724334736429149],[-79.338893093023813,43.725914274035603],[-79.338886873713676,43.726139277886737],[-79.338880654331462,43.726364281728301],[-79.339476320953509,43.727273316147979],[-79.33818545296991,43.729055303997491],[-79.33693187289542,43.729487254734224],[-79.335101343848251,43.728335128141133],[-79.333202234311699,43.729658007333079],[-79.333468834798524,43.731237554286437],[-79.332215176372202,43.731669451842976],[-79.331886141972973,43.732339931065106],[-79.332488002987532,43.733023997454879],[-79.33372296775417,43.733267106390429],[-79.333704246749946,43.733942115271134],[-79.333691765718754,43.734392121143586],[-79.337837827613342,43.730400812716574],[-79.340320137079487,43.73043689325889],[-79.341263427036679,43.730000401659638],[-79.343696105951892,43.731836441207449],[-79.343354789670443,43.732956963687542],[-79.3414743426992,43.73360496811258],[-79.34204527990444,43.73541400510382],[-79.341387377743331,43.736755021020983],[-79.342305925603597,43.737218537797794],[-79.342883126206914,43.738802566679979],[-79.344130659519379,43.7385955576854],[-79.34534719524099,43.739513555312762],[-79.347203025194034,43.739765507152107],[-79.348767087770668,43.739337931604261],[-79.348798012929379,43.738212909240531],[-79.3500640555758,43.737330821140674],[-79.353148814859978,43.738050602128865],[-79.354365480516122,43.738968505815407],[-79.353695476007786,43.740759605522641],[-79.352758272632443,43.740971192900936],[-79.353968823730327,43.742114106066893],[-79.352702734187432,43.742996236039751],[-79.348959914177058,43.74361749913426],[-79.347426696430389,43.742920054614942],[-79.347457650553224,43.741795033719256],[-79.346222451398191,43.741552069933597],[-79.346203865419255,43.742227082107817],[-79.347116341913548,43.742915565773629],[-79.347060609517399,43.744940602465981],[-79.348928986219633,43.744742520522102],[-79.350145718532872,43.745660469235148],[-79.348873311378028,43.746767558415875],[-79.349810618567432,43.746556004759171],[-79.350120992313805,43.746560486579405],[-79.351058292160388,43.746348922558781]],[[-79.361552306975284,43.737271028542843],[-79.362781353215453,43.73773883245812],[-79.36273229183378,43.739538880908668],[-79.36455144627908,43.741140588634316],[-79.363906234558982,43.742031727674565],[-79.362354472792589,43.74200949913434],[-79.362640289477596,43.742913970100851],[-79.363869458717019,43.743381763810937],[-79.364198203008471,43.742711189071024],[-79.365451874779438,43.742278941376668],[-79.368488185330818,43.744798365111102],[-79.368147248522092,43.745918965296319],[-79.3672100114714,43.746130670576626],[-79.366558662696193,43.747246829807729],[-79.365311018767329,43.747454081795389],[-79.364081755417004,43.746986302433122],[-79.363752985005121,43.747656875967706],[-79.36218880454598,43.748084654345028],[-79.360034556068626,43.747378476270754],[-79.359128010056892,43.746465087567294],[-79.359475264171579,43.745119511666566],[-79.361051665639309,43.74424175805018],[-79.359524432695139,43.743319467913061],[-79.357656130174135,43.743517724423235],[-79.356439323090854,43.742599854238897],[-79.35708465070563,43.741708759291754],[-79.358332200380033,43.741501595507017],[-79.357115422675719,43.740583732691675],[-79.358089508362241,43.739022076300024],[-79.361552306975284,43.737271028542843]],[[-79.35431402606919,43.729513815060137],[-79.356157279324933,43.730215628705267],[-79.356734785542628,43.731799594172102],[-79.357677981990975,43.73136296560746],[-79.358602725029201,43.731601346651516],[-79.360105085523131,43.73342366995778],[-79.359739491374384,43.735444269280308],[-79.356282905061107,43.736970258070961],[-79.35627674846809,43.737195263458965],[-79.352000083748749,43.734657631511453],[-79.352651557058053,43.733541555026235],[-79.354209256190757,43.733338906579618],[-79.353954429522602,43.731309389136307],[-79.353042045313984,43.730620960284355],[-79.35431402606919,43.729513815060137]]],[[[-79.265981347933192,43.735635609384623],[-79.26689927791962,43.736099722564738],[-79.268146990538767,43.735893546573955],[-79.2690584586516,43.736582637980938],[-79.271250049820196,43.735940535321276],[-79.273060144529822,43.737768654282895],[-79.275865907599524,43.737360837193471],[-79.274598800413159,43.738242085085879],[-79.274883272419729,43.739146754067718],[-79.273305784890113,43.740023300927525],[-79.273590244910508,43.740927972676133],[-79.272937232195588,43.742043571366032],[-79.273538505827105,43.742727937693047],[-79.2756979805349,43.743210731915084],[-79.277611668886379,43.741438847313887],[-79.278859459904368,43.741232555737419],[-79.279176241042975,43.741012233450626],[-79.278251689635653,43.740773212718324],[-79.276428434561026,43.739395164970325],[-79.277074899253535,43.738504540462756],[-79.278632950321807,43.738302928913882],[-79.278988393388005,43.736732628255943],[-79.277475545070743,43.735359271212332],[-79.279686334738116,43.734042014800508],[-79.28122495110415,43.734515355946208],[-79.282382526340555,43.737458978837623],[-79.282117250382498,43.735879335966509],[-79.282123684365146,43.735654339087873],[-79.282433991003288,43.735659003787234],[-79.282744297715979,43.735663667644566],[-79.284618988726379,43.735241638737136],[-79.285575587203112,43.734355620592517],[-79.284980678050061,43.733446318475934],[-79.284056217590901,43.733207345948756],[-79.283215342784203,43.730043402826887],[-79.286027100210887,43.729410331160913],[-79.286686142684331,43.728069651322741],[-79.284552805605045,43.726687081051089],[-79.28488233105044,43.726016745676226],[-79.283667006263386,43.725098121808564],[-79.28209645027431,43.725749802937074],[-79.281760462310871,43.726645127020078],[-79.279950423039281,43.724817143654782],[-79.2787029781055,43.725023453401995],[-79.278056688598753,43.725914091928793],[-79.277752881086883,43.725684419413092],[-79.277759329117046,43.725459422647255],[-79.276595742895935,43.722740751294481],[-79.275677936398381,43.722276717118838],[-79.274424071456835,43.72270797742334],[-79.273777745272938,43.723598591453111],[-79.274055680801368,43.724728259714766],[-79.272168313662362,43.725600112461926],[-79.272155375610851,43.726050104647918],[-79.27155427890257,43.725365732154103],[-79.270009497992163,43.725117261062593],[-79.270649422061453,43.724451665747189],[-79.270365076748462,43.723546986204617],[-79.271315218558712,43.722886082180949],[-79.270727109174928,43.721751713439573],[-79.269802887503658,43.721512629032652],[-79.26635789541271,43.722585884837152],[-79.266047658886563,43.722581177606351],[-79.266965393148524,43.723045287963544],[-79.2669329529772,43.724170265768763],[-79.267553442796299,43.724179674853225],[-79.268451765040012,43.725318760649238],[-79.26716534768866,43.726874916919783],[-79.268988014659058,43.728253105561002],[-79.268348030659354,43.728918690168328],[-79.268916714120422,43.730728056797247],[-79.275161062376384,43.729471921898472],[-79.273952284171628,43.728328200254133],[-79.274611581270108,43.72698759408658],[-79.276511864008143,43.725665708103584],[-79.278050241579308,43.726139088711825],[-79.278916572862528,43.728403079443929],[-79.280183406154904,43.727521777743085],[-79.282025695691033,43.728224772340631],[-79.282917924383824,43.729588746307506],[-79.282278077575,43.730254411105932],[-79.279782966969236,43.730667063824143],[-79.28034557162546,43.732701375751461],[-79.279699220006435,43.733592021462449],[-79.277837448008157,43.733563977137024],[-79.276964637037636,43.731524976065892],[-79.276033784056949,43.731510935945664],[-79.276311794107173,43.73264059852643],[-79.275044795058236,43.733521853816058],[-79.274120375502889,43.733282801527913],[-79.273221830044363,43.732143758072894],[-79.273499789552659,43.733273426549736],[-79.272232736590951,43.734154649656453],[-79.268535112752829,43.733198305483398],[-79.262283739612897,43.734679063260145],[-79.261281214043535,43.737139841216226],[-79.260026937130633,43.737570935544802],[-79.261248651498505,43.738264812848556],[-79.261513385592821,43.739844494579671],[-79.262121015838602,43.74030392442814],[-79.263368831011149,43.740097802493935],[-79.264584134808459,43.741016639859659],[-79.263937458887924,43.741907189782673],[-79.264558130877234,43.741916618148487],[-79.265152807320106,43.742826021574103],[-79.263865916312525,43.744382128469731],[-79.263833393943884,43.745507100213615],[-79.265055312153223,43.746200939304217],[-79.265307175689571,43.748230601163975],[-79.265333174125772,43.747330623515936],[-79.265643538330508,43.747335334791821],[-79.268495207109467,43.745352744787077],[-79.267590106047393,43.744438652987867],[-79.267939389458647,43.74309338860936],[-79.269807928769367,43.742896603876233],[-79.270461008830694,43.741781024349478],[-79.269555929473029,43.740866947973316],[-79.268017248888967,43.740393449005417],[-79.267726386804242,43.739713759756761],[-79.266174761683189,43.739690226473279],[-79.265606084927001,43.737880848876571],[-79.264694638064441,43.737191730407112],[-79.265981347933192,43.735635609384623]],[[-79.270539346818254,43.728276595802249],[-79.270222603386088,43.728496895199591],[-79.270229080236234,43.728271899437594],[-79.270539346818254,43.728276595802249]]],[[[-79.330684693383091,43.719717109778294],[-79.328184064584192,43.720355835609119],[-79.326645418102927,43.71988312563392],[-79.326682999591526,43.71853310931067],[-79.329500042105622,43.717673947558232],[-79.328917127877418,43.716314857433396],[-79.330189234128923,43.715207980392918],[-79.329891526591197,43.714753440503245],[-79.326169055092905,43.714698975220934],[-79.326162790607668,43.714923978057897],[-79.326156526049843,43.715148980885253],[-79.327347276034033,43.716967173134918],[-79.326125202171482,43.716273994877916],[-79.324878078557063,43.716480814490133],[-79.323922342180325,43.71736717827438],[-79.324207471449526,43.71827173796953],[-79.32355564895154,43.719387649306277],[-79.324771483685424,43.720305857690597],[-79.326024953560989,43.719874038039933],[-79.326943125059074,43.720337673603616],[-79.326595305385638,43.721683146860094],[-79.325956021855916,43.722349066286675],[-79.324094553411697,43.722321780961828],[-79.323119876875012,43.723883142068196],[-79.320935539555649,43.724301255211692],[-79.32032760799521,43.723842132298607],[-79.320296165533591,43.724967141217334],[-79.321201797216489,43.725880826639454],[-79.319935586987427,43.726762593674508],[-79.319904133985403,43.72788760179013],[-79.320214406604322,43.727892163281069],[-79.320220696190148,43.727667161641548],[-79.321170368879564,43.72700583565959],[-79.320872674557634,43.72655127332866],[-79.324931223152603,43.725710462458451],[-79.325228944530366,43.726165014704925],[-79.324279329054377,43.726826375447509],[-79.324254231780387,43.727726383951577],[-79.324558230918484,43.727955935758423],[-79.324551957505875,43.728180937886336],[-79.32485596005256,43.728410488938643],[-79.32516623615733,43.728415037030786],[-79.324577050720009,43.727280929317033],[-79.32583693729822,43.726624112337547],[-79.325545478381002,43.725944559279121],[-79.326811590577393,43.725062728351965],[-79.328356628434975,43.725310435156388],[-79.328052627553518,43.725080893336141],[-79.327748628992623,43.724851350735406],[-79.327754889712068,43.724626348108423],[-79.327792452504724,43.723276332144792],[-79.329058475072799,43.722394474491722],[-79.329064730353579,43.722169471617278],[-79.329716483262928,43.721053528216473],[-79.329431258738211,43.720148981151915],[-79.330684693383091,43.719717109778294]]],[[[-79.480715113604802,43.665536228745346],[-79.48100238755184,43.666440436029355],[-79.481920984417457,43.666902835909191],[-79.484716494027211,43.66671483777457],[-79.485635124368073,43.667177208252923],[-79.482512599839893,43.668036178560911],[-79.481869931854689,43.668928031760039],[-79.48339723015178,43.669848697919022],[-79.483363225295861,43.671198828796406],[-79.485809316655192,43.672581845692648],[-79.486401058676364,43.673715169002548],[-79.488261170877038,43.673739789349931],[-79.488903798514542,43.672847900302614],[-79.490132571161482,43.673314334649788],[-79.492928358921191,43.673126139779448],[-79.493503349774102,43.674934496252177],[-79.494732201565668,43.675400882107752],[-79.494095259648518,43.676067781702216],[-79.494371525973307,43.67742200275908],[-79.493717666987308,43.6787639674708],[-79.492471850200687,43.678972637401479],[-79.490324099300537,43.678043899068776],[-79.488773893363827,43.678023410590612],[-79.489106524476114,43.677127421453804],[-79.487888986700469,43.676210931262275],[-79.484145949532859,43.677061732603327],[-79.483835914156359,43.677057619905234],[-79.485053405795071,43.67797415250083],[-79.485622540316783,43.680007566016734],[-79.483378482849773,43.682904063983401],[-79.484923146418822,43.683149648925763],[-79.487138862815343,43.681378228789661],[-79.487167139869541,43.680253119795822],[-79.488728700848029,43.679823586906878],[-79.490267665895999,43.680294120969606],[-79.491169623195233,43.681431516003308],[-79.492714283829031,43.681676995599737],[-79.493317507029317,43.682360239852315],[-79.492680473881322,43.683027129478624],[-79.492962370301896,43.684156330094922],[-79.491682603484165,43.685715122563941],[-79.493227375872792,43.685960596671826],[-79.49478904509732,43.685530982899145],[-79.496604560681916,43.687355652446641],[-79.49906844780061,43.688063327795085],[-79.500325647817633,43.687404542868265],[-79.502485087454772,43.68788305258942],[-79.504362428482722,43.687232347527008],[-79.505580440322518,43.688148667296453],[-79.508371303009611,43.688185127843646],[-79.508376880520245,43.687960104141908],[-79.50868697553922,43.687964151077573],[-79.509639551845098,43.687076191431863],[-79.50842149827848,43.686159914187407],[-79.505315055740567,43.686344424572596],[-79.503432156764291,43.687220169163965],[-79.503116469311294,43.687441131219607],[-79.502496286302801,43.687433006361175],[-79.50218619489587,43.687428942670614],[-79.500962645078573,43.686737610562204],[-79.499530019069724,43.681991781545776],[-79.500471420025491,43.681553944234295],[-79.498921116484226,43.681533592074288],[-79.497353962197394,43.68218828734171],[-79.495826137397216,43.681267802025047],[-79.495865497392501,43.679692643035899],[-79.497128171903015,43.678808867485756],[-79.498667179991259,43.679279289079517],[-79.498385196483895,43.678150100386425],[-79.499957840489856,43.677270365588889],[-79.501181188989861,43.677961706624991],[-79.501750870463866,43.679995047675533],[-79.50177887311412,43.678869930853182],[-79.502088920381155,43.678873995019146],[-79.504586070400478,43.678231407020043],[-79.50522292123722,43.67756444785082],[-79.50402749067004,43.67574803089073],[-79.5006339603013,43.675028268975822],[-79.499066995306507,43.675682991171939],[-79.498734520231949,43.676579011780738],[-79.497488764765166,43.67678773739042],[-79.497201196974657,43.675883568839723],[-79.495673531940866,43.674963082846538],[-79.497251746350287,43.673858361147126],[-79.496654178859529,43.672950114175876],[-79.497894243495764,43.672966419648368],[-79.498187421810229,43.673645563631538],[-79.499111872257203,43.673882804991024],[-79.501653640924999,43.671440089930414],[-79.502882487669979,43.671906388296428],[-79.503823705276929,43.671468519994342],[-79.504156074709556,43.670572482304273],[-79.502352011603847,43.668297883827954],[-79.505164292729276,43.667434313404968],[-79.505812185607297,43.666317299478123],[-79.504284624488278,43.665396928710493],[-79.50240237443245,43.66627266866093],[-79.502097988689926,43.666043582349168],[-79.501793605261668,43.665814495251105],[-79.502103585327916,43.665818558416646],[-79.504295801111127,43.664946880335251],[-79.504938096300563,43.664054895010807],[-79.509947749212984,43.662094442714071],[-79.511198721689325,43.661660550750064],[-79.509643354904682,43.66186537622962],[-79.508420228734565,43.661174127201164],[-79.507180400868336,43.661157939374775],[-79.505664111437838,43.659787538610267],[-79.50756840949488,43.658011641221528],[-79.506716675339135,43.654849148482249],[-79.505172637529213,43.65460386613448],[-79.504575132535535,43.653695658649838],[-79.503036724367774,43.653225323344365],[-79.503335460707149,43.653679431319446],[-79.503329871038474,43.653904455858296],[-79.503578312147027,43.656383783633778],[-79.502006273428378,43.657263580006315],[-79.502603773242285,43.658171800324901],[-79.501623577987459,43.660184831442443],[-79.500998076382686,43.66040172653971],[-79.50099247667336,43.660626750572462],[-79.503432969582065,43.662234416438423],[-79.502796265965685,43.662901369417881],[-79.503388239984588,43.664034609860174],[-79.503055897934033,43.664930646666249],[-79.502114778409393,43.665368510523223],[-79.501196045112522,43.664906270955385],[-79.500260516256319,43.665119095536546],[-79.502689978740321,43.667176826060739],[-79.501715230227731,43.668964829000494],[-79.500774037399793,43.669402680465225],[-79.499849648339264,43.669165453271361],[-79.500447228495702,43.670073684268807],[-79.499494794595122,43.670961571773319],[-79.498559165435637,43.671174380760675],[-79.497037213043939,43.670028890371377],[-79.496405973608873,43.67047078145248],[-79.49517158460074,43.670229437529436],[-79.49514346696111,43.671354552651529],[-79.493880923275199,43.672238309231957],[-79.492646509096005,43.671996937725801],[-79.491744660011662,43.670859554177078],[-79.488312017095225,43.671714589224841],[-79.487387644677668,43.671477261510987],[-79.486795904774212,43.670343942930039],[-79.487748512995651,43.669456163760032],[-79.486536803476625,43.668314638244397],[-79.488746268583327,43.666768196255127],[-79.487511988055942,43.666526770990238],[-79.487218963354948,43.665847601055823],[-79.485962080550422,43.666506248657988],[-79.484733478925847,43.666039771424273],[-79.483854525332788,43.664002239355284],[-79.482631660089154,43.663310718233852],[-79.483601209654481,43.661747905486884],[-79.480828629357688,43.661035792207016],[-79.480535705501225,43.660356605996306],[-79.479577460420799,43.661469348736006],[-79.478641913810549,43.661681996115718],[-79.478292164691624,43.663253020856054],[-79.475795375637318,43.663895040881798],[-79.476386846912561,43.665028413700441],[-79.474171435028097,43.66679963444966],[-79.473235787227281,43.667012235879248],[-79.471393030318026,43.666312311930795],[-79.470503098516375,43.664724725339966],[-79.469578906848696,43.664487255896738],[-79.47107733949737,43.666533186139773],[-79.470750218494075,43.667204100698982],[-79.469808835501198,43.667641694341683],[-79.470118820388194,43.667645844376644],[-79.470428805341413,43.667649993571345],[-79.471651613534647,43.668341644007647],[-79.474131525432014,43.668374781201919],[-79.476628518293111,43.667732801004114],[-79.478206881635842,43.666628343327666],[-79.479762466930211,43.666423949261592],[-79.480715113604802,43.665536228745346]]],[[[-79.183563290392954,43.81246198082345],[-79.189851828254859,43.810085792736913],[-79.190486770188983,43.809645669792502],[-79.186413964299035,43.810706544207505],[-79.186407154164797,43.810931526513549],[-79.185178064120521,43.810461828804407],[-79.18459079351922,43.809327046626898],[-79.184921910957016,43.808657036086281],[-79.186178204534542,43.808226806577707],[-79.185881161539456,43.807771909411549],[-79.186522915703335,43.80710682598653],[-79.184693033782295,43.805952313458135],[-79.18440964560223,43.805047448097845],[-79.18568630014272,43.803942275299285],[-79.185375656483259,43.803937341878459],[-79.185058199314881,43.804157390019327],[-79.184747554648808,43.80415245487216],[-79.180371212607696,43.804983201412384],[-79.178783785533113,43.806083360999708],[-79.179067092664965,43.806988238770224],[-79.179985401307377,43.807453052051905],[-79.182477515218338,43.807267633550289],[-79.182132727800678,43.808387600576623],[-79.18087640323165,43.808817785019173],[-79.180545239987552,43.809487783014717],[-79.181146094382498,43.810172621328725],[-79.182692647448491,43.810422322113446],[-79.182037161450879,43.811537345782874],[-79.183563290392954,43.81246198082345]]],[[[-79.382016179249675,43.80734138050304],[-79.385147368646443,43.806485310958067],[-79.385768747409472,43.806494091329164],[-79.384842743657856,43.806255913659598],[-79.384245633415574,43.805347105084131],[-79.382692217926319,43.805325127576594],[-79.381479869862417,43.804182502695333],[-79.382436191819153,43.803295678619556],[-79.382155887726313,43.802166251596738],[-79.381845221292267,43.802161852355141],[-79.381534554928677,43.802157452269434],[-79.378726388115865,43.802567824166765],[-79.378074607538778,43.803684032253841],[-79.379299049265043,43.804376681608346],[-79.37865334590046,43.805267887285112],[-79.378945769293566,43.805947311117201],[-79.380797725189566,43.806423753805426],[-79.38109017831475,43.807103172478747],[-79.382016179249675,43.80734138050304]]],[[[-79.467033763200135,43.788705520451543],[-79.477030444907385,43.786588270017639],[-79.477668780426356,43.785921497923702],[-79.477375322389463,43.785242309609458],[-79.475523204960382,43.784767429147578],[-79.475212614734644,43.784763285005077],[-79.474879136419332,43.785659205595657],[-79.473935900907293,43.78609679772326],[-79.471784659405103,43.785167675911644],[-79.471738787828627,43.786967804169073],[-79.470479167033517,43.787626228290918],[-79.470473427930173,43.787851244122066],[-79.468327926696588,43.78669704161338],[-79.468724705282128,43.783325968357119],[-79.468023075607192,43.786467862154225],[-79.467712477664037,43.786463697502491],[-79.465509506267736,43.787559598011995],[-79.466107690912438,43.788468000056838],[-79.467033763200135,43.788705520451543]]],[[[-79.574480905762073,43.765111097557551],[-79.576044096091536,43.764680399255724],[-79.576686442244323,43.763788025745818],[-79.576402632509456,43.762659020275393],[-79.577034281877232,43.762216699383465],[-79.576739801193483,43.76153774979106],[-79.578618693043552,43.760885853329704],[-79.578640006237634,43.759985741846933],[-79.579897882739971,43.75932609810166],[-79.579303564035726,43.758193239797038],[-79.579940467469072,43.757525873493734],[-79.578719921910604,43.756610322445084],[-79.576851834846536,43.756812167221625],[-79.575320896630714,43.755892713832019],[-79.575647367270008,43.755221500595013],[-79.575042486817253,43.754538676563129],[-79.571959420687293,43.753599812941609],[-79.571734621193684,43.749995492521194],[-79.573308126237791,43.749114770001114],[-79.572414313785217,43.747527945557586],[-79.575208017002467,43.747562811692063],[-79.575844849540687,43.746895466093079],[-79.575545115814933,43.746441540999434],[-79.576797405388078,43.746006954667763],[-79.578922312744922,43.748059250481425],[-79.580158652209889,43.748299712923433],[-79.580790120634646,43.747857367757604],[-79.582652605873946,43.747880483087648],[-79.580179932972783,43.747399598849995],[-79.57988548484056,43.746720656156512],[-79.580522256898561,43.746053283563931],[-79.581769189899305,43.745843670813954],[-79.5814747308672,43.745164731895557],[-79.579612330779327,43.745141598507431],[-79.578392037151204,43.744226045517927],[-79.578729056413152,43.743104763730308],[-79.579665545439596,43.742891312326257],[-79.581254693187134,43.741335388809979],[-79.58217521163499,43.741797003046429],[-79.584347893400178,43.741823938704158],[-79.584942153914525,43.742956773022804],[-79.585878619850774,43.742743270360798],[-79.586788606984584,43.74365490668437],[-79.588035469860415,43.743445224495254],[-79.586815079307115,43.742529759925901],[-79.587141345810821,43.741858509598003],[-79.581886079144127,43.740893035957818],[-79.582244256638674,43.73887162586162],[-79.583506952232767,43.737986904300655],[-79.584737803735933,43.738452344324912],[-79.585026968531054,43.739356304995873],[-79.58780972697636,43.739840916929438],[-79.589382732096183,43.738959964731869],[-79.590618929982298,43.739200312398701],[-79.591812937207209,43.741240886399368],[-79.588345862085916,43.743449059174623],[-79.589271753838631,43.743685587729367],[-79.589550441406047,43.7450395964851],[-79.591128838172281,43.743933592864579],[-79.592370419187631,43.743948893059603],[-79.593590924228764,43.744864299603741],[-79.592912131586502,43.747331985798724],[-79.591970341263462,43.747770574982745],[-79.590428830106603,43.747301381823725],[-79.589760447059277,43.749318987315917],[-79.588208333936748,43.749299822667602],[-79.587003707973921,43.747709271687086],[-79.585767351284133,43.747468883079137],[-79.586361691883837,43.748601710045627],[-79.585724956131372,43.74926911540436],[-79.584477964383339,43.749478770423664],[-79.584472660002064,43.749703799292504],[-79.583241582259021,43.749238354201658],[-79.583236273290098,43.749463382959725],[-79.583541388102901,43.749692259868652],[-79.583536080173161,43.749917288637945],[-79.582273129588117,43.750802005321965],[-79.582556999819232,43.751930999227305],[-79.583477688883463,43.752392604479326],[-79.584724744623657,43.752182961348062],[-79.585013970013705,43.753086920831961],[-79.586550287003192,43.753781216927635],[-79.587813239579432,43.752896453411616],[-79.587834409031444,43.751996337086837],[-79.590007465042333,43.752023170109076],[-79.592196351677941,43.751374873231022],[-79.592522609021771,43.750703608385599],[-79.591612429593283,43.749792016206165],[-79.593180373033249,43.74913604564896],[-79.593511876949222,43.748239747632404],[-79.594406261298559,43.749826414501456],[-79.596268818517856,43.74984930877099],[-79.596905444895214,43.749181843228982],[-79.596621315634337,43.748052880989391],[-79.598504825618704,43.747175617220549],[-79.598830988884032,43.746504332629307],[-79.598225926919511,43.745821627952225],[-79.596679156474409,43.745577549260098],[-79.597957545852069,43.744017577091014],[-79.596431856768447,43.742873374237654],[-79.597994314296741,43.742442364104605],[-79.600135567350208,43.743819183208281],[-79.601398110326912,43.742934262541162],[-79.601119163475147,43.741580278745992],[-79.598357212222837,43.740195866308163],[-79.598052087252015,43.739967028481225],[-79.597720699579554,43.740863342457175],[-79.596784302738925,43.741076943201861],[-79.596779046004812,43.741301973594069],[-79.595853159634629,43.741065505872506],[-79.59525344743281,43.740157755706143],[-79.593380652886069,43.740584909097223],[-79.591534213919033,43.739886881835211],[-79.591260779343102,43.738307846480303],[-79.589714232336291,43.738063676186172],[-79.589109357802329,43.737380924800888],[-79.589756491407513,43.736263437222512],[-79.589467268823824,43.735359487283226],[-79.588220579106761,43.735569187723542],[-79.587000342599509,43.734653726031745],[-79.587647484444574,43.733536250012008],[-79.586395532615299,43.733970960766662],[-79.585170057522788,43.733280509739053],[-79.58423903987682,43.733268979419179],[-79.583292105314968,43.73393252967837],[-79.582061357114938,43.733467075133682],[-79.582103838645779,43.731666840663337],[-79.581451302927846,43.733009313748468],[-79.581445990259951,43.733234342973589],[-79.578626329108332,43.734324782928397],[-79.578599711041363,43.735449927322243],[-79.58076152855169,43.735926985965044],[-79.581392860193176,43.735484634707099],[-79.58294461187873,43.735503887103725],[-79.583544091753708,43.736411699437355],[-79.58137160644165,43.736384751136988],[-79.580419273556132,43.737273305147184],[-79.578557118924536,43.737250157862896],[-79.576662978017737,43.738577151674647],[-79.576636319236528,43.739702294269136],[-79.578172198060827,43.740396698608052],[-79.578461272215819,43.741300674376802],[-79.577813873424617,43.742418093423375],[-79.575314779097013,43.743062248908785],[-79.574651281749269,43.744854733068884],[-79.573425726110372,43.744164156174598],[-79.572799591222804,43.74438143277866],[-79.572810285404543,43.743931376890167],[-79.575641176328006,43.742391033272654],[-79.575667856246014,43.741265891696067],[-79.572580108663033,43.74055208007843],[-79.571365367244439,43.739411426028802],[-79.569481718918667,43.740288241500025],[-79.570129247502948,43.739170871066108],[-79.571691787416285,43.738740221589694],[-79.571718537889083,43.737615081226338],[-79.5698778068531,43.736691680315786],[-79.568326033312829,43.736672250107354],[-79.567106083557235,43.735756579986777],[-79.566480015146723,43.73597382316126],[-79.566175034863249,43.735744902008534],[-79.566180405181385,43.735519874378603],[-79.565907655515829,43.7339407866044],[-79.564687797674893,43.733025091508324],[-79.564404344552145,43.731896055421224],[-79.566555178547432,43.732823435191023],[-79.567138283626903,43.734406413518627],[-79.569588882811374,43.735787684196893],[-79.573949814728508,43.735166901643488],[-79.574276181917952,43.734495688626545],[-79.573671519837646,43.733812857991701],[-79.574607880046031,43.73359944596772],[-79.574629233035765,43.732699331740051],[-79.575875906532019,43.732489779320808],[-79.576512567609356,43.731822426005976],[-79.575929237607752,43.730239491789803],[-79.575008943237904,43.72977782940081],[-79.577528790627611,43.728233555589064],[-79.577560748138097,43.726883381204701],[-79.578507631657928,43.726219876994371],[-79.578523598576083,43.725544789319002],[-79.58009104067753,43.724888988994152],[-79.580417280923498,43.724217755567921],[-79.579507678508349,43.72330607081058],[-79.580759454034052,43.722871432387606],[-79.581096299211481,43.721750137310202],[-79.579566174036898,43.720830746579807],[-79.579887080782001,43.720384543548988],[-79.579282491995158,43.71970174203156],[-79.578046741701073,43.719461277007163],[-79.5771052881109,43.719899750226716],[-79.577131919708194,43.71877460349021],[-79.575912189543274,43.71785902772735],[-79.574660485674414,43.718293614368228],[-79.572510036756256,43.717366390282109],[-79.571252971616573,43.718025968324255],[-79.570669905275494,43.716443007275053],[-79.570054756713304,43.716210216087823],[-79.570081516800514,43.715085072076214],[-79.568856613089636,43.714394451719947],[-79.566048358375895,43.715034536681017],[-79.565090778094699,43.716147996045891],[-79.564170782187006,43.715686249374436],[-79.563234667885922,43.715899579855588],[-79.562592654421266,43.716791889316106],[-79.560426286207147,43.716539524687789],[-79.560431674441489,43.716314496866211],[-79.559163716374798,43.717423995955478],[-79.557917303275389,43.717633370091647],[-79.558205970857898,43.7185373948817],[-79.556633062345583,43.719417922028079],[-79.555103378420583,43.718498209356362],[-79.55355208455218,43.71847858502354],[-79.552958650044232,43.71734559429175],[-79.551407387381531,43.717325941261038],[-79.550808580194087,43.716417966761441],[-79.546437916667543,43.717487936529672],[-79.547684363405224,43.7172786881207],[-79.547678927285531,43.717503714638141],[-79.548293999110598,43.717736625210975],[-79.547646309244058,43.718853873544617],[-79.547940262627975,43.719532895570175],[-79.549480720212259,43.720002649646162],[-79.549165023247483,43.720223737652567],[-79.548854756258791,43.720219798228179],[-79.547929391386091,43.719982948468505],[-79.546672008198115,43.720642251279187],[-79.545441823542305,43.720176408993702],[-79.54417895979708,43.721060709998852],[-79.544461985868551,43.722189792324684],[-79.548130953954583,43.724487417911341],[-79.547804353986791,43.725158554086867],[-79.545931712988775,43.725584932695554],[-79.545899046507216,43.726935088639536],[-79.545583299533519,43.727156165797737],[-79.545272997257484,43.727152216156199],[-79.5449572468643,43.727373291528217],[-79.544646943553659,43.727369340171585],[-79.54399362581708,43.728711589312169],[-79.544592446667224,43.729619597900559],[-79.545501605026331,43.730531553567332],[-79.547358084657375,43.730780262467242],[-79.547673844628932,43.730559180715275],[-79.547984164824484,43.730563124081819],[-79.548294485083076,43.73056706660617],[-79.548610240536348,43.730345982194919],[-79.549214580428938,43.731028941407487],[-79.54920914743046,43.731253967534116],[-79.549181981493263,43.732379098025774],[-79.550407014686627,43.733069929129449],[-79.551980374819976,43.732189495962409],[-79.551686317372202,43.731510484296876],[-79.552334075373722,43.73039321631871],[-79.553237946293294,43.731530138577341],[-79.553858598301517,43.73153799439379],[-79.552889684730047,43.733101394543304],[-79.553499518190989,43.733559305408143],[-79.553467012647971,43.734909463984692],[-79.55469756044981,43.735375223748257],[-79.554055205752093,43.736267477641931],[-79.554654252369289,43.737175435486023],[-79.552160565839543,43.737594058433558],[-79.551202360692528,43.738707388571044],[-79.552727068482355,43.739852182755541],[-79.554894238590776,43.740104703555573],[-79.554562209359318,43.74100088342491],[-79.555166721759562,43.741683812342373],[-79.556092448742618,43.741920607641163],[-79.557660559612344,43.741265126136582],[-79.558570090713914,43.742176981197005],[-79.559506632497005,43.741963695769122],[-79.560159757871446,43.74062135815749],[-79.559555198380735,43.739938454896567],[-79.560186726049835,43.739496223845393],[-79.562027388828966,43.740419779565926],[-79.563900387727472,43.739993143039825],[-79.563868108619175,43.74134330626908],[-79.564788489893829,43.741805058738208],[-79.565414625513,43.741587825967223],[-79.56659707434531,43.744078706104077],[-79.565981661936021,43.743845890411315],[-79.565671270675494,43.743841994972072],[-79.562926207502358,43.741781654885585],[-79.561679298829262,43.74199106240561],[-79.56104236438054,43.742658328158676],[-79.561315019411609,43.744237423986661],[-79.562235424288147,43.744699197134132],[-79.562861599223865,43.744481979003048],[-79.564691699591506,43.74585554769574],[-79.56499672445355,43.746084473042067],[-79.564686321760135,43.746080574770531],[-79.564375919129105,43.746076675656305],[-79.564060136342604,43.746297802703836],[-79.563749732674253,43.746293901873763],[-79.563439329068316,43.746290000201007],[-79.561598466425849,43.745366465369159],[-79.560351478743485,43.745575857181812],[-79.559371700669644,43.74758936085319],[-79.558124659496158,43.747798727540214],[-79.557487622774005,43.748465971422348],[-79.558086838595187,43.749373911785838],[-79.558707676283973,43.749381743796349],[-79.558381050997681,43.75005290712523],[-79.559274525531265,43.751639836065472],[-79.561115541257465,43.752563409510707],[-79.560462300198054,43.753905748362143],[-79.560734983256225,43.755484843046588],[-79.562260293806318,43.756629515133582],[-79.565964280156265,43.757576433781907],[-79.566237122444321,43.759155516565308],[-79.564984482675939,43.759589981367505],[-79.564336628924053,43.760707314418923],[-79.565246549662405,43.761619118762574],[-79.56648310835574,43.761859731705258],[-79.56584063337182,43.762752046348787],[-79.566445488207549,43.763434917839071],[-79.568308445029388,43.763458273475514],[-79.570455099686356,43.764610617997015],[-79.572029011772827,43.763729920782112],[-79.572628595899559,43.764637787617907],[-79.574480905762073,43.765111097557551]],[[-79.56279159677679,43.747407328598854],[-79.564060136342604,43.746297802703836],[-79.565296376007751,43.746538424714011],[-79.565590657366457,43.74721740274628],[-79.568368244859457,43.747927517589943],[-79.568662567557283,43.748606488119698],[-79.567715218011941,43.749269901880915],[-79.567993440772611,43.750623955617591],[-79.569856001439746,43.750647280631895],[-79.571076290493693,43.751562923788192],[-79.570439354791375,43.752230240876422],[-79.570733720874074,43.752909206183389],[-79.569786324634123,43.753572636014546],[-79.571006670904936,43.754488280258165],[-79.570353627470894,43.755830677960191],[-79.572211000034883,43.75607899412114],[-79.57281586295592,43.756761832735528],[-79.572489352041629,43.75743303715916],[-79.573410044870954,43.757894723196578],[-79.574346783750144,43.757681319332093],[-79.57556728274848,43.758596916315739],[-79.575851059490617,43.759725924165885],[-79.575214087201843,43.760393266486069],[-79.573966829626585,43.760602802743144],[-79.574561069561668,43.761735687293331],[-79.573303084743927,43.762395270525637],[-79.573297736086317,43.762620297793205],[-79.571156452141992,43.761242979412131],[-79.569909163819773,43.76145247091042],[-79.56869406131915,43.760311787422445],[-79.567147049539628,43.760067306088203],[-79.566547592933546,43.759159411544601],[-79.567810949773516,43.758274875522858],[-79.567853895305547,43.756474660054337],[-79.566001905240697,43.756001246359141],[-79.564754709794485,43.756210683024818],[-79.563534426301999,43.755294973105912],[-79.564182233820347,43.754177642976508],[-79.563299361068331,43.75214069742475],[-79.563936374112146,43.751473421205453],[-79.565183473336887,43.751263991990704],[-79.565199603973184,43.750588911205604],[-79.56366900448748,43.749669305352818],[-79.563990187833312,43.749223152904236],[-79.56279159677679,43.747407328598854]],[[-79.56503435982961,43.744509283107561],[-79.56659707434531,43.744078706104077],[-79.565430748108597,43.740912743966589],[-79.56701483786108,43.739582049804689],[-79.568550599037437,43.740276581918096],[-79.568834165795309,43.741405607721504],[-79.570064968847802,43.741871204932721],[-79.570653603519759,43.743229137617753],[-79.569690285693255,43.74456765286687],[-79.57056791595295,43.746829580729646],[-79.56931020499232,43.747489125348046],[-79.569304844156605,43.747714152812883],[-79.56745311044584,43.747240765479063],[-79.566853772163441,43.746332872253227],[-79.565307127209309,43.746088370470936],[-79.564702455067177,43.745405493517907],[-79.56503435982961,43.744509283107561]],[[-79.560974558045231,43.732528203167661],[-79.561884011343551,43.733440032073631],[-79.56436670921822,43.733471248410162],[-79.564965886324643,43.734379154386758],[-79.564013346924398,43.735267569066004],[-79.565565081264893,43.735287057330183],[-79.567999587623291,43.73734344480571],[-79.566720575461318,43.738903074850924],[-79.565468365317386,43.73933755230199],[-79.564243028756252,43.738646879265758],[-79.563954181251376,43.737742870237241],[-79.561487472057806,43.737036561235826],[-79.562092025443391,43.737719454510483],[-79.561765504565344,43.738390630240396],[-79.559887147206098,43.739042259247022],[-79.55988175265891,43.739267286116601],[-79.55648394334807,43.738549131666062],[-79.555884855669348,43.737641183054201],[-79.556837552061324,43.736752838678967],[-79.559026219270777,43.73610517279883],[-79.559037013520012,43.735655118969596],[-79.557196542053831,43.734731516982798],[-79.557228963605581,43.733381356143589],[-79.560974558045231,43.732528203167661]],[[-79.549835226157541,43.7310368189993],[-79.548610240536348,43.730345982194919],[-79.545817370361618,43.73031047701329],[-79.545213076570832,43.729627500388851],[-79.545539730897616,43.72895637287241],[-79.544625145557234,43.728269443376433],[-79.544951798620843,43.727598317374444],[-79.550907280154092,43.725197942469229],[-79.554309680562341,43.725691226148847],[-79.554908629829882,43.726599182884058],[-79.553934411608239,43.728387621443808],[-79.552992645769834,43.72882589095191],[-79.551136200567313,43.728577274031224],[-79.551098221867946,43.730152458737301],[-79.549840656770812,43.730811792801703],[-79.549835226157541,43.7310368189993]],[[-79.562736125219317,43.723771656274451],[-79.563928884914048,43.725812509750689],[-79.562971088867783,43.726925946402616],[-79.563249114092542,43.72828001394231],[-79.561980948954542,43.72938953927153],[-79.563810578089772,43.730763118989941],[-79.562874226313397,43.730976442717051],[-79.561654474555155,43.730060716242328],[-79.560407806152185,43.730270113597527],[-79.560113661718191,43.729591122212817],[-79.559188106731412,43.729354361401484],[-79.557925244828127,43.730238813082977],[-79.557903643507728,43.731138921119516],[-79.556341208844813,43.731569383969592],[-79.555421049034919,43.731107565723605],[-79.555763823495766,43.729761327270019],[-79.555175651358297,43.728403321253026],[-79.556732606773664,43.728197900080197],[-79.557663534701931,43.728209653370214],[-79.558621449009181,43.727096263093074],[-79.559557754142716,43.726882973448369],[-79.559579327488237,43.725982864084095],[-79.56082590920397,43.725773474427307],[-79.561462662117222,43.725106205528782],[-79.561168529437964,43.724427216447424],[-79.562736125219317,43.723771656274451]],[[-79.555702270971167,43.719406162214682],[-79.557536855893062,43.720554811243261],[-79.559088206053502,43.720574382230026],[-79.559681787219077,43.721707342544114],[-79.559045051796076,43.722374602128838],[-79.557488254846291,43.722580057211268],[-79.558081824447072,43.723713025306999],[-79.556824470571541,43.724372439879971],[-79.556487158433256,43.725493656435482],[-79.555550864840541,43.725706921118416],[-79.555545456569746,43.725931948085424],[-79.552475004480144,43.724542524988941],[-79.550923556448339,43.724522862835713],[-79.549415557100019,43.722702968090132],[-79.548185308640285,43.722237154621311],[-79.548217918427341,43.720886996194437],[-79.551358585354507,43.719351182899914],[-79.555702270971167,43.719406162214682]],[[-79.566946904405597,43.716396382286639],[-79.567872293396945,43.716633078450627],[-79.568471362724821,43.71754096706772],[-79.570937363737528,43.71824711779982],[-79.570578947775431,43.720268496023913],[-79.572740154683515,43.720745699301233],[-79.574307531310311,43.720089976926204],[-79.575227673731575,43.720551643624439],[-79.575516615681991,43.721455627987567],[-79.57706267434439,43.721699984515652],[-79.577667257120197,43.722382797476115],[-79.577340996855654,43.723054022977244],[-79.576404811061096,43.723267460157381],[-79.576067869472254,43.724388739803253],[-79.57513165851212,43.724602166158057],[-79.574778676240683,43.726398527928382],[-79.573837089513404,43.726836971891032],[-79.572290913487365,43.726592570302998],[-79.572280221883034,43.727042627460051],[-79.571343956687585,43.727256021934288],[-79.571948527952344,43.727938864382438],[-79.571301159431528,43.729056249383639],[-79.572526386379465,43.729746846290283],[-79.571879008164359,43.73086423410188],[-79.572462236555467,43.73244718744894],[-79.571204851091281,43.733106758940906],[-79.571199500038588,43.733331787160175],[-79.569669239424954,43.732412263747023],[-79.568427908981064,43.732396720202075],[-79.56722413952933,43.730805967945493],[-79.565656405573009,43.731461587053737],[-79.564436600978908,43.730545889634627],[-79.564779170614713,43.729199621182055],[-79.566031172334277,43.728765147698091],[-79.565426661064137,43.728082274848148],[-79.565753082282725,43.727411086146091],[-79.567625648380513,43.726984381671187],[-79.568583360162592,43.725870904843049],[-79.567385076427684,43.724055125995591],[-79.568642310733608,43.723395593496619],[-79.568348104322695,43.722716621699654],[-79.569300376790324,43.721828165377801],[-79.566818154398433,43.721797062753573],[-79.565871215312114,43.722460469780032],[-79.564635466037828,43.722219859788304],[-79.564031034710126,43.721536979919264],[-79.564673079562596,43.720644663501446],[-79.562832972737723,43.719721155080514],[-79.562544230041368,43.718817141123004],[-79.563806780911179,43.71793263242995],[-79.565358067687583,43.717952117396635],[-79.566946904405597,43.716396382286639]]],[[[-79.544193877822721,43.758876818173199],[-79.544199334854099,43.758651793638798],[-79.545457551466058,43.757992533771613],[-79.544597085015553,43.75505535411623],[-79.547058874810858,43.755987058056085],[-79.548638331895049,43.754881658328564],[-79.547734209204165,43.7537447005205],[-79.544962064804352,43.752809059593901],[-79.545277951407087,43.752587987028726],[-79.545588385074822,43.752591938471653],[-79.550898351237336,43.7513088312284],[-79.55307134736276,43.751336366138183],[-79.55434014861909,43.750226952535343],[-79.553446825557927,43.748639986726218],[-79.555020556166454,43.747759519064694],[-79.554443067941278,43.745951459064912],[-79.551992417078537,43.744569865022044],[-79.547646919536021,43.744514719627475],[-79.546742966715797,43.743377754404044],[-79.546770188754579,43.742252627301909],[-79.544918809610962,43.741778879150822],[-79.546514259314037,43.739998425202145],[-79.546830071685008,43.739777346846793],[-79.546835515209068,43.739552321294234],[-79.544962416342301,43.73997867662623],[-79.544635692402238,43.740649800308489],[-79.541836885813481,43.740839216389894],[-79.541787721123029,43.742864441067063],[-79.540213931527049,43.743744726285421],[-79.537769182809868,43.742137807842496],[-79.538406366697146,43.741470675304157],[-79.538123373642534,43.740341582001079],[-79.536560563319171,43.740771768358542],[-79.53534102524641,43.739855765350306],[-79.535673332990612,43.73895964509385],[-79.537562895738375,43.737858368398577],[-79.537007940998038,43.735150126906426],[-79.535761087781893,43.735359252488877],[-79.535434288241419,43.736030349297486],[-79.534181921395032,43.736464481758411],[-79.532358309032901,43.734865411744813],[-79.532707117348068,43.733294226520719],[-79.534275247140485,43.732639065410382],[-79.535870758381549,43.730858758332843],[-79.537433313628824,43.730428577139335],[-79.540187911743658,43.732039463809585],[-79.539822900659686,43.734285750280449],[-79.541053326122508,43.734751655375412],[-79.541026004167477,43.735876781100799],[-79.545670317501603,43.736386170735585],[-79.546274682504531,43.73706914517718],[-79.545632185171172,43.737961349466545],[-79.547162208441392,43.738881190771153],[-79.54747257154331,43.738885136119833],[-79.547478012491752,43.738660110467933],[-79.548131366989267,43.737317844097085],[-79.546601367720186,43.736398015873441],[-79.546013342934529,43.735039966206202],[-79.546650359097896,43.734372784564528],[-79.546046016084787,43.733689812115422],[-79.540149641499113,43.733614639902029],[-79.540470908783973,43.733168553588158],[-79.540781241459683,43.733172516696918],[-79.54389547824907,43.732762050414195],[-79.544532492794445,43.732094880312431],[-79.544238520463267,43.731415850649888],[-79.543318458588246,43.730953936261102],[-79.539589134926885,43.731131433106107],[-79.539001317986333,43.729773349077846],[-79.537760058853266,43.729757473234308],[-79.538097744994715,43.728636318007197],[-79.53719420581632,43.727499280051241],[-79.535653658087469,43.727029359583334],[-79.5328170087231,43.728793736881578],[-79.532773055230706,43.730593933190654],[-79.530883638843747,43.731695134016036],[-79.531443789078196,43.734178378287062],[-79.52801906437756,43.734584505845525],[-79.526755640858553,43.735468604227421],[-79.527354263364657,43.736376699386355],[-79.529194312850848,43.737300776041266],[-79.530768088519793,43.736420641535553],[-79.532951516475492,43.735998503060749],[-79.533800178374861,43.739385816633231],[-79.53284710360478,43.740273963155651],[-79.534376984470043,43.74119397337553],[-79.534654420780285,43.742548099084061],[-79.535580075685857,43.742785059587526],[-79.534909912669846,43.744802320676818],[-79.535497774561961,43.746160423050618],[-79.535475825177969,43.747060519615204],[-79.535813659683797,43.745939376399029],[-79.538002880300184,43.745292122101056],[-79.539854309476496,43.745765982780341],[-79.540807371497863,43.744877778407599],[-79.542043482228266,43.745118650347919],[-79.542337492549322,43.745797684666471],[-79.5439003953379,43.745367420909574],[-79.544815227411434,43.746054357726003],[-79.547625153449403,43.745414821320431],[-79.549792499666367,43.745667441139204],[-79.550707404868078,43.746354331744605],[-79.550680252681531,43.747479459998686],[-79.551290212094315,43.747937383328932],[-79.549389701536924,43.749488935098519],[-79.550609649628726,43.750404792355631],[-79.550282928564229,43.751075931085055],[-79.544972970737575,43.752359009882511],[-79.54434119546022,43.752801152431999],[-79.544313917896062,43.753926276236498],[-79.542745331846817,43.754581566515128],[-79.539379723747089,43.75251274947081],[-79.540022474491167,43.751620586022909],[-79.539733935999024,43.750716521986078],[-79.540365722183921,43.750274404922457],[-79.540099066629736,43.748470243515769],[-79.539772239981858,43.749141350916283],[-79.539766768174658,43.749366375383154],[-79.538486766816888,43.750925672369121],[-79.538780763358773,43.75160471500454],[-79.536907232569448,43.752030931350802],[-79.535992403416415,43.751343931908075],[-79.535055636060889,43.751557021038863],[-79.534390842500102,43.753349250663874],[-79.535915588172912,43.754494267051719],[-79.540594106991449,43.75365373623859],[-79.541209516851112,43.753886688309585],[-79.541204049523671,43.754111712733007],[-79.542047942601954,43.757723989030303],[-79.544193877822721,43.758876818173199]]],[[[-79.623606204488894,43.735775762482859],[-79.623611359748807,43.735550729311257],[-79.624547580074278,43.735336906122548],[-79.624883687109858,43.734215474472585],[-79.623693835779093,43.731950197290018],[-79.62553012476377,43.733097774456844],[-79.627102410701127,43.73221629235934],[-79.626258850032627,43.72837953209865],[-79.625053612045278,43.726789368839],[-79.626020557448001,43.725225328944951],[-79.624799940982513,43.724310264474539],[-79.622927841091439,43.724737912586107],[-79.62325875957427,43.723841516899597],[-79.622653638499102,43.723158938284612],[-79.61987134677662,43.722675180057685],[-79.618604332118409,43.72378535031315],[-79.6204144495685,43.726058172641828],[-79.620388621364867,43.72718333876869],[-79.621045389272709,43.725615596313681],[-79.622296924366452,43.725180499679631],[-79.623217522104412,43.725641785444914],[-79.623502057477808,43.72677069106269],[-79.624417538037832,43.727457001014272],[-79.623776296511224,43.728349662867366],[-79.624396934533394,43.728357135228578],[-79.624996977623567,43.729264738518474],[-79.62436087610142,43.729932369742528],[-79.622804083604265,43.730138714819539],[-79.623098943071923,43.730817554168475],[-79.622452486134179,43.731935240591866],[-79.61993877937995,43.733255484448186],[-79.619933610780862,43.733480517362821],[-79.618702577920885,43.733015453808292],[-79.618423280388043,43.731661505410905],[-79.617187118032817,43.731421458825288],[-79.616587173227231,43.730513816137034],[-79.618159518693702,43.729632457546003],[-79.619131860318689,43.727843446679053],[-79.617859545240492,43.729178639018471],[-79.617864720829161,43.728953606130602],[-79.614192761501968,43.726658182258667],[-79.612941138931745,43.727093188831169],[-79.612610048169415,43.727989551854989],[-79.613835739665404,43.728679711974685],[-79.612884005084311,43.729568545739369],[-79.613173555826805,43.730472441616307],[-79.614709636154217,43.73116635840892],[-79.616271662257205,43.730735091703934],[-79.6165768118599,43.730963881537406],[-79.616571631086146,43.731188914223523],[-79.616261298447242,43.731185157026843],[-79.615619895718524,43.732077770404949],[-79.616809442904184,43.734343127608597],[-79.618030135506388,43.735258276956515],[-79.618956024775613,43.73549456518252],[-79.619902597927791,43.734830714653512],[-79.620828488396072,43.735066987734584],[-79.622080223600022,43.734631896800053],[-79.622680291676829,43.735539511649442],[-79.623606204488894,43.735775762482859]]],[[[-79.535054998330324,43.726121306009475],[-79.536628393118818,43.725241083796305],[-79.536024254506799,43.724558060168185],[-79.53666126587909,43.723890933023895],[-79.536372900236245,43.722986858816121],[-79.537929772276541,43.722781692592491],[-79.538577685561478,43.721664503206895],[-79.539835176851781,43.721005291125095],[-79.538942653858513,43.719418215473688],[-79.538703501893366,43.716488915646075],[-79.533777984323564,43.714850157439329],[-79.53160632569876,43.71482227413248],[-79.529096907822264,43.715915480659788],[-79.528111090217791,43.718153743066672],[-79.52810558068164,43.718378767583843],[-79.529357609259876,43.717944695691884],[-79.529074885771308,43.716815579423987],[-79.530337876389353,43.71593144658739],[-79.534349088116926,43.716883343717839],[-79.53495313264628,43.717566375741669],[-79.534310685144177,43.718458519896217],[-79.535546227340845,43.718699455205069],[-79.536150303342254,43.719382481137167],[-79.535823599763333,43.720053582161917],[-79.534571571649835,43.720487724787247],[-79.534228382565757,43.721833895862964],[-79.533292072223375,43.722046977979687],[-79.533286581330685,43.722272002865843],[-79.530222346695936,43.720656966031719],[-79.528050481807242,43.720629012235548],[-79.527446486852128,43.719945944750542],[-79.527740215649956,43.720625015468499],[-79.527429949556577,43.720621017859536],[-79.527984354726357,43.723329304570335],[-79.528893164883797,43.724241388460392],[-79.530439088455154,43.724486374044297],[-79.532627576384769,43.723839210182319],[-79.533519993826772,43.725426332546363],[-79.535054998330324,43.726121306009475]]],[[[-79.597225650895282,43.722174356700016],[-79.597230902451599,43.721949325508845],[-79.598477279473087,43.721739522053348],[-79.599113575830657,43.721072036680688],[-79.598224722133125,43.719260371572425],[-79.601006668818329,43.719744652690679],[-79.602273916463304,43.718634680009558],[-79.600748775780517,43.71749053738445],[-79.597351671446262,43.716773605518185],[-79.596126413047003,43.716083272998233],[-79.597346421289942,43.716998636925517],[-79.597009906934858,43.718119985255832],[-79.595758344193214,43.71855480497036],[-79.595753087747624,43.718779836153693],[-79.593912546905457,43.717856822265055],[-79.593633871109176,43.71650281825346],[-79.592697842372374,43.716716391319594],[-79.591472639847396,43.716026009629637],[-79.59087850857739,43.714893206013897],[-79.591220389736932,43.713546845483044],[-79.592156373773548,43.71333328380819],[-79.591556983854431,43.712425514442593],[-79.5928189794421,43.711540676633845],[-79.594359600077325,43.712009828292764],[-79.594364860495631,43.711784796976367],[-79.594059892448783,43.711555949530627],[-79.594065153905191,43.711330918225237],[-79.592882168572118,43.708840301779972],[-79.591346911591927,43.708146100034277],[-79.590084967290622,43.709030922768271],[-79.59037935766186,43.709709842597185],[-79.589122645757996,43.710369622907436],[-79.589101526302414,43.711269746311984],[-79.587855337190661,43.711479450373659],[-79.587213734489751,43.712371904438541],[-79.58843353071569,43.713287361243779],[-79.590294951143818,43.713310337677605],[-79.590573538576649,43.714664349350947],[-79.58901703868716,43.714870238425476],[-79.588380699079423,43.715537667651965],[-79.588974789003032,43.716670483579399],[-79.591130748791201,43.717372370232354],[-79.592024631292219,43.71895905703277],[-79.59387043939391,43.719657070263978],[-79.593228834723291,43.720549556887285],[-79.593833592117846,43.721232286769492],[-79.595695262824066,43.721255178550052],[-79.597225650895282,43.722174356700016]]],[[[-79.59749054872421,43.657574811810058],[-79.597495787470109,43.65734977804064],[-79.599376412882222,43.656472447928735],[-79.600332388770653,43.655358668605601],[-79.601593040310007,43.654473707450066],[-79.600027677933852,43.655129838430305],[-79.600022449048382,43.655354872531149],[-79.598793157729133,43.654889611858827],[-79.598824557165713,43.653539407712088],[-79.59850939275519,43.653760641693005],[-79.598194226031438,43.653981874765115],[-79.598188990509058,43.654206908734899],[-79.596628840749659,43.654637958916361],[-79.59660263270419,43.655763127787615],[-79.59597226187897,43.656205581881729],[-79.596261232797218,43.657109523729829],[-79.59749054872421,43.657574811810058]]],[[[-79.355451254084443,43.631163234102146],[-79.355457391026547,43.63093822461817],[-79.357012417937355,43.630735492323439],[-79.357340585560507,43.63006491608153],[-79.357947880375619,43.630523838792442],[-79.35799077132468,43.628948770054059],[-79.356776221274089,43.628030922221363],[-79.357438651582697,43.62646475908145],[-79.359011924643539,43.625586967477794],[-79.360244815514832,43.625829761036222],[-79.36267397370726,43.627665371449389],[-79.360554569044339,43.625834204804384],[-79.360560685810285,43.625609194534306],[-79.360275404408299,43.624704709763655],[-79.35780355170084,43.624444120801016],[-79.354638569545742,43.62687467765609],[-79.353331953057108,43.62933193610607],[-79.353920782208021,43.630465907620099],[-79.355451254084443,43.631163234102146]]],[[[-79.374942754199793,43.620862436054644],[-79.376193790589042,43.620430020764381],[-79.376211962246956,43.619754984026876],[-79.376218019325989,43.619529971761892],[-79.37499124860561,43.619062339149934],[-79.374104538996065,43.617474039731718],[-79.374742150844341,43.616807813391915],[-79.376296754971193,43.616604811446862],[-79.376940387074939,43.615713559757225],[-79.378185253080972,43.615506132976648],[-79.377298508126572,43.61391785689144],[-79.37793604647247,43.613251611188453],[-79.377626354851117,43.613247215519827],[-79.377310611645484,43.613467831648435],[-79.377000919010513,43.61346343426829],[-79.373223942469878,43.615660721658266],[-79.371681499993485,43.615413658220028],[-79.370418382011877,43.616296049122937],[-79.371317127200442,43.617434352068514],[-79.370363677285269,43.618321154480853],[-79.370655161116986,43.619000605280632],[-79.373120786680303,43.619485925777965],[-79.374019629245765,43.62062420840558],[-79.374942754199793,43.620862436054644]]],[[[-79.552488700801888,43.620772852217762],[-79.554037479530052,43.620792456285166],[-79.556537067801912,43.619923654241568],[-79.557156571492655,43.619931476326698],[-79.55562936464878,43.619011790114946],[-79.556286556017369,43.617444397962224],[-79.557231918019525,43.616781037054992],[-79.556639364709,43.615648058800318],[-79.557899799461964,43.614763571015118],[-79.557905178020107,43.614538539421964],[-79.557910556515964,43.614313507819425],[-79.557622351350588,43.613409473255345],[-79.556703961686097,43.612947680979083],[-79.554204667424571,43.61381649177553],[-79.553878767025537,43.614487667232765],[-79.555101494568419,43.615178429239201],[-79.555966044376049,43.617890547723633],[-79.551292913077901,43.618956908029169],[-79.551260487853654,43.620307092460045],[-79.552488700801888,43.620772852217762]]],[[[-79.542207368141874,43.58462620991898],[-79.540344518275603,43.584827536797405],[-79.537177971980512,43.587713361003523],[-79.537753550639465,43.589521528274346],[-79.536520631631547,43.589280648755192],[-79.535309554312775,43.588139634600417],[-79.534375335863743,43.58835275979223],[-79.533468434193423,43.587440726227612],[-79.532219168421435,43.587874891537744],[-79.530676723935557,43.587629973841352],[-79.525978067221658,43.589820479555947],[-79.524430102269719,43.589800506586158],[-79.523794413723394,43.590467598964132],[-79.52408750979113,43.591146684445221],[-79.52314219995236,43.591809774604769],[-79.523435294746164,43.592488861592052],[-79.521268050996269,43.592460844008983],[-79.520366804171715,43.591323680278222],[-79.518818804612579,43.591303630785042],[-79.518171993920646,43.592420747647175],[-79.519653817154179,43.595141149284167],[-79.51903457819752,43.595133127583587],[-79.52025099537758,43.596049281906339],[-79.520577162069756,43.595378204162444],[-79.522445902636349,43.594952176633079],[-79.525199495094071,43.596338339027774],[-79.52582973737205,43.595896269286378],[-79.525210488947067,43.595888280928001],[-79.524613236942912,43.594980173153338],[-79.526183306875183,43.594100028682419],[-79.526216263100636,43.592749853141335],[-79.528084884503002,43.592323731487333],[-79.528742477770137,43.590756496655672],[-79.529676752281219,43.59054341840811],[-79.530904192966219,43.591009401517844],[-79.531556226259767,43.589667178821585],[-79.53249047450096,43.589454077151998],[-79.534000195420063,43.591049152059306],[-79.537693608794456,43.591996864040787],[-79.538269240364528,43.593805028195327],[-79.536699349970931,43.594685341353838],[-79.536998064115167,43.595139365325892],[-79.537313137702625,43.594918297632255],[-79.537318589249949,43.594693267308855],[-79.541044905456019,43.5942906912097],[-79.541962891882278,43.594752605095664],[-79.544477832518595,43.593208957297882],[-79.545102481024756,43.592991809738983],[-79.545417514113623,43.59277071904593],[-79.543554421545679,43.592972094577242],[-79.54354899356089,43.593197125593818],[-79.541718491223932,43.592048285302155],[-79.542994927240969,43.590488861518274],[-79.540805985205935,43.59136133904299],[-79.539279744584618,43.590441443592468],[-79.539611111279669,43.58954527672482],[-79.540545330956633,43.589332108776802],[-79.539654645228893,43.587745030329636],[-79.540914730387442,43.586860720961582],[-79.541832604350262,43.587322634867547],[-79.543081792277775,43.586888363295962],[-79.544298418430884,43.587804265754222],[-79.546161348926546,43.587602875637963],[-79.547991805178029,43.588751644931151],[-79.547997215769328,43.588526613295144],[-79.548306805362657,43.588530545654656],[-79.54559637206421,43.585344683797736],[-79.544363504346919,43.585103889476422],[-79.543114362518665,43.585538175839936],[-79.542207368141874,43.58462620991898]]],[[[-79.547991805178029,43.588751644931151],[-79.548252708157676,43.590780861897649],[-79.546693871462566,43.591211253010719],[-79.545417514113623,43.59277071904593],[-79.545727125107703,43.592774658694722],[-79.545721705255914,43.592999689936299],[-79.547573966457776,43.593248341828151],[-79.548513626876428,43.592810077815059],[-79.549431649830254,43.593271932312355],[-79.550691712161012,43.592387515586282],[-79.549816927226217,43.590125417424829],[-79.548295986422687,43.588980608978702],[-79.547991805178029,43.588751644931151]]],[[[-79.513588853282045,43.589885137263224],[-79.512339399435874,43.590319082304475],[-79.511698027243227,43.591211133243149],[-79.511963262237927,43.593015386995909],[-79.507617638873484,43.593408930023791],[-79.505467087395161,43.5927055306447],[-79.504206369442159,43.593589439028328],[-79.507921687057475,43.593637999477686],[-79.509137902850611,43.594554269448174],[-79.508811614586804,43.595225312868187],[-79.509414184717485,43.595908472346444],[-79.50877826637111,43.596575477188168],[-79.512145328929321,43.59819505545498],[-79.51525827671847,43.597560235339387],[-79.514075137544964,43.595293861229152],[-79.51409729000288,43.59439374935144],[-79.515357883227466,43.593509730137228],[-79.516585268903029,43.593975866077265],[-79.517171336180652,43.595334070633612],[-79.517486481924479,43.595113058663038],[-79.517492007388626,43.594888030352863],[-79.518442948883646,43.593999960414216],[-79.517563832601454,43.591962661460308],[-79.513588853282045,43.589885137263224]]],[[[-79.500463117715881,43.594665890899151],[-79.499832706612452,43.595107818336565],[-79.499827115302139,43.595332844829052],[-79.500463117715881,43.594665890899151]]],[[[-79.542875461539637,43.595439542630515],[-79.541620657888814,43.596098839505792],[-79.54128928229477,43.596995011115354],[-79.542772262125141,43.599715127189121],[-79.542766829948121,43.599940157861042],[-79.544651840890808,43.598838674952219],[-79.545884988878484,43.599079469565908],[-79.546786833675355,43.600216438960736],[-79.551143534443412,43.599371347252287],[-79.552686368039446,43.599615993602853],[-79.553284090296629,43.600523960513556],[-79.552338945165289,43.60118729355505],[-79.552637808910632,43.601641278246795],[-79.551671040944669,43.603204731255332],[-79.5507312389296,43.603643018506212],[-79.549503385202598,43.60317724358341],[-79.548216012681152,43.605186797316144],[-79.54850404028285,43.606090854337133],[-79.55038914412863,43.604989279176344],[-79.551937516426662,43.605008906069173],[-79.554393355832772,43.605940391925273],[-79.554366405027537,43.607065549753742],[-79.552801789775671,43.607721049150292],[-79.552758617590285,43.609521299734794],[-79.551818723641617,43.609959594191352],[-79.550590733972967,43.609493829533143],[-79.550264818269369,43.610164994941705],[-79.548091499624661,43.610362507920982],[-79.548080670835148,43.610812569476934],[-79.546515891339851,43.61146798007605],[-79.544358800660376,43.610990329758557],[-79.544032807580336,43.611661476134685],[-79.543098251671495,43.611874667082802],[-79.543092818404901,43.612099697306903],[-79.541864855482416,43.611633839393029],[-79.541576903556447,43.610729767520709],[-79.540338093886533,43.610713953783879],[-79.539745916710643,43.609580892083294],[-79.541642163305312,43.608029405380584],[-79.541365108036118,43.606675272180532],[-79.542000780511856,43.606008083573101],[-79.544494490211378,43.605364567064143],[-79.545727770176441,43.605605364975787],[-79.544836718388254,43.604018326005068],[-79.543603474498312,43.603777518919784],[-79.543000436403091,43.60309453404961],[-79.541441243811903,43.603524847605975],[-79.540452389415094,43.605988321740924],[-79.538268294068402,43.606635709853343],[-79.537045934549653,43.605944771915944],[-79.535807225583355,43.60592891045895],[-79.535513929537672,43.605249853851987],[-79.532726869779708,43.605214109808401],[-79.532123942399977,43.60453106925641],[-79.532450026371663,43.60385995736943],[-79.534954666797006,43.602766589686304],[-79.543358974496229,43.601073205230783],[-79.535579447999453,43.60254949641714],[-79.535584907460333,43.602324466569556],[-79.535003820999492,43.600741321361028],[-79.534080334819592,43.600504381288303],[-79.534107657479751,43.599379232306269],[-79.533184195708486,43.599142285282888],[-79.533836271364777,43.597800051959879],[-79.532940176320565,43.59643795406307],[-79.533255271373037,43.596216897912448],[-79.531712610085165,43.595971991457517],[-79.532304508668943,43.59710509336773],[-79.531646933731693,43.59867234733683],[-79.529468496955673,43.599094541035683],[-79.527311989471357,43.598616576164304],[-79.526355608599189,43.599729749056699],[-79.525111535104998,43.599938802465616],[-79.523601836236779,43.598343612726254],[-79.522656406328565,43.599006696370594],[-79.521993050561932,43.600798918986236],[-79.519200693008315,43.600987876490812],[-79.51824964960575,43.601875950262468],[-79.517016563129104,43.601634858337327],[-79.516120796638333,43.600272634075971],[-79.513654717292695,43.599790392168707],[-79.513007716612179,43.600907475511207],[-79.51114427843693,43.601108317248695],[-79.510491663935952,43.602450412562071],[-79.508628170729196,43.60265121241369],[-79.508921150537176,43.603330333778011],[-79.5073283309397,43.605110340184602],[-79.50639375563955,43.605323230812019],[-79.504867704775634,43.60440288045848],[-79.501129376731541,43.60525431623671],[-79.49985714266117,43.606588222272613],[-79.498303166940758,43.606792915321634],[-79.496704338422333,43.60879779245186],[-79.497290090255547,43.610156091135671],[-79.500950514022549,43.612455150746982],[-79.500308730985751,43.613347128565728],[-79.499064292976669,43.613555892567796],[-79.499030705351672,43.614906046532326],[-79.499920695438234,43.616493424587787],[-79.498659391291199,43.617377259823613],[-79.495595756073058,43.615986381528941],[-79.494345632606041,43.616420118180365],[-79.492808250985931,43.615949657179485],[-79.490307949501982,43.616817054969943],[-79.490904887392631,43.617725334284096],[-79.492149437599423,43.617516660945],[-79.493067387412481,43.61797896545572],[-79.493332159778163,43.619783247853732],[-79.492059440409861,43.621117056822364],[-79.48986866538587,43.621988527276301],[-79.48986303166572,43.622213551676595],[-79.488325540255161,43.621743029188174],[-79.487728603489785,43.620834737005929],[-79.487103466145697,43.621051562721789],[-79.484957839729546,43.620122745719073],[-79.484665055044132,43.619443567610368],[-79.485622517970256,43.618330763151128],[-79.485977430795117,43.616534673207056],[-79.484738533231265,43.616518255265866],[-79.484153007970278,43.615159896948064],[-79.484130392813299,43.616059993195528],[-79.484124738860388,43.616285017233686],[-79.483792394834978,43.61718100493534],[-79.481612976663243,43.617602270412732],[-79.481291917656009,43.618048202637596],[-79.478808392641895,43.618240274281725],[-79.478166221728799,43.619132121161329],[-79.479388152438105,43.619823681349736],[-79.479055717474452,43.620719653418789],[-79.47687614018335,43.621140825941836],[-79.476239593438933,43.621807637662521],[-79.475000593200747,43.62179111261166],[-79.474364018947057,43.62245791340505],[-79.474651009894941,43.623362138834047],[-79.475568909381352,43.623824582778731],[-79.476125890584541,43.626308095606859],[-79.477353621747071,43.626774655657833],[-79.477634996018082,43.627903896780921],[-79.478552987221889,43.628366317754022],[-79.480118922902392,43.627711856850127],[-79.481735809247681,43.625032163351158],[-79.482051240253284,43.624811254389321],[-79.482366668949595,43.624590344514658],[-79.48540781619613,43.626881672430187],[-79.485717593790739,43.626885777131889],[-79.485711943622832,43.627110800907516],[-79.48602172243767,43.627114904802163],[-79.487536756685245,43.62848555529667],[-79.485982177513876,43.628690071190583],[-79.485666739923744,43.628910990771352],[-79.4853569519356,43.628906885781078],[-79.485047164012911,43.628902779951638],[-79.484731721934097,43.629123696877144],[-79.483486907633903,43.62933228513883],[-79.488150687636008,43.628718776527037],[-79.487852185297896,43.628264630405631],[-79.489113876651572,43.627380921715051],[-79.490657148925251,43.627626411073635],[-79.490364265554788,43.626947246963084],[-79.492583337334864,43.624950647531435],[-79.495072718468762,43.624533255287275],[-79.496294955753086,43.62522463847629],[-79.496582289081132,43.626128813374962],[-79.498131166344081,43.626149176813364],[-79.497229874720404,43.625011836149511],[-79.500084956675593,43.622348154018269],[-79.499166885946948,43.621885904474262],[-79.498524972628886,43.622777869011053],[-79.497274727230234,43.623211635468095],[-79.496058129281565,43.622295237922557],[-79.493591326777519,43.621812554119323],[-79.4929943092922,43.620904288289026],[-79.493962880329477,43.619341362572285],[-79.495207454372832,43.619132656318541],[-79.496159110680424,43.618244785783006],[-79.497386840326911,43.618711131113145],[-79.498969121977922,43.617381327915375],[-79.500500996870755,43.618076732809683],[-79.500782770030071,43.61920592429685],[-79.502292364304225,43.620801408655105],[-79.501318391625986,43.622589432937083],[-79.502546250205071,43.623055724353257],[-79.503121094561209,43.62486404505556],[-79.504055985344692,43.62465118644171],[-79.50528390743797,43.62511744919275],[-79.506545281488698,43.624233542937326],[-79.509654075036366,43.623823924752301],[-79.509980517366301,43.62315288427682],[-79.509383238009747,43.622244700526593],[-79.510019428096285,43.6215776990257],[-79.511263997705697,43.621368817849202],[-79.515229860944984,43.623896494343036],[-79.514903472367308,43.624567550509084],[-79.513968618762362,43.624780498435271],[-79.51330470198792,43.626572654999293],[-79.512369811815915,43.62678558924673],[-79.513575658316753,43.62815187052523],[-79.51482589470757,43.627717925880852],[-79.514538279659334,43.626813793061132],[-79.516114870559164,43.625708778802128],[-79.517342910722178,43.62617491354132],[-79.517929288332937,43.627533111516705],[-79.520733919384782,43.626894148817556],[-79.522271805712435,43.62736424036386],[-79.522565052581129,43.628043327811874],[-79.521613620537806,43.628931420113965],[-79.518814430053979,43.629345375876319],[-79.519400869912957,43.630703566485018],[-79.519068961931524,43.631599660955004],[-79.520269533054361,43.633190901063266],[-79.52119345902895,43.633427957797508],[-79.521481203198817,43.634332074728036],[-79.528020419139011,43.633065888713737],[-79.529237724944025,43.633981954312432],[-79.528601609977585,43.63464906255934],[-79.528900452454948,43.635103106562347],[-79.530455067718279,43.634898007326576],[-79.531373580532986,43.63536001070969],[-79.5316614865134,43.636264104006138],[-79.530405702133208,43.636923259379778],[-79.52974761608489,43.638490484953515],[-79.528812594403277,43.638703551486046],[-79.527905041338556,43.637791472002384],[-79.526665683424199,43.637775502277044],[-79.521055462661664,43.63905363406051],[-79.52134874904668,43.639732723898049],[-79.522577113960679,43.640198805936805],[-79.522532990353142,43.641999021967386],[-79.523457059806148,43.642236062098156],[-79.523750387935181,43.642915146011241],[-79.526528176735951,43.643401188117565],[-79.527120418792265,43.644534312990444],[-79.529289539401802,43.644562245987295],[-79.52993124288129,43.643670108766273],[-79.531176207544135,43.643461017012243],[-79.531209108757878,43.642110850145158],[-79.533084712421612,43.641459643565376],[-79.534047125611508,43.64012140166637],[-79.5356018551266,43.639916234173043],[-79.536580575203715,43.637902883989639],[-79.537836314572999,43.637243660205947],[-79.53936915020887,43.637938555209892],[-79.539646285421327,43.639292687449078],[-79.541815229605305,43.639320380140823],[-79.543032872741549,43.640236302548345],[-79.542706698184048,43.640907439372924],[-79.540825764253412,43.641783834466878],[-79.53834141429887,43.641977188015055],[-79.537085580298196,43.642636415504732],[-79.536128657560482,43.643749654541104],[-79.536704694526833,43.645557817001929],[-79.535443299102056,43.646442052896752],[-79.534519115852575,43.646205108280434],[-79.534508172181361,43.646655164284162],[-79.532947787094628,43.647085341973259],[-79.532615982695901,43.647981474871855],[-79.531680822361011,43.648194562587733],[-79.532577626628168,43.64955666888649],[-79.531310602003529,43.650665884098949],[-79.531620508290544,43.650669866130272],[-79.531615024812112,43.650894893668379],[-79.534382301737864,43.651830805612576],[-79.535328449416582,43.651167640808907],[-79.53750873979763,43.650745365150847],[-79.539025542893782,43.652115352476173],[-79.541211291540051,43.65146797799575],[-79.543038116928827,43.652841868680817],[-79.544919369131307,43.651965443212944],[-79.546751722886142,43.653114246940717],[-79.547991407305744,43.65313000328247],[-79.548888654224257,43.654491986628607],[-79.550128368158511,43.654507720188995],[-79.551645555127706,43.655877544467565],[-79.553216850246557,43.654997054377233],[-79.552624016212448,43.653864058472649],[-79.554809689556961,43.653216422934698],[-79.554836675514792,43.652091274003695],[-79.556364694919282,43.653010977147098],[-79.558550298748315,43.652363268981254],[-79.560409812267295,43.652386706210635],[-79.559153993335229,43.653046175393129],[-79.558822541536173,43.653942388439141],[-79.559426254599231,43.654625293492046],[-79.561285838630539,43.654648717432003],[-79.562199521311229,43.655335509336034],[-79.560949034066994,43.655769967009242],[-79.560596087049461,43.657566305740509],[-79.559024829108751,43.658446897478143],[-79.560232361049131,43.659812702638156],[-79.558666422797302,43.660468258296767],[-79.558340305713642,43.661139438334132],[-79.559558636989493,43.662055190886498],[-79.562059876333706,43.661186296827104],[-79.562989770389905,43.661197992545773],[-79.563903570242886,43.661884771705047],[-79.564208174821928,43.662113696513899],[-79.564512781715038,43.662342620533934],[-79.565122002443601,43.662800466207422],[-79.565426616279069,43.663029387860867],[-79.565421256708476,43.663254418281099],[-79.566645094763203,43.66394506658542],[-79.567580384925918,43.66373169498295],[-79.568472881918908,43.665318561002586],[-79.569702141268451,43.665784146710983],[-79.570963456230359,43.664899534216943],[-79.570685512425555,43.663545472483968],[-79.571941430334505,43.66288587903108],[-79.571059551928812,43.660848976570918],[-79.572924668625532,43.660647182635223],[-79.573533937656322,43.661104984239067],[-79.576013665459243,43.661135907073103],[-79.576003026049563,43.661585970132577],[-79.574757827973087,43.661795546590781],[-79.574121908614856,43.662462907967672],[-79.574715230348943,43.663595797411162],[-79.573144014168378,43.664476583055681],[-79.573737336225804,43.665609477207987],[-79.572802037225571,43.665822899033024],[-79.572465378240693,43.666944182510832],[-79.573352719393824,43.668756042916726],[-79.57488676962393,43.669450474467979],[-79.574865467543887,43.670350598794045],[-79.576698955304749,43.671498934277359],[-79.577939034370416,43.671514370991943],[-79.581381065623958,43.67020656255476],[-79.582305808930684,43.670443134777173],[-79.583877052315657,43.669562224353633],[-79.585726547362256,43.670035321057767],[-79.586672431928093,43.669371729384636],[-79.588537767599519,43.669169683799488],[-79.589173602017453,43.668502241754076],[-79.591343644755895,43.668529008902958],[-79.591984702741641,43.667636517828193],[-79.589872650014527,43.665134403818811],[-79.591469957032146,43.663128220473538],[-79.590251110491167,43.66221280141496],[-79.588685425274278,43.662868771756159],[-79.590293241853374,43.660412538056164],[-79.590009613372317,43.659283549657168],[-79.58817095844654,43.658360459791943],[-79.586610632193626,43.65879137045917],[-79.585092566437581,43.65742199921808],[-79.582628864342112,43.65671617836005],[-79.581378489715291,43.657150861106111],[-79.581367891854583,43.657600925528058],[-79.579834062886476,43.65690658268668],[-79.581399684700031,43.656250732149324],[-79.582361280241713,43.654912075256242],[-79.582061936972664,43.654458165720264],[-79.583947977824451,43.653356058383004],[-79.583071113649453,43.651094209014353],[-79.584636548694462,43.650438310937979],[-79.584967597825084,43.64954201698005],[-79.583749121395869,43.648626531550818],[-79.581879114064563,43.649053540742983],[-79.58219960753641,43.648607320313069],[-79.581595691756249,43.647924532162968],[-79.57973629869781,43.647901441425113],[-79.579132418034106,43.647218640654756],[-79.580382600259213,43.646783979149987],[-79.581291090238054,43.647695653225462],[-79.584390071400421,43.647734078699614],[-79.584988733586258,43.648641885423501],[-79.586538250201315,43.648661058867418],[-79.588071951304812,43.649355310894343],[-79.589332651558607,43.648470484823278],[-79.588739194586211,43.647337666642557],[-79.589989312719723,43.646902899141836],[-79.591228892798611,43.646918184869925],[-79.589684683807562,43.646674042173593],[-79.588770810944965,43.645987466532098],[-79.587515429538527,43.64664725414702],[-79.587510155490193,43.646872287374443],[-79.5859818031565,43.645952995358314],[-79.586633244954115,43.644610462304946],[-79.586018758963846,43.644377763353063],[-79.585078549646283,43.644816324629211],[-79.583860165191354,43.643900840928282],[-79.583918320209577,43.64142547751814],[-79.58580919308595,43.64009829775091],[-79.588870914918857,43.641711830615819],[-79.588571585174762,43.641257937336242],[-79.588266989722428,43.641029076830677],[-79.588272259870948,43.640804043298949],[-79.586439465552161,43.639655897223619],[-79.585557413757741,43.637619096543183],[-79.584008181573452,43.637599913645651],[-79.582180858124403,43.636226667881147],[-79.583473085343556,43.633991702382886],[-79.581945117454623,43.63307235966974],[-79.581677640463525,43.631268249418625],[-79.582927471297367,43.630833554115156],[-79.583253143643716,43.630162294466054],[-79.582035077788973,43.62924679345128],[-79.583001500470644,43.627683085437596],[-79.581783487608874,43.626767582092441],[-79.579588456819479,43.627865819992252],[-79.578674980566191,43.627179166900987],[-79.576506437818011,43.62715217950133],[-79.575566433220573,43.627590666545096],[-79.575272587977196,43.626911706852837],[-79.57312535413827,43.625984524538161],[-79.571880885467834,43.626194080902195],[-79.569968812028378,43.628421164175343],[-79.569616314584593,43.630217545041113],[-79.568371746970655,43.63042706166646],[-79.567143212189336,43.629961468951414],[-79.566203097191874,43.630399877221528],[-79.566176343692206,43.63152503605744],[-79.564921026800235,43.632184577840675],[-79.565198714563664,43.633538657027145],[-79.564568354421127,43.633980939597535],[-79.562709405127308,43.633957577812716],[-79.561176392211451,43.633262993072293],[-79.559915610706355,43.634147509502114],[-79.559894111384267,43.635047633514958],[-79.55805666007754,43.634124071987429],[-79.559888736398108,43.635272664494607],[-79.559562776562245,43.635943852979153],[-79.558627893567362,43.636157165568626],[-79.55888393859712,43.638411380501616],[-79.55762839864407,43.639070838302132],[-79.557623014447572,43.639295868898529],[-79.552431197221765,43.636078850344369],[-79.553403894329307,43.634290376369393],[-79.554653984070598,43.633855994218287],[-79.554675560709086,43.632955872094243],[-79.555931002987933,43.632296444724751],[-79.555936392182986,43.632071414019521],[-79.555626578130571,43.632067499228505],[-79.552577055350739,43.630003031413693],[-79.551017226841225,43.630433464871672],[-79.550370568592768,43.631550759025544],[-79.550963151619342,43.632683767258953],[-79.549685997194345,43.634243259223034],[-79.550561373208339,43.636505350318977],[-79.549898400138872,43.638297729343783],[-79.551116148141773,43.639213567212607],[-79.552355549121472,43.639229272269084],[-79.555475624719946,43.638368354555233],[-79.555742341830737,43.640172513468947],[-79.554166077477234,43.641278076583028],[-79.552616772524587,43.641258466971628],[-79.551970022233917,43.642375766911734],[-79.550426102231143,43.642131097386766],[-79.549828027553843,43.641223116775585],[-79.54675112844933,43.640283641206885],[-79.546163981209986,43.638925583197107],[-79.545239867972072,43.638688726004816],[-79.544946315554725,43.638009693651426],[-79.544022221309362,43.637772826840092],[-79.543081819911421,43.638211040251086],[-79.542788294135008,43.637532002673652],[-79.541548933301783,43.637516194378023],[-79.54219582064745,43.636398954475247],[-79.541293540449459,43.635261949436696],[-79.540065125021613,43.634796067567578],[-79.53851054159496,43.635001298038134],[-79.538184346915429,43.635672422241463],[-79.536635196984975,43.635652598050463],[-79.535053241663192,43.636982923620373],[-79.535384945085752,43.636086780603264],[-79.5341620314598,43.635395807296732],[-79.533281815248955,43.633358627489585],[-79.533298236775167,43.632683542264196],[-79.532966522578491,43.633579679568498],[-79.530775859964592,43.634451934360889],[-79.527422771364115,43.632157795513869],[-79.527749064945141,43.631486703059124],[-79.528999273303683,43.631052603132687],[-79.527831471126262,43.628111283349433],[-79.529098073553243,43.627002096642656],[-79.530636030845088,43.627472076586372],[-79.530641513496619,43.627247048221541],[-79.530337211451297,43.627018036884728],[-79.530342695130699,43.626793008532132],[-79.530054850417599,43.625888911381175],[-79.531000629961213,43.625225774387886],[-79.530707300362323,43.624546707107228],[-79.527941323768019,43.623610720430243],[-79.526680270222911,43.62449486759278],[-79.526957065957333,43.625849028766943],[-79.521663267551531,43.626906173230182],[-79.521049220368241,43.62667313037808],[-79.521359001935679,43.626677138484304],[-79.522620178409298,43.625793052132579],[-79.522326941173503,43.625113964713861],[-79.521408653593014,43.624651891031647],[-79.519854275991236,43.624856870894327],[-79.518631769108353,43.624165735874683],[-79.520529017919742,43.622614617668162],[-79.520235818861536,43.621935525074576],[-79.518388331998793,43.621461392966616],[-79.515583931869699,43.622100301955712],[-79.514704529040714,43.620062986232121],[-79.513476633202899,43.619596824737151],[-79.515373865355571,43.618045790752028],[-79.515080745508897,43.617366685556803],[-79.514162631358801,43.616904555530148],[-79.512298700959761,43.6171054085018],[-79.511076437541249,43.616414195251828],[-79.511408373938622,43.615518122190899],[-79.510506982475079,43.614380882873114],[-79.513316616519162,43.613517066102141],[-79.513642959492742,43.612846012604507],[-79.513040176966953,43.612162874264733],[-79.511497199247955,43.611917690915433],[-79.509622299447301,43.612568556319708],[-79.509340387840993,43.611439383418691],[-79.507498876383409,43.610740053534883],[-79.506237803563693,43.611623976613359],[-79.505590533846089,43.612741011905101],[-79.505883525139907,43.613420140108197],[-79.49996545435063,43.614693218993906],[-79.499351617233543,43.61446006208859],[-79.499362810800434,43.614010010703538],[-79.499672524304728,43.614014076641155],[-79.500916969885722,43.613805306138538],[-79.50124904096063,43.612909264167229],[-79.502825499917591,43.611804428902275],[-79.502858999019352,43.610454271858053],[-79.500802938941305,43.605925333443537],[-79.501433458259029,43.605483403000214],[-79.50174312830778,43.605487462700005],[-79.502987390684794,43.605278666698759],[-79.503302640220468,43.605057695717797],[-79.503612308350043,43.605061750323202],[-79.504214914039338,43.605744936644662],[-79.503855036159422,43.607766121703861],[-79.506631040532156,43.608252624662349],[-79.510087578632081,43.606271839006247],[-79.509219694764766,43.603784427294151],[-79.513897880944285,43.602494750804418],[-79.516347478414076,43.603652072456001],[-79.516972333040542,43.60343508203421],[-79.517265410892719,43.60411418331848],[-79.519720658906962,43.605046406201367],[-79.520660701360313,43.604608377596762],[-79.520992426481214,43.603712271937781],[-79.519808956061581,43.601445954746062],[-79.521053077565441,43.601236959820604],[-79.521335166643524,43.602366108236964],[-79.52286693094149,43.603061213333675],[-79.523806919946921,43.602623157933976],[-79.525106037064631,43.600163831350166],[-79.527262580908129,43.600641838260294],[-79.529446570012112,43.599994658413699],[-79.530348114875423,43.601131753143356],[-79.530967418506521,43.601139714431035],[-79.530929082058577,43.602714920237098],[-79.531836168106722,43.603626974301839],[-79.529032735483071,43.604266229043127],[-79.528695640194812,43.605387388653583],[-79.530216607320313,43.606532455344954],[-79.528662724890253,43.606737562703628],[-79.527706235886271,43.607850743886395],[-79.528884638328762,43.610342011706479],[-79.53011247125167,43.61080800739667],[-79.530720915686246,43.6112660293958],[-79.529835664397979,43.609453850380334],[-79.531096352309078,43.60856966102051],[-79.532633859857171,43.609039609100407],[-79.533214957881697,43.610622764379073],[-79.537268347562332,43.609549212169718],[-79.5385016816861,43.609790088691057],[-79.539104733115238,43.610473096748429],[-79.536257383198375,43.612912761950099],[-79.536224628426112,43.614262938789814],[-79.533420742168488,43.614902293678568],[-79.533415272241285,43.615127322811375],[-79.533409802250745,43.615352351934725],[-79.533719527419024,43.615356325730275],[-79.534344444473561,43.615139241588437],[-79.535262691081442,43.615601211425606],[-79.536528890197204,43.614491934352166],[-79.540571599904823,43.613868327958656],[-79.541517074153433,43.613205098288873],[-79.543065651128188,43.613224848285917],[-79.543359069053196,43.613903886335649],[-79.544282797352523,43.614140754292031],[-79.546184497579745,43.612364163374508],[-79.554280151964591,43.610666053221124],[-79.556811603369553,43.608447048261155],[-79.555914833301287,43.607085123516448],[-79.557794459292452,43.606208456768663],[-79.557826722432551,43.604858265103111],[-79.55659878745081,43.604392565398918],[-79.554105240269138,43.605036348499844],[-79.553512855588167,43.603903354204618],[-79.555707464606499,43.602805607115151],[-79.556044044507615,43.601684360121389],[-79.555136615965452,43.600772493187272],[-79.556087106931216,43.59988410444997],[-79.555483963560917,43.599201183568127],[-79.552409097873721,43.598261882310659],[-79.549921168777416,43.598680546168687],[-79.547471107603869,43.59752393695306],[-79.546536783330382,43.597737159778447],[-79.545624137192888,43.597050250671934],[-79.544695238677875,43.597038427456262],[-79.54410853285475,43.595680355472396],[-79.542875461539637,43.595439542630515]],[[-79.583479331115058,43.6601031915067],[-79.587487734550379,43.661053193039798],[-79.588086571022387,43.66196098391444],[-79.586494465490063,43.663742086801285],[-79.587088033607088,43.664874915100476],[-79.588937412211706,43.665347958600194],[-79.588900505680641,43.666923186787407],[-79.587339960953727,43.667354103839216],[-79.585185823770516,43.666652164654053],[-79.584865252721414,43.667098391080003],[-79.585469392647141,43.667781162849323],[-79.584833525524175,43.668448583910617],[-79.583588213162571,43.668658254827804],[-79.582358784481997,43.668192816452041],[-79.581402270225837,43.66930643566053],[-79.580466939000033,43.669519919672169],[-79.580461634407712,43.669744951310243],[-79.579232208798089,43.669279479410442],[-79.578344682245259,43.667467662291898],[-79.576784051516967,43.667898433925743],[-79.575565337624354,43.666982860711812],[-79.575896618392463,43.666086598656754],[-79.576831911204295,43.66587315141912],[-79.577184430439075,43.664076759106614],[-79.578124999813426,43.663638269123823],[-79.579963655602242,43.664561519891357],[-79.580893609015149,43.664573070675146],[-79.581844756812899,43.663684485940763],[-79.583694055721836,43.664157613329884],[-79.582213002208078,43.661212978896614],[-79.583479331115058,43.6601031915067]],[[-79.567585736520826,43.663506664368967],[-79.564512781715038,43.662342620533934],[-79.564544957543276,43.660992438192324],[-79.56238595251483,43.660515105609548],[-79.562102848499265,43.659386055200564],[-79.563380235330513,43.657826434067033],[-79.564929973545901,43.657845903645097],[-79.566142985470194,43.658986617579629],[-79.567099609655301,43.657873125769747],[-79.568350098359417,43.657438600938598],[-79.570183072523278,43.658587036357147],[-79.570135001508689,43.660612315591422],[-79.568526364702947,43.663068254188197],[-79.567591088053703,43.663281633745569],[-79.567585736520826,43.663506664368967]],[[-79.576899387500092,43.649892037641102],[-79.578123092888887,43.650582562673669],[-79.579373352533764,43.650147913515539],[-79.580602392672716,43.650613380087378],[-79.58119572623842,43.651746238239909],[-79.580559986241866,43.652413639010753],[-79.579005070295949,43.652619415395975],[-79.579598392387723,43.653752281314176],[-79.578000951004384,43.655758299918347],[-79.578588974209765,43.65711620256377],[-79.580122793667059,43.657810561968603],[-79.581026141131488,43.658947270738928],[-79.580390321211837,43.659614668682558],[-79.578835218225777,43.659820439953002],[-79.577611319570039,43.659129920947009],[-79.575740943359278,43.659556823866069],[-79.572972645931102,43.658621900949953],[-79.573004628022474,43.657271712736112],[-79.573945119377242,43.656833255606017],[-79.574869627954087,43.657069885320972],[-79.575510801277574,43.656177486594167],[-79.572432726059404,43.655238688880615],[-79.571529596306021,43.65410191446],[-79.569990631505036,43.653632473195586],[-79.569696730136172,43.652953501290312],[-79.571914194670342,43.650955347062961],[-79.57284926442928,43.650741928833099],[-79.574067614157798,43.651657528462117],[-79.57562783958366,43.651226787226797],[-79.575959026680181,43.650330521385186],[-79.576899387500092,43.649892037641102]],[[-79.580104517144605,43.645429934397711],[-79.579789328527525,43.645651116697195],[-79.579794631172646,43.645426084172648],[-79.580104517144605,43.645429934397711]],[[-79.579852956215248,43.642950725781695],[-79.579537779895276,43.643171907645709],[-79.57954308302071,43.642946875047741],[-79.579852956215248,43.642950725781695]],[[-79.574904304712234,43.629383204933639],[-79.57643207076535,43.630302639601233],[-79.578306834553786,43.629650677726133],[-79.579519549864116,43.630791250836054],[-79.577303092780582,43.632789573137934],[-79.577917426947948,43.633022317330891],[-79.579177925551789,43.632137598181586],[-79.580716420693989,43.632606910903768],[-79.581010353692037,43.633285857160956],[-79.579749857007783,43.634170596388131],[-79.580348319269888,43.635078426714514],[-79.580022586817464,43.635749676716479],[-79.578767328274466,43.636409370991629],[-79.577538589594596,43.635943887727166],[-79.576593140637328,43.636607413393648],[-79.574734100614748,43.636584246042823],[-79.573510715012134,43.635893687520031],[-79.573184902290294,43.636564916830871],[-79.571635705507958,43.63654556663144],[-79.572223408276329,43.637903501914693],[-79.570968021153561,43.638563108486679],[-79.570636829443714,43.639459361527301],[-79.569386733031678,43.639893918084724],[-79.569979753969662,43.641026832173701],[-79.570615486193034,43.640359488926997],[-79.572795153913972,43.639936530453838],[-79.574307183485175,43.641531091386916],[-79.576171691098395,43.641329235424699],[-79.577090660618282,43.641790877020711],[-79.577373972379675,43.642919896398809],[-79.57578738921211,43.644475826202481],[-79.576706403060754,43.644937471259986],[-79.576995034029608,43.6458414588555],[-79.575734212163184,43.646726147485111],[-79.574195400006275,43.646256764394124],[-79.57232540303275,43.646683617506433],[-79.569253202809648,43.645519708361988],[-79.568916601374042,43.646640985912832],[-79.567660994494773,43.647300552163252],[-79.566736664647948,43.647063866198756],[-79.566138294986786,43.646155967632424],[-79.56612758740502,43.646606029937175],[-79.566122233521128,43.64683106107541],[-79.566426772080561,43.647059979621403],[-79.56642141922876,43.647285010771164],[-79.566693849346947,43.648864115376043],[-79.566047272634137,43.649981496021738],[-79.566651030077992,43.650664363950511],[-79.567885326905298,43.650904934954831],[-79.569082227689549,43.652720711328833],[-79.565031810416471,43.653570320909196],[-79.565352452323125,43.653124150127809],[-79.565357810256856,43.652899119314036],[-79.565683802661766,43.652227916611835],[-79.564770125728444,43.651541152305285],[-79.564460210407844,43.651537260081156],[-79.563818926206594,43.65242959592954],[-79.562573879321889,43.652639041986227],[-79.561344942649143,43.65217338303966],[-79.560762730415917,43.65059036612822],[-79.55953922872024,43.649899657959239],[-79.55705998111732,43.649868384129086],[-79.556733906749642,43.650539561341169],[-79.555184361993639,43.65051998324352],[-79.554297825170991,43.648707987488315],[-79.550867291012565,43.649564934880765],[-79.551449232724096,43.651147998714499],[-79.549878014292943,43.652028466118502],[-79.548665451527299,43.650887584450949],[-79.544946538545645,43.650840298960468],[-79.544027685978548,43.650378401108412],[-79.543739531869008,43.649474337579647],[-79.544391948520087,43.648132059858526],[-79.543500333406357,43.646545013596345],[-79.543456824910038,43.648345244487857],[-79.541570220475592,43.649446676304336],[-79.540336066012529,43.64920582291245],[-79.539738077399846,43.648297791738855],[-79.53911283199983,43.648514899576561],[-79.538199518764941,43.64782792745288],[-79.536650056460957,43.647808099097212],[-79.53605213721697,43.646900049399584],[-79.538270471873702,43.644902558531598],[-79.53829775868607,43.643777416214036],[-79.541108394241874,43.642912934199956],[-79.542342423811689,43.643153777740018],[-79.542635970224865,43.643832816128274],[-79.544196204843104,43.643402503760342],[-79.54541939637501,43.644093372645109],[-79.545756417665828,43.642972169746457],[-79.547006742020429,43.642537875188452],[-79.547925500108761,43.642999748348167],[-79.548213688920768,43.643903802762566],[-79.551002555901874,43.643939194058206],[-79.551606082026666,43.644622138948002],[-79.551279977259085,43.645293300744996],[-79.549404441862592,43.64594480661755],[-79.550633157100663,43.646410591401199],[-79.550926812389832,43.647089609644965],[-79.553726630549605,43.646674876980583],[-79.553769829823111,43.644874637370428],[-79.554710261096915,43.64443633686983],[-79.555944379939731,43.644677034659566],[-79.55689556844797,43.643788655320769],[-79.557819807648642,43.644025419779737],[-79.55937994433981,43.643594898682444],[-79.560897076644025,43.644964601780224],[-79.56338149053434,43.644770758682618],[-79.564957682213787,43.643665068039098],[-79.562783193742717,43.6438628432104],[-79.561570543275295,43.642722095781629],[-79.562206385752518,43.642054801046825],[-79.564076305566189,43.641628112183788],[-79.563782526227072,43.640949125414707],[-79.565038040290034,43.640289599821173],[-79.564439761026208,43.639381692600054],[-79.566015790154395,43.638275984128256],[-79.563836138611549,43.638698813590565],[-79.562618203973685,43.63778310864754],[-79.562944140503191,43.637111911324034],[-79.567955055013158,43.634923818264113],[-79.568943297907822,43.632460109288765],[-79.570198577771407,43.631800522825557],[-79.569594962984183,43.631117673500555],[-79.570235927548552,43.630225297696477],[-79.573029513982618,43.630035110628533],[-79.574904304712234,43.629383204933639]],[[-79.504708995724371,43.623309138475946],[-79.504393654012205,43.623530111347741],[-79.504399233792896,43.623305085499467],[-79.504708995724371,43.623309138475946]],[[-79.503790874109697,43.622846925431141],[-79.503475531566068,43.623067895773126],[-79.503481114681293,43.622842870000909],[-79.503790874109697,43.622846925431141]],[[-79.486027371450817,43.626889880994462],[-79.482366668949595,43.624590344514658],[-79.481116274303133,43.625023931806105],[-79.479573110762587,43.62477831504156],[-79.478970603596451,43.624095002294943],[-79.479291713019904,43.623649077773649],[-79.477765629843248,43.622728367636789],[-79.478092418180296,43.622057423250851],[-79.479663864582662,43.621177942256153],[-79.480897187909392,43.621419440082263],[-79.482474238571228,43.620314895882913],[-79.483397811632813,43.620552253643687],[-79.484000335330066,43.621235543675184],[-79.483346891132086,43.622577467361886],[-79.487615761576734,43.625335219680167],[-79.487277771337006,43.626456240153487],[-79.486027371450817,43.626889880994462]],[[-79.507133506346051,43.612986274926826],[-79.508670930061626,43.613456543971743],[-79.510716715546337,43.618435400653922],[-79.510379195008795,43.619556497502245],[-79.509444404592671,43.619769409487461],[-79.509438844316193,43.619994435992858],[-79.508210992100871,43.619528218521353],[-79.507923512377687,43.618624069788552],[-79.505434457532942,43.619041747192199],[-79.502685895272066,43.617430079585588],[-79.50396946272356,43.615646094709973],[-79.506159808562714,43.614774346732183],[-79.505872380430816,43.613870192881222],[-79.507133506346051,43.612986274926826]],[[-79.53053724483965,43.60608637878321],[-79.530531765845637,43.60631140797355],[-79.530227567679077,43.606082397035905],[-79.53053724483965,43.60608637878321]]],[[[-79.499827115302139,43.595332844829052],[-79.499511905074002,43.595553807139794],[-79.499506312481273,43.595778833581605],[-79.49790222628279,43.598008762297084],[-79.497226947367309,43.600250883082502],[-79.495960343719247,43.601359721240691],[-79.494395265706032,43.602014414596411],[-79.492548599027231,43.601539874982372],[-79.491608407326751,43.601977670300542],[-79.491259384152428,43.603548760585433],[-79.489677306674665,43.604878462971342],[-79.489300050463228,43.607574670302249],[-79.488044421847604,43.608233365352376],[-79.4886356082107,43.60936668085364],[-79.486771837918965,43.609567119897342],[-79.485504845070196,43.610675834752044],[-79.485763717621353,43.612705157477215],[-79.485133008993287,43.61314699814033],[-79.487329166529037,43.612050588941905],[-79.488252634156908,43.612287906229156],[-79.488900217069968,43.611170973666425],[-79.489834941282439,43.610958228531757],[-79.490741517684143,43.611870600242831],[-79.491969075482444,43.612337001778407],[-79.492903807745137,43.612124231690451],[-79.490764030942003,43.610970500585815],[-79.491405927358869,43.610078577697877],[-79.492960008817263,43.609873980124],[-79.492070296203934,43.60828655017032],[-79.493038679386373,43.606723626339694],[-79.492177117414286,43.604011070143223],[-79.493747886584828,43.603131382944177],[-79.495262511991726,43.604501930375299],[-79.497126100988623,43.60430135000351],[-79.496534800960021,43.603168075853858],[-79.496878081206305,43.601821993258959],[-79.49937207082921,43.6011794653447],[-79.499698497296833,43.600508451543277],[-79.501252306406741,43.600303736888165],[-79.500677732076397,43.598495403454898],[-79.502580190554454,43.596719544842564],[-79.50011996220654,43.596011987647188],[-79.499827115302139,43.595332844829052]]],[[[-79.531600742529278,43.613303230773134],[-79.531285550629434,43.613524280366931],[-79.530975835201303,43.613520300109442],[-79.52879136821565,43.614167500962047],[-79.528758444968247,43.615517672988751],[-79.529986381142649,43.615983671108197],[-79.532795824403109,43.61511937276584],[-79.533415272241285,43.615127322811375],[-79.531883080025068,43.614432354445526],[-79.531600742529278,43.613303230773134]]],[[[-79.38446971122535,43.61221865925166],[-79.381372841157614,43.612174842644301],[-79.379186902912096,43.612819159764847],[-79.378251786286981,43.613030993270101],[-79.37793604647247,43.613251611188453],[-79.37949054913787,43.613048564067149],[-79.380407541846864,43.613511759327281],[-79.380978623734123,43.615320638835726],[-79.381002776789785,43.614420586894298],[-79.381312474949752,43.614424973509756],[-79.385040904427541,43.614027520564271],[-79.38567835973609,43.613361230361917],[-79.38538673092016,43.612681815021048],[-79.38446971122535,43.61221865925166]]],[[[-79.384707110623793,43.614923197741611],[-79.383158605142555,43.614901302060552],[-79.382515072900915,43.615792590467628],[-79.380978623734123,43.615320638835726],[-79.382818746678169,43.616021986243155],[-79.383414041972628,43.616930801820516],[-79.381513517160187,43.618479593051831],[-79.381823236230645,43.618483978606584],[-79.382132955371006,43.618488363322598],[-79.382448708158748,43.618267734191413],[-79.382770490922255,43.617822091081649],[-79.383080206810092,43.617826473178731],[-79.383395952673737,43.617605841297284],[-79.38368155212062,43.618510274321423],[-79.384902357322957,43.619202827812089],[-79.38645699330813,43.618999688155434],[-79.38709448737778,43.618333391187619],[-79.386529213280113,43.616299526318201],[-79.384998741823424,43.615602614609706],[-79.384707110623793,43.614923197741611]]],[[[-79.380001178666433,43.617107576147554],[-79.378446572502511,43.617310628463898],[-79.379059951782139,43.617544427836023],[-79.379053905720212,43.617769440496112],[-79.380578319796612,43.618691444148446],[-79.381507480050601,43.618704605947983],[-79.381513517160187,43.618479593051831],[-79.380286724819285,43.618012016898604],[-79.380001178666433,43.617107576147554]]],[[[-79.507418894861019,43.626495942950747],[-79.505560223759105,43.626471655158376],[-79.504608570569474,43.627359602866981],[-79.505470998949406,43.630072067501139],[-79.504209484992856,43.630955959031816],[-79.501421277142143,43.630919434788183],[-79.49990586257961,43.629548963474186],[-79.498052708410015,43.629299527220603],[-79.498041499095223,43.629749577127278],[-79.495529463488964,43.631067129448134],[-79.494295880936875,43.630825786210472],[-79.493394595014138,43.629688416235787],[-79.492155423064887,43.629672074774795],[-79.49275251096131,43.63058034471721],[-79.492110407646621,43.631472269179532],[-79.490865567938954,43.63168093739943],[-79.489339103870506,43.630760377530144],[-79.487440804951419,43.632310960333825],[-79.484044260619811,43.631815762578057],[-79.482827697668966,43.630899225920977],[-79.483486907633903,43.62933228513883],[-79.483177117794398,43.629328174210123],[-79.482861666738387,43.629549085824777],[-79.482551875875089,43.629544973185595],[-79.479746742170192,43.630182990795468],[-79.478783301012356,43.631520762311588],[-79.479999813560568,43.632437341209815],[-79.482179781236908,43.63201611558268],[-79.483069564168005,43.633603617467614],[-79.484308811702476,43.633620058587162],[-79.484257898574953,43.635645268512548],[-79.482072146815113,43.636291554847261],[-79.481435492102861,43.636958392296073],[-79.482336654666625,43.638095853476308],[-79.486347561542473,43.638824338346254],[-79.487220608987883,43.641086879187604],[-79.488443084297373,43.641778348000173],[-79.489693779346354,43.641344686070596],[-79.490657143967226,43.640006823556355],[-79.492206373473607,43.640027272414834],[-79.492166972309363,43.641602439725133],[-79.495209339757579,43.643893518111071],[-79.498020569763653,43.643030104889938],[-79.499226401763636,43.644396533810422],[-79.50015041088318,43.644633761513852],[-79.50109121624125,43.644195907821953],[-79.501429059257859,43.643074847586476],[-79.501722141450827,43.643753984418701],[-79.502032008053376,43.643758046154495],[-79.5039358920165,43.641982198700241],[-79.503653964814944,43.640853016958474],[-79.504915697849185,43.639969136150746],[-79.505839663219874,43.640206317374016],[-79.506785932569699,43.639543389471882],[-79.507400052268267,43.639776509549208],[-79.503827098085139,43.633877234834095],[-79.504164827356846,43.632756162978858],[-79.505105416726579,43.632318272260036],[-79.506339076114742,43.632559499816011],[-79.508125554077196,43.635509113214404],[-79.509995628324589,43.635083311365257],[-79.511212694905552,43.635999565303308],[-79.510880634559342,43.636895633017971],[-79.509945575285911,43.637108544635701],[-79.509889954678741,43.639358802926324],[-79.510802813339026,43.640045995817239],[-79.513270505910484,43.640528319294383],[-79.513873565949211,43.64121145723874],[-79.512290967589379,43.642541457163141],[-79.512561957694814,43.644120671462076],[-79.511615677335399,43.644783646558402],[-79.511582334212861,43.646133800851871],[-79.512202094733084,43.646141870377491],[-79.513165044440399,43.644803813129521],[-79.515046463690766,43.643927880868951],[-79.51626932309469,43.644619057075637],[-79.51752542049546,43.643960062409974],[-79.521243863393593,43.644008233963326],[-79.521265946502012,43.643108126864725],[-79.51970556430625,43.643538123959615],[-79.515704992907786,43.642360747723494],[-79.515411758520216,43.641681644431998],[-79.516988730000662,43.64057662624878],[-79.515483802012724,43.638756302329455],[-79.517376065715467,43.637430274586045],[-79.516142259774966,43.637189164316467],[-79.514581997300468,43.637619093554498],[-79.513674678512274,43.636706904209696],[-79.511826796641188,43.636232661458784],[-79.511533634150112,43.635553548565078],[-79.51343142867772,43.634002558963367],[-79.512856194037795,43.63219428723437],[-79.511926768095492,43.6321821900654],[-79.510355488963782,43.633062115719518],[-79.509121802092054,43.632820931163131],[-79.508518877928921,43.632137769153054],[-79.508242472472688,43.630783570311664],[-79.510765340257151,43.62901568176359],[-79.510809795079624,43.627215471220921],[-79.508928844322938,43.628091342833201],[-79.507418894861019,43.626495942950747]],[[-79.48931091611631,43.631885497429316],[-79.490533232344276,43.632576942590006],[-79.490499431433093,43.633927086753125],[-79.492358319472146,43.63395162272672],[-79.494194730062887,43.634876225935919],[-79.496385918267876,43.634004680345313],[-79.497292932120246,43.634917002992701],[-79.498842035585668,43.634937360044987],[-79.499433674420004,43.636070621297122],[-79.500678578095261,43.635861860781127],[-79.501596870632227,43.636324100332175],[-79.501889923988031,43.637003237064576],[-79.50062821077556,43.637887085165474],[-79.500605823614791,43.638787184645658],[-79.49967070082883,43.639000011172449],[-79.50025679464477,43.64035829291398],[-79.499620294140328,43.641025233506362],[-79.498065426867967,43.641229909250988],[-79.495603452395642,43.640522234578711],[-79.495000608767924,43.639839003244639],[-79.495642762300307,43.638947064481123],[-79.49347950040341,43.638693471846217],[-79.492572489851653,43.637781119528775],[-79.492893575421959,43.637335157417908],[-79.487592563731809,43.638615721976272],[-79.4860546761156,43.638145164394246],[-79.485767449121226,43.63724096633814],[-79.486725183700784,43.636128159832431],[-79.485491536025606,43.635886720763978],[-79.484894508230113,43.634978414531687],[-79.485531103694711,43.634311556723127],[-79.486776014828649,43.634102947768802],[-79.488375863737787,43.632098232759049],[-79.48931091611631,43.631885497429316]]],[[[-79.471370927517384,43.63052147008333],[-79.468227258936224,43.632280168015427],[-79.467900303023541,43.632951080585642],[-79.466334101730439,43.633605369499023],[-79.466018567443683,43.633826233215018],[-79.465708757040531,43.633822074610642],[-79.461319734678199,43.635788954242379],[-79.460665622488918,43.637130735089762],[-79.461572133463022,43.638043333445424],[-79.460315566681189,43.63870170650565],[-79.460596670004833,43.639830983385409],[-79.461199118453678,43.640514390427661],[-79.462432755647285,43.640756091514469],[-79.463385237204037,43.6398685093815],[-79.466190986408222,43.639230903677955],[-79.468606812185939,43.641739377829097],[-79.469530653404689,43.641976850845168],[-79.471102748818936,43.641097500059978],[-79.472634886900835,43.641793279845594],[-79.471366944651692,43.642901818079167],[-79.472560756579441,43.644718562765107],[-79.470357420407268,43.646039681964865],[-79.472148208037282,43.64876480957777],[-79.472136797691235,43.649214852555204],[-79.472796497509549,43.647647985354148],[-79.477765992927118,43.647264087251294],[-79.477478851214201,43.646359870947158],[-79.476245035055683,43.646118329945629],[-79.475952231039798,43.645439132092903],[-79.474408570113326,43.645193439058481],[-79.473805924633965,43.644510099302636],[-79.474758302214113,43.643622421345007],[-79.472939038484157,43.642022442130106],[-79.473902782330214,43.64068472664848],[-79.475761864418558,43.640709535530959],[-79.479096377208464,43.643680232335569],[-79.479721779077138,43.643463455119203],[-79.480640020417653,43.643925861819916],[-79.480605984549342,43.645275997117793],[-79.482453882065712,43.645750744452648],[-79.484577736601139,43.647579708667891],[-79.485822926108568,43.647371114621009],[-79.486741274340275,43.647833473542804],[-79.486707370495694,43.649183611727182],[-79.487631400418081,43.649420940816881],[-79.489141376536864,43.6510165966858],[-79.488172149823484,43.652579463892472],[-79.490031611080624,43.652604046013408],[-79.490324607394882,43.653283209784242],[-79.492465855534363,43.654436962582267],[-79.491181093279636,43.656220789526778],[-79.490245667043681,43.656433533877731],[-79.489287663513096,43.657546362302718],[-79.489868049717842,43.659129715185856],[-79.491113462352786,43.658921067107599],[-79.49114727899142,43.65757092848775],[-79.492719480340483,43.656691283966509],[-79.493638023136484,43.65715358956674],[-79.494224145444903,43.658511898656265],[-79.495768234344084,43.658757329580951],[-79.496371270201735,43.65944055754472],[-79.495728900542176,43.660332494290202],[-79.494483473191679,43.660541192429214],[-79.494770933055122,43.661445368518429],[-79.493824183559767,43.662108187551709],[-79.494111640311388,43.66301236502408],[-79.496258921815837,43.663941027617327],[-79.495357120176777,43.662803671784538],[-79.496613824678761,43.662144917823618],[-79.496033233323885,43.660561597020184],[-79.497295496574992,43.659677810909159],[-79.50099247667336,43.660626750572462],[-79.499459527625334,43.659931341540393],[-79.499465132923874,43.659706317638069],[-79.499504368195517,43.658131150056725],[-79.498596980553373,43.657218843007826],[-79.497672786228193,43.656981600542736],[-79.496410585987377,43.657865392124279],[-79.495170833013475,43.657849075021602],[-79.496748599362604,43.656744350699036],[-79.496466745865121,43.655615155004298],[-79.495548203868111,43.65515287204655],[-79.494612808758234,43.65536565264928],[-79.494319754315455,43.654686499264429],[-79.493699910993215,43.654678331525936],[-79.494652164917227,43.653790487373811],[-79.49435911720154,43.653111334013253],[-79.491896706818522,43.652403574490137],[-79.491310692947138,43.651045253683151],[-79.48947384198199,43.650120600127558],[-79.490110552074768,43.649453720112383],[-79.489817575619099,43.648774555658051],[-79.491074042150288,43.648115857676039],[-79.490781060855241,43.647436695474497],[-79.489552805288113,43.646970273662831],[-79.48925984645993,43.646291107760099],[-79.486792125689178,43.645808265626428],[-79.485890766771391,43.644670838155129],[-79.485271028847677,43.644662626203321],[-79.485603513858877,43.643766640268716],[-79.48500075362108,43.6430833577394],[-79.481614963788829,43.642138034281956],[-79.47949138787898,43.640309017445794],[-79.477942160244709,43.640288396168529],[-79.477333837735117,43.639830097011114],[-79.477666411442783,43.638934134777223],[-79.477069473793094,43.638025789421071],[-79.477706187730277,43.63735897729206],[-79.476489613499908,43.636442373794004],[-79.476219599797034,43.634863086284298],[-79.477177469399493,43.633750361384379],[-79.476896079495347,43.63262111997809],[-79.475978037496375,43.63215868526207],[-79.474411941605666,43.632813086567225],[-79.472874308592438,43.632342354838471],[-79.472598705342193,43.630988081608884],[-79.471370927517384,43.63052147008333]],[[-79.468210109270046,43.6329552331852],[-79.471600870205449,43.633675922541613],[-79.471893571438926,43.634355131332036],[-79.470006137173002,43.635455371522063],[-79.470304537864791,43.635909562246994],[-79.472817313991101,43.634592576596411],[-79.473741064002596,43.634830014491378],[-79.474642048982517,43.635967534153977],[-79.473058741009339,43.63729698123894],[-79.473351475217086,43.637976186379781],[-79.47270330498327,43.639093017265772],[-79.471452540057783,43.639526492293932],[-79.471446834160034,43.639751514079379],[-79.467751617583048,43.638801640968424],[-79.466196711816792,43.639005882424719],[-79.464676182206958,43.637859975873546],[-79.465944136767845,43.636751511182929],[-79.465060493248728,43.634938861497268],[-79.468210109270046,43.6329552331852]]],[[[-79.43480398986469,43.630476739321928],[-79.433558990334461,43.630684780644152],[-79.432284730905053,43.632017897992895],[-79.42922780501469,43.630400238014452],[-79.428292577931813,43.630612478914841],[-79.427643663336269,43.631729044167606],[-79.428853523432366,43.632871173246166],[-79.427918256538192,43.633083410393063],[-79.427906522375011,43.633533445191709],[-79.426988853770197,43.633070622473447],[-79.426363379442037,43.633287110235159],[-79.425451602888202,43.632599258185834],[-79.424516329066037,43.632811467381508],[-79.423879084770888,43.633477975457289],[-79.424171243918579,43.634157298322179],[-79.421990824967665,43.634577409866836],[-79.421329965574046,43.636143969326646],[-79.420114289889057,43.635226778880337],[-79.418553431549881,43.635655387514056],[-79.418518015415074,43.637005485100381],[-79.417886565461359,43.637446941419604],[-79.416957099931608,43.637434070924584],[-79.418798325672,43.638134853068323],[-79.42130639613157,43.637044035550502],[-79.422837838449325,43.637740473159504],[-79.423779078120219,43.637303262341817],[-79.425316434180033,43.637774650378802],[-79.425030124284319,43.636870313452022],[-79.426292900263661,43.635987316343211],[-79.427526294525563,43.636229390916945],[-79.428736240236091,43.637371521705568],[-79.429665710070353,43.637384296414751],[-79.431244104954516,43.636280482722171],[-79.430367377192937,43.634242562841536],[-79.430706468509996,43.633121728833515],[-79.434757261370265,43.632276885047354],[-79.436288744720073,43.632973143470721],[-79.436546032269732,43.635002546484273],[-79.437469637280245,43.635240275505936],[-79.438410734710715,43.634802941795229],[-79.439930679579263,43.63594918975425],[-79.439907387934156,43.636849264029401],[-79.438960441957065,43.637511628023596],[-79.439241138762384,43.638640951557115],[-79.437972660849638,43.639749111610108],[-79.437949336886874,43.640649184444925],[-79.43948106830004,43.64134540286198],[-79.440381492902972,43.642483183131453],[-79.440364025335626,43.643158238222554],[-79.438452429989809,43.645158015534456],[-79.439376197455374,43.645395731196352],[-79.439668586346002,43.646075016572674],[-79.439019705970011,43.647191644174647],[-79.440247559373859,43.647658603308194],[-79.440838205862448,43.648792150807544],[-79.439557883735489,43.650350359888925],[-79.440166017145586,43.650808856603774],[-79.439815339078635,43.652379752352786],[-79.440985079551325,43.655096884127808],[-79.440336121417715,43.656213516407398],[-79.438774851040804,43.65664239371371],[-79.437558499824192,43.655725381794028],[-79.436991201248972,43.653691748367166],[-79.435453346789373,43.653220511157315],[-79.435079151336922,43.655691458962565],[-79.435658088255934,43.657275065950465],[-79.435020698911501,43.6579416313579],[-79.432529552440087,43.658357685953305],[-79.429488901521424,43.656064969416413],[-79.426652617561871,43.657826735978951],[-79.427523665158759,43.660089695839197],[-79.429085101298,43.659660975073457],[-79.430938868236538,43.659911538254995],[-79.431845255118375,43.660824367287169],[-79.431184342773832,43.662390976310427],[-79.434874538219574,43.663567058181783],[-79.436436015769374,43.663138237790712],[-79.43707928512103,43.662246648428464],[-79.436810210683703,43.660667288511824],[-79.435897907035056,43.659979514949782],[-79.436546989295763,43.658862910437584],[-79.437488467121597,43.658425591733824],[-79.438412432524629,43.658663317660746],[-79.439295596133292,43.660476159304785],[-79.440523719622504,43.660943118527697],[-79.440856963161053,43.660047276599023],[-79.439026470013786,43.658896803379008],[-79.439675482541958,43.657780179843677],[-79.441575808965965,43.656230427693252],[-79.444055187298218,43.656264209948766],[-79.445651244560565,43.654485149126465],[-79.446586787482545,43.654272771653964],[-79.44750492936987,43.654735442424276],[-79.44783223577474,43.654064595850024],[-79.44724140779627,43.652931082768198],[-79.445411002177863,43.651780711849398],[-79.446059816980096,43.650664047786996],[-79.447924978450317,43.650464295166358],[-79.447334182096853,43.649330782375998],[-79.447661459319832,43.64865993526648],[-79.444229502104562,43.64951365887142],[-79.44270913905487,43.648367464352113],[-79.443357964939892,43.647250815185643],[-79.442738212849719,43.647242372259939],[-79.441837674668619,43.646104609738856],[-79.440387315290565,43.642258164748739],[-79.44072044959016,43.641362318863976],[-79.441661621054863,43.640924959916703],[-79.443514871930788,43.641175311998389],[-79.444725222064719,43.642317278580187],[-79.445654775232484,43.642329924422157],[-79.445677985529414,43.641429848554154],[-79.447858501483836,43.641009286763058],[-79.447881677813726,43.640109209745916],[-79.449138406313381,43.639450976037551],[-79.450056345783437,43.63991362438361],[-79.451301484998353,43.639705405647376],[-79.452517733061455,43.640622272059666],[-79.454072721774011,43.640418218099555],[-79.455283260323128,43.641560075756743],[-79.453710927985966,43.64243920521907],[-79.453366431006842,43.643785131047302],[-79.454290239822612,43.644022726763765],[-79.455179450392379,43.645610434274879],[-79.456441980834157,43.644727101446165],[-79.458593773058283,43.645431436275473],[-79.459500373516761,43.646344051173692],[-79.459769990959884,43.647923369373757],[-79.460395503843614,43.64770669976879],[-79.462541708887187,43.648635982556513],[-79.462513003335985,43.649761084897648],[-79.461577583394231,43.649973594793892],[-79.459339295936829,43.652644614758643],[-79.458403820474686,43.652857097739748],[-79.456865811507527,43.652386146460067],[-79.4559591632093,43.651473510834037],[-79.454708023502064,43.651906796060089],[-79.455924565476451,43.652823628762306],[-79.454638768527033,43.654607029776123],[-79.455843828081001,43.655973902597985],[-79.454271121571708,43.656853032144085],[-79.454569503924247,43.65730726212368],[-79.453932320527343,43.657973936129324],[-79.452686810221948,43.658182177390195],[-79.451458644421606,43.657715348106514],[-79.450821422639436,43.658382004141238],[-79.450470971833511,43.659952934070716],[-79.451704958579185,43.660194755477526],[-79.452026467528881,43.659748916180746],[-79.453581953265385,43.659544876952523],[-79.45539544012847,43.661370179053051],[-79.456325291893876,43.661382742466188],[-79.456348358218122,43.660482665068066],[-79.457915371052991,43.659828527995984],[-79.457639996681579,43.658474228123112],[-79.459224208531722,43.657145012759621],[-79.459247228145898,43.656244933463398],[-79.458019048589335,43.655778174368805],[-79.45742225027584,43.654869730893992],[-79.459012124904888,43.653315496472544],[-79.462742526987938,43.652915539114609],[-79.46153736808472,43.651548736922074],[-79.462180141285728,43.650656997160503],[-79.464050992147122,43.650231960040884],[-79.465279108399159,43.650698653761211],[-79.466851495341572,43.649819367046724],[-79.468068184477758,43.650736072900138],[-79.467729676601877,43.651857023254124],[-79.469600528357006,43.651431895336422],[-79.471144326983364,43.65167765512787],[-79.471792667755395,43.650560837886488],[-79.473652052616018,43.650585685529215],[-79.472136797691235,43.649214852555204],[-79.47213109241909,43.649439874029703],[-79.471821200888115,43.649435730818233],[-79.470902946418633,43.648973253445853],[-79.469347786697909,43.649177533712397],[-79.469066480089708,43.648048277080342],[-79.46784410773455,43.647356603122446],[-79.466271800171057,43.648235905026645],[-79.465990555324183,43.647106641559994],[-79.465072381913515,43.646644118339772],[-79.461652260318388,43.647048329606825],[-79.461394085827109,43.64501897393167],[-79.460171864319065,43.644327219767568],[-79.460189110799661,43.643652158489587],[-79.461135926817192,43.642989617234093],[-79.460849054369632,43.642085362492587],[-79.458703106764773,43.641156050739475],[-79.457457960733393,43.641364350008452],[-79.456580271914746,43.639326618686567],[-79.455042620208701,43.638855647141803],[-79.454750089642687,43.638176398211826],[-79.453516538109184,43.637934615328859],[-79.452259888144667,43.638592898541297],[-79.451651781529307,43.638134465707516],[-79.450406676022553,43.6383426888193],[-79.446092244329833,43.6373837181429],[-79.444823917330865,43.638491956769457],[-79.443900232163188,43.63825428613508],[-79.443636876781653,43.636449915836721],[-79.439649980901834,43.63481986739464],[-79.439702390519599,43.632794699588153],[-79.438784639732333,43.632331970343074],[-79.437849413896231,43.632544289443913],[-79.43480398986469,43.630476739321928]]],[[[-79.556550633590476,43.632304271849868],[-79.555931002987933,43.632296444724751],[-79.556855063193581,43.632533214940899],[-79.556550633590476,43.632304271849868]]],[[[-79.400697809854208,43.631130058015572],[-79.399136928150142,43.631558401240561],[-79.398183651108511,43.632445436539534],[-79.397558084510521,43.632661765160165],[-79.399732618398943,43.632467135603093],[-79.400638124720217,43.633380202750601],[-79.401883283310781,43.6331725228018],[-79.401269654734961,43.632938842731519],[-79.40157945105608,43.632943175898504],[-79.401913103297574,43.63204744982891],[-79.400697809854208,43.631130058015572]]],[[[-79.573232830565303,43.634539626351916],[-79.572923001484668,43.63453575826297],[-79.572917675212082,43.634760790545847],[-79.573232830565303,43.634539626351916]]],[[[-79.40438548532704,43.632307092042645],[-79.40280671562104,43.633410529518954],[-79.402800754812347,43.633635544176812],[-79.402776910887241,43.634535602712909],[-79.404010173773457,43.634777929253751],[-79.404605968623798,43.635686639339973],[-79.402067842379495,43.637902158915253],[-79.402329955627636,43.639706605507072],[-79.40324156809001,43.640394638809852],[-79.404802652922541,43.639966243230667],[-79.40785938198681,43.641584551378912],[-79.408508771198598,43.640468107588354],[-79.407912871751734,43.639559416954171],[-79.40856817737793,43.638217957028751],[-79.408002008970442,43.636184191195781],[-79.408639455711636,43.635517775098059],[-79.410498320829007,43.635543642890013],[-79.411386249267167,43.637131673869831],[-79.413233321270809,43.637607529045653],[-79.416957099931608,43.637434070924584],[-79.414788349424683,43.637404010392586],[-79.414478528197691,43.637399712673535],[-79.414168707039238,43.637395414115126],[-79.413858885949367,43.637391114717389],[-79.413864806274802,43.637166098998925],[-79.413274778761874,43.636032419353164],[-79.411737565614956,43.63556087129907],[-79.412380890218387,43.634669417903723],[-79.412088862495494,43.633990066950965],[-79.409646049931396,43.632605512815481],[-79.407137962927266,43.633696074822822],[-79.40438548532704,43.632307092042645]]],[[[-79.396235113576765,43.635794578735251],[-79.393744644036914,43.636209799368025],[-79.393434832121855,43.636205444711265],[-79.392499396967338,43.636417389119494],[-79.392189584175028,43.636413031071562],[-79.393107027520486,43.636876129633315],[-79.393428835761199,43.636430458227522],[-79.396235113576765,43.635794578735251]]],[[[-79.39125414169898,43.6366249651606],[-79.390944328029605,43.636620603721518],[-79.390628507533819,43.636841254633879],[-79.39031869284841,43.636836891482133],[-79.387822125576278,43.637476994647855],[-79.385665455476754,43.636996356126531],[-79.38409225695311,43.63787451442213],[-79.380040428659953,43.638717544460889],[-79.384711895157068,43.637883273799837],[-79.386254968402199,43.638130170211831],[-79.386856545946983,43.638813956022219],[-79.384949372466707,43.640587801826669],[-79.384937314506317,43.64103782662567],[-79.385556985477692,43.641046581924812],[-79.38809584362977,43.638831441751286],[-79.3905864573141,43.638416346701661],[-79.390300668277575,43.637511930894838],[-79.39125414169898,43.6366249651606]]],[[[-79.56749016441546,43.641445852752717],[-79.567180300623576,43.641441968613485],[-79.567174951633305,43.641667000059421],[-79.56749016441546,43.641445852752717]]],[[[-79.432991883404071,43.640581320552059],[-79.431752522741334,43.640564321000632],[-79.431126986236478,43.64078083364388],[-79.431080131152356,43.642580972946185],[-79.429829006823994,43.643013986515982],[-79.431933578639644,43.645518956164317],[-79.431880884748892,43.647544111933904],[-79.430927822140873,43.648431421470235],[-79.430904385913763,43.649331489902643],[-79.431506585038562,43.650015048729827],[-79.432751992294143,43.649807036594282],[-79.434278044586378,43.650728343610247],[-79.433991543584256,43.649824028154931],[-79.431851607991433,43.648669198139345],[-79.433126239511807,43.647336094840881],[-79.433155491117788,43.646211007685928],[-79.434728215214207,43.645332167626847],[-79.434430040652501,43.644877888068663],[-79.433190590808806,43.644860902785837],[-79.431980413042339,43.64371881705506],[-79.433594021929608,43.641264868426049],[-79.432991883404071,43.640581320552059]]],[[[-79.425830316063099,43.641833490908823],[-79.423655513304581,43.642028612927341],[-79.42516947082575,43.643400070960048],[-79.423900635978725,43.644508068463956],[-79.422339560785304,43.644936724894791],[-79.42049218966379,43.644461012981495],[-79.420468600872951,43.64536107752749],[-79.421696267873287,43.645828233384037],[-79.421982566180873,43.646732577181211],[-79.422935730770973,43.645845343591304],[-79.424485060927552,43.645866712459537],[-79.42514007304797,43.644525154361844],[-79.426706992452608,43.643871442331651],[-79.427034466220121,43.643200656711343],[-79.426110783708637,43.642962842440589],[-79.425830316063099,43.641833490908823]]],[[[-79.373157546252827,43.64109584907866],[-79.372531803206783,43.641312037561292],[-79.372215891722846,43.641532635966222],[-79.371906055750287,43.64152822253893],[-79.369706775659552,43.642622358313055],[-79.368777252312611,43.642609094849291],[-79.368151478394296,43.642825258795298],[-79.369390847055556,43.642842948588388],[-79.370308206177569,43.64330622847843],[-79.37148070723417,43.645799013353212],[-79.373959572061565,43.645834309221058],[-79.372440664203296,43.644687201449258],[-79.373400585378846,43.643575380716648],[-79.372167276418239,43.6433327232888],[-79.371565824256322,43.642648862575818],[-79.373157546252827,43.64109584907866]]],[[[-79.607400719489206,43.644640289615246],[-79.606140361016514,43.645525320231869],[-79.606419031147126,43.646879309483474],[-79.603971132789852,43.645498845020001],[-79.602411249429977,43.645929978375555],[-79.602085699336229,43.646601292548283],[-79.602689837179284,43.647283975523273],[-79.601734036293493,43.648397778414193],[-79.602952786339785,43.649313075739578],[-79.603577819011647,43.649095615649067],[-79.598824557165713,43.653539407712088],[-79.604843500013999,43.647985580498066],[-79.605783619677766,43.647546855576472],[-79.607018019984039,43.647787005286141],[-79.607622225915378,43.648469662958789],[-79.606976406704206,43.649587285515537],[-79.607611827220722,43.648919733134136],[-79.607926933074538,43.648698473078916],[-79.60793213123543,43.648473437957065],[-79.60951281175133,43.64714208853789],[-79.609533579223594,43.646241947141931],[-79.608325180502064,43.644876648417245],[-79.607400719489206,43.644640289615246]]],[[[-79.595625111270252,43.644496204550556],[-79.591901259081936,43.644675485815931],[-79.591286751364166,43.644442814907464],[-79.592494750991293,43.645808288540657],[-79.591228892798611,43.646918184869925],[-79.591538787970691,43.646922004202381],[-79.592163835203323,43.646704606672436],[-79.592473729401959,43.646708423455614],[-79.595567430746726,43.646971579100644],[-79.596507599977656,43.646532931112134],[-79.596843689471939,43.645411565310468],[-79.595625111270252,43.644496204550556]]],[[[-79.502032008053376,43.643758046154495],[-79.502026415453798,43.643983070951307],[-79.502020822789461,43.644208095738627],[-79.502601426530276,43.645791390508542],[-79.499170366876697,43.646646778210567],[-79.498516966930453,43.64798878376363],[-79.496961915993651,43.64819344159524],[-79.495390000146983,43.649073149867682],[-79.495057628416646,43.649969165158154],[-79.495660570887281,43.650652396497733],[-79.495023908341182,43.651319308008674],[-79.495626863514985,43.652002539560186],[-79.49686088297868,43.652243873928057],[-79.498742767160408,43.651368217995547],[-79.500292294429812,43.651388561463357],[-79.502433672233423,43.652542129641908],[-79.502732400737244,43.652996239131632],[-79.503036724367774,43.653225323344365],[-79.502478412412842,43.650741933372714],[-79.500934498228958,43.650496595358021],[-79.500331496701008,43.649813390984853],[-79.500979279990716,43.648696399676517],[-79.5034751813821,43.648053814771849],[-79.502894534391359,43.646470524402673],[-79.503232357917994,43.645349458968134],[-79.504173152893387,43.644911579794382],[-79.505711359868243,43.645381897533355],[-79.505722518038397,43.644931847283459],[-79.504494192951739,43.644465584937024],[-79.503249122817735,43.644674384339197],[-79.502032008053376,43.643758046154495]]],[[[-79.396031556603475,43.64344504398067],[-79.395691759773712,43.64456576226879],[-79.396293507950048,43.645249500307479],[-79.401513371972769,43.647123407841377],[-79.402097312436908,43.648482158350788],[-79.403032904662751,43.648270138169245],[-79.403944652017302,43.648958166987605],[-79.405803927335981,43.648984117436981],[-79.405511909575395,43.648304751391933],[-79.406465338229111,43.647417659531961],[-79.406471288225134,43.647192645017007],[-79.406477238152206,43.646967630492504],[-79.406167369024786,43.646963309499874],[-79.404331987088909,43.646037308664383],[-79.401870977397607,43.645327629054151],[-79.400977217630953,43.643964542388886],[-79.397247020402091,43.644362486255609],[-79.396031556603475,43.64344504398067]]],[[[-79.50911999430177,43.645426412814054],[-79.507238444191046,43.646302245365916],[-79.506010079286185,43.645835998850806],[-79.505993344626418,43.64651107419283],[-79.506917414076383,43.646748247945496],[-79.507858205218511,43.646310338466506],[-79.510298315850477,43.647917855909832],[-79.508399994120012,43.649468782351654],[-79.508997517136649,43.650376970714767],[-79.508355432794318,43.651268983886666],[-79.510508090089701,43.651972352475759],[-79.511415583834719,43.652884567211039],[-79.51045246163595,43.654222605469116],[-79.510751259143291,43.6546766948547],[-79.509804790303932,43.655339651101023],[-79.510673382868376,43.657827047632864],[-79.514099379583925,43.657196348473612],[-79.515316947322333,43.658112562558308],[-79.514674870022887,43.659004610226319],[-79.511868674782122,43.659643398364928],[-79.512466347341942,43.660551569220011],[-79.511198721689325,43.661660550750064],[-79.51182420127607,43.661443599523665],[-79.512139718526925,43.661222610026584],[-79.512449676428488,43.661226644801054],[-79.51683341872112,43.659482838165474],[-79.517785414784058,43.658594798172665],[-79.517209834125197,43.656786550680678],[-79.514459255169427,43.655175147409494],[-79.5151179304453,43.653608022618542],[-79.517575139457563,43.654540312192367],[-79.518510445661974,43.654327342256856],[-79.517862921331883,43.655444435658225],[-79.519683793069817,43.657043718878121],[-79.521250051120731,43.656388701793936],[-79.523104141608073,43.656637773969393],[-79.52469239421346,43.655082602684658],[-79.526529950240715,43.656006699190215],[-79.527780680545121,43.655572621758843],[-79.527808173365059,43.654447486834165],[-79.528765423174747,43.653334324085215],[-79.52968969115031,43.653571316175722],[-79.530951321373166,43.652687148170827],[-79.530978752234702,43.651562011074688],[-79.530369907252933,43.651103987783685],[-79.530375395420108,43.65087896037948],[-79.528836847817033,43.650408970345993],[-79.528825860110601,43.650859024871345],[-79.527259827010568,43.651514149616041],[-79.526047709083457,43.650373034081262],[-79.52511248962287,43.650586067102076],[-79.523900431175434,43.649444929455093],[-79.522046557592091,43.649195873001851],[-79.526634504797258,43.651731187949778],[-79.526927912296202,43.652410263777533],[-79.525666230130781,43.653294386647801],[-79.522589113936306,43.652354259042475],[-79.520071117455572,43.653897366377819],[-79.51885355949581,43.652981202476369],[-79.519528681724111,43.65073897089524],[-79.515815368936416,43.650465711718169],[-79.514913388661228,43.649328505220005],[-79.51524546289771,43.648432427800103],[-79.514000344493226,43.648641343559973],[-79.511543430974228,43.647708980430494],[-79.510940334666302,43.64702583038828],[-79.511266895480915,43.64635479048043],[-79.509717489849308,43.646334597615223],[-79.50911999430177,43.645426412814054]]],[[[-79.40679305605093,43.646746936077797],[-79.406483188010398,43.646742615958487],[-79.406477238152206,43.646967630492504],[-79.40679305605093,43.646746936077797]]],[[[-79.56326883785573,43.649496406444797],[-79.564460210407844,43.651537260081156],[-79.564465571376331,43.651312229292657],[-79.56326883785573,43.649496406444797]]],[[[-79.35471777357597,43.646684404923938],[-79.353466039568374,43.647116572077699],[-79.352499545563987,43.648453226414418],[-79.352450329690626,43.65025329380682],[-79.353975132908843,43.651175653897539],[-79.353336919969109,43.651841751079623],[-79.35362836132812,43.652521241000734],[-79.354545740573556,43.652984647094641],[-79.35548155884625,43.652773020167444],[-79.356076784093588,43.653681971747901],[-79.35295937460036,43.6543123773424],[-79.352321116322528,43.65497846779315],[-79.352612560255679,43.655657960005286],[-79.351087667057641,43.654735580956384],[-79.350157965560228,43.654722163153188],[-79.343296861919441,43.656198585016213],[-79.342410478097378,43.654610054211616],[-79.340551087767395,43.654583069968773],[-79.338412830016026,43.653426516938545],[-79.336553479970945,43.653399468252047],[-79.335611374246596,43.653835945249703],[-79.334954276661279,43.65517695450125],[-79.335542994896301,43.656311014286338],[-79.336466500767628,43.656549557664192],[-79.335828038450387,43.6572155524346],[-79.336119305102542,43.657895083649642],[-79.335493258986915,43.658111063765226],[-79.334563512745873,43.658097518307173],[-79.336100660102119,43.65857010228612],[-79.337693714416886,43.657017608354188],[-79.339875489202541,43.656599129250786],[-79.341102731451244,43.657067143763307],[-79.341679195362914,43.658651187336076],[-79.345689613851832,43.659384601346574],[-79.346030428265507,43.658264050693049],[-79.347902279234347,43.657840932481733],[-79.347325657823134,43.656256917605411],[-79.348899865005322,43.655379284378377],[-79.351013762091142,43.65743567691846],[-79.352569488744393,43.657233017104296],[-79.353486930258256,43.657696432341247],[-79.353766101411807,43.658825938097131],[-79.353127802586769,43.659492031930355],[-79.353729204953794,43.660175987099827],[-79.353078586526237,43.661292096402576],[-79.353667705157989,43.662426068004244],[-79.353029365904433,43.663092160261321],[-79.354250697011096,43.663785044763266],[-79.356110384171501,43.663811810631941],[-79.356711862551407,43.664495750825012],[-79.356358925191984,43.666066351176816],[-79.35880181302683,43.667452038736812],[-79.358467311699243,43.668347620341592],[-79.357525122243857,43.668784275734538],[-79.354425387005605,43.668739683493165],[-79.354406940104383,43.669414707086247],[-79.35532457899329,43.669878109784101],[-79.356503081500577,43.672146027644864],[-79.35771849679098,43.67306388558233],[-79.357396223465443,43.673509446388849],[-79.35801621996599,43.67351835621615],[-79.359219421500356,43.674886215021253],[-79.36108558136273,43.674687897028221],[-79.361413958179142,43.674017317119471],[-79.362666202777476,43.673585072779943],[-79.365437873721717,43.674300038704942],[-79.366033453919854,43.67520894084192],[-79.365395109639451,43.675875100767691],[-79.361650481837984,43.67672186282693],[-79.360993694608268,43.678063021875666],[-79.359735213298677,43.67872025398767],[-79.362190930357357,43.679655859106809],[-79.362166441060737,43.680555892322651],[-79.363072070433617,43.681469252172576],[-79.363382110510258,43.681473692753883],[-79.363388228593593,43.681248684363865],[-79.362792631712878,43.680339769051542],[-79.362494839899597,43.67988531028525],[-79.362804871730489,43.679889752304838],[-79.363722734577038,43.680353090275318],[-79.364665064204544,43.679916386771609],[-79.364720078263602,43.677891309065295],[-79.365947950732334,43.678359064931513],[-79.367206358572602,43.677701763167157],[-79.367534685169247,43.677031165195238],[-79.366635156595152,43.67589283105179],[-79.369425266381867,43.675932675027518],[-79.370701854098357,43.674600304916133],[-79.370100117065292,43.67391643545033],[-79.370106208435658,43.673691426008048],[-79.369182300273238,43.673453148976883],[-79.368282791604614,43.67231482746832],[-79.36954713937611,43.671432487468117],[-79.368957636184263,43.67029859337346],[-79.369601973011058,43.669407401817203],[-79.368058177169971,43.66916027029832],[-79.366551015746865,43.667563062538449],[-79.364697313275244,43.667311455626894],[-79.364101828016416,43.666402546863992],[-79.362229814977283,43.666825927441025],[-79.35854704350065,43.665422510975191],[-79.358255488208286,43.664743033210001],[-79.359513688460567,43.664085811489556],[-79.359538203321691,43.663185776865539],[-79.358286155806454,43.663617990744989],[-79.357380860561832,43.662704595608886],[-79.354913613658297,43.662218912973678],[-79.354956631381654,43.660643855398142],[-79.35434906309402,43.660184914660626],[-79.354999645616871,43.65906879735298],[-79.354398239298931,43.658384848689217],[-79.355371000447931,43.656823173934775],[-79.356938972040922,43.656170436993271],[-79.356647476665927,43.655490955062412],[-79.357607863433927,43.654379276365916],[-79.361630447785629,43.654662111935565],[-79.362268601224628,43.653995967771202],[-79.361400101203316,43.651732548185358],[-79.359838418200582,43.652160340282073],[-79.357699863912231,43.651004143206322],[-79.356150452557614,43.650981867135648],[-79.355549110964901,43.650297924670014],[-79.356509432060349,43.64918625324254],[-79.359316670329719,43.648551297353059],[-79.358721444060308,43.647642361892856],[-79.359979276636224,43.646985127423207],[-79.358733700517888,43.647192343479333],[-79.358727572324597,43.647417352690901],[-79.356546252105332,43.647836199750166],[-79.35471777357597,43.646684404923938]]],[[[-79.418193252802368,43.649381363652935],[-79.417883369506526,43.649377074230642],[-79.417877461660524,43.649602089903937],[-79.418193252802368,43.649381363652935]]],[[[-79.406107855093865,43.649213453977914],[-79.406954214826413,43.652376617533044],[-79.405684857049195,43.653484403046207],[-79.407228422192006,43.653731023053709],[-79.407824445157672,43.654639717076471],[-79.410601755012308,43.655128570088635],[-79.41122751247562,43.654912173739234],[-79.410672984296838,43.652428393509503],[-79.409439333323462,43.652186133644733],[-79.408229469970109,43.651043802440412],[-79.408271077662576,43.649468700287379],[-79.407025600681038,43.64967644443297],[-79.406107855093865,43.649213453977914]]],[[[-79.373825992272174,43.650784548432746],[-79.37351610849484,43.650780138629962],[-79.373510034721434,43.651005149358724],[-79.373825992272174,43.650784548432746]]],[[[-79.400082721762828,43.654306503066941],[-79.39977281586863,43.654302164164086],[-79.399760862833773,43.654752191153207],[-79.400082721762828,43.654306503066941]]],[[[-79.464837351076326,43.655869964704884],[-79.464527427537504,43.655865801236175],[-79.464515957450047,43.656315842048954],[-79.464837351076326,43.655869964704884]]],[[[-79.415226762973703,43.656093186627238],[-79.414916845609454,43.656088888640802],[-79.414910925302735,43.656313903726229],[-79.415226762973703,43.656093186627238]]],[[[-79.399111151266666,43.655868577659199],[-79.398801237486339,43.655864235999545],[-79.398795257049969,43.656089249330343],[-79.399111151266666,43.655868577659199]]],[[[-79.416770437454659,43.656339679247971],[-79.416460518591322,43.656335385427404],[-79.416454603997948,43.65656040067109],[-79.416770437454659,43.656339679247971]]],[[[-79.398455433179649,43.657209973138102],[-79.398145512599825,43.657205629595182],[-79.398139529434943,43.657430642800854],[-79.398455433179649,43.657209973138102]]],[[[-79.398139529434943,43.657430642800854],[-79.397829607768045,43.657426298384109],[-79.397203777938799,43.657642620125237],[-79.397155881814925,43.659442724535907],[-79.394032570279947,43.660299264934622],[-79.393722634481094,43.660294909156967],[-79.39310276309196,43.660286195081767],[-79.393674629916049,43.662095009659971],[-79.39241683366518,43.66275261418297],[-79.39270276324288,43.663657023194226],[-79.392058828538012,43.664548352131519],[-79.390806975332723,43.664980925439245],[-79.388661341529811,43.664050306046889],[-79.387063362466904,43.665828537934203],[-79.391092890210118,43.665885337928138],[-79.392928658282599,43.666811554522546],[-79.393524586972106,43.667720319791563],[-79.395414409206936,43.666621386022214],[-79.396338323368028,43.666859451204495],[-79.396672255739674,43.665963749674702],[-79.3976141260259,43.665526766207243],[-79.396070303138458,43.665280012754842],[-79.395474358710246,43.664371260167805],[-79.398305862176656,43.662835301263485],[-79.39803182061442,43.661480878870123],[-79.399635339246871,43.659477472233448],[-79.398723486409253,43.65878940855518],[-79.398443469093408,43.657659999607731],[-79.398133546200768,43.657655655996976],[-79.398139529434943,43.657430642800854]]],[[[-79.328681377640194,43.657786549506184],[-79.327435479803754,43.657993418684455],[-79.326474484245622,43.65910483320598],[-79.3276641869803,43.660923021601185],[-79.326089531930052,43.661800354123173],[-79.325798361685642,43.661120799308044],[-79.324874831165289,43.660882169441621],[-79.323920002610436,43.661768555710417],[-79.322357806692466,43.662195826334504],[-79.321428003650141,43.6621821730321],[-79.319915990886827,43.660809375398756],[-79.318347511334224,43.66146159534005],[-79.31744286297382,43.660547893776346],[-79.314640947754185,43.660956799776372],[-79.312484069135706,43.660474777783961],[-79.311219139643597,43.661356478158645],[-79.311503837550092,43.662261070667071],[-79.309011741190773,43.662674415442929],[-79.30868285113273,43.663344837550305],[-79.305589802987541,43.663073922928348],[-79.303078617584688,43.664162143985628],[-79.296847987543956,43.6651949375821],[-79.294342933231377,43.666057961013983],[-79.293362072282363,43.667844086255776],[-79.290585219606811,43.667352390733406],[-79.284012045226959,43.669504838414497],[-79.279336846734225,43.670334924191749],[-79.27867188203723,43.671900581371112],[-79.279569668161756,43.673039580303225],[-79.278936837881517,43.673480243036138],[-79.278620419270169,43.673700573018451],[-79.278310432683014,43.673695903201924],[-79.277677586352652,43.67413655864469],[-79.276140528660775,43.673663190960099],[-79.275197679020209,43.67409915583692],[-79.274855454114032,43.675219468884002],[-79.275720991400718,43.677483489037712],[-79.274797423122038,43.677244454198195],[-79.273531594732205,43.678125719857491],[-79.274100002937288,43.679935070715295],[-79.276567264691167,43.680422498125139],[-79.27625080031288,43.680642820539411],[-79.276244356718138,43.680867818897312],[-79.274997816472535,43.681074104590053],[-79.274687792515223,43.681069424325095],[-79.276225025485971,43.681542813912998],[-79.277206626326674,43.679756852021271],[-79.278466002347471,43.679100544255121],[-79.281217586513819,43.680492536573595],[-79.282160495721641,43.680056523422536],[-79.281572573378966,43.678922205898033],[-79.28190827531489,43.678026870847376],[-79.285654025007688,43.677182742126305],[-79.285363245421664,43.676503092326726],[-79.283793992184755,43.677154823304633],[-79.282586066945314,43.676011197598953],[-79.278898245065889,43.674830236643047],[-79.278607552833122,43.674150570833788],[-79.280512470434417,43.672603578472348],[-79.280234623186047,43.671473918019643],[-79.28087384675338,43.670808248151197],[-79.282423708206863,43.670831552856477],[-79.284302778122012,43.670184491640647],[-79.284631977189278,43.669514145578063],[-79.286504580323452,43.669092046866581],[-79.287725243237617,43.669785631139767],[-79.288984296192112,43.669129201010811],[-79.290831313131193,43.669607032389351],[-79.291735682925534,43.67052093885497],[-79.292671980348615,43.670309835064714],[-79.294189967077429,43.671457983911601],[-79.292259902699996,43.673905213118992],[-79.292240755674058,43.674580214622097],[-79.292854362370932,43.674814478565089],[-79.29413896890749,43.673257990310809],[-79.295075301386689,43.673046867484004],[-79.294519064345067,43.670787607811612],[-79.296094404974639,43.669910723089437],[-79.296771624370464,43.667894953653139],[-79.297707864294566,43.667683807543639],[-79.298682238254486,43.666122644371733],[-79.30147814517062,43.665939137683878],[-79.302433366280013,43.665052946051155],[-79.303654137525328,43.665746362282185],[-79.30582378748791,43.665778547632797],[-79.306412049990257,43.666912748231738],[-79.30827178839904,43.666940293909384],[-79.309486349903736,43.667858652029416],[-79.307538046093313,43.670981160407749],[-79.305975499791515,43.671408200600119],[-79.305317543625264,43.672749021566311],[-79.306861147308979,43.672996997924862],[-79.307810082025597,43.67233576527159],[-79.308733714944964,43.672574534365779],[-79.309334731919506,43.673258715613407],[-79.308986824620931,43.674604143939717],[-79.309897863899153,43.675292909129681],[-79.309568910348887,43.675963331405114],[-79.307689916848915,43.676610809005098],[-79.306766226890446,43.676372030693216],[-79.307050921582473,43.677276632081778],[-79.30577288828394,43.678608266599404],[-79.302672729180074,43.678562262852616],[-79.299850817477093,43.679645793632723],[-79.300458153158033,43.680105019071519],[-79.302020963958384,43.679678059284413],[-79.303868412044324,43.680155686051066],[-79.304773136527203,43.681069493525378],[-79.304127720992497,43.681960300081521],[-79.306000587261778,43.681537886815143],[-79.305703223227511,43.681083287010146],[-79.307911379700911,43.679765429895923],[-79.307620335445009,43.679085832736511],[-79.308259344337557,43.678420006887855],[-79.310442086628143,43.678002107262657],[-79.31166321078409,43.678695442187617],[-79.312011084979318,43.677350006048954],[-79.311087365546598,43.677111262236998],[-79.310524178072555,43.675077074274441],[-79.312137254273793,43.672849950469391],[-79.313073521786364,43.672638679005509],[-79.314300869961059,43.673106982047656],[-79.315243430577539,43.672670689568143],[-79.316451921845982,43.673813979636499],[-79.317691895641005,43.673832240170498],[-79.318280457652733,43.674966383028391],[-79.319539297865461,43.674309613129971],[-79.317407054916586,43.67292766244595],[-79.317735904234922,43.672257215579975],[-79.319304674994655,43.671605009877098],[-79.319367478189349,43.669354971860997],[-79.317488793576331,43.670002616366126],[-79.31626777365662,43.669309344458988],[-79.315982973748163,43.668404763190395],[-79.313813217814655,43.668372769138955],[-79.311934507243961,43.669020321954086],[-79.309802626825913,43.667638234013019],[-79.310137843338936,43.666742806465052],[-79.313287822020442,43.664988571716052],[-79.313319329642098,43.663863555000304],[-79.315210451641079,43.662765968762137],[-79.31673498021172,43.663688819749744],[-79.31828468733778,43.663711635296721],[-79.318923411721428,43.663045743535925],[-79.322041603860029,43.662416280510719],[-79.322958880704178,43.662879937938506],[-79.323243762360235,43.66378450392974],[-79.324787218605934,43.664032235967568],[-79.32538208181299,43.664941340043242],[-79.323491070524966,43.666039096121011],[-79.325028327246841,43.666511830292166],[-79.325920669217652,43.667875483529912],[-79.324029573683731,43.668973246650971],[-79.326161835159951,43.67035507486105],[-79.327711721278007,43.670377765348299],[-79.328312935824968,43.671061850141491],[-79.327977961989646,43.671957334328532],[-79.327041753721105,43.672168728960465],[-79.327016745536596,43.673068747373151],[-79.326080516729235,43.673280133756819],[-79.326068005114351,43.673730142673577],[-79.327004241009718,43.67351875652183],[-79.328219224018682,43.674436921242666],[-79.327257970963913,43.675548335287708],[-79.329074279970158,43.677150578922863],[-79.330636822356325,43.676723223016666],[-79.331870630185449,43.676966335626354],[-79.332440791257454,43.678775424617172],[-79.336471075299755,43.678834163792004],[-79.336793531432932,43.678388665338254],[-79.334964530190916,43.677236551532928],[-79.335925670829013,43.676125071121469],[-79.335646765313442,43.674995529143523],[-79.333185436764012,43.674284367709333],[-79.332646446450255,43.671350255022922],[-79.330495282219417,43.670643560377272],[-79.330204022189633,43.6699640163122],[-79.330842685227282,43.669298057568298],[-79.330241458531418,43.668613985704226],[-79.328387893545582,43.668361791704271],[-79.327173027678199,43.667443629771945],[-79.327501737279306,43.666773151946629],[-79.329070261634968,43.666120807557398],[-79.329746336505835,43.664104822930163],[-79.33068864617222,43.663668398311074],[-79.331915956409432,43.664136512105763],[-79.331934651919013,43.663461495565578],[-79.330713591301858,43.662768376727009],[-79.331377103900337,43.661202390876142],[-79.329833690000598,43.660954748467958],[-79.329238796424022,43.660045666510833],[-79.33019351996397,43.659159233839816],[-79.329883599923065,43.659154705072908],[-79.329889838338161,43.658929699605316],[-79.328681377640194,43.657786549506184]]],[[[-79.480231433829488,43.66012746286286],[-79.479921486166788,43.660123340812099],[-79.47991580779653,43.660348362670447],[-79.480231433829488,43.66012746286286]]],[[[-79.411412822457535,43.659641789665137],[-79.410459266735572,43.660528919126435],[-79.409213566795884,43.660736683343565],[-79.408885795074639,43.661407411401321],[-79.406716190298695,43.661377184610593],[-79.407312277766948,43.662285881174689],[-79.406978524742783,43.663181617097159],[-79.410966358507565,43.664812812826902],[-79.411252576911963,43.665717179522211],[-79.410304859723837,43.666379291050731],[-79.409357121710443,43.667041394325629],[-79.409649267835746,43.667720750452126],[-79.409643325448712,43.667945764503536],[-79.409947361720242,43.668175091788683],[-79.410275160735353,43.66750436183537],[-79.411520998031079,43.667296588368764],[-79.410918861664413,43.666612927040745],[-79.411246640929122,43.665942193827824],[-79.41280833945126,43.665513699996922],[-79.412218069780707,43.664380016377898],[-79.413165734290288,43.66371788795535],[-79.413195375375579,43.662592814846001],[-79.414762895343785,43.661939277763366],[-79.413558665153616,43.660571985506301],[-79.412014897105053,43.660325448214664],[-79.411412822457535,43.659641789665137]]],[[[-79.382564992120408,43.660137541740006],[-79.382249015782648,43.660358166216454],[-79.382868884601834,43.660366939158017],[-79.382564992120408,43.660137541740006]]],[[[-79.500266119577432,43.664894071756663],[-79.49995614452888,43.664890003676618],[-79.499950540050705,43.665115027424697],[-79.500260516256319,43.665119095536546],[-79.500266119577432,43.664894071756663]]],[[[-79.359854276123684,43.662965216844206],[-79.359544331859496,43.662960768185606],[-79.359538203321691,43.663185776865539],[-79.359848148742557,43.663190225558907],[-79.359854276123684,43.662965216844206]]],[[[-79.584875827963714,43.666648326727888],[-79.584565832218189,43.666644487961342],[-79.584560543470332,43.666869520112101],[-79.584875827963714,43.666648326727888]]],[[[-79.38209187009592,43.666208457517143],[-79.382079780005498,43.66665847965718],[-79.380827814028251,43.667090941682233],[-79.379606102759695,43.66639833581911],[-79.379277971096926,43.667068972682699],[-79.380177614784273,43.668207210661194],[-79.378281411409176,43.669530897547688],[-79.378275351463344,43.669755908067252],[-79.377643262704055,43.670197129593753],[-79.377922939727313,43.671326581942814],[-79.380433123871441,43.670236700803741],[-79.380809664063676,43.667765974351717],[-79.382371614578403,43.667337900748549],[-79.383587337491477,43.668255488894751],[-79.384243511764268,43.666914188261082],[-79.38209187009592,43.666208457517143]]],[[[-79.350748851581656,43.667111009445819],[-79.348256797016845,43.667525210937242],[-79.346967521319399,43.669307340400771],[-79.345715259107834,43.669739412626235],[-79.346298136073443,43.671098426556426],[-79.34564725703008,43.672214487419495],[-79.34438873746825,43.672871550431566],[-79.344673985446633,43.67377606736212],[-79.344035424068622,43.674442104597397],[-79.342479225765032,43.674644640075421],[-79.340030233718608,43.673483612624374],[-79.340315418497326,43.674388139342803],[-79.342460641156151,43.675319658903106],[-79.342423470000469,43.676669696299435],[-79.342417274556638,43.676894702498579],[-79.342094867907548,43.677340217727114],[-79.344605930994447,43.676251139099186],[-79.344345424999275,43.674446596239804],[-79.345610161334818,43.673564527726626],[-79.346831613476581,43.674257492331655],[-79.349323956997992,43.673843326977838],[-79.350235456287592,43.674531777782761],[-79.351810108125164,43.67365411407976],[-79.353019324737232,43.674797028537384],[-79.354259341811186,43.674814892725522],[-79.354854756328862,43.675723850459462],[-79.356100937719688,43.675516687241078],[-79.355821654609016,43.674387188445152],[-79.353682403075325,43.673230909225886],[-79.350582444966747,43.6731862091819],[-79.349670961535551,43.672497761249666],[-79.348121003588602,43.672475367636586],[-79.3475195471771,43.671791383424654],[-79.347854231067885,43.670895837282714],[-79.349726465505299,43.670472696132393],[-79.350997201389902,43.669365557428925],[-79.349781963688045,43.668447630238461],[-79.350748851581656,43.667111009445819]]],[[[-79.409327404334235,43.668166464461905],[-79.408367732317544,43.669278586562214],[-79.409291741210396,43.669516548310625],[-79.410496046197821,43.670883884725441],[-79.409846349107781,43.672000329613617],[-79.408588514214827,43.672658110586134],[-79.40610850337815,43.672623548828099],[-79.405780628757256,43.673294265108261],[-79.403598666811234,43.673713999192628],[-79.402042664087389,43.673917349305597],[-79.400826542340639,43.672999952298809],[-79.400176643549102,43.67411633869596],[-79.400796659420621,43.674125016585286],[-79.401392777246102,43.675033742641411],[-79.40232878708936,43.6748217355671],[-79.40385498495607,43.675743447578007],[-79.404790997823881,43.675531420395892],[-79.404820807586816,43.674406354196257],[-79.407336604169416,43.67309086363143],[-79.410096930671642,43.674254781535382],[-79.411962927424369,43.674055629708263],[-79.412642269853265,43.671814101925897],[-79.411771627947189,43.66955103906843],[-79.410233579261174,43.669079460533268],[-79.409327404334235,43.668166464461905]]],[[[-79.305981830190845,43.67118319837882],[-79.305671852138516,43.671178602970429],[-79.305665520582153,43.671403605155831],[-79.305975499791515,43.671408200600119],[-79.305981830190845,43.67118319837882]]],[[[-79.372610547106945,43.672826730552075],[-79.371680556367295,43.672813483451144],[-79.370106208435658,43.673691426008048],[-79.370416209554875,43.673695846888386],[-79.370726210744621,43.673700266928321],[-79.371966216209003,43.673717938684781],[-79.371637957774198,43.674388550821959],[-79.372841489920347,43.675756271108952],[-79.372513229371009,43.676426885508889],[-79.374038998832802,43.677348989006781],[-79.373060288224877,43.679135829248345],[-79.373352076625977,43.67981527129978],[-79.374890093488474,43.680287345190685],[-79.375838414983789,43.679625538451987],[-79.377698611353509,43.679651960693974],[-79.377704675547051,43.67942695062964],[-79.376488823577077,43.678509299498437],[-79.375905193650169,43.677150429487995],[-79.376853453786822,43.67648861302812],[-79.37626376516674,43.67535475466893],[-79.376920183427501,43.67401350145569],[-79.375698380232222,43.673320853126853],[-79.372610547106945,43.672826730552075]]],[[[-79.302243065336313,43.671803003367792],[-79.301933084694042,43.671798397769322],[-79.301926739033078,43.67202339949467],[-79.302243065336313,43.671803003367792]]],[[[-79.383728202699558,43.674560182609632],[-79.383418195086264,43.674555797761705],[-79.383412153271223,43.674780808654042],[-79.383722162041877,43.674785193536209],[-79.383728202699558,43.674560182609632]]],[[[-79.573390822262624,43.68023648139139],[-79.574877213092293,43.682956190566806],[-79.574893196640417,43.682281098827268],[-79.574593779462006,43.681827170748853],[-79.574294366731223,43.68137324191278],[-79.573695554612158,43.680465381967863],[-79.573390822262624,43.68023648139139]]],[[[-79.322570303467145,43.676830199682534],[-79.322260293700438,43.676825648791933],[-79.32225402288077,43.677050652675284],[-79.322570303467145,43.676830199682534]]],[[[-79.315990875990991,43.679209488856557],[-79.314434471313817,43.679411638685359],[-79.312460794300094,43.683434233527258],[-79.311524355670485,43.683645496823509],[-79.309993095140456,43.682947574717339],[-79.309980459054643,43.683397579153144],[-79.30841127986082,43.684049648895723],[-79.305633549291755,43.683558306256096],[-79.30469074849951,43.683994514744981],[-79.304665395840431,43.684894520946806],[-79.303709883029754,43.685780723681944],[-79.303703540913972,43.686005725062017],[-79.303083432981268,43.68599651857869],[-79.30337445664891,43.686676126215254],[-79.30493108247228,43.686474130960001],[-79.307158443908676,43.684481287988895],[-79.308721324617522,43.684054237944636],[-79.311809153287598,43.684550086971804],[-79.312441867408737,43.684109240967565],[-79.313985793358881,43.684357125809221],[-79.314934834595221,43.683695836881746],[-79.316478761296366,43.683943688048394],[-79.317111435489352,43.683502815483656],[-79.31864908132269,43.683975640505416],[-79.318971696560098,43.683530195311143],[-79.317750389410236,43.682836936107456],[-79.3184019017677,43.68172104637479],[-79.317193218670795,43.680577775279261],[-79.317515825570013,43.680132333820914],[-79.316282015979468,43.679889066221172],[-79.315990875990991,43.679209488856557]]],[[[-79.351625285434253,43.680404331427916],[-79.350068954786295,43.680606968032237],[-79.348177880543773,43.681705129119734],[-79.346950084464538,43.681237183667136],[-79.346640048164147,43.681232698536981],[-79.346323830105831,43.681453219029549],[-79.350007274344179,43.682857036721131],[-79.350608866219403,43.683541008767996],[-79.350274147078693,43.684436560606557],[-79.350894253886111,43.684445510832099],[-79.35118581426471,43.685125005321666],[-79.352128307525788,43.684688408189245],[-79.353666272712033,43.685160766711434],[-79.354937255702879,43.684053590692642],[-79.353417775379128,43.682906227908084],[-79.352171431852554,43.683113359032639],[-79.351563663593154,43.68265440195988],[-79.350955904596134,43.682195441765863],[-79.351910674998948,43.681308831437384],[-79.351625285434253,43.680404331427916]]],[[[-79.342311941028086,43.680719806415894],[-79.342597191265099,43.681624327431805],[-79.340687342163349,43.683397379247133],[-79.340017601716013,43.685188418875221],[-79.339075015670204,43.685624914544981],[-79.335081619855671,43.68421622972604],[-79.334480200433305,43.683532178722103],[-79.334808922605376,43.682861681792751],[-79.33201854036993,43.68282098779801],[-79.330480813227624,43.68234834139286],[-79.330189500749668,43.681668797721002],[-79.329879464862543,43.681664267096835],[-79.3298857081938,43.681439262519],[-79.329575673536652,43.681434731089681],[-79.329228163986741,43.682780225718091],[-79.331398456223127,43.68281193544194],[-79.332594989871112,43.684405070459249],[-79.332272469422463,43.684850555597414],[-79.335044271678171,43.685566259961526],[-79.335645717231074,43.686250308190431],[-79.335000695522595,43.68714129479936],[-79.333754206543873,43.687348222462397],[-79.333109144885057,43.688239197591017],[-79.331552556110935,43.688441577469447],[-79.33123000548575,43.688887058891567],[-79.33215398915361,43.689125643571892],[-79.332122805799898,43.690250666146852],[-79.334305827932667,43.689832315694119],[-79.335521246547472,43.690750407313878],[-79.335515022256061,43.690975412169259],[-79.335192486476174,43.691420904839809],[-79.337381749096906,43.690777491090351],[-79.337096538438573,43.689872959007047],[-79.338361709689465,43.688990979901909],[-79.337772636940471,43.687856934909391],[-79.338417626070054,43.686965932225917],[-79.340916754095616,43.686326954969807],[-79.3433724731957,43.687262963625926],[-79.34221898244806,43.684094895804812],[-79.34285766927664,43.683428871756668],[-79.344104048357039,43.683221842851935],[-79.343824959889801,43.682092319215165],[-79.345089867736689,43.681210260278156],[-79.342311941028086,43.680719806415894]]],[[[-79.34633619369329,43.681003206093401],[-79.34602615869386,43.680998719317195],[-79.346019975778233,43.681223725755032],[-79.34633619369329,43.681003206093401]]],[[[-79.363072070433617,43.681469252172576],[-79.361807414638335,43.682351514212222],[-79.362117459062404,43.682355958294579],[-79.362743668805876,43.682139835655249],[-79.363059831738724,43.68191926885455],[-79.363065951121612,43.681694260518356],[-79.363072070433617,43.681469252172576]]],[[[-79.540730777621391,43.684100967454306],[-79.540420698027106,43.684097007724056],[-79.540725321797566,43.684325994587461],[-79.540730777621391,43.684100967454306]]],[[[-79.54011061849603,43.68409304715297],[-79.539800539028221,43.684089085741029],[-79.539795079729473,43.684314112781379],[-79.540105160355594,43.684318074224265],[-79.54011061849603,43.68409304715297]]],[[[-79.330201985024502,43.681218788484948],[-79.329891951452709,43.681214257931551],[-79.3298857081938,43.681439262519],[-79.330201985024502,43.681218788484948]]],[[[-79.294858626982077,43.680696891813589],[-79.294548601742946,43.680692265445749],[-79.294542226516597,43.68091726595658],[-79.294858626982077,43.680696891813589]]],[[[-79.481811129290378,43.683558542947409],[-79.481501060793363,43.683554423432334],[-79.481495383683722,43.683779444529719],[-79.481805453338893,43.68378356407699],[-79.481811129290378,43.683558542947409]]],[[[-79.294845878770602,43.681146892897885],[-79.294535851216395,43.681142266457783],[-79.29452947584231,43.681367266949323],[-79.294845878770602,43.681146892897885]]],[[[-79.274687792515223,43.681069424325095],[-79.274067744824777,43.681060061273925],[-79.273757721091712,43.681055378487692],[-79.273751268087423,43.681280376533849],[-79.274687792515223,43.681069424325095]]],[[[-79.273751268087423,43.681280376533849],[-79.273441243271577,43.681275692870621],[-79.273131218530509,43.681271008366934],[-79.272491795920786,43.681936630479875],[-79.272782453432299,43.682616310438711],[-79.273086029201082,43.68284599390784],[-79.273751268087423,43.681280376533849]]],[[[-79.35896180363369,43.68433655000382],[-79.358013224948152,43.684998212046025],[-79.359204378511706,43.686816087287404],[-79.358547420267243,43.688157227394633],[-79.358863630512673,43.687936673170519],[-79.359185973565943,43.687491110356142],[-79.359496044054765,43.687495561962699],[-79.361046397564877,43.687517807384651],[-79.36169104219303,43.686626667779095],[-79.358943397559869,43.685011573284427],[-79.358955668346837,43.684561557773606],[-79.35896180363369,43.68433655000382]]],[[[-79.26935270121696,43.683239706136071],[-79.267466589156641,43.684111507782163],[-79.267453634671455,43.684561502128851],[-79.266206990408449,43.684767690007689],[-79.264921416279748,43.686323845063455],[-79.263668235584788,43.686755001128375],[-79.263306236858824,43.688550262056694],[-79.261426372366174,43.689196962606971],[-79.260108046790393,43.691878039179066],[-79.257575303606771,43.69364020838924],[-79.257846297290996,43.694994909945052],[-79.256902980675619,43.695430714472934],[-79.256560282890547,43.696550960972736],[-79.257160928766098,43.697235407986952],[-79.258394832579512,43.69747931525135],[-79.261250820726772,43.695271858159714],[-79.262161606989437,43.695960997688573],[-79.260708688655853,43.692562467972564],[-79.262918232335551,43.691245506451274],[-79.263260778961538,43.690125237403706],[-79.26482410011451,43.689698795864075],[-79.265502604648987,43.68768323964553],[-79.268325489528621,43.686600575226038],[-79.269307409929269,43.684814687991818],[-79.270244004183709,43.684603773507725],[-79.272704964488483,43.685316284227767],[-79.272401378040641,43.685086599658391],[-79.272097793908273,43.684856914311993],[-79.272104253897595,43.684631916603252],[-79.271206444892869,43.683492860698571],[-79.26935270121696,43.683239706136071]]],[[[-79.28758083050829,43.685765263710778],[-79.287270780344883,43.685760617178275],[-79.287264376788897,43.685985616634532],[-79.287574428110119,43.685990263203323],[-79.28758083050829,43.685765263710778]]],[[[-79.358547420267243,43.688157227394633],[-79.357604916903597,43.68859387709891],[-79.356680834232606,43.688355496748009],[-79.356650110151875,43.689480533420749],[-79.355695275104566,43.690367181186389],[-79.352904515450305,43.690326991582722],[-79.35319612519028,43.691006481080635],[-79.352557468097629,43.691672562608446],[-79.354107923806964,43.691694903824938],[-79.354697342417154,43.6928288693342],[-79.354064837248345,43.693269952141613],[-79.354027903130586,43.694619993182016],[-79.352465048595022,43.69504766295163],[-79.353060626772418,43.695956629681149],[-79.35240958918196,43.69707272212213],[-79.350238759560668,43.697041403234003],[-79.349320753067701,43.69657795585556],[-79.348737577886126,43.695218958167928],[-79.346573003038785,43.694962564649032],[-79.345667431138111,43.694049076855762],[-79.346002276244434,43.693153541902717],[-79.344135499538453,43.693351603021341],[-79.343800625614577,43.694247132013807],[-79.34254781721971,43.694679159079023],[-79.340395705266758,43.693972638444961],[-79.339806547924383,43.69283860349892],[-79.338256073947903,43.692816067835203],[-79.337629668029336,43.693032052699408],[-79.337579930780038,43.694832092479523],[-79.335074186483439,43.695695994232288],[-79.334720478681092,43.697266507522983],[-79.331277988184482,43.698341766045161],[-79.332208354482106,43.698355348113729],[-79.332518476725923,43.698359873787879],[-79.332834834983586,43.698139394364979],[-79.333144956213246,43.69814391832179],[-79.333771431282614,43.697927959340767],[-79.334993229374376,43.698621053398398],[-79.337468005109073,43.698882179738455],[-79.339359818963629,43.697784210824004],[-79.339080760647533,43.6966546787108],[-79.340643746900753,43.696227194314233],[-79.341859390547526,43.697145221128267],[-79.344972949612654,43.696740165818049],[-79.348043218072476,43.697910067227774],[-79.348936531250629,43.699273549213657],[-79.351107439980581,43.699304894097516],[-79.351752361730107,43.698413816669841],[-79.35115678031498,43.69750484342471],[-79.352391101425553,43.697747741673062],[-79.354580422302547,43.697103999801264],[-79.355547684491597,43.695767350452059],[-79.355292933714978,43.693737824953331],[-79.358449209273601,43.691757347398642],[-79.358175955198064,43.690402848103602],[-79.358814537126335,43.689736733834074],[-79.357592634291592,43.689043891986486],[-79.358225068822591,43.688602788226582],[-79.358541282613572,43.688382234966745],[-79.358547420267243,43.688157227394633]]],[[[-79.370573330633903,43.690805384332201],[-79.36932687614501,43.691012700673632],[-79.369016786014853,43.691008275452276],[-79.368086516048493,43.690994994743164],[-79.367764218615449,43.69144058314442],[-79.366529959128243,43.69119785177049],[-79.36526514414038,43.692080148218885],[-79.361866355044683,43.691581286778764],[-79.360923820563428,43.692017963142732],[-79.360595334078795,43.692688537974085],[-79.361191014090068,43.693597464252662],[-79.362419174883598,43.69406526142135],[-79.363008773339075,43.695199186434635],[-79.36517955039659,43.695230261768941],[-79.365185664695971,43.695005253720467],[-79.364596026661545,43.693871339288172],[-79.365860889686047,43.692989051258792],[-79.368341690454017,43.693024499244885],[-79.369004587695954,43.691458292714863],[-79.370573330633903,43.690805384332201]]],[[[-79.370573330633903,43.690805384332201],[-79.373941751969127,43.692429033078284],[-79.373637735931382,43.692199611156902],[-79.37302971080635,43.691740764969644],[-79.37272570171902,43.691511340703819],[-79.372111602953922,43.6912774988091],[-79.371497509033858,43.691043653679415],[-79.370573330633903,43.690805384332201]]],[[[-79.466905509230202,43.696415138581045],[-79.466589641252128,43.696635996693196],[-79.466273770956249,43.696856853889749],[-79.465963636188476,43.696852691227591],[-79.462845043665411,43.697486074167948],[-79.461885865103596,43.698598647969099],[-79.463103442563323,43.699515412592369],[-79.464344035269093,43.699532090037948],[-79.466848163877344,43.69866532874947],[-79.46804862798362,43.700257098759614],[-79.466572434667967,43.697311053717456],[-79.466905509230202,43.696415138581045]]],[[[-79.366426105653645,43.695022992414664],[-79.365185664695971,43.695005253720467],[-79.366413886252701,43.695473008779096],[-79.366717890338236,43.695702449621955],[-79.367021896741008,43.695931889683507],[-79.367325905461016,43.696161328963697],[-79.367636021882817,43.69616575918495],[-79.366426105653645,43.695022992414664]]],[[[-79.367003573635614,43.696606914308568],[-79.365434640233218,43.697259770055673],[-79.365124518513738,43.697255333774237],[-79.364510392541845,43.69702145079534],[-79.363251545694112,43.697678713904025],[-79.360696978205169,43.700343241192968],[-79.361292732120972,43.70125216698775],[-79.358774763023504,43.702566603088911],[-79.360525249051335,43.706643442891163],[-79.358645810403459,43.707291748673818],[-79.358615102772575,43.708416782714032],[-79.357368244105658,43.70862396157694],[-79.356729439554329,43.709290062224433],[-79.3576231130655,43.710653479460774],[-79.355761976775838,43.710626715512902],[-79.354496590147733,43.711508880917705],[-79.35568813742546,43.713326791320753],[-79.357549357203354,43.713353557776884],[-79.357841123659682,43.714033035375572],[-79.35659414551057,43.714240203716237],[-79.355632751172706,43.715351847270867],[-79.354069364027666,43.715779529159818],[-79.354032400998577,43.717129564867165],[-79.355254822774981,43.717822449881439],[-79.354926123922226,43.71849300227332],[-79.356148583547949,43.719185878166449],[-79.357023933265083,43.72122431812506],[-79.358885398755163,43.721251066646857],[-79.359524310869077,43.720584956912845],[-79.35922635377635,43.720130489956773],[-79.35985297095543,43.719914390901209],[-79.35985911045529,43.71968938442712],[-79.360169347045996,43.719693836799557],[-79.35894068685657,43.719226009491578],[-79.358350943675305,43.718092065570552],[-79.359306192808361,43.717205406074861],[-79.358734889934084,43.715396444335823],[-79.360000299313256,43.71451423287818],[-79.36123500617002,43.714757040953671],[-79.361265671581478,43.713632006690368],[-79.362208547181567,43.713195334388367],[-79.363443236739784,43.713438118368785],[-79.363455486029608,43.712988104091174],[-79.361935125179315,43.711840846109169],[-79.360384144122975,43.711818602952647],[-79.359794441977556,43.710684665782772],[-79.361686237036849,43.709586328801834],[-79.361443495927915,43.707106803240038],[-79.363633068827625,43.706462892760669],[-79.364588051486365,43.705576183241355],[-79.365512429975823,43.705814503599541],[-79.365530775699781,43.70513948056783],[-79.364277887027626,43.705571743995314],[-79.363049478860702,43.705103963789256],[-79.362776069202269,43.703749475956684],[-79.364679824824279,43.702201068636654],[-79.364077890457537,43.701517167371883],[-79.36253329945427,43.701269949935913],[-79.361937526427809,43.700361030314511],[-79.367003573635614,43.696606914308568]]],[[[-79.344929616356168,43.69831520549014],[-79.342411425430555,43.699629277901373],[-79.342380422446837,43.700754304258737],[-79.341108850368414,43.701861328175241],[-79.343329422868081,43.700092780449054],[-79.344576147507226,43.699885752448402],[-79.34549416600855,43.700349237911013],[-79.346381269322535,43.701937744584662],[-79.345798112697167,43.70057873334963],[-79.345804300618525,43.700353727701689],[-79.346765626027661,43.699242163117887],[-79.346163926819273,43.698558170841991],[-79.344929616356168,43.69831520549014]]],[[[-79.46804862798362,43.700257098759614],[-79.46773274354328,43.700477959652794],[-79.467721279566504,43.700927997615551],[-79.46804862798362,43.700257098759614]]],[[[-79.331277988184482,43.698341766045161],[-79.331234294014322,43.699916794331351],[-79.331550665234886,43.699696318728677],[-79.331277988184482,43.698341766045161]]],[[[-79.350772633429585,43.700200443746667],[-79.348583160278551,43.70084410988563],[-79.348254486109823,43.701514645293052],[-79.347634204226111,43.701505677977899],[-79.348558449309436,43.701744133604208],[-79.349160206915727,43.702428113840838],[-79.348831529941521,43.703098650694152],[-79.349439478804314,43.703557623666796],[-79.350990238351585,43.703580011986013],[-79.352783363298414,43.706081919184619],[-79.353093528601462,43.70608638966177],[-79.353099690423861,43.705861383404361],[-79.355009913156067,43.704088136312436],[-79.354420384632988,43.702954172727594],[-79.355679437228815,43.702297010770039],[-79.355387748332745,43.701617527593179],[-79.350772633429585,43.700200443746667]]],[[[-79.331234294014322,43.699916794331351],[-79.328418114623517,43.700776015159072],[-79.329038382939302,43.700785086629843],[-79.329348517205858,43.700789621103624],[-79.330911676931393,43.700362272970132],[-79.331228051700663,43.700141798333817],[-79.331234294014322,43.699916794331351]]],[[[-79.491569629192853,43.70259584600506],[-79.492178683503383,43.703054075292712],[-79.491868513059885,43.703049982456498],[-79.491231238633901,43.703716858253991],[-79.491524481578807,43.704396016873318],[-79.490261178968098,43.705279717676881],[-79.491163497804934,43.706417113376581],[-79.492088419097669,43.706654417142509],[-79.496149016027772,43.705582445447362],[-79.496769384315215,43.705590607421748],[-79.495844459756995,43.705353341472986],[-79.493097920046779,43.703516391808762],[-79.493109195226083,43.703066348753147],[-79.491569629192853,43.70259584600506]]],[[[-79.336115470219596,43.702914207149163],[-79.33516634679583,43.703575668745536],[-79.333305450594494,43.703548542628134],[-79.332027413521885,43.704880465311696],[-79.332250213026128,43.70803504619326],[-79.332243972744664,43.70826004999136],[-79.333509608567937,43.707378134680951],[-79.3353394803501,43.708530280156801],[-79.336009640326481,43.706739281369416],[-79.337262747397745,43.706307331634811],[-79.338472320647156,43.707450399835203],[-79.34001074971836,43.707922947936261],[-79.340339552287276,43.707252438989926],[-79.341592640496472,43.706820441478584],[-79.34161125527902,43.70614542668109],[-79.339446323014158,43.705888892838381],[-79.338850858935359,43.704979858376404],[-79.33979996538892,43.70431836603602],[-79.339824809608231,43.703418346708659],[-79.339502235854766,43.703863850057289],[-79.339508448032646,43.703638845255831],[-79.336115470219596,43.702914207149163]]],[[[-79.347522929389413,43.705555781094425],[-79.345965933209428,43.705758350395541],[-79.346884051049059,43.706221825827406],[-79.347163295484293,43.707351340096452],[-79.345587680696553,43.708228919671633],[-79.345866908865929,43.70935843648865],[-79.345227970780556,43.710024470601816],[-79.34429122221043,43.710235996752772],[-79.343373064623478,43.709772500141867],[-79.343366865573586,43.709997505141239],[-79.343360666451829,43.710222510131011],[-79.344855849922979,43.712270029682806],[-79.346406830517978,43.712292483722607],[-79.347045780604773,43.71162644344659],[-79.346785080056478,43.709821913296039],[-79.34865854150631,43.709398811796419],[-79.349297435307605,43.708732757720853],[-79.348087627740469,43.707589800693484],[-79.349657015189237,43.706937191539744],[-79.349973358114724,43.706716664699798],[-79.350599865771429,43.706500614216232],[-79.348416339004842,43.706919267008153],[-79.34749819849543,43.706455803587183],[-79.347522929389413,43.705555781094425]]],[[[-79.3813188684273,43.706489681486246],[-79.381008696680638,43.706485287566252],[-79.381002639119274,43.706710296929323],[-79.3813188684273,43.706489681486246]]],[[[-79.352783363298414,43.706081919184619],[-79.3515180316125,43.706964053098581],[-79.351828201266628,43.706968527080562],[-79.352454705215862,43.706752466371405],[-79.352771037120988,43.706531931600828],[-79.352777200245427,43.706306925397527],[-79.352783363298414,43.706081919184619]]],[[[-79.553746960713411,43.71037760479247],[-79.552495260208204,43.710811949122878],[-79.552484426357651,43.711262003617655],[-79.551564603728593,43.710800157450016],[-79.550002658443319,43.711230541832435],[-79.548456987576344,43.710985824019801],[-79.547194363947156,43.711870163041169],[-79.54532213533767,43.712296538334328],[-79.543781907600973,43.711826730793263],[-79.542840332616734,43.712264920451183],[-79.541223694671842,43.714945444220611],[-79.543346299203677,43.716998380149612],[-79.545196907058667,43.717472144951913],[-79.546437916667543,43.717487936529672],[-79.544892101376561,43.717243168712855],[-79.544287945667477,43.716560187659525],[-79.544614535365284,43.71588906044969],[-79.545882724550452,43.714779725810992],[-79.547123678973307,43.714795509174813],[-79.546524961273903,43.713887513090064],[-79.546856949259677,43.712991352026307],[-79.547798507363623,43.71255312907514],[-79.550568857424167,43.713488682394107],[-79.552751318995888,43.713066150400763],[-79.55367118520256,43.713527987445673],[-79.553954358463628,43.714657049688618],[-79.555516366554698,43.714226612382227],[-79.55703514853748,43.715596373831083],[-79.557971278752902,43.715383094366885],[-79.558945156818439,43.71359461285769],[-79.560496328382072,43.713614162271995],[-79.56110064176346,43.714297060104499],[-79.561106027052986,43.714072032127611],[-79.561416263998197,43.714075937862823],[-79.563598676191305,43.713653197970594],[-79.564235266818258,43.712985910051572],[-79.562721761405484,43.711391214099244],[-79.557099953367725,43.712896042931128],[-79.555554208441563,43.712651420197588],[-79.554971605967651,43.711068384048964],[-79.553746960713411,43.71037760479247]]],[[[-79.507779720166724,43.712037586559752],[-79.508349916998853,43.71407089078695],[-79.510842902405258,43.713653212714341],[-79.512061539096578,43.714569468363045],[-79.511413217098223,43.715686502797986],[-79.508920150609001,43.716104192019301],[-79.509845293898266,43.716341354798644],[-79.50983971635786,43.716566377529247],[-79.510759296352035,43.717028555804639],[-79.512005847163593,43.716819698210443],[-79.514537843006877,43.714826779140218],[-79.513324726752089,43.713685526137155],[-79.511768016246577,43.713890359594089],[-79.511463358104635,43.713661296120101],[-79.511468929004693,43.713436273108591],[-79.510255899235062,43.712294988488551],[-79.508383411804488,43.712720754584957],[-79.507779720166724,43.712037586559752]]],[[[-79.323198784411687,43.709928440584378],[-79.320977259669291,43.711696578744949],[-79.321572514069061,43.712605702049892],[-79.322807014049047,43.712848922348741],[-79.322769353001547,43.71419893734344],[-79.323674865636917,43.715112602810365],[-79.325225902850065,43.715135345418368],[-79.325554910924311,43.714464883117515],[-79.326169055092905,43.714698975220934],[-79.324984652427446,43.712655768512036],[-79.326269276982757,43.711098928522439],[-79.327838984884977,43.710446624717001],[-79.326275540233794,43.710873925522094],[-79.326281803412257,43.710648922512135],[-79.323198784411687,43.709928440584378]]],[[[-79.52810558068164,43.718378767583843],[-79.527789815367868,43.718599795605385],[-79.527446486852128,43.719945944750542],[-79.52810558068164,43.718378767583843]]],[[[-79.368631252672955,43.716663627463838],[-79.366739354486697,43.717762076625043],[-79.367019020585246,43.718891546864924],[-79.366380208851552,43.719557700284057],[-79.365443379962741,43.719769398354735],[-79.364531032652351,43.719081060595485],[-79.363283970129814,43.719288300490653],[-79.362365525340039,43.718824952735595],[-79.360169347045996,43.719693836799557],[-79.362663500237744,43.719279411876428],[-79.362657371320296,43.719504418682384],[-79.366051623103417,43.720228286284559],[-79.367006795443501,43.719341561476256],[-79.368856000423165,43.719818161507249],[-79.370431593899212,43.718940262203041],[-79.372603235918021,43.718971209848128],[-79.370127460472432,43.718710830078329],[-79.368910949964928,43.717793093758452],[-79.369555817352307,43.71690191758583],[-79.368631252672955,43.716663627463838]]],[[[-79.330684693383091,43.719717109778294],[-79.331552934794814,43.721980734127804],[-79.331242690887166,43.721976203899423],[-79.330597205223327,43.722867153104339],[-79.33119895975338,43.723551225620788],[-79.332433725348693,43.72379434568051],[-79.333376964874759,43.723357917954502],[-79.333054232377833,43.723803399127526],[-79.33273149502304,43.724248879278996],[-79.332725253012498,43.724473882491644],[-79.332408752810267,43.72469435840889],[-79.332092250287488,43.724914833404014],[-79.330211941817694,43.725562655422451],[-79.329895426749005,43.725783124097376],[-79.329585163480033,43.725778589058486],[-79.329274900283579,43.725774053177787],[-79.328356628434975,43.725310435156388],[-79.329262389649699,43.726224058680465],[-79.332396266106812,43.72514436471544],[-79.334636674654988,43.722701000651092],[-79.332464939393532,43.722669329553916],[-79.330684693383091,43.719717109778294]]],[[[-79.226747804797412,43.718601656026834],[-79.226430956878815,43.718821832511303],[-79.226120746405755,43.718817017241136],[-79.224873260879733,43.719022738423604],[-79.224232897830575,43.719688070301288],[-79.225097103027778,43.721952435515377],[-79.224139832386342,43.722837937310928],[-79.226581847501251,43.72422642594708],[-79.227208961398432,43.724011063328717],[-79.228119773521684,43.724700471685622],[-79.229367367580195,43.724494717062306],[-79.230601705009903,43.724738930971029],[-79.228766780467936,43.723810127802352],[-79.227578917011371,43.721990958522085],[-79.225750764918061,43.720837117896437],[-79.226747804797412,43.718601656026834]]],[[[-79.594685510911049,43.724619200179305],[-79.591855945194155,43.726160038185128],[-79.591524546979883,43.727056336080025],[-79.59059362319168,43.727044858810643],[-79.590299150512436,43.726365940356871],[-79.58937351964326,43.726129422983988],[-79.58842146982785,43.727018049039899],[-79.586869933548797,43.726998873938967],[-79.585907243085671,43.728337538029457],[-79.587395337448029,43.731057085958113],[-79.586459059815979,43.731270604016728],[-79.587700376713599,43.731285951427637],[-79.590241085684511,43.728841273657395],[-79.591482354432372,43.728856579323825],[-79.591808490952957,43.72818531239939],[-79.593360061153192,43.72820442087383],[-79.594927416679965,43.727548416078307],[-79.596773520964931,43.728246385404262],[-79.596473717115742,43.727792512892812],[-79.596163404665532,43.727788701363835],[-79.595574332335374,43.726430890794283],[-79.595905666759819,43.725534580198477],[-79.594685510911049,43.724619200179305]]],[[[-79.608017865813864,43.725232562862068],[-79.60677666312084,43.725217437755468],[-79.604893966985344,43.726094851980562],[-79.604888743356355,43.726319883744218],[-79.606119529664056,43.726785093388969],[-79.606088213755996,43.728135284370815],[-79.606403747618501,43.72791403714276],[-79.606719279158881,43.727692789003974],[-79.606724496185123,43.727467757119257],[-79.607660646425572,43.727254071115773],[-79.6088914739004,43.727719251371525],[-79.610158750038167,43.726609193055396],[-79.608017865813864,43.725232562862068]]],[[[-79.603358131515478,43.725400805890523],[-79.602116927811792,43.725385630138156],[-79.601485853828848,43.725828100131878],[-79.599939581645259,43.725584071467438],[-79.598992940419677,43.72624775666651],[-79.598072524449236,43.725786278157898],[-79.597136365122367,43.725999885511591],[-79.596489483134775,43.727117420174636],[-79.597089089059409,43.728025164371005],[-79.599540136731221,43.729405799956986],[-79.597657205185754,43.730283091138901],[-79.601102220335008,43.728974741335804],[-79.602333030143157,43.729439991891304],[-79.602069820568616,43.727410913527827],[-79.604888743356355,43.726319883744218],[-79.604578437392817,43.726316095161586],[-79.604583662182748,43.726091063427518],[-79.603358131515478,43.725400805890523]]],[[[-79.334953156149439,43.722480518189876],[-79.334642909125918,43.722475997149644],[-79.334636674654988,43.722701000651092],[-79.334946922838654,43.722705521726645],[-79.334953156149439,43.722480518189876]]],[[[-79.265440172900966,43.722121769759077],[-79.265129938920509,43.72211706007694],[-79.265420692526661,43.722796756035756],[-79.265440172900966,43.722121769759077]]],[[[-79.60982241540998,43.727730579753214],[-79.608250001040844,43.72861182294168],[-79.606088213755996,43.728135284370815],[-79.609475653784429,43.729302029257951],[-79.609733914105831,43.731556125374304],[-79.60847173496974,43.732441144690235],[-79.606320247426481,43.731514545397786],[-79.605068467999587,43.731949463263312],[-79.602906588068933,43.73147286350212],[-79.602249281635622,43.733040492937398],[-79.600992202237109,43.733700396368981],[-79.598825046328955,43.733448750115834],[-79.597567921624332,43.734108615209685],[-79.596337055311722,43.733643312906736],[-79.595400767040744,43.73385690402408],[-79.598052087252015,43.739967028481225],[-79.598062590634058,43.739516967336591],[-79.59806784223376,43.739291936750192],[-79.598704333970659,43.738624458213252],[-79.598099350553198,43.737941753034384],[-79.599661667512635,43.737510717855479],[-79.600003494210441,43.736164335318314],[-79.601544799859411,43.736633397368507],[-79.602496814369687,43.735744662866068],[-79.603727772722024,43.736209899864548],[-79.604664070009534,43.735996240695847],[-79.605300453535406,43.735328723593973],[-79.605016224848853,43.734199778330897],[-79.606573177865727,43.733993677962836],[-79.607209518671354,43.733326149434106],[-79.608135333573202,43.73356252445155],[-79.608424830292833,43.734466431049704],[-79.609955748797304,43.735385443726848],[-79.611838667696773,43.734507950383581],[-79.612164610538343,43.733836623384335],[-79.611559519184212,43.733153987519991],[-79.613137200572552,43.732047668091298],[-79.61285283809633,43.730918739937778],[-79.611927044141865,43.730682403331514],[-79.612258160897539,43.729786043031389],[-79.60982241540998,43.727730579753214]]],[[[-79.466728400418006,43.727701025131715],[-79.465159690342432,43.728355250857732],[-79.463619711350873,43.72788436721688],[-79.462683071961635,43.728096865453217],[-79.459499363153483,43.731205317583488],[-79.457953583645889,43.730959374214635],[-79.453890616265895,43.732029948422714],[-79.45297126019959,43.731567316725332],[-79.453281572149507,43.731571517273125],[-79.454873636359721,43.730017392360764],[-79.454270392690333,43.729333950063314],[-79.453034983626097,43.729092137935574],[-79.450511977264,43.730633618195611],[-79.450465555698429,43.732433745704853],[-79.449206869017729,43.733091954882802],[-79.451080387201458,43.732667175656793],[-79.451408102897616,43.731996333409832],[-79.452660948316861,43.731563115335412],[-79.453884826172768,43.732254964698669],[-79.45447072947232,43.733613457945481],[-79.453206267261365,43.734496727513466],[-79.453516594371877,43.73450092764552],[-79.453826921549549,43.734505126935346],[-79.454143038397632,43.734284309169276],[-79.454453364548428,43.734288506741869],[-79.457890058642974,43.733434557932753],[-79.457866956633325,43.73433462445427],[-79.459067866273671,43.735926486227093],[-79.463630830350667,43.739589436102136],[-79.465803316293758,43.739618623903638],[-79.46830337413202,43.73897687830182],[-79.469257367162712,43.738089283629989],[-79.469291768392083,43.736739177468763],[-79.471492782254614,43.735643166313004],[-79.471527130327203,43.734293058162677],[-79.473710865379246,43.733872056524149],[-79.474923614551699,43.735013721155816],[-79.477101650262995,43.734817673310964],[-79.478015546206208,43.735505132722174],[-79.478952251084024,43.735292509957709],[-79.479228410567345,43.736646753021212],[-79.481383741670115,43.737350699761116],[-79.481056327476225,43.738021631829675],[-79.481659964313579,43.738704937410979],[-79.483522083148202,43.738729663934343],[-79.483792679917784,43.740308915994049],[-79.480988048260002,43.740721857988781],[-79.480660610256919,43.741392788208202],[-79.481568957250161,43.742305239228415],[-79.480936832613253,43.742747026711754],[-79.479384964851079,43.74272638678535],[-79.478171977900757,43.741584767490522],[-79.476608728306815,43.74201412704052],[-79.476281234282197,43.742685043745773],[-79.47687915523349,43.743593392157223],[-79.47871292402786,43.74474329084051],[-79.478707224344049,43.744968309228987],[-79.479971544113326,43.744084756758326],[-79.480896994526333,43.74432215740952],[-79.48149500157885,43.745230482667132],[-79.482426161761609,43.745242852520661],[-79.48275360236218,43.744571917697797],[-79.484632936226063,43.743921571934607],[-79.484350947494221,43.742792360410355],[-79.484988723682008,43.742125534537976],[-79.486235879510247,43.741916967834619],[-79.487155655390794,43.742379337079662],[-79.487443362019008,43.743283523141336],[-79.488684872238679,43.743299949404204],[-79.489023553395867,43.742178956140755],[-79.490276353317128,43.741745325500709],[-79.491184853692175,43.742657702211169],[-79.492121627169809,43.742444972679195],[-79.493340544910396,43.743361427830813],[-79.492996290600232,43.744707454617981],[-79.491427407397367,43.745362036818058],[-79.491410450659515,43.746037095850717],[-79.492635076672286,43.746728539169055],[-79.491986032967063,43.747845447044817],[-79.493233285934835,43.747636805530185],[-79.494457965594535,43.748328229896792],[-79.495039299722052,43.749911546794792],[-79.497793612217066,43.751523446663484],[-79.497748574042902,43.753323607212785],[-79.498995923035253,43.753114904335142],[-79.498696746020087,43.752660786019298],[-79.499972185528435,43.75132697094552],[-79.501219485781519,43.75111824301564],[-79.502449941775637,43.751584563131857],[-79.502771585966656,43.751138589570701],[-79.504329292719291,43.750933894258722],[-79.507100691300678,43.751870511030283],[-79.507394335000185,43.752549629312227],[-79.506446258874888,43.753212524094486],[-79.507027954614685,43.754795783882741],[-79.509500301711114,43.755278246549317],[-79.512948614081864,43.753972607886652],[-79.512028458767901,43.753510441819458],[-79.510836952511937,43.75146907347527],[-79.510825791120197,43.751919116353719],[-79.510820210327253,43.752144137778743],[-79.510493037569702,43.752815156062418],[-79.509245731391758,43.753023985124791],[-79.50928483807607,43.751448836322162],[-79.507123069613641,43.750970426753838],[-79.505299759461124,43.749370932824668],[-79.50311005349775,43.750017552903579],[-79.501258800355984,43.749543099454065],[-79.500045257047987,43.748401705738928],[-79.497849904059819,43.749273245124321],[-79.496941203628651,43.748360919533702],[-79.49569958408874,43.748344581456635],[-79.494785290477608,43.747657259247532],[-79.494158846086407,43.747874100168559],[-79.494187057321241,43.746749000673745],[-79.495123885060664,43.746536247441874],[-79.495456829379165,43.745640254339982],[-79.496715289973494,43.744981533537718],[-79.496122687190422,43.743848264387744],[-79.497369843621456,43.743639576173337],[-79.498007486499631,43.742972675775007],[-79.497713993489882,43.742293534465972],[-79.494638456246946,43.74112758862104],[-79.493380055419081,43.741786287816076],[-79.492460239198323,43.741323968069786],[-79.490282009030082,43.741520305780604],[-79.487212327697264,43.740129142941846],[-79.486614282013463,43.739220846305102],[-79.486930306131867,43.738999936612608],[-79.482946836643379,43.736921272280036],[-79.483590243749902,43.73602943366064],[-79.485457953991727,43.735829108100127],[-79.485164636443116,43.735149936298342],[-79.483917618368224,43.735358493535358],[-79.481474744103608,43.733750395120211],[-79.478388570041972,43.733034059103694],[-79.477790726717473,43.732125718166216],[-79.478755863722753,43.730788001739008],[-79.47811814316411,43.731454794848261],[-79.477807828206736,43.73145066173727],[-79.475945939850789,43.731425845385964],[-79.474061196030263,43.732301072385226],[-79.473503440682776,43.7298175809252],[-79.472290821052738,43.728675902146108],[-79.468561493747018,43.728851079853783],[-79.467963840284142,43.727942689647058],[-79.466728400418006,43.727701025131715]],[[-79.465745814644407,43.729713690377011],[-79.466653760136737,43.730626255851966],[-79.467280118014926,43.730409563915828],[-79.46819383372781,43.731097099763076],[-79.469739662550495,43.731342905254913],[-79.47062478353017,43.733155512082973],[-79.469366296180212,43.733813946280158],[-79.468383692443197,43.735826631956208],[-79.466504445822707,43.736476712477696],[-79.466171126540672,43.737372617009292],[-79.465234346709394,43.737585133775397],[-79.465228597973947,43.737810151032093],[-79.462470041306176,43.736422501537085],[-79.460608012256245,43.736397433092549],[-79.460010408346989,43.735489003111581],[-79.46158512277492,43.734609835458237],[-79.461286319650767,43.734155623282597],[-79.462240336161187,43.733268086874318],[-79.461958814346261,43.732138824984126],[-79.463217344991122,43.731480472867972],[-79.463556426498712,43.730359558861345],[-79.465745814644407,43.729713690377011]]],[[[-79.331707037872633,43.72761034069827],[-79.330155673663555,43.727587680924486],[-79.329826640201858,43.728258154665667],[-79.330143168832095,43.728037686485926],[-79.331707037872633,43.72761034069827]]],[[[-79.319904133985403,43.72788760179013],[-79.318650453244331,43.728319350301767],[-79.319271002613334,43.728328479319167],[-79.319897843166217,43.72811260338441],[-79.319904133985403,43.72788760179013]]],[[[-79.424147951232243,43.729822905983035],[-79.423527354074878,43.729814346129842],[-79.423187532523229,43.730935130214505],[-79.422250711790738,43.731147294017489],[-79.423766822223413,43.73251878353792],[-79.422812258751151,43.733405990412543],[-79.423087141264759,43.734760350364972],[-79.421828113792657,43.735418252404727],[-79.422126621603653,43.735872563260209],[-79.422120711793553,43.736097575976444],[-79.421804470044691,43.736318303154853],[-79.423051704331741,43.73611042740751],[-79.423075329227643,43.735210376083927],[-79.42497268177695,43.733885976929216],[-79.425891850739418,43.734348831014884],[-79.42806999554503,43.734153719853346],[-79.426553745044885,43.732782285708026],[-79.425616906416067,43.732994476790005],[-79.424697760058251,43.732531620731422],[-79.424727256507111,43.731406554955086],[-79.423814043582198,43.730718678983429],[-79.424147951232243,43.729822905983035]]],[[[-79.32516623615733,43.728415037030786],[-79.325470242258135,43.728644586496266],[-79.325159964920218,43.728640039210504],[-79.325134879244814,43.729540047833297],[-79.323235516417583,43.730862756952796],[-79.323526971186453,43.73154231530556],[-79.325065887639425,43.732015070753],[-79.327263008768028,43.731146878606729],[-79.328497912311434,43.731390043140287],[-79.32697151322941,43.730467329092328],[-79.327015365690826,43.728892312679875],[-79.32516623615733,43.728415037030786]]],[[[-79.442139553719912,43.730294691648567],[-79.441483928985917,43.731636319420232],[-79.441800074838198,43.731415536148404],[-79.442139553719912,43.730294691648567]]],[[[-79.592292061385578,43.734043747764701],[-79.591981717215148,43.734039924451324],[-79.591971170299146,43.734489984855173],[-79.592292061385578,43.734043747764701]]],[[[-79.261185806990198,43.729710301346934],[-79.260875534543928,43.729705579470313],[-79.260869022355891,43.729930574061385],[-79.261179295962563,43.729935295974869],[-79.261185806990198,43.729710301346934]]],[[[-79.511903856356696,43.733475411208715],[-79.505658088392039,43.734969571729032],[-79.505342153344316,43.735190534662046],[-79.504715876739809,43.735407436331279],[-79.506888252742129,43.735435841083159],[-79.507492161968401,43.736119014326675],[-79.506849105073684,43.737010992596176],[-79.508378496516144,43.737931344546865],[-79.508051378408126,43.738602358174077],[-79.507114718099928,43.738815220113395],[-79.506133284004221,43.740828245672986],[-79.504570243710518,43.741257990987663],[-79.503339980023512,43.740791695685431],[-79.503057651390606,43.739662524894435],[-79.500264405531567,43.739625900515442],[-79.499045454369536,43.738709518218215],[-79.500958123656545,43.736708772727475],[-79.50189477135352,43.736495961023216],[-79.501606875899441,43.735591807652092],[-79.502870664587576,43.73470799271167],[-79.501618099977449,43.735141765374983],[-79.501612487970974,43.735366786518291],[-79.49695178753079,43.73553067452378],[-79.495964438280524,43.737768630242137],[-79.502025561170555,43.743700701215147],[-79.504824600365509,43.743512264103209],[-79.505118179865519,43.744191388244253],[-79.506653319066402,43.74488674320385],[-79.507590076187768,43.744673886643746],[-79.507878101941415,43.74557802545678],[-79.509108499238238,43.746044273420992],[-79.508470944414285,43.746711236719293],[-79.508764580062874,43.747390351935252],[-79.507212572486651,43.747370088133522],[-79.506569386452242,43.748262061343077],[-79.507788644554822,43.749178366301834],[-79.507760685717756,43.750303472318997],[-79.510526529495266,43.751465027730212],[-79.510836952511937,43.75146907347527],[-79.511485689463953,43.75035205475946],[-79.512738505989859,43.749918178548491],[-79.512444813531857,43.74923907302005],[-79.511519156199071,43.749001925234104],[-79.510937393390364,43.747418685865888],[-79.512201301186195,43.746534771087774],[-79.513437322723519,43.746775951283851],[-79.513448462547458,43.746325907465113],[-79.512223598908534,43.745634683879416],[-79.512251469607193,43.744509574656043],[-79.508881905391192,43.742664900495619],[-79.509835368018813,43.741776959831441],[-79.509863279690421,43.740651851067064],[-79.510805538279044,43.740213945046584],[-79.511731058128333,43.740451096996246],[-79.510822273662924,43.739538879333267],[-79.511149366415779,43.738867857510861],[-79.513349717466966,43.73777103064014],[-79.515184025659337,43.738920352540156],[-79.515161777507217,43.739820442018775],[-79.518597976609499,43.738964660211501],[-79.521673886751131,43.740129966582209],[-79.522876617280048,43.741721181774068],[-79.522549638246048,43.742392238478757],[-79.521607428072343,43.742830241916018],[-79.520681830656386,43.742593168989494],[-79.519722966864549,43.743706224799119],[-79.516602455590331,43.744341043406145],[-79.5159205180817,43.746808227671913],[-79.514978190876178,43.747246174442324],[-79.513742153070538,43.747005010708335],[-79.513731015183097,43.74745505453334],[-79.514030282105949,43.747909135133249],[-79.516507966266303,43.74816642146164],[-79.517100997051728,43.749299590126256],[-79.518037788719568,43.74908664852105],[-79.518957924720851,43.749548766234724],[-79.518969024257771,43.749098721509881],[-79.520221762525452,43.748664762016269],[-79.521446781417708,43.749355901685142],[-79.521723958058345,43.75071005331823],[-79.523902435754152,43.750513119761521],[-79.524822639729649,43.750975191081281],[-79.524794998247657,43.752100305423234],[-79.525105426551747,43.752104312462343],[-79.525110953814021,43.751879289581581],[-79.526396841620283,43.750095124797411],[-79.52643549453235,43.748519962962305],[-79.525831246212817,43.747836886472328],[-79.524284744632666,43.747591831282904],[-79.52365287118694,43.748033858355775],[-79.521164075194434,43.748226771879523],[-79.519950173729981,43.747085584336254],[-79.518703017217774,43.747294518996682],[-79.519346014104258,43.746402474633591],[-79.522466606102796,43.745767582425842],[-79.523436517779274,43.744204457708236],[-79.525326467059685,43.743103389858476],[-79.524500346335103,43.738815928216766],[-79.523269971650336,43.738349845831969],[-79.522327830776774,43.738787856482183],[-79.520205205103352,43.736734536976044],[-79.514275210539139,43.738008161686956],[-79.513726874206952,43.735074799698118],[-79.511903856356696,43.733475411208715]]],[[[-79.43088639897141,43.733292049683634],[-79.430576081443164,43.733287788204066],[-79.430570203802006,43.73351280193571],[-79.43088052249125,43.733517063448566],[-79.43088639897141,43.733292049683634]]],[[[-79.453206267261365,43.734496727513466],[-79.451344306009162,43.734471509034634],[-79.449464925713841,43.735121307342474],[-79.449119744281418,43.736467189921775],[-79.448182922286648,43.736679566232105],[-79.448774546557146,43.737813070921725],[-79.450958557460794,43.737392508653322],[-79.452176734360336,43.738309392895815],[-79.451883784197577,43.737630141341128],[-79.451889582869782,43.737405125490213],[-79.450683034283813,43.736038206839588],[-79.450706245265962,43.73513814363821],[-79.45257981776578,43.734713340762887],[-79.453206267261365,43.734496727513466]]],[[[-79.547162208441392,43.738881190771153],[-79.546835515209068,43.739552321294234],[-79.547151324032029,43.739331241985042],[-79.547162208441392,43.738881190771153]]],[[[-79.334579029581022,43.735980713398121],[-79.334572791933311,43.736205716358683],[-79.334262474116585,43.736201193164291],[-79.334212561043458,43.738001216220532],[-79.336341231453204,43.739607884273603],[-79.336278909823477,43.741857914028728],[-79.338420219918461,43.743014539362903],[-79.339357502359618,43.742803070984102],[-79.340282342978384,43.743041601498021],[-79.339065816472342,43.742123550579905],[-79.339115591321359,43.740323524391066],[-79.338190797154056,43.740084985063454],[-79.337905362715674,43.739180458575952],[-79.340146091269659,43.73673699701623],[-79.337986292686992,43.736255415916872],[-79.337973842716039,43.736705422585437],[-79.336720099867989,43.73713736787451],[-79.334579029581022,43.735980713398121]]],[[[-79.20732856343021,43.734955569060311],[-79.207018272912592,43.734950700528714],[-79.20637082227158,43.735840911981185],[-79.20732856343021,43.734955569060311]]],[[[-79.311584174766637,43.736768726662859],[-79.311273857694744,43.736764141009836],[-79.311577850844998,43.736993726943766],[-79.311584174766637,43.736768726662859]]],[[[-79.426991743450571,43.739766240067304],[-79.426681393066517,43.739761967514404],[-79.426675499512214,43.739986980569846],[-79.426985851057609,43.739991253156148],[-79.426991743450571,43.739766240067304]]],[[[-79.259710105975799,43.737791203993346],[-79.259399792048995,43.737786477420897],[-79.259393272499224,43.738011471516337],[-79.259703587586912,43.738016198125706],[-79.260013902750146,43.738020923893011],[-79.259710105975799,43.737791203993346]]],[[[-79.202613629607754,43.736907338198556],[-79.201662523862893,43.73756765248239],[-79.201028441759249,43.738007857365119],[-79.201966092455308,43.737797522909133],[-79.202613629607754,43.736907338198556]]],[[[-79.312952506092842,43.743316651725593],[-79.312319158742156,43.743757486131884],[-79.31231283603141,43.743982486221888],[-79.312952506092842,43.743316651725593]]],[[[-79.483323227218278,43.746605327765671],[-79.48331186158471,43.747055365347975],[-79.482058901641992,43.747488916892557],[-79.481403963909727,43.748830780083402],[-79.480467054646624,43.749043419511317],[-79.479558625546048,43.748130959532375],[-79.478317020724973,43.74811443269909],[-79.479242525890456,43.74835184739873],[-79.47954153378025,43.74880601453274],[-79.479535836392841,43.749031032847242],[-79.479501650681129,43.75038114253492],[-79.48101956307201,43.751751894042165],[-79.482272620019756,43.751318355610536],[-79.482283995130658,43.750868318581745],[-79.483830393625297,43.751113940855149],[-79.486014663902822,43.750692712896438],[-79.486325079440391,43.750696825155636],[-79.485427886652388,43.749334372549143],[-79.486065722537575,43.748667542239147],[-79.487939485690973,43.748242163006836],[-79.487651749857989,43.747337978502152],[-79.486077068177281,43.748217504211013],[-79.484559125590906,43.746846818693271],[-79.483323227218278,43.746605327765671]]],[[[-79.335881283864367,43.745003434554846],[-79.334614872482916,43.745885358448895],[-79.335191945405711,43.747469421969811],[-79.334242093099888,43.748130859525574],[-79.335502321576328,43.74747394356082],[-79.337047972631595,43.747721541667545],[-79.338612312259087,43.747294110161604],[-79.3379977881212,43.747060080143228],[-79.338004015301863,43.746835077220155],[-79.3377247826662,43.745705547891419],[-79.335881283864367,43.745003434554846]]],[[[-79.476443197792406,43.748539653200446],[-79.476109954013694,43.749435586083173],[-79.475167303789789,43.749873199490985],[-79.473626695476725,43.749402443228639],[-79.474236074965262,43.749860769462359],[-79.474540768195808,43.750089931398044],[-79.474851178966091,43.750094074773294],[-79.476069980044088,43.75101071139968],[-79.476656559571694,43.752369096570909],[-79.477582122919088,43.752606525409924],[-79.478524799563161,43.752168892650566],[-79.478875124723061,43.750597898341923],[-79.476747893046124,43.748768809326656],[-79.476443197792406,43.748539653200446]]],[[[-79.4717528010179,43.749827585640915],[-79.472040307198341,43.750731806475173],[-79.472350720924311,43.750735956689212],[-79.47235644556946,43.750510939194257],[-79.472057484420972,43.750056754059031],[-79.4717528010179,43.749827585640915]]],[[[-79.419270949830903,43.750014021611399],[-79.418327889616577,43.750451159634117],[-79.417671503833901,43.751792634800971],[-79.414871865900963,43.751978926628702],[-79.414221328756028,43.753095368991495],[-79.413296023325643,43.752857430585003],[-79.416979491802522,43.754484174180838],[-79.416991357463914,43.754034151308097],[-79.420142954301539,43.752277018542884],[-79.420751945844728,43.752735624082241],[-79.42355160502683,43.752549188450182],[-79.423247098110338,43.752319893380168],[-79.4229366834209,43.752315609688608],[-79.421431936343268,43.750494082351786],[-79.419270949830903,43.750014021611399]]],[[[-79.524794998247657,43.752100305423234],[-79.522915823189336,43.752751313417434],[-79.52416308014098,43.752542334361941],[-79.524789469758957,43.752325328263261],[-79.524794998247657,43.752100305423234]]],[[[-79.27274310495703,43.748793433346819],[-79.269309552381273,43.749416758188943],[-79.269012149064352,43.748962067100813],[-79.268643387976084,43.750982317354776],[-79.267052507495293,43.752308758540913],[-79.26767328799454,43.752318171758972],[-79.26799016898002,43.752097882549791],[-79.268300558256044,43.75210258701582],[-79.272361522369025,43.751263688037618],[-79.273952259447569,43.749937170292618],[-79.27274310495703,43.748793433346819]]],[[[-79.219353408644807,43.748198989355302],[-79.219927441974832,43.749783583132611],[-79.220231142316123,43.750013406801472],[-79.219353408644807,43.748198989355302]]],[[[-79.522915823189336,43.752751313417434],[-79.522849391089096,43.755451584278717],[-79.520022103484166,43.756765566479551],[-79.519656164530787,43.759011766269019],[-79.521230654172939,43.758131776423312],[-79.522466952142437,43.75837286235906],[-79.523071264531893,43.759055956376784],[-79.522422642959683,43.760173040942874],[-79.524279930207157,43.760422135168632],[-79.525183700846299,43.761559272429814],[-79.523925191723507,43.762218304441902],[-79.524224607078793,43.762672359332889],[-79.523587036335215,43.763339404973969],[-79.521397004250503,43.763986369565004],[-79.520781571654652,43.76375331080397],[-79.5201273062615,43.76509540202062],[-79.520748296010638,43.765103442495935],[-79.521347110272998,43.766011567455067],[-79.522284150265349,43.765798595117232],[-79.523814505522665,43.766718749686127],[-79.52598803315918,43.766746807298972],[-79.528183638092344,43.765874733094783],[-79.529420124686382,43.766115746117961],[-79.530013569310142,43.767248850238694],[-79.528732923650281,43.768808024288262],[-79.530263455631641,43.76972809448111],[-79.529620360136278,43.770620195516159],[-79.527746171018151,43.771046251001259],[-79.529886780643906,43.772424371540232],[-79.527646781804066,43.775096652576032],[-79.527957329441136,43.77510065352984],[-79.5282733969822,43.774879631348291],[-79.528583943583612,43.774883630583865],[-79.53201647766376,43.774252498449599],[-79.533280657035277,43.773368358098772],[-79.532681590036518,43.77246029325179],[-79.530823892963113,43.772211330379967],[-79.531461481251625,43.771544245555162],[-79.531217047443491,43.768839981068425],[-79.532475619455028,43.768180870305002],[-79.532503132481111,43.767055755259406],[-79.531588130250668,43.766368719798749],[-79.531005679309644,43.764785577467329],[-79.529142712092522,43.764761613251032],[-79.528554823947289,43.763403481932144],[-79.526697425160549,43.763154455771492],[-79.528587922059785,43.762053345090699],[-79.528626533613703,43.760478185012367],[-79.526774747295761,43.760004138437445],[-79.526491895737308,43.758875021735015],[-79.525571559084028,43.758412962588181],[-79.52307680075792,43.758830933976938],[-79.522799560946993,43.757476786531264],[-79.525299792016838,43.756833797628495],[-79.52593727293889,43.756166740449615],[-79.525648927497798,43.755262644226462],[-79.524418209962903,43.754796570622183],[-79.523514552358847,43.75365942764364],[-79.522915823189336,43.752751313417434]]],[[[-79.455846806103253,43.752539975578692],[-79.455536385455346,43.752535780406532],[-79.455530597385476,43.752760796046857],[-79.455846806103253,43.752539975578692]]],[[[-79.42355160502683,43.752549188450182],[-79.426924917346227,43.754171332390221],[-79.426930812882702,43.753946319868277],[-79.426315863451634,43.753712758935393],[-79.42355160502683,43.752549188450182]]],[[[-79.500181433122762,43.755381410484254],[-79.500740503883989,43.757864780229959],[-79.499481812295599,43.758523540681537],[-79.500712404506444,43.758989880910171],[-79.501006008113649,43.759669014252509],[-79.503817012713597,43.759030572499604],[-79.503523380029804,43.758351445896324],[-79.504787629315814,43.757467619628621],[-79.505713388202949,43.757704823096077],[-79.506311902052559,43.758613023688703],[-79.507564928463054,43.758179207813171],[-79.506068639780835,43.755908716395432],[-79.501411967225764,43.755847742580222],[-79.500181433122762,43.755381410484254]]],[[[-79.515692475972671,43.756034127951757],[-79.515382028674054,43.756030095061448],[-79.515376464154301,43.756255116789333],[-79.515692475972671,43.756034127951757]]],[[[-79.402275818835776,43.758556307000624],[-79.401959385022124,43.758776975487166],[-79.397893580375893,43.759845509352346],[-79.40226384101102,43.759006326301048],[-79.402275818835776,43.758556307000624]]],[[[-79.397893580375893,43.759845509352346],[-79.396311274589991,43.760948779897618],[-79.395994806457423,43.761169431245172],[-79.395684350125521,43.761165072845138],[-79.394114009486529,43.761818294142707],[-79.393469000441144,43.762709600362655],[-79.392245227003698,43.76201710856315],[-79.390997355000522,43.762224637176587],[-79.389408823146653,43.763552816899143],[-79.388793928312651,43.763319055120419],[-79.388799968645756,43.763094047129826],[-79.38880600890883,43.762869039129676],[-79.388525750961335,43.761739621095685],[-79.388477420395944,43.763539684938152],[-79.389713253885262,43.763782200607487],[-79.390316087469358,43.764465973785171],[-79.389993542680145,43.764911615830478],[-79.390608458513867,43.765145371413176],[-79.392799870104682,43.764500936116413],[-79.393725267597432,43.764739041560148],[-79.394316116536501,43.765872811317067],[-79.393044070187315,43.766980394611885],[-79.394608539559499,43.766552199348283],[-79.396465432466741,43.766803365879042],[-79.39649549332519,43.765678322284195],[-79.39774942747836,43.765245725655326],[-79.396842036873281,43.764332626002592],[-79.397815502536531,43.762770627199423],[-79.396573643400316,43.762753207819834],[-79.39598278046121,43.761619448957809],[-79.397893580375893,43.759845509352346]]],[[[-79.477308185034175,43.763407376764413],[-79.475755785925529,43.763386679848978],[-79.475100524943969,43.764728498705296],[-79.475698638189002,43.765636852846356],[-79.473818525119441,43.766287037915674],[-79.47347941271893,43.767407975391286],[-79.47500904180248,43.768328773099221],[-79.479695128981959,43.767265748657621],[-79.479700829397132,43.767040731047089],[-79.478470243363873,43.766574165123231],[-79.478504471586845,43.765224059921472],[-79.483816910799092,43.763944109996793],[-79.478510176059117,43.764999042354631],[-79.478515880465253,43.764774024778319],[-79.477308185034175,43.763407376764413]]],[[[-79.334165431353341,43.76208551917933],[-79.333854979865492,43.762080992764091],[-79.333848733822819,43.762305994610529],[-79.334159186473158,43.762310521061124],[-79.334165431353341,43.76208551917933]]],[[[-79.40711156653245,43.763575872642072],[-79.406801096071931,43.763571544249814],[-79.407105594730879,43.763800882628608],[-79.40711156653245,43.763575872642072]]],[[[-79.326024686085447,43.764442568488306],[-79.325714223697062,43.764438019767738],[-79.325707946628839,43.764663020587172],[-79.326018410179856,43.76466756934326],[-79.326024686085447,43.764442568488306]]],[[[-79.47970652974621,43.76681571342705],[-79.479700829397132,43.767040731047089],[-79.480632327069003,43.767053120392852],[-79.47970652974621,43.76681571342705]]],[[[-79.467574176408576,43.767554027987806],[-79.466332176839245,43.767537365126969],[-79.46288786574145,43.768616551752615],[-79.462577360934546,43.768612374491106],[-79.463796339089143,43.769529141943579],[-79.462502411745277,43.771537578503541],[-79.46155931373039,43.771975071435108],[-79.459707735390836,43.771499941384256],[-79.460012479620758,43.771729142025166],[-79.460006704456546,43.771954157381195],[-79.459989378562028,43.772629203392242],[-79.458735718149015,43.773062486941939],[-79.458407846594895,43.773733343442395],[-79.459626861645972,43.774650155179295],[-79.461490076343068,43.774675256926116],[-79.462755282396571,43.773791912355414],[-79.46281869623482,43.771316740520241],[-79.46345125823386,43.770875061799515],[-79.463761774873817,43.770879236857347],[-79.468137737091553,43.769812517770831],[-79.468793211348157,43.768470743096046],[-79.467574176408576,43.767554027987806]]],[[[-79.203931177745005,43.76551481953809],[-79.202993097172424,43.765725161817869],[-79.203290073639735,43.766180016332747],[-79.203931177745005,43.76551481953809]]],[[[-79.449507150037462,43.769561239855548],[-79.448563991762811,43.769998624719108],[-79.448230205900771,43.770894465086144],[-79.44883960124119,43.771352925464306],[-79.447269548795958,43.772006880892171],[-79.449144302401351,43.771582154472938],[-79.449483893186965,43.770461297105278],[-79.450427052338213,43.770023904690483],[-79.451352776269019,43.770261547797233],[-79.451048073069273,43.77003232460158],[-79.450743372196015,43.769803100618908],[-79.450432863027416,43.769798890274629],[-79.449507150037462,43.769561239855548]]],[[[-79.28525830708881,43.767214449880569],[-79.284947836911627,43.767209790194421],[-79.284941406429112,43.767434786159257],[-79.285251877768971,43.767439445881784],[-79.28525830708881,43.767214449880569]]],[[[-79.456326760151569,43.770103757659641],[-79.451962189648086,43.770719991827342],[-79.451352776269019,43.770261547797233],[-79.451645869251436,43.770940799233941],[-79.456326760151569,43.770103757659641]]],[[[-79.5196669482022,43.771166966375688],[-79.518724260197189,43.771604937198106],[-79.517493266699532,43.771138786308043],[-79.517482147560202,43.771588828990481],[-79.517792675622744,43.771592857307475],[-79.519317552831055,43.772738093725515],[-79.519899765314676,43.774321290229736],[-79.5196669482022,43.771166966375688]]],[[[-79.459707735390836,43.771499941384256],[-79.455958347407886,43.772349712005102],[-79.4540546260626,43.773899623876595],[-79.452824108055196,43.7734327831364],[-79.451564573901933,43.774091001365711],[-79.44971301445652,43.773615709714306],[-79.448763975269941,43.774278109124701],[-79.448734885321642,43.775403179335278],[-79.44779162854428,43.77584055594469],[-79.447785806726444,43.776065569840455],[-79.448096347931084,43.77606978785289],[-79.449022154719131,43.776307450847604],[-79.450586491343003,43.775878487396973],[-79.451230808106004,43.774986850204925],[-79.453996643631015,43.776149769837176],[-79.454934066544524,43.775937356086494],[-79.455589904747811,43.774595663901295],[-79.457148365575705,43.774391624005524],[-79.458419409562779,43.773283313199869],[-79.458747278387705,43.772612456576965],[-79.458137793326898,43.772154047837141],[-79.459707735390836,43.771499941384256]]],[[[-79.259094216754221,43.769745004964292],[-79.258777208643025,43.76996526675039],[-79.258770679437561,43.770190259500019],[-79.259087688787261,43.769969997760541],[-79.259094216754221,43.769745004964292]]],[[[-79.275853728638978,43.770224220427167],[-79.275536778013404,43.770444529675281],[-79.275219825062095,43.770664837997536],[-79.275213357336497,43.77088983267668],[-79.273635025418812,43.77176636571987],[-79.272710027489595,43.771527293909287],[-79.27176559468522,43.771963197433934],[-79.271105708787985,43.773303767835706],[-79.272011285866554,43.774217835444901],[-79.274184817687555,43.77425068568008],[-79.27765850833913,43.772277270216406],[-79.278881126493772,43.772970969937639],[-79.277981918885757,43.771831960220617],[-79.276727023177713,43.772263225414271],[-79.275510911612514,43.771344508518908],[-79.275853728638978,43.770224220427167]]],[[[-79.52424736673828,43.774377520729551],[-79.52300519361745,43.774361471741791],[-79.522678028330901,43.775032522600256],[-79.521430297025404,43.775241477960421],[-79.519899765314676,43.774321290229736],[-79.519894214183694,43.774546311694778],[-79.519888662988308,43.774771333150369],[-79.518646484159888,43.774755236677152],[-79.517387624461364,43.775414190263852],[-79.517060390709361,43.77608522394452],[-79.517664813743892,43.77676834615999],[-79.520149254674124,43.776800548117365],[-79.526088516529725,43.775301657218215],[-79.526399065010125,43.77530566242077],[-79.52424736673828,43.774377520729551]]],[[[-79.467419011645475,43.773629465264527],[-79.466475915039851,43.774066998668985],[-79.465170461056317,43.776525495363174],[-79.464221542033243,43.7771880246775],[-79.466038809696457,43.779013178644362],[-79.464486015050326,43.778992322791879],[-79.463836086098738,43.780109051832696],[-79.465055312595595,43.781025807781525],[-79.466297590612655,43.781042488574592],[-79.467873429563639,43.780163257233589],[-79.468724705282128,43.783325968357119],[-79.467626093886508,43.777683918006588],[-79.46889127617176,43.776800505542603],[-79.470432543085494,43.777271333222814],[-79.470996292880457,43.779529808097145],[-79.472560565410163,43.779100542938494],[-79.474101921103554,43.779571322218203],[-79.47439531586943,43.780250518648252],[-79.47280238042417,43.781804890265548],[-79.471864924422107,43.782017449999017],[-79.471841992890091,43.78291751473536],[-79.475212614734644,43.784763285005077],[-79.475218335443543,43.784538268554797],[-79.475528924505085,43.784542412664919],[-79.476477839846453,43.78387979013705],[-79.47619012148489,43.782975582256803],[-79.473423529613328,43.781813190363657],[-79.473434983207511,43.781363157595358],[-79.473751281107241,43.781142289883384],[-79.47406757667909,43.780921421253524],[-79.474378146850199,43.780925568220368],[-79.476822712423655,43.782533830733009],[-79.478398440889151,43.781654452768748],[-79.478110703183106,43.780750249118341],[-79.477190418968945,43.780287802513946],[-79.476321588485106,43.777800197520079],[-79.475401363096708,43.777337737133806],[-79.475424236777229,43.776437670022815],[-79.473261861247209,43.775958612629339],[-79.470449754303417,43.77659628445943],[-79.469874572252323,43.774787839048528],[-79.467419011645475,43.773629465264527]]],[[[-79.278881126493772,43.772970969937639],[-79.279185172129488,43.773200641647101],[-79.27980617266428,43.773209992494046],[-79.278881126493772,43.772970969937639]]],[[[-79.288189709129057,43.773335898840386],[-79.28694770029584,43.773317284832778],[-79.286941275941018,43.773542280791744],[-79.287251779200673,43.773546935594709],[-79.287562282534836,43.773551589554522],[-79.288189709129057,43.773335898840386]]],[[[-79.345298565989552,43.77507757022456],[-79.343721116916697,43.775955085435278],[-79.341882845057683,43.775028054318248],[-79.34155988547883,43.775473552235333],[-79.342162276057863,43.776157571317306],[-79.340584753528915,43.777035041885533],[-79.337473222740428,43.777214903651355],[-79.33962202573673,43.778146518265054],[-79.340211968144246,43.779280551147266],[-79.342106311811065,43.778182591118657],[-79.343329814494609,43.778875614154607],[-79.346758159478341,43.778475084918789],[-79.346168099742968,43.777341083855333],[-79.346820167819359,43.776225057695378],[-79.345894792099884,43.775986572929412],[-79.345298565989552,43.77507757022456]]],[[[-79.233700595043743,43.777683680364973],[-79.235167120098922,43.780632535115188],[-79.234816859586275,43.781977674745569],[-79.233561454090506,43.782408456235338],[-79.232332555783145,43.781939267291648],[-79.232048546458685,43.781034506258379],[-79.231724747234324,43.781479678936073],[-79.231718113956191,43.781704667970352],[-79.230118957342214,43.783255549312713],[-79.230092398035183,43.784155504330528],[-79.231308051786812,43.78507469538237],[-79.233495184582097,43.784658348004491],[-79.23435397380598,43.787147629417284],[-79.233124973080365,43.786678447627203],[-79.231862822476714,43.787334197147025],[-79.232107055059416,43.789588890910458],[-79.228981350270431,43.79021575805244],[-79.227963166664523,43.793126158270894],[-79.226403537446032,43.79332704991203],[-79.226396881463046,43.79355203783097],[-79.225782346333048,43.793317405416239],[-79.225471750892396,43.79331258190286],[-79.22362151255912,43.792833647917277],[-79.221737938188667,43.793479621291837],[-79.221387293310642,43.794824710464304],[-79.221988479857799,43.795509341051449],[-79.219490267975772,43.795920619286377],[-79.218848997538259,43.79658589742543],[-79.218762085390182,43.79951072595189],[-79.216567619689187,43.800151765708684],[-79.214663635176095,43.80147257531447],[-79.212495896150429,43.80121359058716],[-79.21128693236345,43.800069215357077],[-79.208464383992663,43.800925355289095],[-79.207870029024818,43.800015670474664],[-79.20851818171036,43.79912547155989],[-79.210692542139796,43.799159544511838],[-79.212292630170126,43.79760895505671],[-79.211988725789297,43.797379108512388],[-79.213541797700984,43.797403402627886],[-79.210442372577575,43.797129807487629],[-79.208565250618321,43.797550572786704],[-79.206978529751012,43.798651137774236],[-79.204804192177917,43.79861699447703],[-79.203879076063458,43.798377364020624],[-79.203284815483926,43.797467656587706],[-79.202974202355819,43.797462771570594],[-79.202663589305956,43.79745788570974],[-79.199820778258783,43.798988766295928],[-79.199489882977957,43.799658824884837],[-79.201009239417488,43.80080821253344],[-79.202569137936095,43.800607672648042],[-79.203487538907069,43.801072298937335],[-79.205081125345416,43.799746800029546],[-79.205655228330315,43.801331453864861],[-79.204075094797219,43.802206990273945],[-79.204973316210697,43.803346559699904],[-79.203703767139359,43.804226969773644],[-79.204608750947884,43.805141557351675],[-79.203940243171658,43.806706685047708],[-79.205162671932356,43.807401167142132],[-79.205128976262472,43.808526090844552],[-79.20663519470304,43.810125377181521],[-79.207256553514767,43.810135128697468],[-79.20723635799969,43.810810083397939],[-79.205662730384972,43.811460651747851],[-79.203514913773148,43.810526537850706],[-79.201941254967153,43.811177054400069],[-79.201914246664714,43.812076991194772],[-79.201596804626789,43.812297085301608],[-79.201603558063397,43.812072101165434],[-79.201292869540438,43.812067210291914],[-79.198807364178791,43.812028052914052],[-79.197537538574011,43.812908388464031],[-79.198118322554691,43.814268091848191],[-79.198023576870199,43.81741786162236],[-79.200975318530055,43.822641452386563],[-79.201894039013268,43.823106095360167],[-79.203454518174055,43.822905554036069],[-79.204663776364697,43.824050013121571],[-79.206237749666798,43.823399465742497],[-79.208392796359902,43.824108550546093],[-79.209331780315452,43.823898181279048],[-79.210297651611853,43.822787865095428],[-79.210344712604424,43.821212971334866],[-79.211607816856755,43.820557479470388],[-79.211337395199251,43.819202704874229],[-79.211952133500972,43.819437417545323],[-79.212904457367117,43.818777046879688],[-79.214458084583569,43.818801337911921],[-79.215423776966702,43.817690974422533],[-79.216659959555898,43.817935366925589],[-79.217605513806248,43.817499941456909],[-79.219449768586529,43.818203969126621],[-79.220395307604662,43.817768520312384],[-79.221380914801671,43.815983145085816],[-79.222914453683686,43.81668227944288],[-79.223198475967962,43.817587058316022],[-79.224117298381927,43.818051524551358],[-79.226616409643469,43.817640161722402],[-79.227819358769025,43.819009369384538],[-79.229994463459064,43.819043087204037],[-79.230642506426719,43.818152763510071],[-79.229743577251,43.817013386749053],[-79.232559965765986,43.816381718750399],[-79.233512018250138,43.815721171296012],[-79.233558457556853,43.814146255736382],[-79.234536983119156,43.812585746401886],[-79.233010042346706,43.811661779080872],[-79.233334002448458,43.811216607597167],[-79.2327325325099,43.810532033673894],[-79.231496430560597,43.8102878162736],[-79.231833672751833,43.809392673164943],[-79.230637460003123,43.807798519421674],[-79.229712093252772,43.807559094405072],[-79.228760132498451,43.808219612574263],[-79.227524095536339,43.807975353174328],[-79.226936038642876,43.806840775071137],[-79.228231919128774,43.805060151691805],[-79.226103941765501,43.80345149666126],[-79.229858304867776,43.802609361247363],[-79.231491193517456,43.799933556121189],[-79.232727083204679,43.800177770400239],[-79.233685500730701,43.799292226825635],[-79.235806919615129,43.801125731445801],[-79.238305249094367,43.800714098499405],[-79.239594049779456,43.799158325718707],[-79.240816752811028,43.799852431499474],[-79.241755248545431,43.799641786563789],[-79.242733313931296,43.79808119567808],[-79.241570022252063,43.795362203684618],[-79.241279215266189,43.794682453918732],[-79.24128581567642,43.794457464239144],[-79.245660614581894,43.793624355463088],[-79.246625316528124,43.792513707052592],[-79.246030455350336,43.791604211204934],[-79.244794682520919,43.791360142557402],[-79.24642658870782,43.788684102595901],[-79.245521196631216,43.787769837266424],[-79.244285504589882,43.78752576431291],[-79.244305266820689,43.786850793308361],[-79.245871256042108,43.786424662661624],[-79.246208139258755,43.785529467699256],[-79.244992243022494,43.784610431293281],[-79.242481441930479,43.785472204012329],[-79.239699634591759,43.78497919682701],[-79.238133642301065,43.785405242871704],[-79.23717551788458,43.786290830665891],[-79.236613939045483,43.784256340624772],[-79.238193130193849,43.783380335530531],[-79.237611707239481,43.782020818616758],[-79.238860470341905,43.781814981858112],[-79.239507963037482,43.7809245933475],[-79.238292262884315,43.780005488217824],[-79.235173740195435,43.780407545620086],[-79.233700595043743,43.777683680364973]],[[-79.199354358212574,43.814512669344872],[-79.201596804626789,43.812297085301608],[-79.20283281530854,43.812541624785879],[-79.203433957835799,43.813226350407703],[-79.205000914890661,43.812800798697516],[-79.206236950997948,43.813045301742818],[-79.206838137890742,43.813730010144219],[-79.20618305863897,43.814845178825145],[-79.20680446623345,43.814854933628567],[-79.208006901762431,43.816224341878375],[-79.209573907496335,43.815798728435638],[-79.21140457657323,43.816952853804928],[-79.210438823124264,43.818063182385515],[-79.208243587406173,43.818704047127149],[-79.208183013999019,43.82072890901253],[-79.205683659672729,43.82113986397993],[-79.204758194866443,43.82090023553247],[-79.204467694067787,43.820220399984109],[-79.202299329565292,43.819961211710762],[-79.20169813511977,43.819276479951874],[-79.202360100182034,43.817936356079542],[-79.199583918419933,43.817217370661979],[-79.1989827820058,43.816532625303395],[-79.19931378230099,43.815862571769621],[-79.200252665475503,43.815652275174024],[-79.199354358212574,43.814512669344872]],[[-79.221591102820554,43.798429340614391],[-79.222502951496594,43.799118803300068],[-79.224670664421296,43.799377597667217],[-79.225873215220304,43.800746823046914],[-79.225813275176804,43.802771710748253],[-79.224848021942336,43.803882172169338],[-79.222957437512434,43.804753145966338],[-79.22258672590587,43.806773196516843],[-79.221317355080814,43.807653804999831],[-79.22317469908792,43.807907795615883],[-79.22437071281837,43.80950202415319],[-79.225600104333893,43.809971305100134],[-79.226856148078426,43.809540623829278],[-79.227781533021982,43.809780072226168],[-79.228686971703894,43.810694475832278],[-79.228362980440991,43.811139633640401],[-79.229585789552303,43.811833860173046],[-79.229552547109009,43.812958797951168],[-79.230782051087985,43.813428024740183],[-79.231072822280652,43.814107798621933],[-79.230431477171919,43.814773138643908],[-79.228567233899895,43.814744249541249],[-79.229148743842515,43.816103806941868],[-79.227568546534187,43.816979665388359],[-79.226338996834002,43.816510403483399],[-79.225750884004455,43.815375819861529],[-79.224812087957332,43.815586327633099],[-79.22297452076684,43.814657399869773],[-79.222683839679945,43.813977606948271],[-79.220806265431875,43.814398564720477],[-79.220151435940807,43.81551381766991],[-79.218591198707458,43.815714591557992],[-79.215861814630514,43.813421098129737],[-79.214916313525137,43.813856510341459],[-79.213058825264142,43.81360238315569],[-79.212484418205548,43.812017764434103],[-79.209431311815081,43.810169232413742],[-79.209768880862867,43.809274160042989],[-79.210707626112494,43.809063774894589],[-79.211355839421259,43.808173562175853],[-79.209795768593665,43.808374218933771],[-79.20705359025358,43.806530494090943],[-79.207384442123299,43.805860413563494],[-79.208323141228732,43.805650047119443],[-79.207127633533332,43.804055658149252],[-79.207458470014174,43.803385576882448],[-79.209025140633884,43.802959964381976],[-79.210551483673015,43.803884243561725],[-79.210895714001737,43.802764180402178],[-79.212462345349167,43.802338520022737],[-79.214873751413862,43.804852220896386],[-79.215217907517925,43.803732143612123],[-79.216163244352586,43.803296725412032],[-79.21802042933092,43.803550797349075],[-79.219229592115127,43.804695104028653],[-79.219560298154093,43.804024985544629],[-79.218635036365384,43.80378547238567],[-79.218060566611271,43.802200878196842],[-79.218701907763645,43.801535606278399],[-79.220572410029675,43.801339662500766],[-79.219997910082526,43.799755076935107],[-79.220335258588989,43.798859968104665],[-79.221591102820554,43.798429340614391]],[[-79.224830574600304,43.793977895508043],[-79.226396881463046,43.79355203783097],[-79.227916614447992,43.794701074884721],[-79.230718684681293,43.79451940902355],[-79.231947824529499,43.794988618481938],[-79.231961095433377,43.794538641397622],[-79.233216768699407,43.794107882849438],[-79.233877738528051,43.792767554122548],[-79.234816145088843,43.792556964486728],[-79.23634925583201,43.793255913767645],[-79.236996914386509,43.792365543904012],[-79.236382347949586,43.792130967972753],[-79.236104852894044,43.791001227518315],[-79.234558552568913,43.790752253766179],[-79.233957266290048,43.790067687171174],[-79.235265805118416,43.787836991108655],[-79.236838496014727,43.787185996534419],[-79.238054315450825,43.788105118105761],[-79.238986027431253,43.788119482184079],[-79.240267927070647,43.786788683467122],[-79.24213131304127,43.786817367260731],[-79.242732662622629,43.787501892222849],[-79.242078547057091,43.7886172876579],[-79.243003676406246,43.788856609180883],[-79.243274701480232,43.79021132539421],[-79.241669006349468,43.791987357349953],[-79.240730631042922,43.792198003854267],[-79.23950808233954,43.791503898902661],[-79.239488262911706,43.792178867617871],[-79.241629414777108,43.79333729614536],[-79.240988414653231,43.794002703445905],[-79.240922396994421,43.796252599626122],[-79.238100430009268,43.797109482507487],[-79.237446118515791,43.798224846410122],[-79.23619038694946,43.79865565021052],[-79.233751796931088,43.797042340607568],[-79.233778313258114,43.796142385848889],[-79.231927917596408,43.795663584035722],[-79.231280147454697,43.796553922796406],[-79.229396533349458,43.797200021469358],[-79.231557573537046,43.797683672820071],[-79.232145634418146,43.798818228830271],[-79.228358289527506,43.800785383967551],[-79.228351639148244,43.801010371829804],[-79.226507797835581,43.800306493038185],[-79.226237114708027,43.798951744975646],[-79.224102738179241,43.797568043204059],[-79.224136065022691,43.796443105703879],[-79.225087884245639,43.795782622463761],[-79.224486659128445,43.795098007572939],[-79.224830574600304,43.793977895508043]]],[[[-79.352621324177562,43.779910321795967],[-79.351963138692071,43.781251384603351],[-79.350714738397784,43.78145846406489],[-79.349795456502989,43.780995006622646],[-79.348522273925454,43.782102073373707],[-79.349124809324081,43.782786057284461],[-79.348478904629886,43.783677092257477],[-79.349392023971745,43.784365563317444],[-79.35126162600217,43.784167463807989],[-79.35098817647291,43.782812964320854],[-79.35225514854973,43.781930872907857],[-79.353485023793269,43.782398786588999],[-79.354677883416286,43.784216707535307],[-79.355609591488019,43.784230119928203],[-79.355329873183479,43.783100632781988],[-79.353801759096214,43.782178258003505],[-79.353844986390769,43.780603234485554],[-79.352621324177562,43.779910321795967]]],[[[-79.205741019907066,43.77769821775599],[-79.203844269106639,43.778793874275088],[-79.204445097559287,43.779478592832682],[-79.204127841104381,43.779698698288882],[-79.205052672518207,43.779938322555758],[-79.205950592962608,43.781077883137861],[-79.207192708609483,43.781097380028491],[-79.208407942909304,43.782016808174305],[-79.207132179134931,43.783122254122311],[-79.207382193390956,43.785152000228344],[-79.206119803189381,43.785807461222369],[-79.206113072875212,43.786032446953406],[-79.204580509862708,43.785333100242859],[-79.203999837098991,43.783973425436749],[-79.202440377367139,43.78417399292556],[-79.201225194010263,43.783254502448855],[-79.201562720114183,43.782359449804879],[-79.201252185511521,43.78235456143949],[-79.200941650987133,43.782349672230808],[-79.194373028959347,43.783821694824077],[-79.193482069071109,43.782457062547365],[-79.192246716130938,43.782212432014092],[-79.190977442536493,43.78309270825541],[-79.191247266217474,43.784447528475589],[-79.190929935633591,43.784667595804414],[-79.191854786777355,43.784907327133965],[-79.192441972108597,43.786042074835741],[-79.191172618385252,43.78692235133272],[-79.19207037167098,43.788062016938675],[-79.190490402041419,43.788937369987643],[-79.188350424282532,43.787778001881072],[-79.188336829349851,43.788227968777385],[-79.188330031765261,43.788452952210946],[-79.188296042659701,43.789577869232694],[-79.1907534476519,43.790517173954193],[-79.191651244447414,43.791656842962531],[-79.192576205577353,43.791896570083431],[-79.193521511261807,43.791461338011914],[-79.193859201857677,43.790566312137017],[-79.195729428516884,43.790370770290885],[-79.196688220930056,43.789485542374678],[-79.196094154434277,43.788575799578908],[-79.195169229101793,43.788336101451115],[-79.195236944607643,43.786086258137786],[-79.197127319219078,43.785215737203437],[-79.198362755279405,43.785460316241654],[-79.202744179023838,43.784403863602854],[-79.202413401977921,43.78507393423439],[-79.203628639932873,43.785993412737341],[-79.203270898470834,43.787563427109887],[-79.203871804884031,43.788248149075613],[-79.204796765968595,43.788487777317002],[-79.206369791330346,43.787837208238209],[-79.207888990442726,43.788986503779839],[-79.208827421728316,43.788776128049136],[-79.209785998043813,43.787890786218441],[-79.209488869604655,43.787435947557164],[-79.210751259055286,43.78678044946674],[-79.20923877687764,43.785406205453612],[-79.209279086373897,43.784056288464463],[-79.210230864163009,43.783395927083603],[-79.210257720705926,43.782495981657377],[-79.212114236032491,43.782750139064873],[-79.213059258773839,43.782314739763201],[-79.213733938007223,43.780524556748524],[-79.212518649700797,43.779605184153283],[-79.211276561328688,43.779585745667198],[-79.209697090814075,43.780461374214532],[-79.207827212384032,43.780657151134356],[-79.206659101184599,43.778162814733896],[-79.205741019907066,43.77769821775599]]],[[[-79.28022722656759,43.780194186499408],[-79.281145941272101,43.780658194779555],[-79.281456480413411,43.780662865926153],[-79.28022722656759,43.780194186499408]]],[[[-79.454438012678665,43.783133619750878],[-79.452885119860284,43.783112604728252],[-79.454742794237944,43.783362834571932],[-79.454438012678665,43.783133619750878]]],[[[-79.203128875621317,43.781933907961601],[-79.20156946663046,43.782134464490056],[-79.201562720114183,43.782359449804879],[-79.203128875621317,43.781933907961601]]],[[[-79.265488946882982,43.784923423414142],[-79.263612567605051,43.785345106872242],[-79.262376845386711,43.78510122912013],[-79.261392985375906,43.786886995993683],[-79.26044822782697,43.787322799449427],[-79.25952957807219,43.786858626201322],[-79.257653098989891,43.787280209933904],[-79.256132967078287,43.786131560693654],[-79.256423905293275,43.786811275733861],[-79.256113338432456,43.786806536047877],[-79.25577659440205,43.787701762373842],[-79.256992720780261,43.788620687315692],[-79.258558671966355,43.788194382140404],[-79.262252968558229,43.789376086518089],[-79.263514841072833,43.788719996648666],[-79.264420525954023,43.789634124009964],[-79.26723528018637,43.789001570830024],[-79.267545860245221,43.789006280480706],[-79.267875938387775,43.788336009989557],[-79.266646639876939,43.787867184188045],[-79.265488946882982,43.784923423414142]]],[[[-79.185677912293826,43.783683951232973],[-79.185367373555763,43.783679019590956],[-79.188107845459868,43.785523242455689],[-79.185677912293826,43.783683951232973]]],[[[-79.267545860245221,43.789006280480706],[-79.268697230448055,43.792175014433369],[-79.269001331294788,43.792404713472372],[-79.267545860245221,43.789006280480706]]],[[[-79.364675140508268,43.793589002473837],[-79.365837888832758,43.796531832620161],[-79.365576329211663,43.794727356526003],[-79.365886954620109,43.79473179939454],[-79.366197580099694,43.794736241419187],[-79.366203711838438,43.794511237188196],[-79.364675140508268,43.793589002473837]]],[[[-79.269001331294788,43.792404713472372],[-79.268994835333686,43.792629706554528],[-79.268988339297252,43.79285469962705],[-79.270767577712178,43.795807830181673],[-79.270748107170832,43.796482809625431],[-79.27108468246557,43.795587537606394],[-79.272340110302579,43.795156344806166],[-79.272042467825031,43.794701660966986],[-79.273006705917155,43.793590782188112],[-79.272068407358873,43.793801687459791],[-79.271162542981259,43.792887618405537],[-79.269001331294788,43.792404713472372]]],[[[-79.273323790651745,43.793370482986475],[-79.273013187044654,43.793365788667487],[-79.273006705917155,43.793590782188112],[-79.273317310688498,43.793595476543736],[-79.273323790651745,43.793370482986475]]],[[[-79.216133840223108,43.793842444199512],[-79.214230051333104,43.795163251220899],[-79.2132982424137,43.795148683482793],[-79.212987639596108,43.795143825882725],[-79.214817758120688,43.79629789090172],[-79.213541797700984,43.797403402627886],[-79.214480343399259,43.797192982663283],[-79.214797657459684,43.796972850029491],[-79.215108270057726,43.796977702870556],[-79.216647947355895,43.797451927577612],[-79.217586483741513,43.79724148192178],[-79.218875737101158,43.795685949856448],[-79.218585187907834,43.795006146701944],[-79.216133840223108,43.793842444199512]]],[[[-79.383824493525381,43.797913121577039],[-79.381948479926379,43.798336754407913],[-79.381308959255321,43.799002971840125],[-79.382161961162339,43.801941245877316],[-79.382155887726313,43.802166251596738],[-79.384068417406681,43.800392581649078],[-79.385304986963973,43.800635154947734],[-79.38590206858332,43.801543958233019],[-79.387479601814164,43.800665865236979],[-79.388387381381762,43.801579039920696],[-79.389325421269632,43.801367175089545],[-79.390543908034672,43.802284712043893],[-79.389563536921628,43.804071632151029],[-79.388625455203695,43.804283498202771],[-79.38860125609331,43.80518352352],[-79.385774808201049,43.80626908537976],[-79.385768747409472,43.806494091329164],[-79.386079436896466,43.806498480248358],[-79.386706873377065,43.806282249501791],[-79.38701756190963,43.806286635854001],[-79.393584256958221,43.80480350633345],[-79.394229735521648,43.803912212716732],[-79.393638534334727,43.802778444063648],[-79.395215990352852,43.801900243182402],[-79.394929425001379,43.800995850839819],[-79.393698835884649,43.800528373967104],[-79.392754790218461,43.800965282117183],[-79.393089580660913,43.800069623652945],[-79.391871098171222,43.799152113600059],[-79.389379835983561,43.799342115832196],[-79.388746433912971,43.79978336932195],[-79.387515919595415,43.799315826877709],[-79.385000390439359,43.800405758292023],[-79.385353475344061,43.79883510564386],[-79.383824493525381,43.797913121577039]]],[[[-79.205188914473339,43.796147037870895],[-79.203291559094836,43.797242671657202],[-79.203284815483926,43.797467656587706],[-79.205188914473339,43.796147037870895]]],[[[-79.407403802303264,43.799369667236284],[-79.407093146515891,43.79936533684284],[-79.407087167185821,43.799590345413087],[-79.407403802303264,43.799369667236284]]],[[[-79.407391845903589,43.799819684434802],[-79.405814619080601,43.800698057294767],[-79.403036643967056,43.79998398928042],[-79.40303064928456,43.800208997381837],[-79.403024654532516,43.800434005473683],[-79.403323327858942,43.800888363232232],[-79.402684013264405,43.801554703240406],[-79.403902712426344,43.802472100860591],[-79.408592662101867,43.801412058678835],[-79.409213995408649,43.801420710789031],[-79.40798328178289,43.800953385992038],[-79.407391845903589,43.799819684434802]]],[[[-79.410486497509766,43.800312960457056],[-79.410157932288612,43.800983664950358],[-79.409219967138483,43.801195702058585],[-79.409213995408649,43.801420710789031],[-79.40952466216595,43.801425035577921],[-79.410151964123102,43.801208673791642],[-79.410462629923117,43.801212996014407],[-79.411406554680184,43.80077593965602],[-79.411717218427,43.80078025843487],[-79.410486497509766,43.800312960457056]]],[[[-79.13029992744481,43.796071504513215],[-79.130229751879853,43.798321261938277],[-79.130533339970242,43.798551320459033],[-79.13029992744481,43.796071504513215]]],[[[-79.187436842914309,43.797442427930747],[-79.186167170559401,43.798322641682695],[-79.186733951512863,43.800132364839939],[-79.185471022112111,43.800787586638194],[-79.185133144435198,43.801682583022092],[-79.186348439615941,43.802602244046788],[-79.187293960265848,43.802167067993324],[-79.18759779144311,43.802396978834409],[-79.188253069403984,43.801281918039464],[-79.18919175824837,43.80107170856818],[-79.19041389806118,43.8017663442117],[-79.19197385232836,43.801565950085745],[-79.192878615185592,43.802480627220845],[-79.194418246696699,43.802955150518223],[-79.194701777986566,43.80385999379746],[-79.193432070610882,43.804740286851825],[-79.194053369096409,43.804750109196398],[-79.194046589047886,43.804975092687322],[-79.194026248430433,43.805650043101821],[-79.194944656909314,43.806114737873365],[-79.197754101854301,43.805708908116706],[-79.198409230961474,43.804593787050443],[-79.197193707069218,43.803674250767045],[-79.199388498075649,43.803033589344956],[-79.19942229500316,43.801908668101376],[-79.197889413086827,43.801209227841703],[-79.196012081033146,43.801629782862122],[-79.196349796958344,43.800734751490126],[-79.195748857258295,43.800049990707933],[-79.194823757826597,43.799810287216211],[-79.193560920844988,43.800465600132043],[-79.192980364549555,43.799105874530269],[-79.192062077454764,43.798641165537411],[-79.190184788699483,43.799061625651909],[-79.189543163606743,43.799726732732722],[-79.188665687786326,43.797912098048052],[-79.187436842914309,43.797442427930747]]],[[[-79.133025199182157,43.798366976698354],[-79.131761740551596,43.799021595095461],[-79.130533339970242,43.798551320459033],[-79.130526323048841,43.798776296177586],[-79.130215715790101,43.798771213305812],[-79.129573439786412,43.799435971770947],[-79.129862991404394,43.800115983219868],[-79.132630483946087,43.801061612080581],[-79.138553231469956,43.800482991676198],[-79.139788719718524,43.800728204917647],[-79.138249602333374,43.800252953823424],[-79.137656331903244,43.799342922603984],[-79.134211597085937,43.800187081792544],[-79.133293765451029,43.799721908262214],[-79.133025199182157,43.798366976698354]]],[[[-79.290726800450074,43.804211448945331],[-79.29041613784365,43.804206801013464],[-79.292558726367915,43.805364295714966],[-79.29256513677332,43.805139300353538],[-79.292260880556654,43.804909662006168],[-79.292267291978291,43.804684666661707],[-79.290726800450074,43.804211448945331]]],[[[-79.292558726367915,43.805364295714966],[-79.294041616582902,43.807862448629841],[-79.293458697780082,43.806503197002939],[-79.293160839674073,43.806048565524208],[-79.292558726367915,43.805364295714966]]],[[[-79.18842768820933,43.805786500470617],[-79.188089823757679,43.80668150512949],[-79.190554711796224,43.807395840710157],[-79.189014999641358,43.806921264248295],[-79.189021799035146,43.806696281459203],[-79.188731541732935,43.80601640854961],[-79.18842768820933,43.805786500470617]]],[[[-79.294903237396852,43.810351311605835],[-79.294249820895502,43.811467013265464],[-79.294871222685899,43.811476288656877],[-79.294884028793135,43.811026297865368],[-79.294903237396852,43.810351311605835]]],[[[-79.294743145269308,43.815976194450919],[-79.294432421026798,43.815971556453157],[-79.294426015210192,43.816196551605415],[-79.294736740618347,43.816201189639386],[-79.294743145269308,43.815976194450919]]],[[[-79.245412400112656,43.823332529795636],[-79.243832239355001,43.824208612953321],[-79.243541276911557,43.823528869453085],[-79.24261561418281,43.823289544661101],[-79.241670142398448,43.823725178249234],[-79.241326351550526,43.824845337856303],[-79.241008981662389,43.825065542314299],[-79.242245428810051,43.825309661935954],[-79.242840550313275,43.826219177006905],[-79.241881822009645,43.827104788448061],[-79.240122978217769,43.827707961684339],[-79.242185990840156,43.827334558774972],[-79.242774528000055,43.828469062694161],[-79.244328431681524,43.828492951836651],[-79.245293740273766,43.827382330971496],[-79.245009340645467,43.826477602156231],[-79.245954833118148,43.826041941451024],[-79.246939829359462,43.824256337699509],[-79.245412400112656,43.823332529795636]]],[[[-79.236896209970269,43.827478140044079],[-79.237815291493746,43.827942499664921],[-79.237821912576166,43.82771751171834],[-79.238132688433183,43.827722304639124],[-79.238436845617059,43.827952084736623],[-79.238747622793923,43.82795687600543],[-79.239921706902152,43.82774438881475],[-79.236896209970269,43.827478140044079]]],[[[-79.238126068517005,43.827947292623108],[-79.237815291493746,43.827942499664921],[-79.23777556338591,43.829292427140821],[-79.238978997048562,43.830661522828272],[-79.238992231649519,43.830211546858735],[-79.238998848834825,43.829986558859424],[-79.238423607886716,43.828402060750335],[-79.238119448523989,43.8281722805974],[-79.238126068517005,43.827947292623108]]],[[[-79.490935422432216,43.764938714132313],[-79.492177382417239,43.764955108870637],[-79.492775758780809,43.765863377341738],[-79.494633085233644,43.766112954012002],[-79.495547652431441,43.766800279311234],[-79.498031655743972,43.766832956159583],[-79.497687357194494,43.768178991299699],[-79.495835593023912,43.767704444004146],[-79.494892791538248,43.768142216738852],[-79.494554059688113,43.769263221933201],[-79.495146870436756,43.770396497521936],[-79.492645765300935,43.77103881232393],[-79.49200775689313,43.771705674461408],[-79.492295665408164,43.772609846893552],[-79.49321595325118,43.773072172409705],[-79.496022027051922,43.772658953084083],[-79.495999465309581,43.773559029361955],[-79.493187697895408,43.77419726620095],[-79.492222154399414,43.775535089256898],[-79.493441732022546,43.776451547907278],[-79.495626867169634,43.776030150321652],[-79.496208480677709,43.777613458139022],[-79.498975337738415,43.778775302680224],[-79.502702093672298,43.778824196524134],[-79.502990195360681,43.779728343712485],[-79.503910675701107,43.78019058526953],[-79.505474742295561,43.779760866389751],[-79.507094786744219,43.777080925687947],[-79.508325817082735,43.777547188728654],[-79.509590409260113,43.776663316958746],[-79.509002857104889,43.775305092427097],[-79.50746132339782,43.774834781305032],[-79.508104791881522,43.773942810973814],[-79.509042000568186,43.773729949962132],[-79.509380490373516,43.772608899163728],[-79.508471268442662,43.771696661341899],[-79.506929831047046,43.771226344142505],[-79.508832123651956,43.769675529815693],[-79.506692104701429,43.768297022470456],[-79.505799795519039,43.766709703156508],[-79.507391477102416,43.765154849567296],[-79.506482395704708,43.764242596808259],[-79.506804080639,43.763796613394504],[-79.50804043249299,43.764037856036936],[-79.507673994407895,43.766284007643883],[-79.5089048101743,43.766750262203921],[-79.511305096124076,43.770157961164202],[-79.512840965334803,43.770853240410695],[-79.510334433518906,43.771720965529937],[-79.510300913599863,43.773071088941343],[-79.511221351112852,43.773533271469709],[-79.513090152008942,43.773332510820794],[-79.513688928037823,43.774240674167267],[-79.514614981070267,43.77447780901489],[-79.516195519585096,43.773372876633125],[-79.51560784718022,43.772014683644571],[-79.516234471634547,43.771797728489972],[-79.516550563759452,43.77157673897932],[-79.51656168987958,43.771126696485666],[-79.515613413892069,43.771789662515879],[-79.514687397900389,43.771552536185723],[-79.514094204484877,43.77041935679609],[-79.515364127484887,43.769310395570244],[-79.514438150532385,43.769073267677442],[-79.514144350851055,43.768394167119439],[-79.511671426194894,43.767911797789992],[-79.510457319934275,43.766770510106596],[-79.51141673347874,43.765657544111313],[-79.512969216750037,43.76567775749546],[-79.513296436032533,43.765006734190059],[-79.514543979477992,43.764797864672595],[-79.51425019821464,43.764118764174292],[-79.515508851116763,43.763459841017031],[-79.514610806798132,43.762097608383506],[-79.514932420018042,43.76165160090013],[-79.513396758420924,43.760956351686119],[-79.512803688875834,43.759823165393968],[-79.510015078181766,43.759561744887513],[-79.508129921158172,43.760437524174428],[-79.50720411033312,43.760200339658198],[-79.507492198387368,43.7611044780434],[-79.505274065702579,43.762876235323233],[-79.502468508716277,43.763289690029637],[-79.50273969817988,43.76486889938041],[-79.502101867891682,43.765535821128999],[-79.50085426943609,43.765744553925941],[-79.499945280147315,43.764832250542078],[-79.497760583019982,43.765253737813019],[-79.496541161079932,43.764337325846853],[-79.495993488198707,43.761403900871251],[-79.493182293807664,43.762042147085509],[-79.491353377593839,43.760667453286331],[-79.489795377945953,43.760871967065306],[-79.488576167160744,43.759955472452646],[-79.489541530882278,43.758617674226961],[-79.488328035074645,43.757476158386865],[-79.488655480679199,43.756805208052562],[-79.489908591274883,43.756371586976208],[-79.490557769845836,43.755254694407142],[-79.491494743186408,43.755041973342642],[-79.493334789147255,43.755966624843786],[-79.494294338083819,43.754853802671889],[-79.493368670516929,43.754616507851878],[-79.493396903190984,43.753491410098015],[-79.492454310557761,43.753929166728263],[-79.490907801369772,43.753683659734378],[-79.490303912056177,43.753000401045036],[-79.490631309943666,43.75232944386704],[-79.489378289528531,43.752763074462692],[-79.488458339172752,43.752300721373111],[-79.488181908671208,43.750946500152608],[-79.48724498865819,43.751159194953217],[-79.486325079440391,43.750696825155636],[-79.486319407091997,43.75092184410228],[-79.486313734677836,43.751146863039409],[-79.487453375766378,43.755213645464082],[-79.485867131244959,43.756543201592038],[-79.486453984462969,43.757901539188659],[-79.485810376070063,43.758793387845081],[-79.486414270044321,43.759476669716754],[-79.482039372100033,43.760544106339736],[-79.481085199025287,43.76143180191719],[-79.481677680197762,43.762565144078167],[-79.482603420651103,43.762802534404045],[-79.483546224025631,43.762364862765246],[-79.483839647625288,43.763044037253373],[-79.483816910799092,43.763944109996793],[-79.484155809585843,43.762823138096046],[-79.485098602320392,43.762385453489415],[-79.488468506787413,43.764230828309238],[-79.487824857548745,43.765122686807629],[-79.485628715275269,43.765993977482495],[-79.486565873691305,43.765781299907957],[-79.487192533056714,43.765564504379292],[-79.4875030256554,43.765568614542708],[-79.488383494997564,43.767606106831117],[-79.489303676140523,43.768068462707078],[-79.490551359849547,43.767859857395685],[-79.49118934215312,43.767193002599505],[-79.490602296012,43.765834688604578],[-79.490935422432216,43.764938714132313]],[[-79.503276504372622,43.768252335509594],[-79.504196813320036,43.768714573173639],[-79.505682129086438,43.771435128005386],[-79.505027439869153,43.772777124983044],[-79.506252764055503,43.77346842926287],[-79.505614878256836,43.774135368901575],[-79.505891795878952,43.775489549774278],[-79.504627175532761,43.776373380357782],[-79.502453320307055,43.776344911587039],[-79.501510428105036,43.776782737034473],[-79.501504807537586,43.777007756521108],[-79.499347818380471,43.776304170216953],[-79.499054157395804,43.775625033630995],[-79.497518332378377,43.774929570158449],[-79.497580314972922,43.772454358900269],[-79.49821827048082,43.771787464954265],[-79.497292327131021,43.771550198627338],[-79.497004347616254,43.770646037614569],[-79.497642289660348,43.769979146495743],[-79.500448190701093,43.769565815730509],[-79.503276504372622,43.768252335509594]],[[-79.492487872577442,43.764959205447326],[-79.492177382417239,43.764955108870637],[-79.492183035585029,43.76473008987071],[-79.492493524582201,43.764734186415396],[-79.492487872577442,43.764959205447326]]]]},"properties":{"OBJECTID":2,"FacilityID":null,"Name":"5 - 10","FromBreak":5,"ToBreak":10,"Shape_Length":1945408.5280190937,"Shape_Area":205243450.49749988}},{"type":"Feature","id":3,"geometry":{"type":"MultiPolygon","coordinates":[[[[-79.235467467087673,43.833758601699756],[-79.23547409833381,43.833533614267331],[-79.237993654061128,43.832447050267746],[-79.238978997048562,43.830661522828272],[-79.23777556338591,43.829292427140821],[-79.237815291493746,43.827942499664921],[-79.236896209970269,43.827478140044079],[-79.239997345187916,43.827751044425575],[-79.241881822009645,43.827104788448061],[-79.242840550313275,43.826219177006905],[-79.242245428810051,43.825309661935954],[-79.241008981662389,43.825065542314299],[-79.239746092182855,43.825721362597896],[-79.236030162848735,43.825213870875011],[-79.234767217419048,43.825869635128932],[-79.232598499475714,43.825611016610189],[-79.231328864052657,43.826491729322711],[-79.23190389934696,43.828076260195999],[-79.23033006895804,43.828727163355616],[-79.228789481257564,43.828253110133147],[-79.227843833011974,43.828688625901997],[-79.227513073774531,43.82935876486858],[-79.228101349105529,43.830493339646608],[-79.22993947662188,43.831422192015275],[-79.23023031900091,43.83210196730743],[-79.232095104173254,43.832130838301573],[-79.232696775768105,43.832815416637921],[-79.234250783799496,43.832839444682769],[-79.234541681861231,43.833519209775297],[-79.235467467087673,43.833758601699756]]],[[[-79.280334298510184,43.830616202351486],[-79.281590405178505,43.830184921373963],[-79.282244270410573,43.829069302833389],[-79.284141249274185,43.827972356332765],[-79.283551926174354,43.826838052702591],[-79.282308811566821,43.826819370284028],[-79.283629309700316,43.824138130618977],[-79.283046481950805,43.822778830848627],[-79.28212711627296,43.822314830302922],[-79.2814991504342,43.822530477177565],[-79.281512061917567,43.822080490403991],[-79.27997121675287,43.821607123091169],[-79.279686315158827,43.820702471593499],[-79.278767007736008,43.820238444792778],[-79.277511092590771,43.82066969853328],[-79.277232703570391,43.81954004845467],[-79.276313433339212,43.819076002423053],[-79.27505752601131,43.819507229382687],[-79.27439715609124,43.820847800700264],[-79.272519701690541,43.821269610426739],[-79.272221934303701,43.82081492688603],[-79.27286288933999,43.820149346322516],[-79.272273854046958,43.819014987801211],[-79.270131189428298,43.817857113704484],[-79.269192498711973,43.818067988058012],[-79.267897527564159,43.819849087706103],[-79.266013548807138,43.820495782067397],[-79.265980980307987,43.821620740054122],[-79.267832460896159,43.822099005936039],[-79.26932770608397,43.8241474789086],[-79.272105097259697,43.824864787566334],[-79.274319365380762,43.823547711248409],[-79.275879644586368,43.823346176730745],[-79.276747183402392,43.825610168801205],[-79.27486959396839,43.826032014632169],[-79.274222111760182,43.826922597477662],[-79.276047915213582,43.828300703232109],[-79.277601841981777,43.828324139894484],[-79.277575954338332,43.829224110567928],[-79.280334298510184,43.830616202351486]]],[[[-79.294727197087781,43.827455575771289],[-79.299731689662821,43.826404708187084],[-79.301628271167843,43.825307464244233],[-79.301343024842424,43.824402861738982],[-79.300119108020979,43.823709387143467],[-79.298228944639988,43.82458161144082],[-79.297366998429069,43.822092773930066],[-79.296149575888975,43.821174262832074],[-79.294570193607854,43.822051061155875],[-79.294816891141011,43.824305648496924],[-79.293288702128933,43.82338246874086],[-79.291417709969508,43.823579595150981],[-79.290511109383289,43.822665671937351],[-79.291158304191171,43.82177499143333],[-79.290556061571934,43.821090710672237],[-79.292439806785438,43.820443607598989],[-79.293423332074369,43.818657577280128],[-79.292529599153994,43.817293680198588],[-79.294089661203898,43.817091893094791],[-79.294736740618347,43.816201189639386],[-79.295662516060261,43.816440093962306],[-79.296607492284238,43.816004004705007],[-79.296962990408588,43.814433668429579],[-79.297901533064277,43.814222563237365],[-79.298237812999275,43.813327208907253],[-79.297635570293707,43.81264296456456],[-79.295467020990756,43.812385542428075],[-79.294871222685899,43.811476288656877],[-79.294249820895502,43.811467013265464],[-79.294903237396852,43.810351311605835],[-79.293990370725524,43.809662411775115],[-79.294041616582902,43.807862448629841],[-79.292558726367915,43.805364295714966],[-79.29041613784365,43.804206801013464],[-79.288228648775814,43.804624231631045],[-79.28793726718132,43.803944592307495],[-79.286701056637554,43.803700970545961],[-79.285432672399068,43.804582308432231],[-79.286015390516326,43.805941598170541],[-79.283491358090529,43.807254252934278],[-79.284397623923738,43.808168228657998],[-79.284371856511342,43.809068205726632],[-79.286520929842808,43.810000819322156],[-79.288397937145163,43.809578771312133],[-79.289925703190661,43.810502011666422],[-79.291796289685109,43.81030490268985],[-79.2926963177202,43.811443810012229],[-79.289887172995293,43.811851980560299],[-79.288282238993744,43.813628674377178],[-79.286120136256713,43.813146080514102],[-79.284223670682792,43.814243070875129],[-79.284489284581738,43.815822694682943],[-79.283518438653601,43.817158657700709],[-79.284709812320358,43.818977275192829],[-79.285939889033742,43.819445916925666],[-79.285920573358069,43.820120898949689],[-79.284671153212898,43.820327238395933],[-79.28402387938209,43.821217881041875],[-79.285241112773846,43.822136518336031],[-79.287112076881144,43.821939492638187],[-79.286458383477239,43.823055143127924],[-79.286749834397114,43.823734785288224],[-79.28486592597686,43.824381791478984],[-79.284529380124653,43.825277100501921],[-79.285746702018315,43.826195733258182],[-79.287624225552619,43.825773707490022],[-79.289450309941614,43.827151603757336],[-79.291625781478373,43.827184153375725],[-79.292894565762353,43.826302756376315],[-79.292603033014828,43.825623128848477],[-79.293852539589039,43.825416704183588],[-79.294810484906108,43.824530643364895],[-79.295102037949263,43.825210265704349],[-79.293528943909138,43.825862052315415],[-79.293198930605854,43.826532394019019],[-79.294727197087781,43.827455575771289]],[[-79.294743145269308,43.815976194450919],[-79.294736740618347,43.816201189639386],[-79.294426015210192,43.816196551605415],[-79.294432421026798,43.815971556453157],[-79.294743145269308,43.815976194450919]]],[[[-79.22356635315586,43.82614620677095],[-79.226713983748724,43.824844564127375],[-79.228585194510785,43.824648501771875],[-79.22986147936777,43.823542832158502],[-79.229577330529423,43.822638068578364],[-79.228036904231473,43.822164007465666],[-79.227131307876988,43.82124959769898],[-79.224645386558706,43.821210995859964],[-79.223038286955301,43.822986733308717],[-79.221781931969772,43.823417366386778],[-79.221120333364027,43.82475760792596],[-79.221715125193597,43.825667227613266],[-79.22356635315586,43.82614620677095]]],[[[-79.205683659672729,43.82113986397993],[-79.208183013999019,43.82072890901253],[-79.208243587406173,43.818704047127149],[-79.210438823124264,43.818063182385515],[-79.21140457657323,43.816952853804928],[-79.209573907496335,43.815798728435638],[-79.208006901762431,43.816224341878375],[-79.20680446623345,43.814854933628567],[-79.20618305863897,43.814845178825145],[-79.206838137890742,43.813730010144219],[-79.206236950997948,43.813045301742818],[-79.205000914890661,43.812800798697516],[-79.203433957835799,43.813226350407703],[-79.20283281530854,43.812541624785879],[-79.201596804626789,43.812297085301608],[-79.199354358212574,43.814512669344872],[-79.200252665475503,43.815652275174024],[-79.19931378230099,43.815862571769621],[-79.1989827820058,43.816532625303395],[-79.199583918419933,43.817217370661979],[-79.202360100182034,43.817936356079542],[-79.20169813511977,43.819276479951874],[-79.202299329565292,43.819961211710762],[-79.204467694067787,43.820220399984109],[-79.204758194866443,43.82090023553247],[-79.205683659672729,43.82113986397993]]],[[[-79.307939116143046,43.822024741636511],[-79.310139814763986,43.821156949285019],[-79.312004337849046,43.821184510947404],[-79.312987297684685,43.819398303217298],[-79.310564798620646,43.81711160069429],[-79.307768207172529,43.817070214609934],[-79.308446851012235,43.815054446364236],[-79.307844473274017,43.814370253879467],[-79.306607961301253,43.814126843187417],[-79.305346002197155,43.81478340525419],[-79.304420211114348,43.814544579130391],[-79.303260175895275,43.811601175906581],[-79.302030117105787,43.811132720475342],[-79.301085256915044,43.811568856830348],[-79.300742648645951,43.812689216685861],[-79.302213302478307,43.8156372609348],[-79.300672449252872,43.815164172373713],[-79.299727515024358,43.81560029601301],[-79.299391243409573,43.81649565454078],[-79.300297891201794,43.817409508907673],[-79.30027235430326,43.818309491975327],[-79.297456536925907,43.818942839364013],[-79.29680306884579,43.820058553269249],[-79.297405373851504,43.820742802204528],[-79.298952732037975,43.820990940815662],[-79.303956612406949,43.81993987704422],[-79.304857013765314,43.821078692794153],[-79.307939116143046,43.822024741636511]]],[[[-79.317946589894305,43.819921602710714],[-79.317952908218217,43.81969660496938],[-79.318891465206789,43.819485327649367],[-79.319227465214524,43.818589907765919],[-79.321104529504197,43.818167323580489],[-79.321396354234906,43.818846883817429],[-79.322639328595656,43.818865138448956],[-79.323850824001184,43.820008371758341],[-79.325410864547038,43.819806156448053],[-79.326051226398462,43.819140267718439],[-79.325759347160883,43.818460718540578],[-79.32731305874772,43.818483475246303],[-79.327953385184884,43.817817575143295],[-79.327667771439266,43.816913031462633],[-79.330495736704023,43.815828933898963],[-79.331142266778258,43.814938015197463],[-79.333304822345468,43.815419763589482],[-79.33425577364703,43.814758358451023],[-79.335181694291748,43.814996944714842],[-79.336126369602397,43.81456052351259],[-79.336182606962041,43.812535522787663],[-79.337761142360534,43.811658134100639],[-79.337481649316985,43.810528611775062],[-79.33656203381598,43.810065044663489],[-79.335002280984725,43.81026741721201],[-79.333790760530107,43.809124300040601],[-79.330373119931394,43.809074409577399],[-79.329105247192956,43.809956240000957],[-79.327875011222062,43.809488060045382],[-79.326600809836648,43.810594861063102],[-79.324742893019632,43.810342543854063],[-79.323798205094519,43.810778870969905],[-79.323468616177593,43.811449308561883],[-79.32437556310191,43.812362977260285],[-79.323437136448518,43.812574301982828],[-79.32276532409449,43.81436517013212],[-79.321541353783829,43.81367192319923],[-79.319981462185439,43.813874088224161],[-79.319068248543871,43.813185383716956],[-79.317819076903305,43.813392090103925],[-79.317178688348747,43.814057932849337],[-79.315954790694178,43.813364627162457],[-79.315016320652887,43.813575881946193],[-79.31437589939749,43.814241708427211],[-79.314661299891469,43.81514628231821],[-79.313405739003301,43.815577936933259],[-79.31306967076091,43.816473339019353],[-79.314287264985907,43.81739167315645],[-79.316792111760364,43.816753329439941],[-79.316418144645425,43.818998727769255],[-79.317946589894305,43.819921602710714]]],[[[-79.227568546534187,43.816979665388359],[-79.229148743842515,43.816103806941868],[-79.228567233899895,43.814744249541249],[-79.230431477171919,43.814773138643908],[-79.231072822280652,43.814107798621933],[-79.230782051087985,43.813428024740183],[-79.229552547109009,43.812958797951168],[-79.229585789552303,43.811833860173046],[-79.228362980440991,43.811139633640401],[-79.228686971703894,43.810694475832278],[-79.227781533021982,43.809780072226168],[-79.226856148078426,43.809540623829278],[-79.225600104333893,43.809971305100134],[-79.22437071281837,43.80950202415319],[-79.22317469908792,43.807907795615883],[-79.221317355080814,43.807653804999831],[-79.22258672590587,43.806773196516843],[-79.222957437512434,43.804753145966338],[-79.224848021942336,43.803882172169338],[-79.225813275176804,43.802771710748253],[-79.225873215220304,43.800746823046914],[-79.224670664421296,43.799377597667217],[-79.222502951496594,43.799118803300068],[-79.221591102820554,43.798429340614391],[-79.220335258588989,43.798859968104665],[-79.219997910082526,43.799755076935107],[-79.220572410029675,43.801339662500766],[-79.218701907763645,43.801535606278399],[-79.218060566611271,43.802200878196842],[-79.218635036365384,43.80378547238567],[-79.219560298154093,43.804024985544629],[-79.219229592115127,43.804695104028653],[-79.21802042933092,43.803550797349075],[-79.216163244352586,43.803296725412032],[-79.215217907517925,43.803732143612123],[-79.214873751413862,43.804852220896386],[-79.212462345349167,43.802338520022737],[-79.210895714001737,43.802764180402178],[-79.210551483673015,43.803884243561725],[-79.209025140633884,43.802959964381976],[-79.207458470014174,43.803385576882448],[-79.207127633533332,43.804055658149252],[-79.208323141228732,43.805650047119443],[-79.207384442123299,43.805860413563494],[-79.20705359025358,43.806530494090943],[-79.209795768593665,43.808374218933771],[-79.211355839421259,43.808173562175853],[-79.210707626112494,43.809063774894589],[-79.209768880862867,43.809274160042989],[-79.209431311815081,43.810169232413742],[-79.212484418205548,43.812017764434103],[-79.213058825264142,43.81360238315569],[-79.214916313525137,43.813856510341459],[-79.215861814630514,43.813421098129737],[-79.218591198707458,43.815714591557992],[-79.220151435940807,43.81551381766991],[-79.220806265431875,43.814398564720477],[-79.222683839679945,43.813977606948271],[-79.22297452076684,43.814657399869773],[-79.224812087957332,43.815586327633099],[-79.225750884004455,43.815375819861529],[-79.226338996834002,43.816510403483399],[-79.227568546534187,43.816979665388359]]],[[[-79.266150315873801,43.815770955884325],[-79.266156827760142,43.815545964054984],[-79.267095488573048,43.815335114081044],[-79.267775472069786,43.813319609127561],[-79.268727095706311,43.812658760615761],[-79.269652706478098,43.812897873252915],[-79.269917930198417,43.814477524863513],[-79.271432542160923,43.815850993891786],[-79.272694884102904,43.815194813068764],[-79.274559185289519,43.815222982591237],[-79.275167663675788,43.81568235149463],[-79.277659891336967,43.815494857453245],[-79.278928623305433,43.814613613151657],[-79.278637302913168,43.813933952180008],[-79.279588819520882,43.813273011446206],[-79.279316882826762,43.811918371416709],[-79.27995766197634,43.811252747197294],[-79.278740727326678,43.810334056884329],[-79.277174327473645,43.810760629979974],[-79.276902455183119,43.809405984716101],[-79.275368447032676,43.808707566984054],[-79.274785947229134,43.807348227097492],[-79.275724450544189,43.807137303316821],[-79.276061016793037,43.806242017996823],[-79.274844242561485,43.80532328805829],[-79.27171163324617,43.806176309635802],[-79.270177769303814,43.805477824182546],[-79.269219779612044,43.806363680287554],[-79.267349253939486,43.806560420515673],[-79.268941605577737,43.805234010969045],[-79.268352782931998,43.804099633037382],[-79.266495341767012,43.803846375611052],[-79.267453329598837,43.802960541980148],[-79.266858050238085,43.80205114923568],[-79.267816003268081,43.801165311733591],[-79.266599458846997,43.800246496985878],[-79.263810235620156,43.79997905584316],[-79.260968816778302,43.80151148146799],[-79.261511789432959,43.804220837543831],[-79.260877415520795,43.804661365299857],[-79.260838239008976,43.806011314933329],[-79.261731082332886,43.807375447801682],[-79.260785999417919,43.807811247236437],[-79.26012544990499,43.809151735524182],[-79.26072069311094,43.810061161745026],[-79.261342069373313,43.810070619197212],[-79.261315954050957,43.81097058502521],[-79.260370810680996,43.811406379772045],[-79.260033979962571,43.812301613718951],[-79.262454327302734,43.814589354516599],[-79.264351191316294,43.813492732396689],[-79.264318599565087,43.814617690776622],[-79.266150315873801,43.815770955884325]]],[[[-79.186407154164797,43.810931526513549],[-79.186413964299035,43.810706544207505],[-79.190486770188983,43.809645669792502],[-79.191445956399306,43.808760495387247],[-79.190554711796224,43.807395840710157],[-79.188089823757679,43.80668150512949],[-79.18842768820933,43.805786500470617],[-79.193432070610882,43.804740286851825],[-79.194701777986566,43.80385999379746],[-79.194418246696699,43.802955150518223],[-79.192878615185592,43.802480627220845],[-79.19197385232836,43.801565950085745],[-79.19041389806118,43.8017663442117],[-79.18919175824837,43.80107170856818],[-79.188253069403984,43.801281918039464],[-79.18759779144311,43.802396978834409],[-79.188185055907766,43.803531746675127],[-79.18568630014272,43.803942275299285],[-79.18440964560223,43.805047448097845],[-79.184693033782295,43.805952313458135],[-79.186522915703335,43.80710682598653],[-79.185881161539456,43.807771909411549],[-79.186178204534542,43.808226806577707],[-79.184921910957016,43.808657036086281],[-79.18459079351922,43.809327046626898],[-79.185178064120521,43.810461828804407],[-79.186407154164797,43.810931526513549]]],[[[-79.320323719851956,43.812753665235782],[-79.320330027671986,43.812528666936757],[-79.321268463787547,43.812317367900526],[-79.321325198749776,43.81029238172728],[-79.322586891996735,43.809635638328757],[-79.322618384457812,43.808510644816856],[-79.321432348628235,43.806467405718998],[-79.320512922623209,43.806003712081079],[-79.319574583604236,43.806215006676965],[-79.318921669705972,43.807330858321841],[-79.31708916463694,43.806178425582274],[-79.314591094470472,43.806591786231927],[-79.313950745597651,43.80725761223497],[-79.314229779865983,43.808387185379239],[-79.313278715857379,43.809048422596277],[-79.31357040994196,43.80972800172546],[-79.315104904951966,43.810425913924611],[-79.317609450026751,43.809787546720834],[-79.31818031906333,43.811596679873439],[-79.320323719851956,43.812753665235782]]],[[[-79.35392427705608,43.811667044218837],[-79.353930458493792,43.81144204203931],[-79.355496361284693,43.811014408198652],[-79.356422314252612,43.811252822873044],[-79.35862193792407,43.810384077743436],[-79.358951130250901,43.809713532356852],[-79.357732989624282,43.808795664798751],[-79.357751488973562,43.808120656600664],[-79.359006586989807,43.807688506594097],[-79.359341919456995,43.806792956521484],[-79.361212195334716,43.806594705360688],[-79.362442643777783,43.807062529678667],[-79.364946573699697,43.806423114211874],[-79.36500182154559,43.804398081208305],[-79.364398892567181,43.803714177301181],[-79.363162351201836,43.803471378169291],[-79.362218043416718,43.803908029565235],[-79.360067964982989,43.802976824032761],[-79.357570297340573,43.803391131473475],[-79.3572411265272,43.804061673897394],[-79.358142323824666,43.805200084838219],[-79.356893441534453,43.805407223497227],[-79.355302995514776,43.806734889525167],[-79.353115828401172,43.807153568128641],[-79.352451150085628,43.808719625229642],[-79.350872902459002,43.809597221937359],[-79.351767867983526,43.81096068342336],[-79.35392427705608,43.811667044218837]]],[[[-79.326936641380769,43.809699414532325],[-79.326942923704536,43.809474415351225],[-79.328204539757195,43.808817608561135],[-79.327620831969327,43.807458518956395],[-79.328869848708422,43.80725170267133],[-79.329466128352593,43.808160787324852],[-79.330391927573586,43.808399410747683],[-79.331659748166331,43.807517564987478],[-79.33168480419765,43.806617565692626],[-79.330479687916053,43.805249415065482],[-79.328336349258038,43.804092619949181],[-79.326478625057845,43.803840333791541],[-79.32458946791408,43.804713013300791],[-79.324558016615384,43.805838008697776],[-79.32330272083621,43.806269777020937],[-79.322973152761534,43.806940213999766],[-79.324786926387219,43.80876755132801],[-79.326936641380769,43.809699414532325]]],[[[-79.338444954617955,43.809417168370928],[-79.338451193678836,43.809192167860772],[-79.339712681368695,43.808535231853021],[-79.339445633933963,43.806955711942095],[-79.341328426258144,43.806307785742945],[-79.343820099521665,43.80611883855132],[-79.344397948788441,43.807702852545923],[-79.345323804101255,43.807941355805511],[-79.346268295250212,43.807504847296514],[-79.346373843189127,43.803679820892221],[-79.345479105440972,43.802316319129766],[-79.344553335708767,43.802077818265602],[-79.342987594791168,43.802505305208655],[-79.341769847031514,43.801587272500768],[-79.34083164732327,43.801798744136924],[-79.340166713724159,43.803364727036318],[-79.340756900332678,43.804498756388533],[-79.338259048172432,43.804912638402129],[-79.339526680291058,43.804030701812572],[-79.338930285628663,43.803121667271732],[-79.337383204729022,43.802874074118321],[-79.335861126278971,43.801726458226639],[-79.334605995209202,43.802158353713736],[-79.333294532861601,43.804615236438721],[-79.333897110621606,43.805299298906803],[-79.335444238000804,43.805546939934828],[-79.336605756186472,43.808490042574959],[-79.338444954617955,43.809417168370928]]],[[[-79.171017470244848,43.805959298486329],[-79.171024336957814,43.805734317908907],[-79.17196315181296,43.805524252440605],[-79.171976877852472,43.805074291004111],[-79.174462057977479,43.805114026901109],[-79.175407701934802,43.804678951609411],[-79.175158713222331,43.80264915957342],[-79.177043055682432,43.80200396895944],[-79.177374213617554,43.801333980242447],[-79.17677348827759,43.800649123369048],[-79.173377186710937,43.799919602812309],[-79.17211412073496,43.800574674493973],[-79.17208667470554,43.801474598108022],[-79.167358459880958,43.803649759575507],[-79.167027177259925,43.804319716816046],[-79.167627824897835,43.805004623221627],[-79.169802349422383,43.805039477788668],[-79.170092385958753,43.805719395078178],[-79.171017470244848,43.805959298486329]]],[[[-79.310203530866957,43.807877527839423],[-79.311782310897641,43.807000501586991],[-79.311211675567222,43.805191338880562],[-79.312162699330244,43.80453011782528],[-79.311864707157966,43.804075532836059],[-79.31315169857659,43.802518901398017],[-79.311623764871698,43.801595967937956],[-79.309734470699922,43.802468399777169],[-79.308859637493313,43.800429632186109],[-79.307946754564497,43.799740842583063],[-79.309487275383489,43.800213828782574],[-79.310425552808354,43.800002615888005],[-79.311078539389811,43.798886812689183],[-79.313582638623089,43.798248525452969],[-79.31391858868767,43.797353117348301],[-79.312701397965,43.796434782831781],[-79.310203708679595,43.796848054269702],[-79.310565063325427,43.795052665196941],[-79.309664927926136,43.793913894013741],[-79.308739438377941,43.793675106977496],[-79.307173678456337,43.794102103093948],[-79.306216413093736,43.794988282926049],[-79.306812229163313,43.795897480177025],[-79.307433473637062,43.795906684682215],[-79.307395357208932,43.797256669311608],[-79.304884875495048,43.7981198177227],[-79.304238148720742,43.799010586964116],[-79.305765900949226,43.799933616703385],[-79.305385284468144,43.802403977282275],[-79.306570691788338,43.804447374243694],[-79.308415639345867,43.805149977516024],[-79.308973491041812,43.807409147236044],[-79.310203530866957,43.807877527839423]]],[[[-79.300268037590072,43.80750506356123],[-79.303076914733708,43.807096632998196],[-79.304345099853748,43.806215096238581],[-79.304059894307528,43.805310498422777],[-79.302525661702148,43.804612441464307],[-79.303787433090847,43.803955906466577],[-79.304129929732213,43.802835534107487],[-79.302012696245825,43.800778267286866],[-79.299521141902048,43.80096630425566],[-79.298867918321037,43.802082037143087],[-79.299470072883068,43.802766274709079],[-79.297593352832678,43.803188509859744],[-79.296952855567881,43.803854238488164],[-79.298118830580975,43.806572706173206],[-79.300268037590072,43.80750506356123]]],[[[-79.150570184044327,43.803829414847428],[-79.150577126982284,43.803604436768723],[-79.151515974256299,43.803394539950865],[-79.152164991604266,43.802504676675696],[-79.153407513964822,43.802524765844687],[-79.154077281459038,43.800959955179962],[-79.155637319528267,43.800760059013456],[-79.156286246611458,43.79987017035274],[-79.155685780107348,43.799185206909378],[-79.154450252634632,43.798940164962509],[-79.153573859164382,43.797125279380026],[-79.151089039278475,43.797085095071402],[-79.150185004068433,43.796170098803636],[-79.148949562833891,43.795924998731017],[-79.147679372511604,43.796804775506644],[-79.148541682875006,43.799069659201429],[-79.146988623896121,43.799044481074887],[-79.146339569876304,43.799934314755369],[-79.147554221226457,43.800854377632945],[-79.147526406281088,43.801754288786547],[-79.149065639614193,43.802229416745512],[-79.149341531745137,43.803359338505771],[-79.150570184044327,43.803829414847428]]],[[[-79.385768747409472,43.806494091329164],[-79.385774808201049,43.80626908537976],[-79.38860125609331,43.80518352352],[-79.388625455203695,43.804283498202771],[-79.389563536921628,43.804071632151029],[-79.390543908034672,43.802284712043893],[-79.389325421269632,43.801367175089545],[-79.388387381381762,43.801579039920696],[-79.387479601814164,43.800665865236979],[-79.38590206858332,43.801543958233019],[-79.385304986963973,43.800635154947734],[-79.384068417406681,43.800392581649078],[-79.382155887726313,43.802166251596738],[-79.382436191819153,43.803295678619556],[-79.381479869862417,43.804182502695333],[-79.382692217926319,43.805325127576594],[-79.384245633415574,43.805347105084131],[-79.384842743657856,43.806255913659598],[-79.385768747409472,43.806494091329164]]],[[[-79.277381309926881,43.803560838441292],[-79.277387776890521,43.803335844796386],[-79.278934596366398,43.803584246543494],[-79.280507250400447,43.802932651485449],[-79.283050496894134,43.800945076596783],[-79.283386916691185,43.800049766400249],[-79.281257600256637,43.798442116080714],[-79.277504169408971,43.799285957537158],[-79.275989822536161,43.797912569792516],[-79.274734361340862,43.79834380198438],[-79.275070888783574,43.797448517691713],[-79.27824822765723,43.795020436142039],[-79.276733968130969,43.793647058770226],[-79.275491546191645,43.793628313409052],[-79.275200359602579,43.792948643599374],[-79.273647351706558,43.792925189244954],[-79.273369148289987,43.791795527815189],[-79.275562732012077,43.791153380927774],[-79.276222728052218,43.789812790387472],[-79.276837433634697,43.790047154251305],[-79.277782119851352,43.789611214199866],[-79.278125009796895,43.788490923744909],[-79.279632719746985,43.79008927669328],[-79.28151559245498,43.789442336342148],[-79.281845518230142,43.78877202301188],[-79.280654804154452,43.786953377702993],[-79.282893231841967,43.784736121201789],[-79.281676776805554,43.783817466163889],[-79.279496435210135,43.784009747422502],[-79.278584141112105,43.783320730926164],[-79.277024915926731,43.78352232101075],[-79.276384410785084,43.784187936215787],[-79.276682036854538,43.784642609226744],[-79.272308291002531,43.78547692519151],[-79.271046581031783,43.786133115266701],[-79.270716550950581,43.786803395952354],[-79.271318231504495,43.787487775830556],[-79.273485765307854,43.787745640915944],[-79.27474101071364,43.78731441817196],[-79.275019221942031,43.788444077193006],[-79.270955758018758,43.789283024409386],[-79.270373533912675,43.787923662360946],[-79.269150717606379,43.787229869915834],[-79.270425449592921,43.786123714634762],[-79.269558675737414,43.783859672934952],[-79.270496825788328,43.783648785501732],[-79.271143875038973,43.782758210512689],[-79.270852786998375,43.782078530067352],[-79.269934133129283,43.781614440076879],[-79.268064384161619,43.781811205622731],[-79.266531178668401,43.781112679361179],[-79.266240150678598,43.78043298797305],[-79.265004517468199,43.780189139943559],[-79.26405989228671,43.780624975941386],[-79.264033844540464,43.781524947720477],[-79.262765614421795,43.782406039464824],[-79.261781812645765,43.784191811419703],[-79.259634051481385,43.783258750132291],[-79.257136584871176,43.783670865290183],[-79.25617876459593,43.784556617861888],[-79.256132967078287,43.786131560693654],[-79.257653098989891,43.787280209933904],[-79.25952957807219,43.786858626201322],[-79.26044822782697,43.787322799449427],[-79.261392985375906,43.786886995993683],[-79.262376845386711,43.78510122912013],[-79.263612567605051,43.785345106872242],[-79.265488946882982,43.784923423414142],[-79.266646639876939,43.787867184188045],[-79.267875938387775,43.788336009989557],[-79.267545860245221,43.789006280480706],[-79.269001331294788,43.792404713472372],[-79.271162542981259,43.792887618405537],[-79.272068407358873,43.793801687459791],[-79.273006705917155,43.793590782188112],[-79.272042467825031,43.794701660966986],[-79.272340110302579,43.795156344806166],[-79.27108468246557,43.795587537606394],[-79.270748107170832,43.796482809625431],[-79.272223385757172,43.799206223988385],[-79.273148805258771,43.799445305642372],[-79.274410777748614,43.798789098051273],[-79.274378391451307,43.799914065314844],[-79.273083981944836,43.801695238172485],[-79.274300656673404,43.802613985762285],[-79.275860388551379,43.802412441832267],[-79.276455809421478,43.803321789916609],[-79.277381309926881,43.803560838441292]],[[-79.273317310688498,43.793595476543736],[-79.273006705917155,43.793590782188112],[-79.273013187044654,43.793365788667487],[-79.273323790651745,43.793370482986475],[-79.273317310688498,43.793595476543736]]],[[[-79.139788719718524,43.800728204917647],[-79.139795702361738,43.80050322808988],[-79.141059108021551,43.799848519988196],[-79.140783386668829,43.798718580619379],[-79.14268189738128,43.797624006395175],[-79.142392210289785,43.796944024793234],[-79.140853167243705,43.796468809837265],[-79.139645689735644,43.79532370142234],[-79.13870693157881,43.79553350246659],[-79.13903149203297,43.795088608088221],[-79.138431271863539,43.794403557749092],[-79.135953581578761,43.794138069625639],[-79.134746244881796,43.792992911476432],[-79.132247604531727,43.793402273175055],[-79.131654490574903,43.792492212579084],[-79.130101616834878,43.792466807992717],[-79.128789098570635,43.794696226147401],[-79.13029992744481,43.796071504513215],[-79.130533339970242,43.798551320459033],[-79.131761740551596,43.799021595095461],[-79.133025199182157,43.798366976698354],[-79.133293765451029,43.799721908262214],[-79.134211597085937,43.800187081792544],[-79.137656331903244,43.799342922603984],[-79.138249602333374,43.800252953823424],[-79.139788719718524,43.800728204917647]]],[[[-79.351344552591314,43.803751652124369],[-79.351350742004897,43.803526649923953],[-79.352288934417501,43.803315091802673],[-79.352953552765157,43.801749033344791],[-79.354829864610309,43.801325881781949],[-79.355469700753147,43.800659817843027],[-79.35733979553082,43.800461627071982],[-79.358551602504733,43.801604500463895],[-79.360123370970598,43.800951794741614],[-79.361987312893874,43.800978531214263],[-79.36263321318981,43.800087422238732],[-79.361756600674809,43.798049031303854],[-79.36083698017444,43.797585658687396],[-79.360209546565272,43.797801747634502],[-79.359296100349354,43.797113359440601],[-79.357730589306058,43.79754105248152],[-79.356817176037225,43.796852644945169],[-79.355245481759098,43.797505306752718],[-79.351877954268744,43.795656047883305],[-79.350629252241703,43.795863121182208],[-79.349989415924469,43.796529158508477],[-79.350244319033678,43.798558664759611],[-79.349318586773492,43.798320202975937],[-79.348374263847717,43.798756740009566],[-79.347044824633755,43.801888797667075],[-79.348262660881417,43.802806775469826],[-79.349834569088173,43.802154213698692],[-79.35011426159096,43.803283710444788],[-79.351344552591314,43.803751652124369]]],[[[-79.328989052350039,43.802976710530672],[-79.331486881285173,43.802563030805395],[-79.331816329288245,43.801892566872411],[-79.333369616234563,43.80191523447003],[-79.334326600763418,43.801028823511984],[-79.334382872372672,43.799003819826758],[-79.335637938223257,43.79857192553812],[-79.335973562710905,43.797676447415945],[-79.335371034925799,43.796992395864045],[-79.33382412763919,43.796744757003616],[-79.334172272308521,43.795399283080201],[-79.333284188044672,43.793810689705793],[-79.336079731119781,43.79385143434844],[-79.337347155722043,43.792969517096495],[-79.336750899441995,43.792060471756734],[-79.333036131170189,43.791556152856003],[-79.332439954351585,43.790647086064133],[-79.330899486574225,43.790174409654163],[-79.32838962730446,43.79103808574969],[-79.328053930378829,43.791933541376721],[-79.328656324393634,43.792617629959537],[-79.327724498743265,43.792603995784802],[-79.327432720482719,43.791924449608587],[-79.325277342078451,43.791217602738023],[-79.323718048232905,43.791419829088021],[-79.323388571483804,43.792090270319832],[-79.322450461193228,43.792301592679394],[-79.322114668431908,43.793197029129566],[-79.322717005969608,43.79388114800296],[-79.320206877471207,43.794744639413629],[-79.319877342349344,43.795415069221264],[-79.320783998456719,43.796328764130429],[-79.31984581284506,43.796540063740217],[-79.319509955726929,43.797435490891274],[-79.320112304231714,43.798119623216891],[-79.318533880535554,43.798996771609154],[-79.318483385815284,43.800796760351048],[-79.319700753569109,43.80171503543032],[-79.321894234419233,43.801071997811675],[-79.322179692339034,43.801976555734598],[-79.323409729511042,43.802444794436965],[-79.324043630337911,43.802003911523322],[-79.326218227990552,43.802035788206659],[-79.327175318454749,43.801149438892416],[-79.327758958963642,43.802508531074174],[-79.328989052350039,43.802976710530672]]],[[[-79.228351639148244,43.801010371829804],[-79.228358289527506,43.800785383967551],[-79.232145634418146,43.798818228830271],[-79.231557573537046,43.797683672820071],[-79.229396533349458,43.797200021469358],[-79.231280147454697,43.796553922796406],[-79.231927917596408,43.795663584035722],[-79.233778313258114,43.796142385848889],[-79.233751796931088,43.797042340607568],[-79.23619038694946,43.79865565021052],[-79.237446118515791,43.798224846410122],[-79.238100430009268,43.797109482507487],[-79.240922396994421,43.796252599626122],[-79.240988414653231,43.794002703445905],[-79.241629414777108,43.79333729614536],[-79.239488262911706,43.792178867617871],[-79.23950808233954,43.791503898902661],[-79.240730631042922,43.792198003854267],[-79.241669006349468,43.791987357349953],[-79.243274701480232,43.79021132539421],[-79.243003676406246,43.788856609180883],[-79.242078547057091,43.7886172876579],[-79.242732662622629,43.787501892222849],[-79.24213131304127,43.786817367260731],[-79.240267927070647,43.786788683467122],[-79.238986027431253,43.788119482184079],[-79.238054315450825,43.788105118105761],[-79.236838496014727,43.787185996534419],[-79.235265805118416,43.787836991108655],[-79.233957266290048,43.790067687171174],[-79.234558552568913,43.790752253766179],[-79.236104852894044,43.791001227518315],[-79.236382347949586,43.792130967972753],[-79.236996914386509,43.792365543904012],[-79.23634925583201,43.793255913767645],[-79.234816145088843,43.792556964486728],[-79.233877738528051,43.792767554122548],[-79.233216768699407,43.794107882849438],[-79.231961095433377,43.794538641397622],[-79.231947824529499,43.794988618481938],[-79.230718684681293,43.79451940902355],[-79.227916614447992,43.794701074884721],[-79.226396881463046,43.79355203783097],[-79.224830574600304,43.793977895508043],[-79.224486659128445,43.795098007572939],[-79.225087884245639,43.795782622463761],[-79.224136065022691,43.796443105703879],[-79.224102738179241,43.797568043204059],[-79.226237114708027,43.798951744975646],[-79.226507797835581,43.800306493038185],[-79.228351639148244,43.801010371829804]]],[[[-79.166239814141889,43.799580179227348],[-79.166246697254337,43.799355198998818],[-79.1675097990599,43.798700192733421],[-79.166957373481168,43.796440423288807],[-79.169145329553331,43.796025323793408],[-79.169794005003425,43.795135353292885],[-79.168579117322196,43.794215522083434],[-79.167329878765273,43.794420581409959],[-79.166128808058502,43.79305076388362],[-79.165203942187446,43.792810824198838],[-79.164927791624521,43.791680934377467],[-79.163395585296342,43.790981041671742],[-79.162125708842282,43.791860985366078],[-79.162098121271839,43.792760905327548],[-79.160835089659727,43.793415853560255],[-79.161407960242627,43.795000709870983],[-79.162325946580395,43.795465660426146],[-79.161387259340373,43.795675649212683],[-79.160731551427133,43.79679054924442],[-79.161332053412593,43.797475487027889],[-79.163492511228,43.797960416539929],[-79.163782444051321,43.798640348798834],[-79.166239814141889,43.799580179227348]]],[[[-79.204804192177917,43.79861699447703],[-79.206978529751012,43.798651137774236],[-79.208565250618321,43.797550572786704],[-79.210442372577575,43.797129807487629],[-79.213541797700984,43.797403402627886],[-79.214817758120688,43.79629789090172],[-79.212987639596108,43.795143825882725],[-79.210192217740016,43.795100069516543],[-79.205188914473339,43.796147037870895],[-79.203284815483926,43.797467656587706],[-79.203879076063458,43.798377364020624],[-79.204804192177917,43.79861699447703]]],[[[-79.294887044106886,43.799996876001018],[-79.296136006425485,43.799790416655675],[-79.296776467791346,43.799124691594471],[-79.296491407510459,43.798220076210299],[-79.297461647676883,43.796883989012166],[-79.297855324031474,43.793963664441911],[-79.296334239726178,43.792815536150457],[-79.294153608295673,43.793008092302045],[-79.292626212915536,43.792084911982961],[-79.291681591286945,43.792520975731371],[-79.291345340388489,43.793416314196314],[-79.290115747528674,43.792947736646184],[-79.289171094491763,43.793383779052476],[-79.287223894781135,43.796280795851807],[-79.288447107671459,43.796974400223888],[-79.289327615945496,43.798788317931091],[-79.29088078846145,43.798811561674881],[-79.291844750835565,43.797700520036507],[-79.29337868012172,43.798398716345652],[-79.293961523966829,43.799757968917611],[-79.294887044106886,43.799996876001018]]],[[[-79.409213995408649,43.801420710789031],[-79.409219967138483,43.801195702058585],[-79.410157932288612,43.800983664950358],[-79.410486497509766,43.800312960457056],[-79.411717218427,43.80078025843487],[-79.412655168789456,43.800568200576592],[-79.413616932596071,43.799456097851142],[-79.414865512111845,43.799248334035653],[-79.415504667895235,43.798581923179206],[-79.414901211489607,43.797898277296461],[-79.415223757763243,43.797452567295991],[-79.416454458993911,43.797919814137138],[-79.417398288927231,43.797482706585811],[-79.417750508299193,43.79591193994122],[-79.418999000606178,43.795704129495277],[-79.420593688904844,43.794150538266869],[-79.419398621872602,43.792333275406087],[-79.41660303407447,43.792294569823483],[-79.416005570429874,43.791385919925901],[-79.415079671111741,43.791147988449303],[-79.4122603114551,43.792009215851813],[-79.411931814133368,43.792679927378082],[-79.412535185406057,43.793363588239053],[-79.41126883434319,43.794246356272851],[-79.411244983548173,43.795146393130707],[-79.410325012816585,43.794683413520247],[-79.409381177660421,43.795120462729166],[-79.408765881704767,43.79488680358034],[-79.407822032308573,43.795323839672065],[-79.407481512139725,43.796444554515062],[-79.406232968054539,43.796652238228589],[-79.405301043666938,43.796639235605845],[-79.403783784143613,43.795267497613274],[-79.402212624540596,43.795920814185386],[-79.401238708950686,43.797482835240785],[-79.403036643967056,43.79998398928042],[-79.405814619080601,43.800698057294767],[-79.407391845903589,43.799819684434802],[-79.40798328178289,43.800953385992038],[-79.409213995408649,43.801420710789031]],[[-79.407403802303264,43.799369667236284],[-79.407087167185821,43.799590345413087],[-79.407093146515891,43.79936533684284],[-79.407403802303264,43.799369667236284]]],[[[-79.176248077407521,43.797489466890525],[-79.17625492246691,43.797264485322366],[-79.177193586736777,43.797054373942167],[-79.177538393750993,43.795934420177652],[-79.179077730489155,43.796409145721469],[-79.180644405790161,43.795983922294283],[-79.181292912183224,43.795093883515676],[-79.1837913239481,43.794683444517716],[-79.184460209591066,43.793118438383672],[-79.183258766557103,43.791748794337153],[-79.181422584299312,43.79081921826667],[-79.180166627325221,43.79124940246539],[-79.179835559789169,43.791919401914811],[-79.178310002620208,43.790994723991666],[-79.176432866146214,43.791414961128929],[-79.175197405513245,43.791170144582516],[-79.173989363177625,43.790025388617593],[-79.171477363952022,43.790885578239234],[-79.171139339415546,43.79178053203858],[-79.171726192088698,43.792915379253678],[-79.170132070081408,43.794240404656463],[-79.170422062200956,43.794920321485797],[-79.172271910694107,43.795400110685897],[-79.174149199804972,43.794979944887643],[-79.174715587606784,43.796789721813823],[-79.176248077407521,43.797489466890525]]],[[[-79.151724117746767,43.796645189221657],[-79.153622367792181,43.795550428101407],[-79.156735236237097,43.795375600632411],[-79.158937036257967,43.794510738433402],[-79.159268350646585,43.793840804196229],[-79.158053653819366,43.792920864144037],[-79.159323611509848,43.792040967318222],[-79.158737003784907,43.790906060496937],[-79.15750163225465,43.790661053996672],[-79.155934943800943,43.79108595995865],[-79.15434053012018,43.792410760103373],[-79.15311900848171,43.791715748155454],[-79.151862839841769,43.792145617184296],[-79.151807354865284,43.793945446468143],[-79.15054418923522,43.79460027836231],[-79.150198889045001,43.795720142129113],[-79.151724117746767,43.796645189221657]]],[[[-79.374456372325085,43.799580963352518],[-79.374462474107403,43.799355958388546],[-79.376009632657073,43.799603050514996],[-79.37727660696666,43.798720683897876],[-79.376691870388456,43.797361826987306],[-79.375772141256888,43.79689857291531],[-79.375144766333378,43.79711474486033],[-79.375156963611403,43.796664734574208],[-79.37611934908459,43.795552956594683],[-79.3773740547458,43.795120597748266],[-79.37770903847337,43.794224986525712],[-79.376497005239159,43.79308231157313],[-79.374943913428268,43.793060233630762],[-79.373719750710507,43.79236754064496],[-79.37277569458125,43.792804284035888],[-79.371472112111832,43.79503663153524],[-79.373225978146053,43.7991132687687],[-79.374456372325085,43.799580963352518]]],[[[-79.302393439006337,43.798307919354521],[-79.30239981093068,43.798082922564248],[-79.303661443976736,43.797426386033727],[-79.302761407160375,43.796287562455497],[-79.302793256894915,43.795162577794166],[-79.304048458389062,43.794731032656117],[-79.305024834190561,43.793169879562328],[-79.303807865615383,43.792251453220317],[-79.301323045612818,43.792214538552251],[-79.300423128984804,43.791075697544045],[-79.299497722033422,43.790836836832099],[-79.298229799647359,43.79171832618249],[-79.298514858416766,43.792622938140347],[-79.297880875527269,43.793063678655741],[-79.298476545589082,43.793972917310882],[-79.299401996243503,43.794211786889171],[-79.299687083487044,43.795116396022927],[-79.298710536796719,43.796677500213505],[-79.299312637144666,43.797361738319694],[-79.300865780777727,43.797384845776008],[-79.302393439006337,43.798307919354521]]],[[[-79.363937237292276,43.797855184352116],[-79.363943378179883,43.79763018049821],[-79.365837888832758,43.796531832620161],[-79.364675140508268,43.793589002473837],[-79.366203711838438,43.794511237188196],[-79.368073583902515,43.794312866958244],[-79.368987091286215,43.795001186199997],[-79.369925091398926,43.794789479892742],[-79.37056469036915,43.794123326980959],[-79.370290764645915,43.79276886847056],[-79.371551562744457,43.792111568257667],[-79.371582117490036,43.790986543489275],[-79.367916083359404,43.788683316605869],[-79.366344722200367,43.789336137231459],[-79.364182817243559,43.788855022721812],[-79.364536368651741,43.787284438802587],[-79.363324727009314,43.786141628876138],[-79.363958164899827,43.78570051598691],[-79.363666004457315,43.785021055666306],[-79.364926707565061,43.7843638262963],[-79.364330110530943,43.783454918385573],[-79.361547305688177,43.782964863940002],[-79.359963723908422,43.784067606769973],[-79.358112628958381,43.783590837964738],[-79.358758391167029,43.782699746252476],[-79.360932327143857,43.782730951556829],[-79.362199154469849,43.781848747533758],[-79.361627206740891,43.780039808936195],[-79.359484136210341,43.778883597995026],[-79.358552509353331,43.778870218477728],[-79.359539515360908,43.776858560727405],[-79.360800088087473,43.776201374010725],[-79.360514155690453,43.775296901460912],[-79.35959488873128,43.77483352268348],[-79.358657168899128,43.775045149207564],[-79.357439721260562,43.774127284269127],[-79.355570450561146,43.774325490456974],[-79.355905632589938,43.773429943314028],[-79.354992599636589,43.772741524489547],[-79.355060455204423,43.770266481739561],[-79.353520318598413,43.769794114160007],[-79.352576480571898,43.770230695571655],[-79.352284520028221,43.769551207589288],[-79.353246873690992,43.768439617029188],[-79.350800079656054,43.767053771296773],[-79.348303857405057,43.767467901208398],[-79.347658112427624,43.768358936250301],[-79.347950014822658,43.769038435272748],[-79.345484711552132,43.768327486622347],[-79.344578083583073,43.767413984186142],[-79.34176510737548,43.76804847435033],[-79.340175348356496,43.769375948512319],[-79.340144227939859,43.770500959816978],[-79.339194056704571,43.771162431055977],[-79.340640766881549,43.775010023236099],[-79.338790112359916,43.77453294748787],[-79.337020563621778,43.771130818879165],[-79.336095307234686,43.77089225640168],[-79.335809772076061,43.769987727536936],[-79.33489078207424,43.769524153893961],[-79.331487908164405,43.769024329353854],[-79.326811789676526,43.769631229274445],[-79.325544717303089,43.770513038518423],[-79.3264448204216,43.771651688264235],[-79.325500762536564,43.772088042235822],[-79.324917448593368,43.770728937118562],[-79.322433492804947,43.770692495554911],[-79.320981757705241,43.767069690603115],[-79.319467188213508,43.765696868842809],[-79.321969807439956,43.765058370521572],[-79.322565581426176,43.765967489246123],[-79.325347254682896,43.76645847691335],[-79.326614242451456,43.765576667934333],[-79.326018410179856,43.76466756934326],[-79.328197924841078,43.764474385929965],[-79.328179121321639,43.765149389211331],[-79.326918438090075,43.765806215217012],[-79.327203820543517,43.766710764478283],[-79.329345822782912,43.767867566449986],[-79.330898227018409,43.767890253704216],[-79.332165165949874,43.767008382557371],[-79.332190179026213,43.766108376628189],[-79.333438316108811,43.765901494988313],[-79.33408424226225,43.765010542893513],[-79.333177839189247,43.764096953040841],[-79.331625531246402,43.764074298300649],[-79.330402464212483,43.763381155165845],[-79.329533715191587,43.761117528949043],[-79.328298199231085,43.760874366968622],[-79.327037608498387,43.761531196218677],[-79.326752250815986,43.760626646188619],[-79.325523033935951,43.760158453483754],[-79.325231427374163,43.759478900901705],[-79.323368808893193,43.759451585454492],[-79.325927600712973,43.756787986188002],[-79.325027721859072,43.755649333250069],[-79.323190360387898,43.754722012778842],[-79.32540090023825,43.753403871352361],[-79.323582447573557,43.75180155435158],[-79.324247198801814,43.750235652173011],[-79.322428870871576,43.748633317991093],[-79.318995797578168,43.749258144591565],[-79.318343525190897,43.750374013399465],[-79.318939104731527,43.751283150050909],[-79.317976409251997,43.752394449038576],[-79.31919280972815,43.753312721091611],[-79.317938587628078,43.753744451314766],[-79.317907067598156,43.754869452947055],[-79.316659112758899,43.75507616812375],[-79.316013042369008,43.755967020744734],[-79.317793580358384,43.758919456832338],[-79.318712274174914,43.759383164098011],[-79.319339444324498,43.759167297608485],[-79.319326844645801,43.75961729818529],[-79.318066185581358,43.760274027429197],[-79.3186492488813,43.76163316578787],[-79.316773949968066,43.762055741803117],[-79.315811036036209,43.763167017102447],[-79.31672346750068,43.763855740595403],[-79.317300223743402,43.765439884878674],[-79.319156720380661,43.765692302206787],[-79.317870702237357,43.767249026132262],[-79.319936941530997,43.77110599984173],[-79.318663433494734,43.77221273020313],[-79.322009733299382,43.774737937957219],[-79.318581460132762,43.775137725548987],[-79.317694076224129,43.773549017015604],[-79.316452043985961,43.773530723555638],[-79.315539471960903,43.772841996694829],[-79.314284812242789,43.773273678386516],[-79.313942690223072,43.774394092529299],[-79.311737449798002,43.775486992279532],[-79.311990987902504,43.777516568775106],[-79.314145714516002,43.778223657496142],[-79.31413306750818,43.77867365536607],[-79.313182483837181,43.779334902652352],[-79.313157174099146,43.780234897731823],[-79.311927670688746,43.779766555522613],[-79.31066016587927,43.780648191196157],[-79.311211567417175,43.783132355359733],[-79.312130573848634,43.783596118830744],[-79.315236170666239,43.783641952901533],[-79.315895198841673,43.782301115851425],[-79.31713109912836,43.782544417380912],[-79.318715409320859,43.781442279979764],[-79.318772169386421,43.779417285477777],[-79.319672270765466,43.780555986959563],[-79.321224995589631,43.78057881082502],[-79.321814609744322,43.781712933051018],[-79.323677917727807,43.781740284804307],[-79.324324164911616,43.780849395321397],[-79.322269909937006,43.776542497490929],[-79.323518296125073,43.776335728621973],[-79.324164484970737,43.775444838337755],[-79.325083478762821,43.775908497927148],[-79.327878176026132,43.775949429950188],[-79.330995921582826,43.775544827900319],[-79.331641991774049,43.774653893294932],[-79.331039737427261,43.773969820722364],[-79.332275533483596,43.774212956997687],[-79.333219577698529,43.773776546946017],[-79.33326958287725,43.771976536107424],[-79.334207337662065,43.77176511851539],[-79.334765892684189,43.774024185486084],[-79.333828104171673,43.774235607051395],[-79.33316331632669,43.775801558404581],[-79.334380417848237,43.77671967641389],[-79.336237342430508,43.776971822404398],[-79.334057393700036,43.77716515196326],[-79.333398828342609,43.778506102311766],[-79.334615987173677,43.779424218325246],[-79.336174935628023,43.779221837277305],[-79.335212090906722,43.780333274227999],[-79.335497661531761,43.781237803652253],[-79.338895030945309,43.781962520912217],[-79.340168384962325,43.780855564196216],[-79.342652783893556,43.780891626935109],[-79.343255239667968,43.781575640689638],[-79.346031612789261,43.782291139880769],[-79.345081314294887,43.782952656844977],[-79.34323659433953,43.78225064710746],[-79.341031577416274,43.783344114766265],[-79.341925942828425,43.784707649634008],[-79.343776935385023,43.785184679132236],[-79.343118492192104,43.786525685747556],[-79.343702364271508,43.787884703286188],[-79.344932290724941,43.788352709447537],[-79.346497645896832,43.787925188779248],[-79.346168442299671,43.788595700431358],[-79.347063000486003,43.789959196960659],[-79.34486397438998,43.790827731709683],[-79.344832918628811,43.791952741444959],[-79.346373547197928,43.792425232287478],[-79.347317783068007,43.791988709982817],[-79.348237211226746,43.79245218886139],[-79.349119480508293,43.794265674611033],[-79.350349580427221,43.794733624677903],[-79.351933622668938,43.793631024311544],[-79.351983100812703,43.791831002706651],[-79.352921106855803,43.791619436062717],[-79.353492890618,43.793428412324033],[-79.355344248007,43.793905259386769],[-79.358072042083847,43.796420500791854],[-79.359625207866031,43.796442809353437],[-79.360886197882778,43.795785630292094],[-79.360630942735057,43.793756141382993],[-79.361885717046903,43.793323953669102],[-79.362768414428416,43.795137340404459],[-79.362408617991605,43.79693291904416],[-79.363937237292276,43.797855184352116]],[[-79.352621324177562,43.779910321795967],[-79.353844986390769,43.780603234485554],[-79.353801759096214,43.782178258003505],[-79.355329873183479,43.783100632781988],[-79.355609591488019,43.784230119928203],[-79.354677883416286,43.784216707535307],[-79.353485023793269,43.782398786588999],[-79.35225514854973,43.781930872907857],[-79.35098817647291,43.782812964320854],[-79.35126162600217,43.784167463807989],[-79.349392023971745,43.784365563317444],[-79.348478904629886,43.783677092257477],[-79.349124809324081,43.782786057284461],[-79.348522273925454,43.782102073373707],[-79.349795456502989,43.780995006622646],[-79.350714738397784,43.78145846406489],[-79.351963138692071,43.781251384603351],[-79.352621324177562,43.779910321795967]],[[-79.345298565989552,43.77507757022456],[-79.345894792099884,43.775986572929412],[-79.346820167819359,43.776225057695378],[-79.346168099742968,43.777341083855333],[-79.346758159478341,43.778475084918789],[-79.343329814494609,43.778875614154607],[-79.342106311811065,43.778182591118657],[-79.340211968144246,43.779280551147266],[-79.33962202573673,43.778146518265054],[-79.337473222740428,43.777214903651355],[-79.340584753528915,43.777035041885533],[-79.342162276057863,43.776157571317306],[-79.34155988547883,43.775473552235333],[-79.341882845057683,43.775028054318248],[-79.343721116916697,43.775955085435278],[-79.345298565989552,43.77507757022456]],[[-79.326024686085447,43.764442568488306],[-79.326018410179856,43.76466756934326],[-79.325707946628839,43.764663020587172],[-79.325714223697062,43.764438019767738],[-79.326024686085447,43.764442568488306]]],[[[-79.42422072233893,43.798027181827749],[-79.429531279771211,43.796974835118078],[-79.430797426462647,43.796091861894617],[-79.429584328391968,43.79494973476838],[-79.427093337242809,43.795140563950234],[-79.427457091215132,43.793119740720847],[-79.425933496000312,43.791973300799015],[-79.424063861408726,43.792172622112282],[-79.423424869791788,43.792839084036494],[-79.424022460856236,43.793747696821328],[-79.424643719381976,43.793756263864481],[-79.423998801888274,43.794647739302498],[-79.424590506124261,43.795781359834756],[-79.423019551455994,43.796434965708443],[-79.42269114795495,43.797105709117851],[-79.42422072233893,43.798027181827749]]],[[[-79.386077758150776,43.795018775716116],[-79.391078039936815,43.793963834176978],[-79.392040089216849,43.792851916371589],[-79.390821766598492,43.791934396507784],[-79.388647464793081,43.791903754636593],[-79.38897621614673,43.791233113912369],[-79.38775797354873,43.790315562352497],[-79.385882225186933,43.790739264410689],[-79.384657979241098,43.790046687143004],[-79.383714037184021,43.790483522887378],[-79.382404840838618,43.792941009256303],[-79.386077758150776,43.795018775716116]]],[[[-79.433317848288311,43.794775894504888],[-79.435509916346476,43.79413065254662],[-79.435574499624707,43.791655521475711],[-79.437748841837404,43.791685270457528],[-79.43842282349604,43.789668651787437],[-79.440315748899792,43.788569043214302],[-79.439717957872432,43.787660511948275],[-79.438164958707389,43.787639295193493],[-79.435715379994448,43.786255231503254],[-79.434461264158656,43.786688240817085],[-79.434133044229839,43.787359020933842],[-79.433213009263611,43.786896224164266],[-79.431964746077668,43.787104193736248],[-79.431314124566214,43.788220725856419],[-79.429749333131781,43.788649417633934],[-79.428764459675278,43.790661710462729],[-79.427814918905995,43.791323926424724],[-79.428717288063268,43.792461800348526],[-79.427761817245454,43.793349026345268],[-79.428359479556519,43.794257617429174],[-79.429596116222243,43.794499712363617],[-79.432098843058057,43.7938588050785],[-79.432391824278682,43.794538101657864],[-79.433317848288311,43.794775894504888]]],[[[-79.135161792169498,43.789623332562492],[-79.135168789463933,43.789398355887862],[-79.13610746220958,43.789188582217633],[-79.137398618593295,43.787634002092865],[-79.134984188318711,43.785343705386381],[-79.136578827352395,43.784019178121255],[-79.13505415382825,43.783093936736748],[-79.134468091545159,43.781958913331849],[-79.13200494856045,43.781243395007614],[-79.129761176346179,43.783457599261546],[-79.130050659100817,43.784137610701976],[-79.128801514248138,43.784342250419009],[-79.128152360359493,43.785231980958372],[-79.129055894049742,43.786147144314228],[-79.130912132893485,43.786402617120459],[-79.132712341241955,43.788457871561548],[-79.135161792169498,43.789623332562492]]],[[[-79.401657337546467,43.793437035103253],[-79.402911822433182,43.79300439213965],[-79.40420820983914,43.790996675198926],[-79.407965429570481,43.789923625376559],[-79.408299927587592,43.789027916276872],[-79.407696647460199,43.788344233944954],[-79.403652879567858,43.788512903186252],[-79.402703102215753,43.789174906970302],[-79.401168089633529,43.788478161647191],[-79.399913688378774,43.788910787048856],[-79.398611196343353,43.791143462430171],[-79.400140241726973,43.792065250488825],[-79.400731467114525,43.793198987810605],[-79.401657337546467,43.793437035103253]]],[[[-79.151324932311667,43.789435823614966],[-79.151331868933937,43.789210844871775],[-79.152270486628041,43.789000937325241],[-79.152608773917606,43.788106043636802],[-79.153554297979412,43.787671146089565],[-79.15605256827503,43.78726131116612],[-79.157018798682259,43.786151445652195],[-79.155804289019258,43.785231483851291],[-79.153927189002957,43.785651351962841],[-79.151173918482655,43.784256285451143],[-79.150304763531224,43.782216396946097],[-79.151560732342986,43.781786540865419],[-79.151595400976831,43.780661645390985],[-79.150677723556527,43.78019661292636],[-79.149428724054459,43.78040148103954],[-79.148835468243902,43.779491505347565],[-79.147910883614486,43.779251430027671],[-79.146965455018872,43.779686283097654],[-79.146295759652773,43.78125105852785],[-79.145032808001631,43.781905834529034],[-79.142583468245633,43.780740585887884],[-79.141714654651267,43.778700636917272],[-79.140162128998298,43.778675375304104],[-79.138250218651024,43.780219875840956],[-79.13851883603877,43.781574799864536],[-79.139436436587431,43.782039928600135],[-79.137848899166684,43.783139520987724],[-79.138138472929555,43.783819513572254],[-79.139677171879299,43.784294759954918],[-79.141885765126887,43.783205244324741],[-79.143714119764496,43.784360420083281],[-79.146529797994191,43.783730858593515],[-79.148075512584882,43.783981014550896],[-79.14860628587212,43.786915800918848],[-79.147667689254789,43.787125678780356],[-79.147336285991628,43.787795578484037],[-79.147936545890531,43.788480583414298],[-79.149164885603497,43.788950670450895],[-79.150103506181722,43.788740780763263],[-79.151324932311667,43.789435823614966]]],[[[-79.318114607047775,43.791787668092852],[-79.318120918544466,43.791562669220404],[-79.319382245293482,43.79090595338382],[-79.319096877415419,43.790001388310017],[-79.319718064743839,43.790010525069079],[-79.320003442081529,43.790915088740853],[-79.320922636140452,43.791378783883715],[-79.322805124986843,43.790731156638564],[-79.323793528149011,43.788719834054881],[-79.322918399841939,43.786681164972173],[-79.320446389378901,43.786194670760132],[-79.319539887028569,43.785280974156294],[-79.31703007875808,43.786144402057353],[-79.316364713721299,43.787710243348201],[-79.315116067249633,43.787916929442467],[-79.313842105345174,43.789023595751054],[-79.314431656833904,43.790157753559654],[-79.316599497346104,43.790414805039596],[-79.316884829127446,43.791319375714906],[-79.318114607047775,43.791787668092852]]],[[[-79.190490402041419,43.788937369987643],[-79.19207037167098,43.788062016938675],[-79.191172618385252,43.78692235133272],[-79.192441972108597,43.786042074835741],[-79.191854786777355,43.784907327133965],[-79.190929935633591,43.784667595804414],[-79.188107845459868,43.785523242455689],[-79.185367373555763,43.783679019590956],[-79.183490513460669,43.784099378044381],[-79.183449623588416,43.785449275855299],[-79.18498193368859,43.786148901824781],[-79.183395099332373,43.787249139057842],[-79.183988958456908,43.788158944527488],[-79.186156086238952,43.788418460480983],[-79.188350424282532,43.787778001881072],[-79.190490402041419,43.788937369987643]]],[[[-79.445819166757303,43.792020417707889],[-79.445824999194357,43.791795404652419],[-79.44801100544386,43.791374932096836],[-79.4492825842797,43.790266733966106],[-79.448086713247378,43.788449758262665],[-79.447822701014402,43.786645431771674],[-79.451819791232381,43.788275306380953],[-79.453085429276044,43.787392077278128],[-79.452803855066733,43.78626280197048],[-79.455271227106792,43.786971462369216],[-79.45654257835281,43.785863179251429],[-79.455024393015435,43.784492105993252],[-79.455346569261067,43.784046276235799],[-79.454742794237944,43.783362834571932],[-79.452885119860284,43.783112604728252],[-79.45135546809378,43.782191512574421],[-79.450101546160951,43.782624696800163],[-79.450089917029658,43.783074724538174],[-79.448870883030239,43.782157811976049],[-79.446685220173762,43.782578306714569],[-79.447646062839141,43.781465900484946],[-79.447370440373803,43.780111598888588],[-79.444288166186354,43.779169304500435],[-79.442061674362222,43.781164804704275],[-79.443866698794736,43.783440328065339],[-79.439805767303,43.784285322321011],[-79.438844734413763,43.78539765924031],[-79.440063676529391,43.78631467697538],[-79.44411890536054,43.785694688955196],[-79.443779120443352,43.786815524713006],[-79.445308768911687,43.787736717607004],[-79.445267932654716,43.789311809532343],[-79.444312754373271,43.790199178803952],[-79.44428940282404,43.791099230575],[-79.445819166757303,43.792020417707889]]],[[[-79.393330804497367,43.791069335673697],[-79.393336833659319,43.790844328278318],[-79.394274688153516,43.79063241958098],[-79.39461541788539,43.789511746279359],[-79.396192505217954,43.788633524379378],[-79.39559538888571,43.78772477247621],[-79.394048446962472,43.78747794856141],[-79.394078574837437,43.786352910383386],[-79.39561344856763,43.78704974911566],[-79.396563268129356,43.786387804716597],[-79.398122213937214,43.78618457814882],[-79.399102024036935,43.78439757083197],[-79.400350334139347,43.784189961099663],[-79.4009954823713,43.78329862122969],[-79.400087776497315,43.782385545207241],[-79.397000153113098,43.781666993319142],[-79.396707634133548,43.78098761159778],[-79.395781975298576,43.780749526937264],[-79.394515654807904,43.781632111455707],[-79.394784063904268,43.783211529905088],[-79.393225185700274,43.783414712036723],[-79.392968874190103,43.781385275147876],[-79.395184940261771,43.779840772977927],[-79.394612010170889,43.778031983924684],[-79.395257173828085,43.777140675824128],[-79.394039113124805,43.776223191976428],[-79.391542778234268,43.776638264726152],[-79.390318748207008,43.775945749890489],[-79.38841324607192,43.77749453925545],[-79.38900411238248,43.778628334432419],[-79.388048290085067,43.779515224728769],[-79.389272364822972,43.780207764190642],[-79.390149676033602,43.782245960498528],[-79.390089279806631,43.784496033899458],[-79.389151508141637,43.784707909706611],[-79.388822796650388,43.785378552254279],[-79.390966677437177,43.786534223850694],[-79.39094252843212,43.787434253009224],[-79.38906084723024,43.788083016334106],[-79.388726069126022,43.788978664907773],[-79.389944300276895,43.789896206161522],[-79.391198791089977,43.78946369171593],[-79.392405005393471,43.790831221874228],[-79.393330804497367,43.791069335673697]]],[[[-79.303275799858753,43.789092269025325],[-79.303282166425419,43.788867271768069],[-79.307370588899161,43.787127175712513],[-79.308663663681401,43.785345588458313],[-79.308067919170654,43.784436400492233],[-79.30621725142376,43.783958797333391],[-79.306236314387206,43.783283803896715],[-79.307174335661088,43.78307261300538],[-79.307503939623416,43.782402219648446],[-79.306287145713782,43.781483820975247],[-79.30661675023542,43.78081343001822],[-79.305723251522039,43.779449631758339],[-79.30450018429714,43.778756212883778],[-79.30292205729306,43.77963315298117],[-79.303504949743129,43.780992361695603],[-79.300057080578554,43.782066577262519],[-79.301654426060182,43.780514686655643],[-79.300748297832456,43.779600846105154],[-79.301097070210915,43.778255479517163],[-79.304246896234929,43.776726624208905],[-79.304278696397844,43.775601634817598],[-79.301496789762652,43.775110130834769],[-79.300552501564383,43.775546274563325],[-79.29966559378326,43.773957433758106],[-79.298132205014539,43.773259327973562],[-79.296864642636052,43.774140810489833],[-79.297447347333289,43.775500048263098],[-79.294627130630332,43.77635835955514],[-79.294297419190073,43.777028714637119],[-79.292757614510535,43.776555533420705],[-79.291243469766954,43.775182346306728],[-79.289995007418213,43.775388761109326],[-79.289348317697488,43.776279449849397],[-79.290519860298232,43.778772997195233],[-79.28926490366652,43.779204398711315],[-79.287984241716231,43.780535769393914],[-79.288573221493124,43.781670052908453],[-79.290113121468053,43.782143291724466],[-79.291057588265843,43.781707237703678],[-79.293497147644302,43.783319343121704],[-79.294764956545464,43.782437903295644],[-79.294790544129853,43.781537917134266],[-79.295411636021853,43.781547184585207],[-79.296013551596658,43.782231438732154],[-79.295379662991962,43.782672167624654],[-79.295322106865541,43.784697136488383],[-79.297470495020178,43.785629536466175],[-79.298719148471989,43.785423043371758],[-79.299289235072706,43.787232265316526],[-79.300208208184728,43.78769612389997],[-79.3017674741874,43.787494218028499],[-79.302046197420992,43.788623819472868],[-79.303275799858753,43.789092269025325]]],[[[-79.338068167259493,43.789378536309265],[-79.338074403374748,43.789153535050289],[-79.339012412874467,43.788942082624452],[-79.339347928994087,43.788046591483514],[-79.34060895516815,43.787389636032856],[-79.340018930043911,43.78625560536404],[-79.338782853360769,43.786012548905006],[-79.339435156767507,43.784896570202996],[-79.338826480759906,43.78443753838858],[-79.338863872854304,43.783087529000056],[-79.336100037910356,43.781921853857064],[-79.335155883919299,43.78235828540663],[-79.334820339967663,43.783253764603799],[-79.334199217815041,43.783244711030527],[-79.334292949579236,43.779869694133957],[-79.331833633125541,43.778933446607681],[-79.330895757722956,43.779144842539168],[-79.32897611029631,43.781142614972445],[-79.327410816026358,43.781569896881884],[-79.327379443010884,43.782694898473288],[-79.329217714999018,43.783622161937892],[-79.33110613318884,43.782749391134253],[-79.330447437238263,43.784090321179264],[-79.333496818304738,43.786160666059352],[-79.333465554407681,43.787285670233231],[-79.334384801078286,43.787749258112747],[-79.335012217181529,43.78753331043962],[-79.335608403877501,43.788442364411949],[-79.338068167259493,43.789378536309265]]],[[[-79.171607716538475,43.786610933187958],[-79.171614576405261,43.786385951771976],[-79.17349843803683,43.785740809624869],[-79.173850092631682,43.784395883194861],[-79.173256424486411,43.783486027778892],[-79.175147022919063,43.782615874338966],[-79.175478087577901,43.781945887455961],[-79.173649176164602,43.780791210244189],[-79.171454948646016,43.781431388912438],[-79.171171865001028,43.780526492519122],[-79.169943515235431,43.780056641468519],[-79.168025437945417,43.781826633927558],[-79.167991075972097,43.782951539554837],[-79.166410903040671,43.783826556511535],[-79.167011346001033,43.784511464781517],[-79.166680172431143,43.785181424935423],[-79.167280631567095,43.785866331926712],[-79.168515948440273,43.78611123183628],[-79.170096152944666,43.785236186609119],[-79.170379240136157,43.786141085062553],[-79.171607716538475,43.786610933187958]]],[[[-79.206113072875212,43.786032446953406],[-79.206119803189381,43.785807461222369],[-79.207382193390956,43.785152000228344],[-79.207132179134931,43.783122254122311],[-79.208407942909304,43.782016808174305],[-79.207192708609483,43.781097380028491],[-79.205950592962608,43.781077883137861],[-79.205052672518207,43.779938322555758],[-79.204127841104381,43.779698698288882],[-79.202541523932211,43.780799211632186],[-79.203128875621317,43.781933907961601],[-79.201562720114183,43.782359449804879],[-79.201225194010263,43.783254502448855],[-79.202440377367139,43.78417399292556],[-79.203999837098991,43.783973425436749],[-79.204580509862708,43.785333100242859],[-79.206113072875212,43.786032446953406]]],[[[-79.22200481561066,43.784480119581112],[-79.22734401355747,43.782537255903897],[-79.227694444631297,43.781192142205079],[-79.226829359823896,43.778927802923505],[-79.225276754998063,43.77890369740539],[-79.224609097677231,43.780468967025122],[-79.223049789294492,43.780669818694875],[-79.222402058116145,43.781560109857075],[-79.220836040673021,43.781985918453955],[-79.220478775358899,43.783555995833247],[-79.22200481561066,43.784480119581112]]],[[[-79.470473427930173,43.787851244122066],[-79.470479167033517,43.787626228290918],[-79.471738787828627,43.786967804169073],[-79.471784659405103,43.785167675911644],[-79.473935900907293,43.78609679772326],[-79.474879136419332,43.785659205595657],[-79.475212614734644,43.784763285005077],[-79.471841992890091,43.78291751473536],[-79.471864924422107,43.782017449999017],[-79.47280238042417,43.781804890265548],[-79.47439531586943,43.780250518648252],[-79.474101921103554,43.779571322218203],[-79.472560565410163,43.779100542938494],[-79.470996292880457,43.779529808097145],[-79.470432543085494,43.777271333222814],[-79.46889127617176,43.776800505542603],[-79.467626093886508,43.777683918006588],[-79.468724705282128,43.783325968357119],[-79.468327926696588,43.78669704161338],[-79.470473427930173,43.787851244122066]]],[[[-79.158702783349113,43.781901863978888],[-79.158709690482311,43.781676884003126],[-79.159972492946949,43.781021954052491],[-79.15971029402165,43.779442091679606],[-79.161318029982894,43.777667244664457],[-79.160103620300518,43.776747329133805],[-79.158537315912284,43.777172278485537],[-79.157957767764231,43.775812387523636],[-79.159213548884551,43.775382443515738],[-79.159544747369821,43.774712504429537],[-79.158944485356997,43.774027559019295],[-79.15770945828497,43.773782560177835],[-79.155515329813099,43.774422434938856],[-79.154873599436755,43.775087347892438],[-79.156032567251813,43.777807155942448],[-79.154459285745219,43.778457027976458],[-79.154128008862301,43.779126950533573],[-79.155342371711342,43.78004692846033],[-79.156901859643853,43.779847004669882],[-79.157474507965603,43.781431880178708],[-79.158702783349113,43.781901863978888]]],[[[-79.423924754933012,43.785643024044589],[-79.423930668198253,43.785418013090762],[-79.424868336344389,43.785205850145047],[-79.425214371266904,43.783860064347436],[-79.431771828603416,43.782599694617225],[-79.432410616416078,43.781933181831079],[-79.432123574125924,43.781028872759173],[-79.430893088871912,43.780561796743754],[-79.425888676870883,43.781843521966806],[-79.424956973684388,43.781830683046103],[-79.424048919100713,43.780917792012609],[-79.423111315729358,43.781129949353257],[-79.422138190809946,43.782692164296144],[-79.422090833479871,43.784492250968341],[-79.423924754933012,43.785643024044589]]],[[[-79.233561454090506,43.782408456235338],[-79.234816859586275,43.781977674745569],[-79.235167120098922,43.780632535115188],[-79.233700595043743,43.777683680364973],[-79.234374605496342,43.775893362776472],[-79.232848583547607,43.774969403416314],[-79.232571224356249,43.773839653597946],[-79.234143571386198,43.773188688896091],[-79.234473927038934,43.772518517964677],[-79.232954614031769,43.771369571250865],[-79.231388935241014,43.771795530998176],[-79.232360161879512,43.770460008037183],[-79.231461885430051,43.769320647221122],[-79.231798878080951,43.768425494198205],[-79.230894008567276,43.767511118771417],[-79.229658795821905,43.767266894834563],[-79.229084351628543,43.765682347397366],[-79.227538732787409,43.765433289107449],[-79.226594081178135,43.765868815710988],[-79.226560835921106,43.766993760749159],[-79.225285728620108,43.768099423299127],[-79.225880050087369,43.769009021468683],[-79.227432399449398,43.769033114491975],[-79.228330594217752,43.770172505678204],[-79.228237579804585,43.773322351753372],[-79.226949065431114,43.774878007549766],[-79.228164486456748,43.775797229479004],[-79.229109285764991,43.775361693067175],[-79.229723652750721,43.775596305397585],[-79.229379944700526,43.776716438965991],[-79.231183298271148,43.778770197149392],[-79.229280322094525,43.780091272010424],[-79.229564285422342,43.780996039286727],[-79.230793142018882,43.781465257391332],[-79.232048546458685,43.781034506258379],[-79.232332555783145,43.781939267291648],[-79.233561454090506,43.782408456235338]]],[[[-79.416207633202148,43.783735579081302],[-79.419050270384787,43.781974204146437],[-79.419097714780392,43.780174119316932],[-79.420990680665298,43.779074829990073],[-79.420399200784658,43.777941191126047],[-79.421032139618958,43.777499753521667],[-79.421067673186045,43.776149687605432],[-79.420171612609337,43.774786745051507],[-79.418314363202612,43.774535958917056],[-79.41801570063906,43.774081638594573],[-79.419299304356883,43.772523751983201],[-79.418075027910675,43.771831530467232],[-79.417513342006345,43.769572822710657],[-79.412610776330439,43.767028797452291],[-79.41166739823241,43.767465874442962],[-79.411327122789928,43.768586609511708],[-79.409768675557828,43.768790024502167],[-79.409129783999219,43.769456410478192],[-79.409720970206479,43.770590104802487],[-79.411578057971084,43.770841028399076],[-79.411870700326077,43.771520375016138],[-79.408437163695297,43.772147881154773],[-79.407786278349192,43.773264277920966],[-79.406227698537478,43.773467642416378],[-79.405242305761846,43.77547972942051],[-79.407374216537619,43.77708511324942],[-79.408938854940658,43.77665672493854],[-79.407971411891495,43.777993806325746],[-79.409189725190132,43.778911145146814],[-79.410437888815736,43.778703422734111],[-79.411047067103013,43.779162080905579],[-79.410993422000772,43.781187168767957],[-79.41190127881508,43.782100160573258],[-79.413454114996128,43.782121732041105],[-79.413746830090005,43.782801073714985],[-79.416207633202148,43.783735579081302]]],[[[-79.281456480413411,43.780662865926153],[-79.283643133169292,43.780245549756032],[-79.284619787204946,43.778684572099841],[-79.28650224674837,43.778037541571848],[-79.28683847613091,43.77714221482308],[-79.286236716010293,43.776457914299598],[-79.285311592902005,43.776218942702606],[-79.284677692429241,43.776659612410562],[-79.280628054385772,43.777048930049368],[-79.279366612777537,43.777705217351524],[-79.279036724274818,43.778375525312569],[-79.280259480934873,43.779069211879857],[-79.28022722656759,43.780194186499408],[-79.281456480413411,43.780662865926153]]],[[[-79.172475641028598,43.778521531013915],[-79.172482495705793,43.778296549169369],[-79.174041888563934,43.778096389532458],[-79.175642327356911,43.776546314706522],[-79.17689800369871,43.776116174399249],[-79.179975684279214,43.777065607663353],[-79.182783850766342,43.776660122237395],[-79.183701732479662,43.777124900435986],[-79.185585176433733,43.776479550658259],[-79.186172164801448,43.777614328698085],[-79.18740739669461,43.77785902304138],[-79.188676608082986,43.776978784688431],[-79.188386487480457,43.776298910085586],[-79.189000697438246,43.776533738797696],[-79.189945782254171,43.776098531460001],[-79.189986512662387,43.774748626578337],[-79.190945130919772,43.773863441704052],[-79.189122945791425,43.772484025526303],[-79.18855632614158,43.770674309146244],[-79.189197640557566,43.77000919919687],[-79.188603872144071,43.769099419793037],[-79.190176550434273,43.768449065831163],[-79.190507365235959,43.767779029550447],[-79.188381712962666,43.766169702117466],[-79.187126325348032,43.766599974405011],[-79.186856662047987,43.765245143419151],[-79.187497934972299,43.764580041729751],[-79.186897446503139,43.763895238270841],[-79.182861777297532,43.763831127138502],[-79.182220462121549,43.764496202131369],[-79.182476389092201,43.76630100952066],[-79.180890047035788,43.767401223920601],[-79.181787322346139,43.768540965579774],[-79.183332810440987,43.768790640839008],[-79.183622839838222,43.769470527503607],[-79.185161555138265,43.769945162209709],[-79.185120723032711,43.771295064626251],[-79.184486158061546,43.771735166916564],[-79.182306006566805,43.77192559583527],[-79.181333654787153,43.773260673154759],[-79.1776078514159,43.773201307324193],[-79.175710747108042,43.774296491070771],[-79.174192541683638,43.773146782008013],[-79.172633278494686,43.773346946122793],[-79.171425633708125,43.77220216676514],[-79.169859524129151,43.772627275160751],[-79.16981834400606,43.773977165448862],[-79.16855579633409,43.774632209489639],[-79.169439206706343,43.776222007565387],[-79.167879849526386,43.776422105018128],[-79.167231357723693,43.777312070471126],[-79.168445890413537,43.778231912254036],[-79.17125418029633,43.777826712656008],[-79.172475641028598,43.778521531013915]]],[[[-79.252661867335533,43.777299949812438],[-79.254227549258474,43.776873698778864],[-79.254577342849018,43.775528490722671],[-79.256790128943294,43.774211719361496],[-79.255917490634758,43.772172573457127],[-79.254695161816841,43.771478632583388],[-79.253136175794737,43.771679900811563],[-79.25249554042334,43.77234538108808],[-79.250632593507589,43.772316873715617],[-79.249991923780925,43.772982339303006],[-79.25027617095995,43.77388706083584],[-79.248697405367622,43.774763241493716],[-79.249285582460331,43.77589771528784],[-79.251148639200551,43.77592624645807],[-79.251432916456679,43.776830965191529],[-79.252661867335533,43.777299949812438]]],[[[-79.369750419116784,43.778355255929711],[-79.36975653403033,43.778130250653149],[-79.371017025295444,43.777472950016254],[-79.370457071517393,43.775214039806741],[-79.371729706491067,43.774106718741237],[-79.371126994019676,43.773422850394113],[-79.369586644176962,43.772950696420672],[-79.367680714441732,43.774499133918674],[-79.366749151837567,43.774485822266207],[-79.365842104770977,43.773572483010454],[-79.363339565899352,43.774211943229844],[-79.363010629002488,43.774882509085828],[-79.364197502198806,43.776925339761256],[-79.365122969477966,43.777163677602395],[-79.367625614585094,43.776524180260886],[-79.367911660048222,43.777428636589626],[-79.369750419116784,43.778355255929711]]],[[[-79.306724727609804,43.776988463161814],[-79.306731078557107,43.776763465024779],[-79.307668995527308,43.776552268162355],[-79.308321764141425,43.775436473026552],[-79.309544810294625,43.776129850994195],[-79.310793227442673,43.775923221733365],[-79.311439598445617,43.775032406341431],[-79.310843909038411,43.774123232250041],[-79.312421776140226,43.7732461777019],[-79.311826088595211,43.772337008504962],[-79.310590420635691,43.772093652909795],[-79.309075969862036,43.770720696341172],[-79.306877130018577,43.771588505215377],[-79.305014153350626,43.771560884624009],[-79.303727642645043,43.773117439824205],[-79.305546183894961,43.774720068990355],[-79.305495342333245,43.776520053360123],[-79.306724727609804,43.776988463161814]]],[[[-79.439963785783718,43.778209975594592],[-79.439969637369742,43.777984962619612],[-79.441229378104666,43.777326875763322],[-79.440953917331214,43.775972560180165],[-79.444070989035311,43.77556486089437],[-79.444715398103412,43.774673261788699],[-79.445957532699239,43.774690161723136],[-79.446555295460016,43.775598661819004],[-79.44779162854428,43.77584055594469],[-79.448734885321642,43.775403179335278],[-79.448763975269941,43.774278109124701],[-79.44971301445652,43.773615709714306],[-79.451564573901933,43.774091001365711],[-79.452824108055196,43.7734327831364],[-79.4540546260626,43.773899623876595],[-79.455958347407886,43.772349712005102],[-79.459707735390836,43.771499941384256],[-79.46155931373039,43.771975071435108],[-79.462502411745277,43.771537578503541],[-79.463796339089143,43.769529141943579],[-79.462577360934546,43.768612374491106],[-79.461640078504388,43.768824853299634],[-79.461651615258788,43.76837482198539],[-79.463520398218321,43.768174872021184],[-79.464480694502029,43.767062313524399],[-79.463261754746185,43.766145553573331],[-79.461709295017158,43.766124664844121],[-79.460806674798079,43.764987043051583],[-79.461795802113471,43.762749427350727],[-79.46305498564665,43.762091089916147],[-79.462462863277381,43.760957656333566],[-79.460600073484329,43.760932576657275],[-79.45876617391491,43.75978238824672],[-79.45720231545296,43.760211471917742],[-79.456323012894657,43.758173754008297],[-79.453839416042186,43.758140175963092],[-79.453552152959119,43.757235913995459],[-79.452632419081908,43.756773275866031],[-79.451379042262317,43.757206483972027],[-79.451033762610052,43.758552366056534],[-79.449141991134397,43.759652174748339],[-79.450009447319047,43.762139973494399],[-79.451532770227715,43.763286093721113],[-79.453090948478803,43.763082104635274],[-79.454280693302579,43.765124045545925],[-79.455206358327686,43.765361656734164],[-79.456459880681777,43.76492840934764],[-79.454544823726181,43.766928365155671],[-79.455148436335122,43.76761180729126],[-79.456999857371486,43.768087009240219],[-79.456367278854543,43.768528652183967],[-79.456326760151569,43.770103757659641],[-79.451645869251436,43.770940799233941],[-79.451352776269019,43.770261547797233],[-79.450427052338213,43.770023904690483],[-79.449483893186965,43.770461297105278],[-79.449144302401351,43.771582154472938],[-79.447269548795958,43.772006880892171],[-79.446050778888619,43.771089940500154],[-79.44388300981268,43.77083534677913],[-79.443912186074314,43.769710278254806],[-79.441457347603546,43.768551356038685],[-79.440186098349301,43.769659475853516],[-79.441346298420726,43.772826611046199],[-79.440731099264767,43.772593124724018],[-79.439160928755669,43.773246966783702],[-79.440438123111733,43.771913847199116],[-79.439852190117477,43.770555289958217],[-79.437707903604448,43.769400527055694],[-79.436460020392389,43.769608552026838],[-79.435235599233252,43.7689165119873],[-79.433331463834662,43.770466073082176],[-79.432991572618292,43.771586877918786],[-79.430495676761382,43.7720028090583],[-79.429856976877019,43.772669313524446],[-79.431069641698329,43.77381143538129],[-79.43324920849696,43.773616248045769],[-79.43353036055268,43.774745567567159],[-79.432569370678308,43.775857854040552],[-79.43317281658075,43.776541408840465],[-79.436571184766109,43.777263235706656],[-79.438452031462319,43.776613675931692],[-79.438733294280368,43.777742983749086],[-79.439963785783718,43.778209975594592]]],[[[-79.166403004972409,43.773922406603319],[-79.167962301140463,43.773722328175424],[-79.168603873762251,43.773057338745147],[-79.168313999872552,43.772377417032224],[-79.169569637816096,43.771947356372671],[-79.169907563985007,43.771052402714282],[-79.169314081661753,43.77014252814115],[-79.170272923331225,43.769257520108198],[-79.169051673963438,43.768562680871888],[-79.16756122226306,43.766512960278462],[-79.163835866372622,43.766453152782525],[-79.162559638315102,43.767558095227727],[-79.160993592314895,43.767983083429641],[-79.16064175927113,43.769327970587526],[-79.162456290389969,43.770932809501943],[-79.163691280281071,43.771177756449703],[-79.162421837086711,43.772057713772099],[-79.162711642262735,43.772737649272919],[-79.16362930403433,43.773202585275627],[-79.165188589397047,43.773002544519066],[-79.165478430378073,43.773682473523799],[-79.166403004972409,43.773922406603319]]],[[[-79.501504807537586,43.777007756521108],[-79.501510428105036,43.776782737034473],[-79.502453320307055,43.776344911587039],[-79.504627175532761,43.776373380357782],[-79.505891795878952,43.775489549774278],[-79.505614878256836,43.774135368901575],[-79.506252764055503,43.77346842926287],[-79.505027439869153,43.772777124983044],[-79.505682129086438,43.771435128005386],[-79.504196813320036,43.768714573173639],[-79.503276504372622,43.768252335509594],[-79.500448190701093,43.769565815730509],[-79.497642289660348,43.769979146495743],[-79.497004347616254,43.770646037614569],[-79.497292327131021,43.771550198627338],[-79.49821827048082,43.771787464954265],[-79.497580314972922,43.772454358900269],[-79.497518332378377,43.774929570158449],[-79.499054157395804,43.775625033630995],[-79.499347818380471,43.776304170216953],[-79.501504807537586,43.777007756521108]]],[[[-79.24563843248005,43.773140669961144],[-79.246893559359677,43.7727097503791],[-79.247243489448692,43.77136456618932],[-79.251002113053232,43.770296701158905],[-79.251365049004221,43.768501518236171],[-79.250763783026585,43.767817038075329],[-79.247672250673702,43.76731948273838],[-79.24639751780181,43.768425387281376],[-79.242335051116115,43.76926333528894],[-79.242308687939484,43.77016329843768],[-79.24135746943324,43.770823938013805],[-79.241648170280698,43.771503688366941],[-79.242573036015756,43.771743009599476],[-79.242863754857282,43.77242275706103],[-79.244416206718427,43.77244662088119],[-79.24563843248005,43.773140669961144]]],[[[-79.27980617266428,43.773209992494046],[-79.279812623694625,43.772984997363217],[-79.281073959695718,43.772328702905384],[-79.280808592868766,43.770749064266923],[-79.282924058550051,43.772806705140241],[-79.285116844828636,43.772164359678698],[-79.28694770029584,43.773317284832778],[-79.288189709129057,43.773335898840386],[-79.290078374764661,43.77246380917255],[-79.290408106297974,43.771793466113827],[-79.289806356626187,43.771109183990482],[-79.287943411369739,43.771081285393073],[-79.286733572100573,43.769937689226552],[-79.28423039682913,43.7705754056608],[-79.284249698162398,43.769900418360962],[-79.286125456397116,43.769478384550325],[-79.286765692984289,43.768812708745443],[-79.286487339130403,43.767683072479159],[-79.28525830708881,43.767214449880569],[-79.285917808068248,43.765873790077578],[-79.286855621551283,43.765662762115404],[-79.287438021522277,43.767022047815111],[-79.288356595266123,43.767485996743481],[-79.289604897391484,43.767279596975008],[-79.290245071757454,43.766613900410015],[-79.289953838399413,43.765934264536952],[-79.291214916317003,43.765277853098077],[-79.29092367791047,43.764598219471424],[-79.292482368464803,43.764396430254131],[-79.293122479652709,43.763730716219236],[-79.292527177672682,43.762821451253146],[-79.287579267027212,43.762072127536861],[-79.286622243100012,43.762958151575702],[-79.285386877829907,43.762714527830475],[-79.284436243103187,43.763375536652568],[-79.282883992900977,43.76335222024322],[-79.282243774086965,43.764017875153961],[-79.282534910876223,43.764697529313366],[-79.279727904188093,43.765105488015763],[-79.279954527436331,43.768035102043157],[-79.278731995309158,43.767341414686378],[-79.27747719967536,43.767772690079973],[-79.277425528684816,43.769572650294904],[-79.275853728638978,43.770224220427167],[-79.275510911612514,43.771344508518908],[-79.276727023177713,43.772263225414271],[-79.277981918885757,43.771831960220617],[-79.278881126493772,43.772970969937639],[-79.27980617266428,43.773209992494046]],[[-79.284947836911627,43.767209790194421],[-79.28525830708881,43.767214449880569],[-79.285251877768971,43.767439445881784],[-79.284941406429112,43.767434786159257],[-79.284947836911627,43.767209790194421]]],[[[-79.261829870754681,43.77181248359576],[-79.261836388861198,43.771587490544661],[-79.264048871943501,43.770270572650212],[-79.26528429790298,43.770514427969488],[-79.269359533860907,43.769225672060308],[-79.270316911033589,43.768339799433932],[-79.270025897250022,43.767660116550118],[-79.268486532459278,43.767186614591857],[-79.266921200682603,43.767613067609858],[-79.266022300207212,43.766473967825696],[-79.264159522119257,43.766445683931146],[-79.26355161757759,43.765986262278567],[-79.261662787091467,43.76685791133216],[-79.257995999717039,43.764776235300964],[-79.256747652167064,43.76498228882916],[-79.256100591857873,43.765872784566128],[-79.256960080521594,43.768361915020591],[-79.254773694133476,43.768778725415835],[-79.254740973662976,43.769903686904925],[-79.257185597804423,43.771291554298394],[-79.258434075975913,43.771085498363931],[-79.259391642127355,43.770199720751172],[-79.259986506146205,43.771109150123024],[-79.261829870754681,43.77181248359576]],[[-79.259094216754221,43.769745004964292],[-79.259087688787261,43.769969997760541],[-79.258770679437561,43.770190259500019],[-79.258777208643025,43.76996526675039],[-79.259094216754221,43.769745004964292]]],[[[-79.377337326935745,43.773511211813862],[-79.377343412370777,43.773286205498358],[-79.379839696187602,43.772871442135127],[-79.380497165670732,43.771530205753997],[-79.382372344776584,43.771106582041398],[-79.383291736817355,43.771569779671104],[-79.38422932100913,43.771357948641388],[-79.384892731908138,43.769791677591598],[-79.38367497887279,43.76887408685846],[-79.381489382372649,43.769293335731398],[-79.380576111364491,43.76860511731487],[-79.379638558464535,43.76881691892919],[-79.379358449250859,43.767687481784002],[-79.378140824351448,43.766769833710875],[-79.37721546134712,43.766531602590931],[-79.37596135867021,43.766963971041207],[-79.375364757963752,43.766055118179636],[-79.373507986596238,43.765803610400475],[-79.372235564520111,43.766910956076913],[-79.373447001180054,43.768053671801795],[-79.371864035034051,43.769156591879486],[-79.371529115614749,43.770052190569537],[-79.374274834931938,43.771892031270148],[-79.375529053280687,43.771459683481318],[-79.375541236767731,43.771009671081885],[-79.37677716681101,43.771252327953725],[-79.375809105637799,43.772589128450811],[-79.377337326935745,43.773511211813862]]],[[[-79.521430297025404,43.775241477960421],[-79.522678028330901,43.775032522600256],[-79.52300519361745,43.774361471741791],[-79.52424736673828,43.774377520729551],[-79.526399065010125,43.77530566242077],[-79.527646781804066,43.775096652576032],[-79.529886780643906,43.772424371540232],[-79.527746171018151,43.771046251001259],[-79.529620360136278,43.770620195516159],[-79.530263455631641,43.76972809448111],[-79.528732923650281,43.768808024288262],[-79.530013569310142,43.767248850238694],[-79.529420124686382,43.766115746117961],[-79.528183638092344,43.765874733094783],[-79.52598803315918,43.766746807298972],[-79.523814505522665,43.766718749686127],[-79.522284150265349,43.765798595117232],[-79.521347110272998,43.766011567455067],[-79.520748296010638,43.765103442495935],[-79.5201273062615,43.76509540202062],[-79.520781571654652,43.76375331080397],[-79.521397004250503,43.763986369565004],[-79.523587036335215,43.763339404973969],[-79.524224607078793,43.762672359332889],[-79.523925191723507,43.762218304441902],[-79.525183700846299,43.761559272429814],[-79.524279930207157,43.760422135168632],[-79.522422642959683,43.760173040942874],[-79.523071264531893,43.759055956376784],[-79.522466952142437,43.75837286235906],[-79.521230654172939,43.758131776423312],[-79.519656164530787,43.759011766269019],[-79.520022103484166,43.756765566479551],[-79.522849391089096,43.755451584278717],[-79.522915823189336,43.752751313417434],[-79.524794998247657,43.752100305423234],[-79.524822639729649,43.750975191081281],[-79.523902435754152,43.750513119761521],[-79.521723958058345,43.75071005331823],[-79.521446781417708,43.749355901685142],[-79.520221762525452,43.748664762016269],[-79.518969024257771,43.749098721509881],[-79.518957924720851,43.749548766234724],[-79.518037788719568,43.74908664852105],[-79.517100997051728,43.749299590126256],[-79.516507966266303,43.74816642146164],[-79.514030282105949,43.747909135133249],[-79.513731015183097,43.74745505453334],[-79.513742153070538,43.747005010708335],[-79.514978190876178,43.747246174442324],[-79.5159205180817,43.746808227671913],[-79.516602455590331,43.744341043406145],[-79.519722966864549,43.743706224799119],[-79.520681830656386,43.742593168989494],[-79.521607428072343,43.742830241916018],[-79.522549638246048,43.742392238478757],[-79.522876617280048,43.741721181774068],[-79.521673886751131,43.740129966582209],[-79.518597976609499,43.738964660211501],[-79.515161777507217,43.739820442018775],[-79.515184025659337,43.738920352540156],[-79.513349717466966,43.73777103064014],[-79.511149366415779,43.738867857510861],[-79.510822273662924,43.739538879333267],[-79.511731058128333,43.740451096996246],[-79.510805538279044,43.740213945046584],[-79.509863279690421,43.740651851067064],[-79.509835368018813,43.741776959831441],[-79.508881905391192,43.742664900495619],[-79.512251469607193,43.744509574656043],[-79.512223598908534,43.745634683879416],[-79.513448462547458,43.746325907465113],[-79.513437322723519,43.746775951283851],[-79.512201301186195,43.746534771087774],[-79.510937393390364,43.747418685865888],[-79.511519156199071,43.749001925234104],[-79.512444813531857,43.74923907302005],[-79.512738505989859,43.749918178548491],[-79.511485689463953,43.75035205475946],[-79.510836952511937,43.75146907347527],[-79.512028458767901,43.753510441819458],[-79.512948614081864,43.753972607886652],[-79.509500301711114,43.755278246549317],[-79.507027954614685,43.754795783882741],[-79.506446258874888,43.753212524094486],[-79.507394335000185,43.752549629312227],[-79.507100691300678,43.751870511030283],[-79.504329292719291,43.750933894258722],[-79.502771585966656,43.751138589570701],[-79.502449941775637,43.751584563131857],[-79.501219485781519,43.75111824301564],[-79.499972185528435,43.75132697094552],[-79.498696746020087,43.752660786019298],[-79.498995923035253,43.753114904335142],[-79.497748574042902,43.753323607212785],[-79.497793612217066,43.751523446663484],[-79.495039299722052,43.749911546794792],[-79.494457965594535,43.748328229896792],[-79.493233285934835,43.747636805530185],[-79.491986032967063,43.747845447044817],[-79.492635076672286,43.746728539169055],[-79.491410450659515,43.746037095850717],[-79.491427407397367,43.745362036818058],[-79.492996290600232,43.744707454617981],[-79.493340544910396,43.743361427830813],[-79.492121627169809,43.742444972679195],[-79.491184853692175,43.742657702211169],[-79.490276353317128,43.741745325500709],[-79.489023553395867,43.742178956140755],[-79.488684872238679,43.743299949404204],[-79.487443362019008,43.743283523141336],[-79.487155655390794,43.742379337079662],[-79.486235879510247,43.741916967834619],[-79.484988723682008,43.742125534537976],[-79.484350947494221,43.742792360410355],[-79.484632936226063,43.743921571934607],[-79.48275360236218,43.744571917697797],[-79.482426161761609,43.745242852520661],[-79.48149500157885,43.745230482667132],[-79.480896994526333,43.74432215740952],[-79.479971544113326,43.744084756758326],[-79.478707224344049,43.744968309228987],[-79.478989115648488,43.746097532868269],[-79.475247292653791,43.746722949086823],[-79.473362052686454,43.747598155121125],[-79.473028768798457,43.74849407856437],[-79.473626695476725,43.749402443228639],[-79.475167303789789,43.749873199490985],[-79.476109954013694,43.749435586083173],[-79.476443197792406,43.748539653200446],[-79.478317020724973,43.74811443269909],[-79.479558625546048,43.748130959532375],[-79.480467054646624,43.749043419511317],[-79.481403963909727,43.748830780083402],[-79.482058901641992,43.747488916892557],[-79.48331186158471,43.747055365347975],[-79.483323227218278,43.746605327765671],[-79.484559125590906,43.746846818693271],[-79.486077068177281,43.748217504211013],[-79.487651749857989,43.747337978502152],[-79.487939485690973,43.748242163006836],[-79.486065722537575,43.748667542239147],[-79.485427886652388,43.749334372549143],[-79.486325079440391,43.750696825155636],[-79.48724498865819,43.751159194953217],[-79.488181908671208,43.750946500152608],[-79.488458339172752,43.752300721373111],[-79.489378289528531,43.752763074462692],[-79.490631309943666,43.75232944386704],[-79.490303912056177,43.753000401045036],[-79.490907801369772,43.753683659734378],[-79.492454310557761,43.753929166728263],[-79.493396903190984,43.753491410098015],[-79.493368670516929,43.754616507851878],[-79.494294338083819,43.754853802671889],[-79.493334789147255,43.755966624843786],[-79.491494743186408,43.755041973342642],[-79.490557769845836,43.755254694407142],[-79.489908591274883,43.756371586976208],[-79.488655480679199,43.756805208052562],[-79.488328035074645,43.757476158386865],[-79.489541530882278,43.758617674226961],[-79.488576167160744,43.759955472452646],[-79.489795377945953,43.760871967065306],[-79.491353377593839,43.760667453286331],[-79.493182293807664,43.762042147085509],[-79.495993488198707,43.761403900871251],[-79.496541161079932,43.764337325846853],[-79.497760583019982,43.765253737813019],[-79.499945280147315,43.764832250542078],[-79.50085426943609,43.765744553925941],[-79.502101867891682,43.765535821128999],[-79.50273969817988,43.76486889938041],[-79.502468508716277,43.763289690029637],[-79.505274065702579,43.762876235323233],[-79.507492198387368,43.7611044780434],[-79.50720411033312,43.760200339658198],[-79.508129921158172,43.760437524174428],[-79.510015078181766,43.759561744887513],[-79.512803688875834,43.759823165393968],[-79.513396758420924,43.760956351686119],[-79.514932420018042,43.76165160090013],[-79.514610806798132,43.762097608383506],[-79.515508851116763,43.763459841017031],[-79.51425019821464,43.764118764174292],[-79.514543979477992,43.764797864672595],[-79.513296436032533,43.765006734190059],[-79.512969216750037,43.76567775749546],[-79.51141673347874,43.765657544111313],[-79.510457319934275,43.766770510106596],[-79.511671426194894,43.767911797789992],[-79.514144350851055,43.768394167119439],[-79.514438150532385,43.769073267677442],[-79.515364127484887,43.769310395570244],[-79.514094204484877,43.77041935679609],[-79.514687397900389,43.771552536185723],[-79.515613413892069,43.771789662515879],[-79.51656168987958,43.771126696485666],[-79.517493266699532,43.771138786308043],[-79.518724260197189,43.771604937198106],[-79.5196669482022,43.771166966375688],[-79.519899765314676,43.774321290229736],[-79.521430297025404,43.775241477960421]],[[-79.515692475972671,43.756034127951757],[-79.515376464154301,43.756255116789333],[-79.515382028674054,43.756030095061448],[-79.515692475972671,43.756034127951757]],[[-79.500181433122762,43.755381410484254],[-79.501411967225764,43.755847742580222],[-79.506068639780835,43.755908716395432],[-79.507564928463054,43.758179207813171],[-79.506311902052559,43.758613023688703],[-79.505713388202949,43.757704823096077],[-79.504787629315814,43.757467619628621],[-79.503523380029804,43.758351445896324],[-79.503817012713597,43.759030572499604],[-79.501006008113649,43.759669014252509],[-79.500712404506444,43.758989880910171],[-79.499481812295599,43.758523540681537],[-79.500740503883989,43.757864780229959],[-79.500181433122762,43.755381410484254]]],[[[-79.391639295159507,43.773038139287543],[-79.392893418148262,43.772605599397139],[-79.393222010292391,43.771934941918225],[-79.394452015365189,43.772402417128482],[-79.395395593400096,43.77196548576692],[-79.395437713767762,43.770390426920187],[-79.397330787860824,43.769291529705349],[-79.3967338380874,43.768382783470457],[-79.396112850655228,43.768374068707601],[-79.396441382524941,43.767703400582953],[-79.397951785155044,43.769300237995076],[-79.400435777117565,43.769335037427133],[-79.401337301864388,43.770473118850383],[-79.402889829222943,43.770494829292318],[-79.403546759657544,43.769153451455914],[-79.402358680681175,43.767111008757212],[-79.403899152703445,43.767582722990994],[-79.404842587387193,43.76714571104371],[-79.406126375255354,43.765587973558425],[-79.405839802149856,43.764683603175833],[-79.406484651553583,43.763792224933439],[-79.407380241136622,43.765155270133043],[-79.408616190034621,43.765397582934298],[-79.409875996417412,43.764739841593496],[-79.411076204030863,43.766332189501213],[-79.412628631636821,43.766353766042982],[-79.413912202368849,43.764795937535602],[-79.413631462179666,43.763666574142874],[-79.414879293180263,43.763458797629248],[-79.415834462679186,43.762571670566047],[-79.415547755657855,43.761667322073755],[-79.419929768550446,43.760377439240841],[-79.420568442356185,43.759710988575463],[-79.418747219261959,43.758110146602],[-79.417189067336381,43.758313667668418],[-79.416275542114931,43.757625729675794],[-79.415338279393296,43.757837829155818],[-79.414758988196525,43.756254139540694],[-79.416006660805124,43.756046348057104],[-79.416920159367763,43.756734287972293],[-79.418478270945968,43.756530769912132],[-79.419391805617522,43.757218690549422],[-79.420329045241616,43.757006557431311],[-79.421553050876327,43.757698752353619],[-79.422496203752544,43.757261589610167],[-79.422830289952273,43.756365827007002],[-79.426579110909898,43.755517133275347],[-79.427217658690054,43.754850643002271],[-79.426924917346227,43.754171332390221],[-79.42355160502683,43.752549188450182],[-79.420751945844728,43.752735624082241],[-79.420142954301539,43.752277018542884],[-79.416991357463914,43.754034151308097],[-79.416979491802522,43.754484174180838],[-79.413296023325643,43.752857430585003],[-79.411111203806271,43.753277259266142],[-79.410442710342892,43.755068710810562],[-79.412562153921399,43.757124015935993],[-79.412526452687871,43.758474080813549],[-79.411296583506143,43.758006801293355],[-79.409427968841143,43.758205899570434],[-79.408132494723361,43.76021370029747],[-79.408425049475468,43.760893055576872],[-79.40657425618609,43.76041707514765],[-79.405302550692042,43.761524801161237],[-79.403768204968955,43.760828097844708],[-79.405045901842939,43.759495379064681],[-79.403529562871682,43.758123643500547],[-79.402275818835776,43.758556307000624],[-79.40226384101102,43.759006326301048],[-79.397893580375893,43.759845509352346],[-79.39598278046121,43.761619448957809],[-79.396573643400316,43.762753207819834],[-79.397815502536531,43.762770627199423],[-79.396842036873281,43.764332626002592],[-79.39774942747836,43.765245725655326],[-79.39649549332519,43.765678322284195],[-79.396465432466741,43.766803365879042],[-79.394608539559499,43.766552199348283],[-79.393044070187315,43.766980394611885],[-79.394316116536501,43.765872811317067],[-79.393725267597432,43.764739041560148],[-79.392799870104682,43.764500936116413],[-79.390608458513867,43.765145371413176],[-79.389993542680145,43.764911615830478],[-79.390316087469358,43.764465973785171],[-79.389713253885262,43.763782200607487],[-79.388477420395944,43.763539684938152],[-79.388525750961335,43.761739621095685],[-79.390084077915134,43.761536493921213],[-79.390723090966318,43.760870215515411],[-79.39043073802425,43.760190817991386],[-79.391069732517934,43.759524537215555],[-79.3904669382149,43.758840768076482],[-79.389231202606965,43.758598261878788],[-79.388287794211365,43.759035145862335],[-79.386777902807111,43.757438185876794],[-79.385852646249504,43.75720002603137],[-79.384909236359078,43.757636882179447],[-79.383935525215804,43.759198768463129],[-79.383016314767971,43.758735577902286],[-79.382078925103841,43.758947402413945],[-79.381080843822332,43.761409291659433],[-79.38352813001336,43.762794497453385],[-79.385415119992615,43.761920803507607],[-79.386249699263175,43.7655340831271],[-79.383735582639972,43.766624014391049],[-79.38369922122304,43.767974057986272],[-79.384923012815037,43.768666640983056],[-79.386798072710661,43.768242942560079],[-79.386140781211665,43.76958421867527],[-79.387364634054236,43.770276776271857],[-79.388247788968584,43.77208997983449],[-79.391639295159507,43.773038139287543]],[[-79.40711156653245,43.763575872642072],[-79.407105594730879,43.763800882628608],[-79.406801096071931,43.763571544249814],[-79.40711156653245,43.763575872642072]]],[[[-79.196682719619858,43.769002121024101],[-79.196689481285617,43.768777135785157],[-79.197627630332576,43.768566846579397],[-79.19766817728491,43.767216934194643],[-79.198302599073671,43.766776755857727],[-79.200792975035256,43.76659090645478],[-79.202021305040603,43.767060426250659],[-79.203290073639735,43.766180016332747],[-79.202993097172424,43.765725161817869],[-79.203931177745005,43.76551481953809],[-79.206063960036175,43.766898878098729],[-79.207002049152237,43.76668851077325],[-79.207993880755225,43.764678241523278],[-79.209255798992714,43.764022749544267],[-79.210187122591563,43.764037342047125],[-79.211098327231781,43.764726888552765],[-79.212663954947359,43.764301205701543],[-79.212333405941635,43.764971311094719],[-79.212934199448199,43.765655985874616],[-79.214783515543544,43.766135079382835],[-79.215073892103348,43.766814892368131],[-79.217530814204309,43.767753615865175],[-79.218475559294006,43.76731816597038],[-79.218819410361419,43.766198065998843],[-79.220067900172069,43.765992429613725],[-79.221343055706967,43.764886825788444],[-79.222321050716275,43.763326399984926],[-79.219263387116271,43.761703141130035],[-79.217367391162796,43.762799037930094],[-79.217407486116585,43.761449109596924],[-79.216192517129898,43.760529778780899],[-79.214620319540415,43.761180500125931],[-79.214283116447277,43.762075599878123],[-79.212704157763227,43.762951281184193],[-79.210591478977051,43.760892383693587],[-79.209046067778132,43.760643078428465],[-79.208452083083117,43.759733397198694],[-79.20752754599485,43.759493804748992],[-79.206258982610379,43.760374266206007],[-79.206535790265278,43.761504072893459],[-79.205570874350173,43.762614384351501],[-79.203411313937025,43.762130263834059],[-79.202149374442541,43.762785691046247],[-79.201811976720379,43.763680750393007],[-79.200259787455522,43.763656311759611],[-79.198748115836622,43.762281937701168],[-79.197168931960718,43.763157400256254],[-79.196588626580208,43.761797689334628],[-79.197229755327385,43.76113253013547],[-79.198464699125807,43.761377100515901],[-79.200360984233697,43.760281522347412],[-79.199476967453492,43.758691949100474],[-79.20075233530504,43.75758657762411],[-79.200475652640662,43.756456758369069],[-79.198943901941973,43.755757346709906],[-79.197682051563575,43.756412726739406],[-79.197405431626095,43.755282900917067],[-79.195873747565415,43.754583449089047],[-79.193680710708094,43.75522407810552],[-79.193322919828958,43.756794068065872],[-79.191480850086393,43.756089649247286],[-79.190522532160387,43.756974846293581],[-79.188984101264367,43.756500287797628],[-79.188046114299212,43.756710509187805],[-79.188086859876563,43.75536060112799],[-79.189308072756916,43.756055237558812],[-79.190563222443842,43.755624936448584],[-79.19221004748259,43.752499709518737],[-79.189767722900498,43.75111048657471],[-79.18818871142004,43.751985829445381],[-79.18762908438579,43.749951121226637],[-79.186090855827445,43.749476526730973],[-79.184822202403566,43.750356749833998],[-79.185118967397855,43.750811649043293],[-79.183863882447909,43.751241891753416],[-79.183181867320471,43.753256881541965],[-79.181933530817474,43.753462117654152],[-79.180968300835247,43.754572217131816],[-79.182182600264312,43.755491912009532],[-79.183741369995133,43.75529160833927],[-79.184652134325091,43.755981359213393],[-79.185583320592997,43.755996150047423],[-79.18679092451903,43.757140781857132],[-79.187728922314975,43.756930570981112],[-79.186743350794046,43.758715672937846],[-79.187309814440823,43.760525399016423],[-79.188544701859186,43.760770075742428],[-79.189503110862887,43.759884897403822],[-79.192310412744462,43.759479161592601],[-79.191655691683536,43.760594262634122],[-79.190393660919668,43.761249558491521],[-79.191284250688355,43.762614213026922],[-79.190298684994787,43.76439934417882],[-79.191202879874353,43.765314030128167],[-79.192741552984074,43.765788562256581],[-79.191492983609422,43.765993898458028],[-79.190527718570777,43.767104075957945],[-79.191742415155332,43.768023674222967],[-79.195171000824331,43.767627699947582],[-79.195454394024537,43.768532544012295],[-79.196682719619858,43.769002121024101]],[[-79.195124444032302,43.758848370673405],[-79.194807265799568,43.759068452295132],[-79.194814032150276,43.75884346689611],[-79.195124444032302,43.758848370673405]]],[[[-79.234593090086932,43.768468701312003],[-79.23617188682482,43.767592715330174],[-79.235273578203746,43.766453383442638],[-79.236264466328095,43.764442852599345],[-79.238133759806331,43.764246599590614],[-79.23878766775141,43.763131218954783],[-79.237572330680976,43.762212109683333],[-79.236634411168794,43.762422731191791],[-79.235722940667202,43.761733383741486],[-79.233563150121313,43.761249829572378],[-79.232294921473411,43.762130585720868],[-79.232882669517664,43.763265139034424],[-79.231634276163859,43.763470917266723],[-79.230993496750699,43.764136275329165],[-79.231891689737637,43.765275639353611],[-79.231237630217336,43.766390977552867],[-79.232129231767018,43.767755329512475],[-79.234593090086932,43.768468701312003]]],[[[-79.307308226120924,43.767318134373006],[-79.307314572739273,43.767093135786006],[-79.308258678555234,43.766656932597584],[-79.311363392667928,43.766702857851996],[-79.312028637528698,43.7651370385082],[-79.313606247458978,43.764259962182415],[-79.312744449314707,43.761771219167521],[-79.31121121002387,43.761073290073696],[-79.310330553147125,43.759259527802627],[-79.308486976963067,43.75855697248371],[-79.305674064581751,43.759190575500831],[-79.302797474437469,43.762074091351231],[-79.304919765053199,43.763906336878129],[-79.303652501916361,43.764787900912843],[-79.303943886356521,43.765467504422993],[-79.30579396897258,43.765945136362134],[-79.306079031930068,43.766849733224859],[-79.307308226120924,43.767318134373006]]],[[[-79.175687583828775,43.764842264900551],[-79.184447987550001,43.762730882435783],[-79.185089258934923,43.762065793985613],[-79.184799245816194,43.761385910537044],[-79.181729096386874,43.760211633684776],[-79.180129261754658,43.761761808329076],[-79.179508413095377,43.761751917963181],[-79.178921697155104,43.760617107574888],[-79.177369606735127,43.76059235945327],[-79.17672826751452,43.761257403514826],[-79.176997686386642,43.762612255011703],[-79.174811006105443,43.763027529424342],[-79.174169612079595,43.763692557901585],[-79.174763108330623,43.764602408398794],[-79.175687583828775,43.764842264900551]]],[[[-79.246786871141893,43.765730254690425],[-79.246793444247359,43.765505263202691],[-79.248054969979933,43.764849335899335],[-79.247486628063172,43.763039880898312],[-79.248437654572498,43.762379186228486],[-79.248140349999929,43.761924443366901],[-79.24878091795226,43.761258985297594],[-79.248206018181108,43.759674524921117],[-79.246356615393935,43.75919597080955],[-79.245088614342862,43.760076873169297],[-79.241363499439004,43.760019599310972],[-79.240709674660536,43.761134996648209],[-79.24159482781603,43.762724269171009],[-79.243120682792039,43.763648110619883],[-79.244058600531645,43.763437435841006],[-79.243411371593425,43.764327857054276],[-79.244012518762176,43.765012374316662],[-79.245564779925772,43.765036219345951],[-79.246786871141893,43.765730254690425]]],[[[-79.479700829397132,43.767040731047089],[-79.47970652974621,43.76681571342705],[-79.480632327069003,43.767053120392852],[-79.485628715275269,43.765993977482495],[-79.487824857548745,43.765122686807629],[-79.488468506787413,43.764230828309238],[-79.485098602320392,43.762385453489415],[-79.484155809585843,43.762823138096046],[-79.483816910799092,43.763944109996793],[-79.478504471586845,43.765224059921472],[-79.478470243363873,43.766574165123231],[-79.479700829397132,43.767040731047089]]],[[[-79.339368411541983,43.764862368424268],[-79.339374637453489,43.764637366048198],[-79.34249172483112,43.764232438939011],[-79.343795672097059,43.762000416998553],[-79.342578715233074,43.761082399469622],[-79.341641155952573,43.761293889272494],[-79.341988896256112,43.759948377463239],[-79.341082445076935,43.759034848849772],[-79.339530261779146,43.759012303526575],[-79.33920114931189,43.759682799647273],[-79.337661413122703,43.759210223731131],[-79.339250950599265,43.757882778885339],[-79.338654997761807,43.756973743193818],[-79.337109102336413,43.756726163315591],[-79.334296557110875,43.75736047744283],[-79.333973640916398,43.757805955856512],[-79.33304860122378,43.757567371636306],[-79.329900505530802,43.759097053767221],[-79.329254584300529,43.759987983118769],[-79.329546239028232,43.760667526141518],[-79.332321478643706,43.761383342978206],[-79.332613174638553,43.762062878674328],[-79.333848733822819,43.762305994610529],[-79.334419686847966,43.764115061660156],[-79.335344832470938,43.764353636210508],[-79.33661786723836,43.763246710883273],[-79.337549241310668,43.763260265371862],[-79.337834773880687,43.764164790820956],[-79.339368411541983,43.764862368424268]],[[-79.334159186473158,43.762310521061124],[-79.333848733822819,43.762305994610529],[-79.333854979865492,43.762080992764091],[-79.334165431353341,43.76208551917933],[-79.334159186473158,43.762310521061124]]],[[[-79.371054710305714,43.764643198326993],[-79.3710608174067,43.764418192362626],[-79.373246302284642,43.763999141017564],[-79.374823012076064,43.76312120476441],[-79.375151749592149,43.762450600515272],[-79.374555204120455,43.761541743622665],[-79.375200477845951,43.760650548176841],[-79.373983057433392,43.759732857909846],[-79.372722976102622,43.760390199541661],[-79.370872498495501,43.759913645370503],[-79.369928939999824,43.760350375255591],[-79.369332494363618,43.759441492329969],[-79.368407280579902,43.759203191880978],[-79.367141030504115,43.760085477000409],[-79.366142320001558,43.762547225404049],[-79.367049210035006,43.76346056144186],[-79.369532922504746,43.763496028742722],[-79.370129409683102,43.764404910676632],[-79.371054710305714,43.764643198326993]]],[[[-79.440912342182315,43.765617708644726],[-79.440918187643263,43.765392695070503],[-79.441855484675528,43.765180386426977],[-79.442201011716705,43.76383453722503],[-79.444673168324854,43.764318399703846],[-79.446243044517345,43.763664476535908],[-79.446570992895985,43.762993655004323],[-79.445352413035437,43.762076708642674],[-79.441632638606322,43.761800946399951],[-79.440765535954981,43.759313089163342],[-79.439535421267223,43.758846110149499],[-79.43827020203986,43.759729199425664],[-79.438522123606589,43.761983577086369],[-79.437883621412283,43.762650130478043],[-79.439096244388168,43.763792168332174],[-79.439377466133791,43.764921476296742],[-79.440912342182315,43.765617708644726]]],[[[-79.222995223448393,43.761536148264263],[-79.226753631584003,43.760469076152567],[-79.22650303637478,43.758439354698659],[-79.228081679023674,43.757563476581666],[-79.227797837665321,43.756658704331549],[-79.226879910837113,43.756194278373606],[-79.225942051362253,43.756404813267885],[-79.225361149684062,43.755045237007444],[-79.224443266615225,43.754580792084901],[-79.223195028908762,43.754786480970509],[-79.222554253298156,43.755451792648905],[-79.222824688462239,43.756806554548596],[-79.22063850970207,43.757222715581769],[-79.220591823627302,43.758797635872007],[-79.219640556087242,43.759458094875932],[-79.220234709683339,43.760367720815303],[-79.22178016521444,43.760616875402683],[-79.222070596941492,43.761296672124644],[-79.222995223448393,43.761536148264263]]],[[[-79.239177320088828,43.760436115088048],[-79.24105307369355,43.760014821011922],[-79.241383275567046,43.759344626104024],[-79.24078221353804,43.7586600958169],[-79.241436008545449,43.75754469712605],[-79.242981488959799,43.757793565272564],[-79.244553301612939,43.757142446581526],[-79.2448439776025,43.757822189854188],[-79.246079064222641,43.758066247761242],[-79.247347007664416,43.75718533315527],[-79.24706287595842,43.756280603870387],[-79.253310318081859,43.755025720925538],[-79.255159652451169,43.755504161580568],[-79.256737810923539,43.754627878766847],[-79.257087402987423,43.753282654911736],[-79.256188897608368,43.752143481708686],[-79.255264273611033,43.75190427405856],[-79.253692711435548,43.752555544925265],[-79.25279428177187,43.751416346144019],[-79.252173515500829,43.751406852269383],[-79.253771236998261,43.749855630228339],[-79.253797409758093,43.748955658353147],[-79.252885937341716,43.748266446407662],[-79.253843209167286,43.747380707199078],[-79.253565564069078,43.746250998662013],[-79.255136960365618,43.745599726122379],[-79.256966430607918,43.746753113768818],[-79.256920714092487,43.74832806771623],[-79.257819178735389,43.74946723517089],[-79.259047628181264,43.749936144738875],[-79.260315210356936,43.749055078967388],[-79.260063513350048,43.74702540913659],[-79.261046721585302,43.745239631574755],[-79.263089038765031,43.749772556324132],[-79.263063004487478,43.750672532516035],[-79.260857753696087,43.751764453585366],[-79.261142075200098,43.752669152351025],[-79.262060222813716,43.753133306800834],[-79.263929091889523,43.752936624071509],[-79.264200454508511,43.754291303939141],[-79.265118650964695,43.754755434488025],[-79.266994057133147,43.754333708104156],[-79.267052507495293,43.752308758540913],[-79.268643387976084,43.750982317354776],[-79.269012149064352,43.748962067100813],[-79.267796619033945,43.748043274269904],[-79.265307175689571,43.748230601163975],[-79.265055312153223,43.746200939304217],[-79.263833393943884,43.745507100213615],[-79.263865916312525,43.744382128469731],[-79.265152807320106,43.742826021574103],[-79.264558130877234,43.741916618148487],[-79.263937458887924,43.741907189782673],[-79.264584134808459,43.741016639859659],[-79.263368831011149,43.740097802493935],[-79.262121015838602,43.74030392442814],[-79.261513385592821,43.739844494579671],[-79.261248651498505,43.738264812848556],[-79.260026937130633,43.737570935544802],[-79.261281214043535,43.737139841216226],[-79.262283739612897,43.734679063260145],[-79.268535112752829,43.733198305483398],[-79.272232736590951,43.734154649656453],[-79.273499789552659,43.733273426549736],[-79.273221830044363,43.732143758072894],[-79.274120375502889,43.733282801527913],[-79.275044795058236,43.733521853816058],[-79.276311794107173,43.73264059852643],[-79.276033784056949,43.731510935945664],[-79.276964637037636,43.731524976065892],[-79.277837448008157,43.733563977137024],[-79.279699220006435,43.733592021462449],[-79.28034557162546,43.732701375751461],[-79.279782966969236,43.730667063824143],[-79.282278077575,43.730254411105932],[-79.282917924383824,43.729588746307506],[-79.282025695691033,43.728224772340631],[-79.280183406154904,43.727521777743085],[-79.278916572862528,43.728403079443929],[-79.278050241579308,43.726139088711825],[-79.276511864008143,43.725665708103584],[-79.274611581270108,43.72698759408658],[-79.273952284171628,43.728328200254133],[-79.275161062376384,43.729471921898472],[-79.268916714120422,43.730728056797247],[-79.268348030659354,43.728918690168328],[-79.268988014659058,43.728253105561002],[-79.26716534768866,43.726874916919783],[-79.268451765040012,43.725318760649238],[-79.267553442796299,43.724179674853225],[-79.2669329529772,43.724170265768763],[-79.266965393148524,43.723045287963544],[-79.266047658886563,43.722581177606351],[-79.265420692526661,43.722796756035756],[-79.265129938920509,43.72211706007694],[-79.264205735378198,43.721877930683128],[-79.262951800503402,43.722309063877596],[-79.262311816103789,43.722974615275696],[-79.262602541448217,43.723654317846673],[-79.261064355164706,43.723180732124334],[-79.260120612181353,43.723616554164103],[-79.259790826764885,43.724286814000962],[-79.260385264198035,43.725196240815428],[-79.258504211137264,43.725842869642761],[-79.258478129938965,43.726742847425626],[-79.257224053327789,43.727173915021133],[-79.257211002690852,43.727623903520374],[-79.256590480724384,43.727614437703053],[-79.256009137908791,43.726255003792069],[-79.254457869880341,43.726231317210036],[-79.255414757469808,43.725345555302432],[-79.254839995190636,43.723761121600958],[-79.253599032872245,43.723742162179882],[-79.252687936113915,43.723052952185036],[-79.25143389784391,43.723483957083531],[-79.250780677608248,43.724599428676619],[-79.25105818302174,43.725729145523488],[-79.249784418470426,43.726835111390201],[-79.25068898735617,43.727749337964561],[-79.250332867938198,43.729319541435864],[-79.250933757477355,43.730004021740108],[-79.254954235026673,43.730515679366214],[-79.255845874729857,43.73187985452271],[-79.257080479679814,43.732123786385323],[-79.2589747854161,43.731027196605361],[-79.258690588837268,43.730122491418705],[-79.25777281423521,43.729658314403572],[-79.259020420526824,43.729452236152866],[-79.25993168624413,43.730141397740667],[-79.260869022355891,43.729930574061385],[-79.262077578371546,43.731074430211827],[-79.263014922172104,43.730863589076542],[-79.263919754432166,43.731777714641304],[-79.265167386007207,43.731571569718611],[-79.26515439284222,43.732021559767688],[-79.259213357338837,43.73350686105718],[-79.257351608143324,43.733478483097294],[-79.256394615232111,43.734364258332164],[-79.256982567561366,43.735498695995567],[-79.255107688703433,43.735920268017232],[-79.253285120177623,43.734541861140137],[-79.252030843515755,43.734972867816452],[-79.251694354314523,43.735868093726111],[-79.252592539615534,43.737007299881498],[-79.251331656519469,43.737663290973195],[-79.251622322535169,43.738343018921974],[-79.252843952360038,43.739036984650703],[-79.253781451318531,43.738826222176911],[-79.25437593366658,43.73973567892881],[-79.255610692615946,43.739979628955453],[-79.257511803561826,43.738658075740204],[-79.256613500032344,43.737518906603206],[-79.257861274030262,43.73731284407701],[-79.259393272499224,43.738011471516337],[-79.258423187907326,43.739347250340842],[-79.259301990866106,43.741161387837387],[-79.256495949855221,43.741568793031135],[-79.256463292674795,43.74269376092726],[-79.25768506699923,43.743387676796758],[-79.256430633601283,43.743818728581573],[-79.255783806728203,43.744709229409807],[-79.254562028617556,43.744015293278856],[-79.253003758359441,43.744216572531734],[-79.251801670864467,43.742847628391758],[-79.250256532829027,43.742598884776847],[-79.248988945924509,43.743479839706659],[-79.249259934352892,43.744834550842924],[-79.248025104191555,43.744590531132999],[-79.245819816094084,43.745682162196573],[-79.245780381698694,43.747032114973315],[-79.244822998804366,43.747917784767765],[-79.246348535759282,43.748841579905886],[-79.245708078182233,43.74950702749215],[-79.245662062052261,43.751081971212415],[-79.246877305841366,43.752000994431228],[-79.247504643793391,43.751785525056839],[-79.249624859909005,43.753618766585426],[-79.246190811869027,43.754241387454677],[-79.244665142836368,43.753317588780263],[-79.243720804496661,43.753753263180656],[-79.243377494563376,43.754873449449313],[-79.241528279488506,43.754394819923057],[-79.239652705871862,43.754816125212905],[-79.237493128407507,43.754332648443274],[-79.23654872370885,43.754768262336661],[-79.235571241354251,43.756328820778123],[-79.233999356822821,43.756979814689707],[-79.233669087038322,43.757649987346817],[-79.234573855685056,43.758564340503966],[-79.236125942275265,43.758588310931408],[-79.235802299418751,43.759033499391819],[-79.236403307406448,43.759718054941985],[-79.239177320088828,43.760436115088048]],[[-79.259703587586912,43.738016198125706],[-79.259393272499224,43.738011471516337],[-79.259399792048995,43.737786477420897],[-79.259710105975799,43.737791203993346],[-79.260013902750146,43.738020923893011],[-79.259703587586912,43.738016198125706]],[[-79.261179295962563,43.729935295974869],[-79.260869022355891,43.729930574061385],[-79.260875534543928,43.729705579470313],[-79.261185806990198,43.729710301346934],[-79.261179295962563,43.729935295974869]]],[[[-79.26216219783403,43.760337825664877],[-79.262168712086904,43.760112832120747],[-79.264962582557189,43.760155290402849],[-79.2656094486114,43.759264740413023],[-79.267801910357306,43.758622720706846],[-79.267834373256875,43.75749774919052],[-79.26537704482341,43.756560099862583],[-79.262272929861027,43.756512934100286],[-79.261057356003931,43.755594069900205],[-79.260119616961518,43.755804887551037],[-79.257861885072771,43.758696691858745],[-79.260306135171831,43.760084488676796],[-79.261243940953236,43.759873670747886],[-79.26216219783403,43.760337825664877]]],[[[-79.350638012867194,43.76164920172269],[-79.35220262730185,43.761221589337161],[-79.353432082468871,43.761689498526202],[-79.354369609320429,43.761477911418524],[-79.355009012250449,43.760811838987372],[-79.354741735637646,43.759232339151701],[-79.353512319598678,43.758764444494815],[-79.351010279697419,43.759403643894757],[-79.34888052248202,43.757797237194787],[-79.347322170440421,43.757999801825413],[-79.346682714392671,43.758665830676051],[-79.346974561823686,43.75934533237934],[-79.348489615671255,43.760717798349432],[-79.350638012867194,43.76164920172269]]],[[[-79.573297736086317,43.762620297793205],[-79.573303084743927,43.762395270525637],[-79.574561069561668,43.761735687293331],[-79.573966829626585,43.760602802743144],[-79.575214087201843,43.760393266486069],[-79.575851059490617,43.759725924165885],[-79.57556728274848,43.758596916315739],[-79.574346783750144,43.757681319332093],[-79.573410044870954,43.757894723196578],[-79.572489352041629,43.75743303715916],[-79.57281586295592,43.756761832735528],[-79.572211000034883,43.75607899412114],[-79.570353627470894,43.755830677960191],[-79.571006670904936,43.754488280258165],[-79.569786324634123,43.753572636014546],[-79.570733720874074,43.752909206183389],[-79.570439354791375,43.752230240876422],[-79.571076290493693,43.751562923788192],[-79.569856001439746,43.750647280631895],[-79.567993440772611,43.750623955617591],[-79.567715218011941,43.749269901880915],[-79.568662567557283,43.748606488119698],[-79.568368244859457,43.747927517589943],[-79.565590657366457,43.74721740274628],[-79.565296376007751,43.746538424714011],[-79.564060136342604,43.746297802703836],[-79.56279159677679,43.747407328598854],[-79.563990187833312,43.749223152904236],[-79.56366900448748,43.749669305352818],[-79.565199603973184,43.750588911205604],[-79.565183473336887,43.751263991990704],[-79.563936374112146,43.751473421205453],[-79.563299361068331,43.75214069742475],[-79.564182233820347,43.754177642976508],[-79.563534426301999,43.755294973105912],[-79.564754709794485,43.756210683024818],[-79.566001905240697,43.756001246359141],[-79.567853895305547,43.756474660054337],[-79.567810949773516,43.758274875522858],[-79.566547592933546,43.759159411544601],[-79.567147049539628,43.760067306088203],[-79.56869406131915,43.760311787422445],[-79.569909163819773,43.76145247091042],[-79.571156452141992,43.761242979412131],[-79.573297736086317,43.762620297793205]]],[[[-79.310045458306234,43.758354939941647],[-79.311299831877236,43.757923299180298],[-79.312269066786513,43.756587061337306],[-79.311698849481758,43.754777893233907],[-79.312047215974118,43.753432481311805],[-79.31053318901715,43.752059546821982],[-79.308056364330696,43.751797805762806],[-79.306789407324047,43.75267941127241],[-79.307080772978381,43.753359007787104],[-79.306155914878318,43.753120208483139],[-79.305212010280968,43.753556398491433],[-79.302956511364286,43.756449131735103],[-79.305084966291645,43.758056374206731],[-79.308525017433141,43.757206977918443],[-79.309120511301359,43.758116163401489],[-79.310045458306234,43.758354939941647]]],[[[-79.201750953617861,43.755351374196714],[-79.201757693076388,43.755126387791599],[-79.203012738344526,43.754695947958865],[-79.205920567193075,43.750915068814201],[-79.207479148940905,43.750714437686447],[-79.208126750951266,43.749824224635638],[-79.205387242305875,43.747980488454274],[-79.204442714735478,43.748415835114407],[-79.203214741699085,43.747946346127002],[-79.201966577539125,43.74815180441157],[-79.200171867860504,43.745872620956675],[-79.198633638041684,43.745398195119016],[-79.197365252086925,43.746278562775366],[-79.19760806925315,43.748533320572939],[-79.196049515806237,43.748733817510136],[-79.195408511141522,43.749398973523746],[-79.196002198799548,43.750308718966643],[-79.195354413784798,43.751198860017965],[-79.197776613778899,43.753262923813502],[-79.199321784146463,43.753512377758],[-79.20082651198716,43.75511172896163],[-79.201750953617861,43.755351374196714]]],[[[-79.360999698571504,43.757521527475291],[-79.361005841833489,43.757296522358004],[-79.361943274755731,43.757084871448264],[-79.362290534563883,43.755739289371775],[-79.363215669601445,43.755977638278139],[-79.364159205605517,43.755540963203416],[-79.364494146942548,43.754645384381462],[-79.362972734925677,43.753498131411391],[-79.361724949223074,43.753705341789356],[-79.361445240478517,43.752575864234409],[-79.36022204984863,43.751883037265735],[-79.358341177718245,43.752531310784008],[-79.358061537695491,43.751401825808024],[-79.356528014484198,43.750704499552022],[-79.355652281997962,43.748666059408507],[-79.356694270368735,43.744629364357856],[-79.354862899932712,43.74347754407485],[-79.353311107854466,43.743455192176512],[-79.351722266949608,43.744782846802806],[-79.352932872663601,43.745925771113583],[-79.352560776274217,43.748171342754702],[-79.353728282532771,43.750889290971422],[-79.355851771125216,43.752720612081013],[-79.356125214022057,43.7540751063611],[-79.35735455631864,43.754542972080401],[-79.357317617131812,43.755893000824216],[-79.35823658020324,43.75635639457186],[-79.359174007429331,43.756144766273771],[-79.360074549256296,43.7572831604516],[-79.360999698571504,43.757521527475291]]],[[[-79.461594903959025,43.758469944291335],[-79.463170208011775,43.757590766753125],[-79.46291737297166,43.755336428409308],[-79.463555521002306,43.754669729056062],[-79.4620264141506,43.753748783583795],[-79.461434389226937,43.752615344567147],[-79.459577632002308,43.752365235834944],[-79.45682433340356,43.750752429525811],[-79.455881526140161,43.751189881340494],[-79.453398218620748,43.751156297939758],[-79.451880961868554,43.749785188904198],[-79.450018527904092,43.749759941861861],[-79.449725550105001,43.749080685622864],[-79.451300773126135,43.748201669262166],[-79.451007787834186,43.747522416029625],[-79.450088220827581,43.747059759156542],[-79.448840843284032,43.747267927666734],[-79.447927112680645,43.746580238573024],[-79.447300517680276,43.746796820276394],[-79.447013402990265,43.74589254240324],[-79.446093892274618,43.745429854083767],[-79.442966735693147,43.746287663279674],[-79.440190792777088,43.745574523060554],[-79.43893171720417,43.746232611782034],[-79.438351903487728,43.744649031050564],[-79.439915480852349,43.744220200223744],[-79.440249230512137,43.743324379742887],[-79.439347352269351,43.742186595211926],[-79.437502725305151,43.741486105006324],[-79.436565786155796,43.741698384097241],[-79.435974357909089,43.74056481981404],[-79.434434308611472,43.740093542521763],[-79.435710880239839,43.738760459312118],[-79.435137079745516,43.736951848511239],[-79.433907463630462,43.736484814657487],[-79.432958852320397,43.737147093126268],[-79.432033712218242,43.736909308405387],[-79.430470273475848,43.737338033916522],[-79.43049378826565,43.736437979580451],[-79.432385149108072,43.735338469487495],[-79.431787986298332,43.73442989829789],[-79.430552570469629,43.734187843073542],[-79.43088052249125,43.733517063448566],[-79.432121797929426,43.733534101078398],[-79.433035149755412,43.734221912394041],[-79.435213270632389,43.734026664633085],[-79.436442847528298,43.734493684025971],[-79.43770755086733,43.733610603663465],[-79.438052968763273,43.732264758492313],[-79.437449897129198,43.731581230174953],[-79.436214514994816,43.731339236590649],[-79.436536533036929,43.730893453687273],[-79.435933492204072,43.730209917672454],[-79.43376137708438,43.73018016720475],[-79.433175976352146,43.728821574506348],[-79.431009789319091,43.728566758419852],[-79.432912624342805,43.727017206004192],[-79.432321402174608,43.72588362320414],[-79.433884528040053,43.725454866858279],[-79.433919708521273,43.724104780273734],[-79.436115024082042,43.723234465626355],[-79.436758966488398,43.722342896865413],[-79.435242804698149,43.72097157678563],[-79.436196984840137,43.720084258477655],[-79.435904299469797,43.719404967897205],[-79.434364788299277,43.718933696123536],[-79.433773613688146,43.717800120071573],[-79.43284876581933,43.717562345597919],[-79.431906317274453,43.71799960723321],[-79.431865229138893,43.719574708386808],[-79.43031987121644,43.719328396881323],[-79.430987347051797,43.717536803319746],[-79.429167087665007,43.71593613108324],[-79.430103646965762,43.715723906086566],[-79.430115398379399,43.71527387730854],[-79.431660651621996,43.715520190166764],[-79.432608928763742,43.714857915137692],[-79.433527871479072,43.715320705790546],[-79.435096569268666,43.714666912965328],[-79.436940352801514,43.715367432434803],[-79.437876877557031,43.715155143157297],[-79.439492247767461,43.712701166070005],[-79.440750604458188,43.712043056843321],[-79.440153535349197,43.711134527367825],[-79.438608356251194,43.710888330353569],[-79.437695286313854,43.710200565234075],[-79.436758838639236,43.710412854349677],[-79.435845797346644,43.709725074821328],[-79.434599153424017,43.709933100045646],[-79.433955317518581,43.710824660021807],[-79.433036439148424,43.710361873439197],[-79.431789773115312,43.710569867644317],[-79.430912016356885,43.708531960913959],[-79.4299873219923,43.708294165224395],[-79.430321004027192,43.707398367525755],[-79.429718262852759,43.706714800606193],[-79.42816736245706,43.706693479179584],[-79.427254476667102,43.706005632902006],[-79.426007883196007,43.706213565237505],[-79.424409836752858,43.707992306526506],[-79.424368566648454,43.709567404782419],[-79.423121889901964,43.709775304237844],[-79.422483790649849,43.710441783254126],[-79.423384886673674,43.71157969497839],[-79.422752673120513,43.712021161287801],[-79.423039273748898,43.712925497344173],[-79.422395234960476,43.713816988650315],[-79.423612499762399,43.714734167277143],[-79.424238838805323,43.714517710547014],[-79.424823906152255,43.715876347163189],[-79.42388732706452,43.71608852855951],[-79.42387552870683,43.716538555927379],[-79.422950741564108,43.71630070217104],[-79.422008243409849,43.716737881466543],[-79.421966897803529,43.718312975482768],[-79.421042091559812,43.718075106050428],[-79.419783397170875,43.718732992368459],[-79.419437658176875,43.720078780366357],[-79.418220352474108,43.719161557414928],[-79.416973456456574,43.719369386104134],[-79.415135725899091,43.718443533931904],[-79.413888835156953,43.718651329048164],[-79.413250537955165,43.719317752507578],[-79.413525149020572,43.720672134429719],[-79.412278206760078,43.720879911102401],[-79.41163986757482,43.72154632468029],[-79.411938231703402,43.722000660996684],[-79.410691256760288,43.722208419800019],[-79.410052885696061,43.722874823878648],[-79.410649606760714,43.723783503685901],[-79.412189045853651,43.724255093670216],[-79.413441998598316,43.723822306911202],[-79.414038780416789,43.724730969795864],[-79.415584203538103,43.724977502377612],[-79.415876683041603,43.725656841293556],[-79.417111860749813,43.725899051993551],[-79.418376657503657,43.725016185885529],[-79.418412185715539,43.723666109255447],[-79.419981262393279,43.723012530674588],[-79.420309266974215,43.722341780988828],[-79.421848749012568,43.722813241527135],[-79.422439743519519,43.723946875660282],[-79.423674914772079,43.724189015348529],[-79.42493958047605,43.723306074332932],[-79.424658803618001,43.722176729917379],[-79.427468800488086,43.721540148230396],[-79.428434868824155,43.720202868769462],[-79.428387803135379,43.722002980644447],[-79.42714087985857,43.722210919832335],[-79.426502688539117,43.722877418571706],[-79.426801172467364,43.723331717770478],[-79.425554216495712,43.723539639097041],[-79.424915993299379,43.724206128345273],[-79.42519678339562,43.725335471957735],[-79.424236457961911,43.726447707226328],[-79.425454001736554,43.727364868569836],[-79.42513192202648,43.727810619548748],[-79.423890768950429,43.72779350778152],[-79.423598188546535,43.72711418809817],[-79.422046766492585,43.727092775736168],[-79.421133649014521,43.72640487929592],[-79.419260129787816,43.726829167678225],[-79.417732415565666,43.725907646071413],[-79.416479448446637,43.72634047953612],[-79.416145447966827,43.727236229210774],[-79.415214595986825,43.727223323597549],[-79.414928051691589,43.726318970852638],[-79.41369881417755,43.725851724367885],[-79.411491194261373,43.727171625368435],[-79.410273871752679,43.726254318512538],[-79.409020845978688,43.726687069229733],[-79.408430081182146,43.725553369664333],[-79.404730685976944,43.724601406992122],[-79.40351351969251,43.723684030086659],[-79.401962201261028,43.723662346462014],[-79.399760403230431,43.724757007744827],[-79.397898791506222,43.724730923238937],[-79.396675726517827,43.724038485549883],[-79.395732920577288,43.724475442728412],[-79.395392616088344,43.725596137650328],[-79.394139501781737,43.726028723777127],[-79.394109438374869,43.727153773907133],[-79.395953103691497,43.727854951849217],[-79.395612782305179,43.728975646556421],[-79.397128220959857,43.7303474798683],[-79.398990005937634,43.730373579571634],[-79.399956848778643,43.729036554798618],[-79.401508304391612,43.729058267747618],[-79.402116920512228,43.729516968631884],[-79.402075035191032,43.731092043926424],[-79.402958095907749,43.732905143745583],[-79.401686922209223,43.734012842550563],[-79.40321458656841,43.73493457682698],[-79.403787403692093,43.736743333574381],[-79.404706447542765,43.737206356042286],[-79.405959724643495,43.736773657237485],[-79.406299902312711,43.735652930910696],[-79.409379336396071,43.736596214026974],[-79.412512383280202,43.735514310642863],[-79.412840542916982,43.734843586122999],[-79.412237736959682,43.73415992899681],[-79.413508722697102,43.7330521099206],[-79.412291252209982,43.732134823188225],[-79.413568133859982,43.730801990484593],[-79.415095904885575,43.731723567930409],[-79.41634306442073,43.731515764157926],[-79.417262129153698,43.731978686293935],[-79.415036549014474,43.733973688666282],[-79.416546630878642,43.735570283974248],[-79.41809826766594,43.735591774279435],[-79.419596632424586,43.737638355306849],[-79.419555193445674,43.739213441710966],[-79.417681261707173,43.739637697063358],[-79.416457664032251,43.738945464808353],[-79.415502889489147,43.739832606463978],[-79.413945203897015,43.740036090948962],[-79.413300729378378,43.740927520435008],[-79.413897671503491,43.741836183983757],[-79.415730152510505,43.742987074742395],[-79.416977545067553,43.742779267957552],[-79.417264191743627,43.743683614707344],[-79.418493819053765,43.744150827379592],[-79.421018204533922,43.742610078677266],[-79.420421146246582,43.74170145070272],[-79.419800427517018,43.741692868773278],[-79.420122623763135,43.741247135595671],[-79.42258184535423,43.742181485981547],[-79.425416399004092,43.740644920509865],[-79.425744445285986,43.739974157756883],[-79.426675499512214,43.739986980569846],[-79.426646030715617,43.741112045704291],[-79.425697266516778,43.741774261056527],[-79.425989937466625,43.742453575117267],[-79.427840344076216,43.742929236449619],[-79.428747899105275,43.743842095438261],[-79.430920502921339,43.743871948540828],[-79.431804617665051,43.745684837426886],[-79.433637565417101,43.746835447148527],[-79.434884981908297,43.746627445259705],[-79.435166052929731,43.747756764477735],[-79.436395907533338,43.748223787500912],[-79.43575753276501,43.748890332399135],[-79.436050350651371,43.749569622097766],[-79.43696984416087,43.75003239071301],[-79.438217316879417,43.749824353375971],[-79.437889351954098,43.750495152104172],[-79.438492612484296,43.751178678832396],[-79.440355080257405,43.751204114334236],[-79.440653804689887,43.751658378840901],[-79.440929162660467,43.753012698952624],[-79.439980360818836,43.753675031123393],[-79.440279094152089,43.754129296561175],[-79.437151402334507,43.754986937320055],[-79.436823395738202,43.755657731802465],[-79.437426694178498,43.756341264156688],[-79.440531073771524,43.756383672703052],[-79.441743624703591,43.757525682531941],[-79.443307517158075,43.757096810861789],[-79.444537626879693,43.757563749304346],[-79.445802709313753,43.756680588249147],[-79.446153917600114,43.755109708590524],[-79.44990235148002,43.754260243327522],[-79.450195354915181,43.754939498922546],[-79.452362581927389,43.755193965454446],[-79.453270695448538,43.75610663603662],[-79.455162279629249,43.75500675555201],[-79.455736843382155,43.756815271742106],[-79.457909944386728,43.756844618704363],[-79.458812390934369,43.757982262334643],[-79.461594903959025,43.758469944291335]],[[-79.455846806103253,43.752539975578692],[-79.455530597385476,43.752760796046857],[-79.455536385455346,43.752535780406532],[-79.455846806103253,43.752539975578692]],[[-79.426985851057609,43.739991253156148],[-79.426675499512214,43.739986980569846],[-79.426681393066517,43.739761967514404],[-79.426991743450571,43.739766240067304],[-79.426985851057609,43.739991253156148]],[[-79.43088639897141,43.733292049683634],[-79.43088052249125,43.733517063448566],[-79.430570203802006,43.73351280193571],[-79.430576081443164,43.733287788204066],[-79.43088639897141,43.733292049683634]],[[-79.424147951232243,43.729822905983035],[-79.423814043582198,43.730718678983429],[-79.424727256507111,43.731406554955086],[-79.424697760058251,43.732531620731422],[-79.425616906416067,43.732994476790005],[-79.426553745044885,43.732782285708026],[-79.42806999554503,43.734153719853346],[-79.425891850739418,43.734348831014884],[-79.42497268177695,43.733885976929216],[-79.423075329227643,43.735210376083927],[-79.423051704331741,43.73611042740751],[-79.421804470044691,43.736318303154853],[-79.422120711793553,43.736097575976444],[-79.422126621603653,43.735872563260209],[-79.421828113792657,43.735418252404727],[-79.423087141264759,43.734760350364972],[-79.422812258751151,43.733405990412543],[-79.423766822223413,43.73251878353792],[-79.422250711790738,43.731147294017489],[-79.423187532523229,43.730935130214505],[-79.423527354074878,43.729814346129842],[-79.424147951232243,43.729822905983035]]],[[[-79.349544689313348,43.756231180012897],[-79.350798747021187,43.755799100220052],[-79.352034257594894,43.756042018865578],[-79.353611056386555,43.755164375770136],[-79.353641907876323,43.754039353790276],[-79.351791785311136,43.75356249553041],[-79.351195681513175,43.752653522274151],[-79.353082802908901,43.751780363240655],[-79.353411715538741,43.751109823111491],[-79.352194824313003,43.750191907492116],[-79.350636680295025,43.750394520883304],[-79.351909134400799,43.749287413439816],[-79.350381919546749,43.748365002065263],[-79.350412824199907,43.747239980569653],[-79.348873311378028,43.746767558415875],[-79.350145718532872,43.745660469235148],[-79.348928986219633,43.744742520522102],[-79.347060609517399,43.744940602465981],[-79.347116341913548,43.742915565773629],[-79.346203865419255,43.742227082107817],[-79.346222451398191,43.741552069933597],[-79.347457650553224,43.741795033719256],[-79.347426696430389,43.742920054614942],[-79.348959914177058,43.74361749913426],[-79.352702734187432,43.742996236039751],[-79.353968823730327,43.742114106066893],[-79.352758272632443,43.740971192900936],[-79.353695476007786,43.740759605522641],[-79.354365480516122,43.738968505815407],[-79.353148814859978,43.738050602128865],[-79.3500640555758,43.737330821140674],[-79.348798012929379,43.738212909240531],[-79.348767087770668,43.739337931604261],[-79.347203025194034,43.739765507152107],[-79.34534719524099,43.739513555312762],[-79.344130659519379,43.7385955576854],[-79.342883126206914,43.738802566679979],[-79.342305925603597,43.737218537797794],[-79.341387377743331,43.736755021020983],[-79.34204527990444,43.73541400510382],[-79.3414743426992,43.73360496811258],[-79.343354789670443,43.732956963687542],[-79.343696105951892,43.731836441207449],[-79.341263427036679,43.730000401659638],[-79.340320137079487,43.73043689325889],[-79.337837827613342,43.730400812716574],[-79.333691765718754,43.734392121143586],[-79.334603979448787,43.735080701459815],[-79.334579029581022,43.735980713398121],[-79.336720099867989,43.73713736787451],[-79.337973842716039,43.736705422585437],[-79.337986292686992,43.736255415916872],[-79.340146091269659,43.73673699701623],[-79.337905362715674,43.739180458575952],[-79.338190797154056,43.740084985063454],[-79.339115591321359,43.740323524391066],[-79.339065816472342,43.742123550579905],[-79.340282342978384,43.743041601498021],[-79.343075532433275,43.743082137843501],[-79.342094779773632,43.744868661392225],[-79.342374091522871,43.745998181442928],[-79.344515667713296,43.74715469593648],[-79.344180475261723,43.74805021325826],[-79.345682788899452,43.749872720749281],[-79.346253993430068,43.751681736216639],[-79.348414414224109,43.752163169601815],[-79.348973345956168,43.754422180131677],[-79.348017338290973,43.755308735891091],[-79.349544689313348,43.756231180012897]]],[[[-79.299301622789898,43.753918768159224],[-79.299307996440064,43.75369376997584],[-79.300245574602684,43.753482627800942],[-79.300258314562186,43.75303263116966],[-79.302431111581569,43.753064931883713],[-79.303710852925576,43.751733378395791],[-79.302488364548609,43.751039944296124],[-79.301323191392015,43.74832151016259],[-79.299771316611029,43.7482984293706],[-79.29886568868983,43.747384577320197],[-79.297294700737041,43.748036458125597],[-79.297636966545753,43.746916091489219],[-79.298903930564634,43.746034586832053],[-79.298606316690211,43.745579969145638],[-79.299866868476741,43.744923451454817],[-79.299588363900668,43.743793840370117],[-79.297441418806969,43.742861497519968],[-79.296503998504775,43.743072619603048],[-79.295598497459906,43.742158742948995],[-79.293426102625276,43.742126318737718],[-79.291519250721265,43.743673477650852],[-79.292418313395288,43.744812383499692],[-79.290233014907415,43.745229892226426],[-79.289573850699199,43.74657058687513],[-79.291093658266178,43.74771879282995],[-79.292347937027756,43.747287357975807],[-79.293259857749362,43.747976262360595],[-79.29419097425081,43.747990166327199],[-79.295704521006243,43.749363310557506],[-79.297573179190763,43.749166073614219],[-79.295931889568124,43.752292912381364],[-79.296533528094059,43.75297716246439],[-79.299301622789898,43.753918768159224]]],[[[-79.408884612790146,43.755272119498997],[-79.408890576149517,43.755047108980961],[-79.41015015908242,43.754389360113862],[-79.410209740313022,43.752139252772587],[-79.409296388602158,43.751451260905711],[-79.409033676032351,43.749646853684766],[-79.407804013971045,43.749179539040021],[-79.406532574845954,43.750287284820956],[-79.403726998887947,43.750698314427282],[-79.403691107049511,43.752048375032111],[-79.402407556576122,43.753606092175239],[-79.404550589171691,43.754761501716025],[-79.407666773649424,43.754354781141267],[-79.407959296463162,43.755034137770011],[-79.408884612790146,43.755272119498997]]],[[[-79.33749429926273,43.75403065012236],[-79.337500529844064,43.753805647532182],[-79.338437984923445,43.753594189814685],[-79.339089924077243,43.752478201498903],[-79.338183627077271,43.751564651231874],[-79.338518929653318,43.750669153768975],[-79.3403937281238,43.750246211922622],[-79.341355978694565,43.749134716493593],[-79.34076629357223,43.748000688125394],[-79.339524775119401,43.747982653711937],[-79.338612312259087,43.747294110161604],[-79.337047972631595,43.747721541667545],[-79.335502321576328,43.74747394356082],[-79.334242093099888,43.748130859525574],[-79.333267238424497,43.749692297947504],[-79.333533913568289,43.751271840873244],[-79.332900628166755,43.751712789859965],[-79.333490197810733,43.75284685632915],[-79.335042216993401,43.752869481160708],[-79.335333905551664,43.75354901071502],[-79.33749429926273,43.75403065012236]]],[[[-79.22145929611861,43.750482715703484],[-79.221465960606196,43.750257726685192],[-79.222727428249996,43.749602076648245],[-79.221882935347139,43.746662731115407],[-79.222820654681101,43.746452226854458],[-79.222833971507484,43.746002248157268],[-79.223448016077029,43.746236889863987],[-79.224392376131249,43.745801382983558],[-79.224425637429874,43.744676435080436],[-79.226644550565268,43.743135242938052],[-79.226367436380016,43.742005476517647],[-79.225449741346353,43.741541041922439],[-79.229200212098931,43.74069885387744],[-79.229537063844418,43.73980370108918],[-79.22895622863966,43.738444140677458],[-79.23020410711662,43.738238382187667],[-79.230851235851247,43.737348030465562],[-79.22963653213705,43.736428843700878],[-79.228078386970097,43.736629785152886],[-79.227167398872353,43.735940374775247],[-79.225292312675379,43.736361453678249],[-79.225265724487514,43.737261413756876],[-79.223740809382861,43.736337345819003],[-79.222803252115682,43.736547860732642],[-79.223800680526693,43.734312436768946],[-79.222599459541996,43.732943197783385],[-79.221675271268666,43.732703724819565],[-79.220731101258011,43.733139213368091],[-79.220394159703915,43.734034339588924],[-79.2188694019748,43.733110208804462],[-79.21571311922834,43.73486171224588],[-79.216610598449009,43.73600118956368],[-79.21784511446883,43.736245543983927],[-79.215612874375395,43.738236545066378],[-79.217037528304004,43.742535552780808],[-79.21329347785364,43.74315234809837],[-79.211768605536676,43.742228121857977],[-79.210176732548447,43.743553755457164],[-79.208314721273055,43.743524573496117],[-79.207350137615023,43.744634908838322],[-79.207937249467932,43.745769582789649],[-79.206986057251285,43.74642993901174],[-79.206952467313045,43.747554875882066],[-79.207553030678156,43.748239576910848],[-79.209104827697274,43.748263909728458],[-79.209395059609207,43.748943736595329],[-79.210319443527084,43.749183311697585],[-79.211263942321963,43.748747915981696],[-79.212241919961386,43.747187572238531],[-79.211344364474769,43.746048061286771],[-79.214778268466333,43.745426485193001],[-79.215068552418842,43.746106298832316],[-79.213490032458552,43.746982000709565],[-79.214083974473553,43.747891656830852],[-79.215946126981308,43.74792074709984],[-79.216850479273944,43.748835235000058],[-79.219353408644807,43.748198989355302],[-79.220231142316123,43.750013406801472],[-79.22145929611861,43.750482715703484]]],[[[-79.229852665536541,43.750162868398576],[-79.2298592985087,43.749937878344788],[-79.230797043513618,43.749727309120068],[-79.230810302104487,43.749277328738799],[-79.231728156315,43.749741722377451],[-79.232976262328918,43.749535937812354],[-79.23363009612217,43.748420582863154],[-79.233049090499009,43.747061042241384],[-79.235234818540192,43.746644635295901],[-79.235875358760211,43.745979247549911],[-79.235281100926258,43.745069699169328],[-79.233121909382007,43.7445861454976],[-79.231292974152495,43.743432384464576],[-79.229411045840948,43.744078517316119],[-79.229080800878194,43.744748678489913],[-79.227529077803581,43.744724618409045],[-79.226881817387053,43.745614948027196],[-79.225633774580643,43.74582066717457],[-79.224993124464788,43.746485995614947],[-79.225560644035369,43.748295553364265],[-79.226795450768691,43.748539815480356],[-79.227389611273182,43.749449405874124],[-79.228631087132143,43.749468658780046],[-79.229852665536541,43.750162868398576]]],[[[-79.542745331846817,43.754581566515128],[-79.544313917896062,43.753926276236498],[-79.54434119546022,43.752801152431999],[-79.544972970737575,43.752359009882511],[-79.550282928564229,43.751075931085055],[-79.550609649628726,43.750404792355631],[-79.549389701536924,43.749488935098519],[-79.551290212094315,43.747937383328932],[-79.550680252681531,43.747479459998686],[-79.550707404868078,43.746354331744605],[-79.549792499666367,43.745667441139204],[-79.547625153449403,43.745414821320431],[-79.544815227411434,43.746054357726003],[-79.5439003953379,43.745367420909574],[-79.542337492549322,43.745797684666471],[-79.542043482228266,43.745118650347919],[-79.540807371497863,43.744877778407599],[-79.539854309476496,43.745765982780341],[-79.538002880300184,43.745292122101056],[-79.535813659683797,43.745939376399029],[-79.535475825177969,43.747060519615204],[-79.53638510014656,43.747972546878799],[-79.539178779691056,43.74800829392268],[-79.540099066629736,43.748470243515769],[-79.540365722183921,43.750274404922457],[-79.539733935999024,43.750716521986078],[-79.540022474491167,43.751620586022909],[-79.539379723747089,43.75251274947081],[-79.542745331846817,43.754581566515128]]],[[[-79.390647901394146,43.752090513340711],[-79.396898140713603,43.750602715071118],[-79.397262595304866,43.748581984204961],[-79.395752716451412,43.746985140381526],[-79.394517200438742,43.746742694292578],[-79.392332483876345,43.747162165708204],[-79.391060808156382,43.748269735955965],[-79.389520933248519,43.747797856271383],[-79.388577698917899,43.74823474609412],[-79.387902556551836,43.750251066222084],[-79.390647901394146,43.752090513340711]]],[[[-79.467320929257966,43.753144638243683],[-79.46732667322965,43.752919621372534],[-79.471086148579886,43.751619420142937],[-79.472040307198341,43.750731806475173],[-79.4717528010179,43.749827585640915],[-79.470522628275134,43.749360938819351],[-79.470240883161566,43.748231697024146],[-79.469016491537857,43.747540017188044],[-79.467769163819682,43.747748393147226],[-79.467131137636116,43.748415118582983],[-79.468010675722184,43.750452759964894],[-79.466763284025888,43.750661123901111],[-79.465492882251439,43.751769541073031],[-79.466395400577667,43.752907126776336],[-79.467320929257966,43.753144638243683]]],[[[-79.326724040543994,43.750497042386279],[-79.326730310704875,43.750272040890316],[-79.328592647685895,43.750299297042424],[-79.329232209424816,43.749633370289473],[-79.32894060808249,43.748953826118246],[-79.330467499502319,43.749876518991982],[-79.331404915825274,43.749665118259571],[-79.333019314237177,43.747437747244206],[-79.332417307611834,43.746753682906977],[-79.331182072861907,43.746510556059413],[-79.330592605757531,43.745376478161859],[-79.329351147961347,43.745358334101809],[-79.329053304338515,43.744903792040716],[-79.330965501023442,43.743130989860695],[-79.33067390926837,43.742451449561493],[-79.329134681453667,43.741978765493023],[-79.326943452925448,43.742621984309004],[-79.326664446340516,43.741492430794473],[-79.325131550159256,43.740794691846055],[-79.323567290933283,43.741221940413332],[-79.322604846921962,43.74233328424733],[-79.324435548604967,43.743485611348554],[-79.325197192692556,43.749574300247943],[-79.326724040543994,43.750497042386279]]],[[[-79.31590459397016,43.748762440464077],[-79.315910904280713,43.748537440147047],[-79.316848347145083,43.748326159294564],[-79.31686096043066,43.747876158398142],[-79.318723213719025,43.747903574172099],[-79.319711003429191,43.745892263286819],[-79.320958756917747,43.745685511216017],[-79.321914999669715,43.744799184396264],[-79.321319435905451,43.74389006257703],[-79.318545137875319,43.743173991500512],[-79.320755344063812,43.741855932197538],[-79.320793086715668,43.740505925152114],[-79.319576914670961,43.73958767194177],[-79.318322984897492,43.740019412039182],[-79.317664503649837,43.741360280967228],[-79.315479492225791,43.741778277706423],[-79.314200226793105,43.74310997288957],[-79.312952506092842,43.743316651725593],[-79.31231283603141,43.743982486221888],[-79.313218622177814,43.744896234677462],[-79.311926589398439,43.746677901849466],[-79.312509390130757,43.748037070270236],[-79.313738255914217,43.748505398304694],[-79.314682020183838,43.74806913520051],[-79.31590459397016,43.748762440464077]]],[[[-79.240808049923302,43.747180762428385],[-79.240814641171397,43.746955770928949],[-79.243607867814433,43.746998740986804],[-79.244254898814688,43.746108312888438],[-79.243653931247863,43.745423797870885],[-79.244591560482789,43.745213113255637],[-79.244921636481749,43.744542904427959],[-79.243131959546261,43.742039376801337],[-79.240966218789069,43.741780963768726],[-79.24099916509725,43.740656005012433],[-79.240087965780745,43.739966694598671],[-79.240127518351372,43.738616744268796],[-79.239229549537328,43.737477444003389],[-79.237691207140401,43.737003541824642],[-79.235789724184855,43.738324759094077],[-79.231418855418738,43.739157563406863],[-79.230461393860992,43.740043112554318],[-79.231048904177598,43.741177675245041],[-79.233221192894547,43.74121128441157],[-79.232897626578477,43.741656467157647],[-79.233498433380461,43.742341036477534],[-79.236265005471608,43.743284146207991],[-79.236892287557808,43.743068733899747],[-79.23780349530054,43.74375806961956],[-79.239361797913048,43.743556998339272],[-79.239929727983579,43.745366492431188],[-79.239282641971869,43.746256895197199],[-79.240808049923302,43.747180762428385]]],[[[-79.36218880454598,43.748084654345028],[-79.363752985005121,43.747656875967706],[-79.364081755417004,43.746986302433122],[-79.365311018767329,43.747454081795389],[-79.366558662696193,43.747246829807729],[-79.3672100114714,43.746130670576626],[-79.368147248522092,43.745918965296319],[-79.368488185330818,43.744798365111102],[-79.365451874779438,43.742278941376668],[-79.364198203008471,43.742711189071024],[-79.363869458717019,43.743381763810937],[-79.362640289477596,43.742913970100851],[-79.362354472792589,43.74200949913434],[-79.363906234558982,43.742031727674565],[-79.36455144627908,43.741140588634316],[-79.36273229183378,43.739538880908668],[-79.362781353215453,43.73773883245812],[-79.361552306975284,43.737271028542843],[-79.358089508362241,43.739022076300024],[-79.357115422675719,43.740583732691675],[-79.358332200380033,43.741501595507017],[-79.35708465070563,43.741708759291754],[-79.356439323090854,43.742599854238897],[-79.357656130174135,43.743517724423235],[-79.359524432695139,43.743319467913061],[-79.361051665639309,43.74424175805018],[-79.359475264171579,43.745119511666566],[-79.359128010056892,43.746465087567294],[-79.360034556068626,43.747378476270754],[-79.36218880454598,43.748084654345028]]],[[[-79.584472660002064,43.749703799292504],[-79.584477964383339,43.749478770423664],[-79.585724956131372,43.74926911540436],[-79.586361691883837,43.748601710045627],[-79.585767351284133,43.747468883079137],[-79.587003707973921,43.747709271687086],[-79.588208333936748,43.749299822667602],[-79.589760447059277,43.749318987315917],[-79.590428830106603,43.747301381823725],[-79.591970341263462,43.747770574982745],[-79.592912131586502,43.747331985798724],[-79.593590924228764,43.744864299603741],[-79.592370419187631,43.743948893059603],[-79.591128838172281,43.743933592864579],[-79.589550441406047,43.7450395964851],[-79.589271753838631,43.743685587729367],[-79.588345862085916,43.743449059174623],[-79.591812937207209,43.741240886399368],[-79.590618929982298,43.739200312398701],[-79.589382732096183,43.738959964731869],[-79.58780972697636,43.739840916929438],[-79.585026968531054,43.739356304995873],[-79.584737803735933,43.738452344324912],[-79.583506952232767,43.737986904300655],[-79.582244256638674,43.73887162586162],[-79.581886079144127,43.740893035957818],[-79.587141345810821,43.741858509598003],[-79.586815079307115,43.742529759925901],[-79.588035469860415,43.743445224495254],[-79.586788606984584,43.74365490668437],[-79.585878619850774,43.742743270360798],[-79.584942153914525,43.742956773022804],[-79.584347893400178,43.741823938704158],[-79.58217521163499,43.741797003046429],[-79.581254693187134,43.741335388809979],[-79.579665545439596,43.742891312326257],[-79.578729056413152,43.743104763730308],[-79.578392037151204,43.744226045517927],[-79.579612330779327,43.745141598507431],[-79.5814747308672,43.745164731895557],[-79.581769189899305,43.745843670813954],[-79.580522256898561,43.746053283563931],[-79.57988548484056,43.746720656156512],[-79.580179932972783,43.747399598849995],[-79.582652605873946,43.747880483087648],[-79.583241582259021,43.749238354201658],[-79.584472660002064,43.749703799292504]]],[[[-79.407547321059425,43.747150117847475],[-79.407553287738963,43.746925107154695],[-79.408812711925634,43.746267369755586],[-79.40854406965282,43.744687971309006],[-79.409809393252843,43.743805210797206],[-79.409516900389391,43.743125858131414],[-79.40766664150668,43.74264990217852],[-79.407386110720893,43.741520522583755],[-79.406162597178806,43.740828181519937],[-79.402438368818338,43.740776175627609],[-79.401799704218419,43.741442527080295],[-79.402062170199713,43.743246949559449],[-79.399871635280121,43.743891578234035],[-79.399841660485762,43.745016627990609],[-79.401984340537766,43.746172081888886],[-79.403237825377516,43.745739416761225],[-79.4032497903642,43.745289396198636],[-79.405726822504789,43.745549076025938],[-79.406317721599081,43.746682787965419],[-79.407547321059425,43.747150117847475]]],[[[-79.382746989018727,43.745676341501991],[-79.382753048285579,43.745451333484702],[-79.384000595805304,43.745243889378806],[-79.384968017703301,43.743907003672142],[-79.387158704777747,43.743262663221508],[-79.387803589076071,43.742371387923448],[-79.386890644636807,43.741683222061717],[-79.387529474848108,43.741016956570512],[-79.387237248347375,43.740337550649159],[-79.385703653550152,43.739640613834638],[-79.385411454079758,43.738961203508715],[-79.383555470287817,43.738709870175313],[-79.383616014799912,43.736459785921582],[-79.382715321790684,43.735321571231182],[-79.381790420469756,43.735083383126856],[-79.380208491214944,43.736186440794185],[-79.380470288728304,43.737990904056872],[-79.37860221150757,43.7381895069162],[-79.377951163047427,43.73930573721848],[-79.379168240437551,43.740223382875563],[-79.379795000861378,43.740007177323669],[-79.379764654187369,43.741132216745626],[-79.381596443845439,43.742283644622738],[-79.380008248453478,43.74361170305982],[-79.380300407463253,43.744291126074067],[-79.382746989018727,43.745676341501991]]],[[[-79.304541293131706,43.744317625082111],[-79.305795408024466,43.743886039621415],[-79.306143835527166,43.742540644358655],[-79.307093899821311,43.741879443369676],[-79.306498590413611,43.740970247951651],[-79.304959600543143,43.740497241765929],[-79.305612006344319,43.739381449812839],[-79.307480325361368,43.739184044923348],[-79.308392303230647,43.739872830277022],[-79.309329634450791,43.739661609047914],[-79.309969289574823,43.738995790561418],[-79.30970328055335,43.737416200282034],[-79.310957214452628,43.736984554723946],[-79.311229580576665,43.738339142523408],[-79.312147912094019,43.73880289826873],[-79.314662099827686,43.737714539374117],[-79.314991356241904,43.737044113941494],[-79.316232633127569,43.737062411222603],[-79.316821749985237,43.738196559109404],[-79.318056751865385,43.738439837866885],[-79.321862391316955,43.735569571832585],[-79.321893816088419,43.734444564105353],[-79.32035486425255,43.733971765524011],[-79.319094763028502,43.7346285177901],[-79.317258129256146,43.733701110466036],[-79.316966736167643,43.733021537342999],[-79.314800958622868,43.73276452373679],[-79.313211572916074,43.734091636027735],[-79.311995646115449,43.733173305097793],[-79.310748126036387,43.73337996342071],[-79.310102212287575,43.734270788221686],[-79.310697513548462,43.735179965693767],[-79.308822994509313,43.735602425533429],[-79.308867330473902,43.734027425218322],[-79.307334836238994,43.733329453048924],[-79.306739603888815,43.732420258896369],[-79.305188135413715,43.732397258254871],[-79.303281897055626,43.733944625960909],[-79.30415564021601,43.735983440252873],[-79.300089758219997,43.737048494555346],[-79.300006981158418,43.739973479924153],[-79.298746536438102,43.740630001424918],[-79.299341724014994,43.741539235321618],[-79.301501378837088,43.742021544587182],[-79.302083900007602,43.743380762681092],[-79.304541293131706,43.744317625082111]],[[-79.311584174766637,43.736768726662859],[-79.311577850844998,43.736993726943766],[-79.311273857694744,43.736764141009836],[-79.311584174766637,43.736768726662859]]],[[[-79.569304844156605,43.747714152812883],[-79.56931020499232,43.747489125348046],[-79.57056791595295,43.746829580729646],[-79.569690285693255,43.74456765286687],[-79.570653603519759,43.743229137617753],[-79.570064968847802,43.741871204932721],[-79.568834165795309,43.741405607721504],[-79.568550599037437,43.740276581918096],[-79.56701483786108,43.739582049804689],[-79.565430748108597,43.740912743966589],[-79.56659707434531,43.744078706104077],[-79.56503435982961,43.744509283107561],[-79.564702455067177,43.745405493517907],[-79.565307127209309,43.746088370470936],[-79.566853772163441,43.746332872253227],[-79.56745311044584,43.747240765479063],[-79.569304844156605,43.747714152812883]]],[[[-79.214257928536071,43.742041960011413],[-79.215512612089753,43.741611375702632],[-79.215842988813449,43.740941255691702],[-79.21405464141705,43.738437293586337],[-79.214728755492231,43.736647082635471],[-79.214128220705462,43.735962418586979],[-79.212893726897647,43.73571802434877],[-79.210991753503336,43.737038820522535],[-79.210918042264041,43.739513690818313],[-79.213333636878417,43.741802418104172],[-79.214257928536071,43.742041960011413]]],[[[-79.203436864256858,43.740521774008634],[-79.204691589395054,43.740091309223139],[-79.204718488370062,43.739191359681264],[-79.205966456845417,43.738985867659835],[-79.208509340507959,43.736999926786773],[-79.209163480112039,43.735884714979207],[-79.208563017059845,43.735200022808556],[-79.20732856343021,43.734955569060311],[-79.20637082227158,43.735840911981185],[-79.204509053881551,43.735811672095323],[-79.203861556815895,43.73670186839923],[-79.202613629607754,43.736907338198556],[-79.201966092455308,43.737797522909133],[-79.201028441759249,43.738007857365119],[-79.200697918337312,43.738677932291658],[-79.201595163465228,43.73981752291548],[-79.203436864256858,43.740521774008634]]],[[[-79.28194994065116,43.741729251424488],[-79.283527351338222,43.740852584119807],[-79.283255602457871,43.739497940934257],[-79.285123987172923,43.739300902914053],[-79.285770323394132,43.738410227053052],[-79.284554739902589,43.737491610194617],[-79.282382526340555,43.737458978837623],[-79.28122495110415,43.734515355946208],[-79.279686334738116,43.734042014800508],[-79.277475545070743,43.735359271212332],[-79.278988393388005,43.736732628255943],[-79.278632950321807,43.738302928913882],[-79.277074899253535,43.738504540462756],[-79.276428434561026,43.739395164970325],[-79.278251689635653,43.740773212718324],[-79.279176241042975,43.741012233450626],[-79.280430459740984,43.740580928052431],[-79.281025366550949,43.741490252803878],[-79.28194994065116,43.741729251424488]]],[[[-79.448318893291543,43.743434241567662],[-79.448324706490084,43.743209226325618],[-79.449583617726788,43.742551031286965],[-79.449342958499358,43.739846634691126],[-79.451216687822026,43.739421856832685],[-79.452176734360336,43.738309392895815],[-79.450958557460794,43.737392508653322],[-79.448774546557146,43.737813070921725],[-79.448182922286648,43.736679566232105],[-79.449119744281418,43.736467189921775],[-79.449464925713841,43.735121307342474],[-79.451344306009162,43.734471509034634],[-79.453206267261365,43.734496727513466],[-79.45447072947232,43.733613457945481],[-79.453884826172768,43.732254964698669],[-79.452660948316861,43.731563115335412],[-79.451408102897616,43.731996333409832],[-79.451080387201458,43.732667175656793],[-79.449206869017729,43.733091954882802],[-79.447965592611425,43.733075102926954],[-79.447057899226465,43.732162393000294],[-79.445810822937574,43.732370533402552],[-79.445172724640543,43.733037136759293],[-79.445459755522094,43.733941419896752],[-79.443902313156343,43.734145316794432],[-79.44326417457323,43.734811908695086],[-79.44385568790689,43.735945437553731],[-79.445407354671374,43.73596655727814],[-79.446010560651786,43.736650045092475],[-79.44473426054185,43.737983247932334],[-79.445032955499713,43.738437501519151],[-79.443779912652815,43.738870632488855],[-79.443452072702797,43.739541450245774],[-79.44467017539769,43.740458413129069],[-79.446227779760378,43.740254508381454],[-79.445572130650689,43.741596157092332],[-79.445859204826291,43.742500438615743],[-79.448318893291543,43.743434241567662]]],[[[-79.394321121711371,43.742463155749441],[-79.394327136951176,43.742238146324127],[-79.398690156062173,43.741624088254262],[-79.399907602739702,43.74254151821097],[-79.400844675951333,43.742329541947015],[-79.40213400255341,43.740546825976985],[-79.401543240070282,43.739413093359062],[-79.402492226698214,43.738751081819466],[-79.402205824914105,43.737846701019606],[-79.401286791272128,43.737383658632346],[-79.400349797189492,43.73759563990609],[-79.397180408229801,43.740027263524254],[-79.395007978962795,43.73999677121467],[-79.394094985586477,43.739308661929613],[-79.393157937618298,43.739520583301427],[-79.392519185329704,43.740186881638792],[-79.392793409202014,43.741541302884904],[-79.394321121711371,43.742463155749441]]],[[[-79.292843790073931,43.740767059616346],[-79.292850184984502,43.740542061669146],[-79.296263858885752,43.740593011216042],[-79.297575344620824,43.738136529037099],[-79.296378724721549,43.73654303935691],[-79.295454168769211,43.736304157664094],[-79.294510457280794,43.736740263533711],[-79.293313946356918,43.735146743163369],[-79.29178161118881,43.734448564988021],[-79.289874967696903,43.73599570174742],[-79.289830130882152,43.737570685988707],[-79.291311319203459,43.740068873535293],[-79.292843790073931,43.740767059616346]]],[[[-79.540213931527049,43.743744726285421],[-79.541787721123029,43.742864441067063],[-79.541836885813481,43.740839216389894],[-79.544635692402238,43.740649800308489],[-79.544962416342301,43.73997867662623],[-79.546835515209068,43.739552321294234],[-79.547162208441392,43.738881190771153],[-79.545632185171172,43.737961349466545],[-79.546274682504531,43.73706914517718],[-79.545670317501603,43.736386170735585],[-79.541026004167477,43.735876781100799],[-79.541053326122508,43.734751655375412],[-79.539822900659686,43.734285750280449],[-79.540187911743658,43.732039463809585],[-79.537433313628824,43.730428577139335],[-79.535870758381549,43.730858758332843],[-79.534275247140485,43.732639065410382],[-79.532707117348068,43.733294226520719],[-79.532358309032901,43.734865411744813],[-79.534181921395032,43.736464481758411],[-79.535434288241419,43.736030349297486],[-79.535761087781893,43.735359252488877],[-79.537007940998038,43.735150126906426],[-79.537562895738375,43.737858368398577],[-79.535673332990612,43.73895964509385],[-79.53534102524641,43.739855765350306],[-79.536560563319171,43.740771768358542],[-79.538123373642534,43.740341582001079],[-79.538406366697146,43.741470675304157],[-79.537769182809868,43.742137807842496],[-79.540213931527049,43.743744726285421]]],[[[-79.504570243710518,43.741257990987663],[-79.506133284004221,43.740828245672986],[-79.507114718099928,43.738815220113395],[-79.508051378408126,43.738602358174077],[-79.508378496516144,43.737931344546865],[-79.506849105073684,43.737010992596176],[-79.507492161968401,43.736119014326675],[-79.506888252742129,43.735435841083159],[-79.504715876739809,43.735407436331279],[-79.503801670864505,43.734720186106436],[-79.502870664587576,43.73470799271167],[-79.501606875899441,43.735591807652092],[-79.50189477135352,43.736495961023216],[-79.500958123656545,43.736708772727475],[-79.499045454369536,43.738709518218215],[-79.500264405531567,43.739625900515442],[-79.503057651390606,43.739662524894435],[-79.503339980023512,43.740791695685431],[-79.504570243710518,43.741257990987663]]],[[[-79.596779046004812,43.741301973594069],[-79.596784302738925,43.741076943201861],[-79.597720699579554,43.740863342457175],[-79.598052087252015,43.739967028481225],[-79.595400767040744,43.73385690402408],[-79.596337055311722,43.733643312906736],[-79.597567921624332,43.734108615209685],[-79.598825046328955,43.733448750115834],[-79.600992202237109,43.733700396368981],[-79.602249281635622,43.733040492937398],[-79.602906588068933,43.73147286350212],[-79.605068467999587,43.731949463263312],[-79.606320247426481,43.731514545397786],[-79.60847173496974,43.732441144690235],[-79.609733914105831,43.731556125374304],[-79.609475653784429,43.729302029257951],[-79.606088213755996,43.728135284370815],[-79.606119529664056,43.726785093388969],[-79.604888743356355,43.726319883744218],[-79.602069820568616,43.727410913527827],[-79.602333030143157,43.729439991891304],[-79.601102220335008,43.728974741335804],[-79.597657205185754,43.730283091138901],[-79.596747248244029,43.729371539801399],[-79.596773520964931,43.728246385404262],[-79.594927416679965,43.727548416078307],[-79.593360061153192,43.72820442087383],[-79.591808490952957,43.72818531239939],[-79.591482354432372,43.728856579323825],[-79.590241085684511,43.728841273657395],[-79.587700376713599,43.731285951427637],[-79.586459059815979,43.731270604016728],[-79.58587017595552,43.729912746734456],[-79.583719137473238,43.728985727443231],[-79.581851926557391,43.729187666803661],[-79.581204726695873,43.730305109998703],[-79.582103838645779,43.731666840663337],[-79.582061357114938,43.733467075133682],[-79.583292105314968,43.73393252967837],[-79.58423903987682,43.733268979419179],[-79.585170057522788,43.733280509739053],[-79.586395532615299,43.733970960766662],[-79.587647484444574,43.733536250012008],[-79.587000342599509,43.734653726031745],[-79.588220579106761,43.735569187723542],[-79.589467268823824,43.735359487283226],[-79.589756491407513,43.736263437222512],[-79.589109357802329,43.737380924800888],[-79.589714232336291,43.738063676186172],[-79.591260779343102,43.738307846480303],[-79.591534213919033,43.739886881835211],[-79.593380652886069,43.740584909097223],[-79.59525344743281,43.740157755706143],[-79.595853159634629,43.741065505872506],[-79.596779046004812,43.741301973594069]],[[-79.592292061385578,43.734043747764701],[-79.591971170299146,43.734489984855173],[-79.591981717215148,43.734039924451324],[-79.592292061385578,43.734043747764701]]],[[[-79.35627674846809,43.737195263458965],[-79.356282905061107,43.736970258070961],[-79.359739491374384,43.735444269280308],[-79.360105085523131,43.73342366995778],[-79.358602725029201,43.731601346651516],[-79.357677981990975,43.73136296560746],[-79.356734785542628,43.731799594172102],[-79.356157279324933,43.730215628705267],[-79.35431402606919,43.729513815060137],[-79.353042045313984,43.730620960284355],[-79.353954429522602,43.731309389136307],[-79.354209256190757,43.733338906579618],[-79.352651557058053,43.733541555026235],[-79.352000083748749,43.734657631511453],[-79.35627674846809,43.737195263458965]]],[[[-79.486930306131867,43.738999936612608],[-79.486935973834079,43.738774917131373],[-79.488171727544852,43.739016367177456],[-79.489114113372409,43.738578641835034],[-79.489441441404963,43.737907685480366],[-79.488837722675385,43.737224419750696],[-79.489763105154353,43.737461747841976],[-79.490705455043752,43.737024008738182],[-79.490745025890604,43.73544886888093],[-79.491698635003956,43.734561080694952],[-79.491094922857997,43.733877826619171],[-79.488629270998217,43.733169958949695],[-79.487117305614561,43.731574288725767],[-79.484911045569476,43.73289562743998],[-79.48493374139872,43.731995549333213],[-79.486192024224934,43.731336940436925],[-79.485904388770848,43.730432750496647],[-79.488364234633409,43.731365695134308],[-79.489611155348584,43.73115708780221],[-79.489938435150378,43.730486128513633],[-79.490858067759333,43.730948466729757],[-79.491484345383867,43.730731640904253],[-79.492375764625649,43.732319068530543],[-79.493301086840717,43.732556367275173],[-79.494553654584919,43.732122685684629],[-79.494847065103102,43.732801835050921],[-79.496082730745883,43.733043198466873],[-79.497024965819548,43.732605405251796],[-79.497053108378623,43.731480301259367],[-79.49798968700938,43.731267520403243],[-79.498328121293127,43.730146493795331],[-79.49958060354183,43.729712755674022],[-79.49961431360488,43.728362628587242],[-79.502384603845314,43.729299347311226],[-79.503653849467554,43.728190499134584],[-79.5048838603104,43.72865678839063],[-79.505820368673525,43.728443942216728],[-79.507444539672036,43.725538931154816],[-79.505311694078841,43.723935388494333],[-79.502818245078103,43.724352938480017],[-79.502231326465278,43.722994676599747],[-79.501311723893139,43.722532429790292],[-79.500685566515486,43.722749311521596],[-79.499472561502671,43.721607914470127],[-79.497599710598948,43.722033497899176],[-79.499805293012443,43.720711901988672],[-79.498592345032733,43.719570496030904],[-79.493605692325886,43.720405252300644],[-79.492037457329275,43.721059854835147],[-79.492026167048238,43.721509896246808],[-79.48892351380627,43.721468912199519],[-79.486723334951236,43.722565273915123],[-79.482667104175306,43.723411868764487],[-79.482718227007965,43.721386691541319],[-79.485510602814429,43.721423732510345],[-79.487389177184994,43.720773327914735],[-79.4871298855535,43.718744038471428],[-79.485589970421017,43.718273451253253],[-79.48433763210403,43.718707038854419],[-79.483739834524883,43.71779872760402],[-79.482504533883301,43.717557235364922],[-79.481912457307175,43.716423895075678],[-79.480987429223632,43.716186507726235],[-79.480045341693639,43.716624171958316],[-79.480011206044693,43.71797428964873],[-79.479063390130293,43.71863696465271],[-79.47785088292315,43.717495344469569],[-79.475989426697211,43.717470535081013],[-79.477270294107115,43.715911942601046],[-79.47667263097081,43.71500359591262],[-79.47419079406788,43.714970485902469],[-79.47292701549236,43.715853986489414],[-79.473191531925195,43.717658283070449],[-79.47224364748071,43.718320900510648],[-79.472835558042675,43.719454288139467],[-79.472197896481276,43.720121050285989],[-79.47280125712571,43.720804400631806],[-79.475587886430176,43.721066702482339],[-79.479057696946072,43.718861984109402],[-79.47931102323804,43.721116307255507],[-79.478363149253326,43.721778975262296],[-79.478656328362447,43.722458163990133],[-79.480196292929818,43.722928845091772],[-79.481104361406821,43.723841298491038],[-79.482351148277175,43.723632768214173],[-79.482322738266618,43.724757866131249],[-79.48386279135093,43.725228498909885],[-79.48352979655877,43.726124460459992],[-79.484742582885787,43.727266022810838],[-79.485667795980106,43.727503382007605],[-79.48693164086788,43.726619743083106],[-79.489741229404174,43.725981623805033],[-79.490666443721722,43.726218942576942],[-79.490344849093901,43.726664884576749],[-79.487224939534343,43.727298911016582],[-79.486897647987632,43.727969862707603],[-79.487495590692959,43.728878158031797],[-79.486248710783102,43.729086742937184],[-79.485605419926003,43.729978599228843],[-79.48407090837415,43.729282968790223],[-79.483794668668367,43.727928734645921],[-79.482875137558594,43.727466340805641],[-79.481628272437788,43.727674875532671],[-79.480674628954901,43.728562580132994],[-79.479444815112274,43.728096033025317],[-79.477881927787635,43.728525416225089],[-79.47661791173104,43.729408952235076],[-79.477215711260271,43.730317299073654],[-79.478755863722753,43.730788001739008],[-79.477790726717473,43.732125718166216],[-79.478388570041972,43.733034059103694],[-79.481474744103608,43.733750395120211],[-79.483917618368224,43.735358493535358],[-79.485164636443116,43.735149936298342],[-79.485457953991727,43.735829108100127],[-79.483590243749902,43.73602943366064],[-79.482946836643379,43.736921272280036],[-79.486930306131867,43.738999936612608]]],[[[-79.55988175265891,43.739267286116601],[-79.559887147206098,43.739042259247022],[-79.561765504565344,43.738390630240396],[-79.562092025443391,43.737719454510483],[-79.561487472057806,43.737036561235826],[-79.563954181251376,43.737742870237241],[-79.564243028756252,43.738646879265758],[-79.565468365317386,43.73933755230199],[-79.566720575461318,43.738903074850924],[-79.567999587623291,43.73734344480571],[-79.565565081264893,43.735287057330183],[-79.564013346924398,43.735267569066004],[-79.564965886324643,43.734379154386758],[-79.56436670921822,43.733471248410162],[-79.561884011343551,43.733440032073631],[-79.560974558045231,43.732528203167661],[-79.557228963605581,43.733381356143589],[-79.557196542053831,43.734731516982798],[-79.559037013520012,43.735655118969596],[-79.559026219270777,43.73610517279883],[-79.556837552061324,43.736752838678967],[-79.555884855669348,43.737641183054201],[-79.55648394334807,43.738549131666062],[-79.55988175265891,43.739267286116601]]],[[[-79.465228597973947,43.737810151032093],[-79.465234346709394,43.737585133775397],[-79.466171126540672,43.737372617009292],[-79.466504445822707,43.736476712477696],[-79.468383692443197,43.735826631956208],[-79.469366296180212,43.733813946280158],[-79.47062478353017,43.733155512082973],[-79.469739662550495,43.731342905254913],[-79.46819383372781,43.731097099763076],[-79.467280118014926,43.730409563915828],[-79.466653760136737,43.730626255851966],[-79.465745814644407,43.729713690377011],[-79.463556426498712,43.730359558861345],[-79.463217344991122,43.731480472867972],[-79.461958814346261,43.732138824984126],[-79.462240336161187,43.733268086874318],[-79.461286319650767,43.734155623282597],[-79.46158512277492,43.734609835458237],[-79.460010408346989,43.735489003111581],[-79.460608012256245,43.736397433092549],[-79.462470041306176,43.736422501537085],[-79.465228597973947,43.737810151032093]]],[[[-79.23445637655594,43.730876082944818],[-79.236034169287137,43.730000076682934],[-79.235756930400854,43.728870328594546],[-79.236403872458951,43.727979940925671],[-79.23518265895845,43.727285805131118],[-79.235525946741035,43.726165638233901],[-79.234318001008461,43.72502151049077],[-79.234945096934609,43.724806105106779],[-79.235856011564437,43.725495453402367],[-79.236793352807538,43.725284827290359],[-79.237433640688508,43.724619424288768],[-79.237486428083884,43.722819488156127],[-79.240278528084559,43.722862520794159],[-79.241268484163598,43.720851916936454],[-79.240053942901227,43.71993284133525],[-79.239426915804046,43.720148276105569],[-79.237915393979989,43.718774413688926],[-79.236034314253544,43.719420672562748],[-79.235743910526935,43.718740907330897],[-79.233579042603765,43.718482367992138],[-79.231750876769993,43.717328622559073],[-79.230153488553242,43.718879550118707],[-79.229559573105178,43.71796997386911],[-79.228635583628957,43.717730560051393],[-79.226747804797412,43.718601656026834],[-79.225750764918061,43.720837117896437],[-79.227578917011371,43.721990958522085],[-79.228766780467936,43.723810127802352],[-79.230601705009903,43.724738930971029],[-79.231783092303161,43.726783061671561],[-79.231136096067388,43.727673422409637],[-79.232357269155386,43.728367600755675],[-79.232924858192476,43.730177128263811],[-79.23445637655594,43.730876082944818]]],[[[-79.328497912311434,43.731390043140287],[-79.328504171653933,43.731165040685624],[-79.331657063226672,43.729410364129137],[-79.331061495944311,43.728501290823594],[-79.329826640201858,43.728258154665667],[-79.330155673663555,43.727587680924486],[-79.331707037872633,43.72761034069827],[-79.332612884448963,43.728523938676823],[-79.33449326187629,43.727876078534102],[-79.335449016879267,43.726989628067855],[-79.335182379651954,43.725410084076209],[-79.335821596100288,43.724744112254612],[-79.336119396158097,43.725198637435007],[-79.335480177971618,43.725864610847275],[-79.336082017854935,43.726548658667163],[-79.338253897256081,43.726580263254682],[-79.338893093023813,43.725914274035603],[-79.338626368932836,43.724334736429149],[-79.340829229289213,43.72324127061745],[-79.340239793553309,43.722107238789853],[-79.338378319055892,43.722080186200806],[-79.338099180302294,43.720950654802657],[-79.337180910797343,43.72048710741791],[-79.335692025511094,43.718214487381061],[-79.336349838259366,43.716873498865105],[-79.33545033417812,43.715734926761421],[-79.337640487447985,43.715091524797863],[-79.337677815829977,43.713741499781499],[-79.335518859235791,43.713259883666211],[-79.333638954411626,43.713907769768554],[-79.331840169213606,43.711630578050872],[-79.333397359814199,43.711428204640882],[-79.333682606936293,43.712332743423843],[-79.334600725948121,43.712796317138853],[-79.336164165295713,43.712368902403547],[-79.336809451937128,43.711477917057231],[-79.336213975352464,43.710568869460126],[-79.336840570726068,43.710352895994951],[-79.337752464806854,43.711041448711974],[-79.338689247394512,43.710829976766455],[-79.339328265641328,43.710163980600861],[-79.339036727311708,43.709484458918482],[-79.340308502306769,43.708377462661147],[-79.343087681951786,43.708867983035852],[-79.343373064623478,43.709772500141867],[-79.34429122221043,43.710235996752772],[-79.345227970780556,43.710024470601816],[-79.345866908865929,43.70935843648865],[-79.345587680696553,43.708228919671633],[-79.347163295484293,43.707351340096452],[-79.346884051049059,43.706221825827406],[-79.345965933209428,43.705758350395541],[-79.347522929389413,43.705555781094425],[-79.34749819849543,43.706455803587183],[-79.348416339004842,43.706919267008153],[-79.350599865771429,43.706500614216232],[-79.3515180316125,43.706964053098581],[-79.352783363298414,43.706081919184619],[-79.350990238351585,43.703580011986013],[-79.349439478804314,43.703557623666796],[-79.348831529941521,43.703098650694152],[-79.349160206915727,43.702428113840838],[-79.348558449309436,43.701744133604208],[-79.347634204226111,43.701505677977899],[-79.346381269322535,43.701937744584662],[-79.34549416600855,43.700349237911013],[-79.344576147507226,43.699885752448402],[-79.343329422868081,43.700092780449054],[-79.341108850368414,43.701861328175241],[-79.339824809608231,43.703418346708659],[-79.33979996538892,43.70431836603602],[-79.338850858935359,43.704979858376404],[-79.339446323014158,43.705888892838381],[-79.34161125527902,43.70614542668109],[-79.341592640496472,43.706820441478584],[-79.340339552287276,43.707252438989926],[-79.34001074971836,43.707922947936261],[-79.338472320647156,43.707450399835203],[-79.337262747397745,43.706307331634811],[-79.336009640326481,43.706739281369416],[-79.3353394803501,43.708530280156801],[-79.333509608567937,43.707378134680951],[-79.332243972744664,43.70826004999136],[-79.332522949360438,43.709389595402918],[-79.330370439704097,43.708682881137676],[-79.328490626602274,43.709330684434363],[-79.327838984884977,43.710446624717001],[-79.326269276982757,43.711098928522439],[-79.324984652427446,43.712655768512036],[-79.326169055092905,43.714698975220934],[-79.329891526591197,43.714753440503245],[-79.330189234128923,43.715207980392918],[-79.328917127877418,43.716314857433396],[-79.329500042105622,43.717673947558232],[-79.326682999591526,43.71853310931067],[-79.326645418102927,43.71988312563392],[-79.328184064584192,43.720355835609119],[-79.330684693383091,43.719717109778294],[-79.332464939393532,43.722669329553916],[-79.334636674654988,43.722701000651092],[-79.332396266106812,43.72514436471544],[-79.329262389649699,43.726224058680465],[-79.328356628434975,43.725310435156388],[-79.326811590577393,43.725062728351965],[-79.325545478381002,43.725944559279121],[-79.32583693729822,43.726624112337547],[-79.324577050720009,43.727280929317033],[-79.32516623615733,43.728415037030786],[-79.327015365690826,43.728892312679875],[-79.32697151322941,43.730467329092328],[-79.328497912311434,43.731390043140287]],[[-79.334946922838654,43.722705521726645],[-79.334636674654988,43.722701000651092],[-79.334642909125918,43.722475997149644],[-79.334953156149439,43.722480518189876],[-79.334946922838654,43.722705521726645]]],[[[-79.440541317580099,43.732073648878703],[-79.440547157594622,43.731848634018718],[-79.441483928985917,43.731636319420232],[-79.442139553719912,43.730294691648567],[-79.443380769272707,43.730311606023946],[-79.445576182284142,43.729441111846029],[-79.44655361743493,43.727653645629822],[-79.445962130002272,43.726520129606271],[-79.44441070669113,43.726499021017872],[-79.443140423057116,43.727607195659864],[-79.440698974211273,43.725998244319122],[-79.439135880069301,43.726427094368454],[-79.438468539505735,43.728218734999807],[-79.4396921825779,43.728910733313896],[-79.439668811704479,43.729810792794616],[-79.439013137787811,43.731152405751928],[-79.440541317580099,43.732073648878703]]],[[[-79.390277585894083,43.731151559372435],[-79.390283613899015,43.730926549946673],[-79.391530834693228,43.730719018052788],[-79.392169494034434,43.730052722793921],[-79.391913393212349,43.728023269316679],[-79.389777578489003,43.726642626447322],[-79.388530437232077,43.726850140559065],[-79.386698973260422,43.725698826078421],[-79.38515366167924,43.725451904375426],[-79.385488110786113,43.724556252022218],[-79.384885720072276,43.723872455812298],[-79.383024149340372,43.723846129469045],[-79.381491020372536,43.723149141453497],[-79.380888689395732,43.722465324932699],[-79.382135763134627,43.72225789307771],[-79.382774432414735,43.72159164960491],[-79.382196326043001,43.720007803900295],[-79.38127772012659,43.719544605793281],[-79.380340940308002,43.719756426835218],[-79.379130317093228,43.718613787992929],[-79.377883309937417,43.718821188186915],[-79.376289591387902,43.720374216937408],[-79.376259199895159,43.721499258285426],[-79.375024289823969,43.721256609738816],[-79.374081375989547,43.721693386687555],[-79.374038767595948,43.723268442417812],[-79.375888151629226,43.723744931073689],[-79.377141343291683,43.723312546257873],[-79.377110964623611,43.724437587500248],[-79.378339877403633,43.724905222859043],[-79.378625862207144,43.725809658919665],[-79.3804571709844,43.72696110043794],[-79.380128698202597,43.727631727898647],[-79.381339517339811,43.728774357540857],[-79.385050869201208,43.729277057332887],[-79.387180625036891,43.73088279680929],[-79.390277585894083,43.731151559372435]]],[[[-79.571199500038588,43.733331787160175],[-79.571204851091281,43.733106758940906],[-79.572462236555467,43.73244718744894],[-79.571879008164359,43.73086423410188],[-79.572526386379465,43.729746846290283],[-79.571301159431528,43.729056249383639],[-79.571948527952344,43.727938864382438],[-79.571343956687585,43.727256021934288],[-79.572280221883034,43.727042627460051],[-79.572290913487365,43.726592570302998],[-79.573837089513404,43.726836971891032],[-79.574778676240683,43.726398527928382],[-79.57513165851212,43.724602166158057],[-79.576067869472254,43.724388739803253],[-79.576404811061096,43.723267460157381],[-79.577340996855654,43.723054022977244],[-79.577667257120197,43.722382797476115],[-79.57706267434439,43.721699984515652],[-79.575516615681991,43.721455627987567],[-79.575227673731575,43.720551643624439],[-79.574307531310311,43.720089976926204],[-79.572740154683515,43.720745699301233],[-79.570578947775431,43.720268496023913],[-79.570937363737528,43.71824711779982],[-79.568471362724821,43.71754096706772],[-79.567872293396945,43.716633078450627],[-79.566946904405597,43.716396382286639],[-79.565358067687583,43.717952117396635],[-79.563806780911179,43.71793263242995],[-79.562544230041368,43.718817141123004],[-79.562832972737723,43.719721155080514],[-79.564673079562596,43.720644663501446],[-79.564031034710126,43.721536979919264],[-79.564635466037828,43.722219859788304],[-79.565871215312114,43.722460469780032],[-79.566818154398433,43.721797062753573],[-79.569300376790324,43.721828165377801],[-79.568348104322695,43.722716621699654],[-79.568642310733608,43.723395593496619],[-79.567385076427684,43.724055125995591],[-79.568583360162592,43.725870904843049],[-79.567625648380513,43.726984381671187],[-79.565753082282725,43.727411086146091],[-79.565426661064137,43.728082274848148],[-79.566031172334277,43.728765147698091],[-79.564779170614713,43.729199621182055],[-79.564436600978908,43.730545889634627],[-79.565656405573009,43.731461587053737],[-79.56722413952933,43.730805967945493],[-79.568427908981064,43.732396720202075],[-79.569669239424954,43.732412263747023],[-79.571199500038588,43.733331787160175]]],[[[-79.619933610780862,43.733480517362821],[-79.61993877937995,43.733255484448186],[-79.622452486134179,43.731935240591866],[-79.623098943071923,43.730817554168475],[-79.622804083604265,43.730138714819539],[-79.62436087610142,43.729932369742528],[-79.624996977623567,43.729264738518474],[-79.624396934533394,43.728357135228578],[-79.623776296511224,43.728349662867366],[-79.624417538037832,43.727457001014272],[-79.623502057477808,43.72677069106269],[-79.623217522104412,43.725641785444914],[-79.622296924366452,43.725180499679631],[-79.621045389272709,43.725615596313681],[-79.620388621364867,43.72718333876869],[-79.619131860318689,43.727843446679053],[-79.618159518693702,43.729632457546003],[-79.616587173227231,43.730513816137034],[-79.617187118032817,43.731421458825288],[-79.618423280388043,43.731661505410905],[-79.618702577920885,43.733015453808292],[-79.619933610780862,43.733480517362821]]],[[[-79.318650453244331,43.728319350301767],[-79.319904133985403,43.72788760179013],[-79.319935586987427,43.726762593674508],[-79.321201797216489,43.725880826639454],[-79.320296165533591,43.724967141217334],[-79.32032760799521,43.723842132298607],[-79.318478689084529,43.723364751366653],[-79.315977785776482,43.724003205107351],[-79.314439147855325,43.723530331081129],[-79.31350208671995,43.723741599162466],[-79.311893957140995,43.72574370111041],[-79.312482886982934,43.726877870406263],[-79.313711324773891,43.727346193392606],[-79.315287901277074,43.726469071846729],[-79.315579245739954,43.727148649180116],[-79.317434555646372,43.727401076909004],[-79.317725928753347,43.728080649126504],[-79.318650453244331,43.728319350301767]]],[[[-79.30345343754621,43.727869637783236],[-79.305030173394968,43.726992660523216],[-79.304751644033658,43.725863058396904],[-79.30630294350614,43.72588606224803],[-79.307569330264272,43.725004449116398],[-79.306670261472675,43.723865658859374],[-79.305745855547954,43.723626862447119],[-79.307335119011896,43.722299849865465],[-79.306733652104683,43.721615656129757],[-79.305499043555415,43.721372260646831],[-79.304916642562546,43.720013057153878],[-79.306176582517253,43.719356457188525],[-79.306227302413035,43.717556454116014],[-79.30781005730455,43.716454431360198],[-79.308164593767486,43.714884019693095],[-79.307563188886022,43.714199830523597],[-79.309424390103132,43.714227381024195],[-79.310690481222593,43.713345726842746],[-79.309481330090051,43.712202372303189],[-79.310443513749973,43.711091129507416],[-79.309873741204981,43.709281946346692],[-79.311133400173503,43.708625286007809],[-79.311804277965052,43.706834440928688],[-79.313044929257785,43.706852762817341],[-79.315886807750289,43.705093921878301],[-79.314380181327579,43.70349604346422],[-79.312829452860299,43.703473158505915],[-79.311614136908773,43.702554828911943],[-79.309740648219886,43.702977322709643],[-79.309392557543674,43.704322742908026],[-79.308151960766011,43.704304382217607],[-79.30720251449813,43.704965606011328],[-79.305347942171011,43.704713023131347],[-79.304404803001006,43.705149222275303],[-79.304069269945373,43.706044622343967],[-79.303132449447119,43.706255809839782],[-79.302777839871212,43.707826206855174],[-79.303385476306829,43.708285419567922],[-79.303341036590666,43.70986042253783],[-79.30456905642734,43.710328838341574],[-79.305822454339207,43.709897238585356],[-79.306113616494159,43.710576838904018],[-79.305474231501151,43.711242643203683],[-79.302688926433902,43.710976211585596],[-79.302049499720582,43.711641995987705],[-79.302327920465288,43.71277160549905],[-79.301707537061247,43.712762387090386],[-79.300226550117756,43.710264326802509],[-79.298055302378813,43.710232009196083],[-79.298112617186277,43.708207010975293],[-79.295973325643999,43.707049656333346],[-79.29471992038826,43.707481148061575],[-79.294390611821029,43.708151517355013],[-79.29189649835125,43.708564452534752],[-79.291256980482672,43.70923017526588],[-79.293680892458724,43.711292246456019],[-79.295852173536488,43.711324647776124],[-79.29614322860256,43.712004271609992],[-79.29580753182411,43.712899643746596],[-79.294243808784074,43.713326501288854],[-79.294211889901817,43.714451497121594],[-79.293274905359652,43.714662600779548],[-79.2919957514233,43.715994054796866],[-79.292584212720683,43.717128320807348],[-79.294128892150724,43.717376485159157],[-79.294723789707334,43.718285741753689],[-79.295648067568052,43.718524625501054],[-79.296591480913293,43.718088504092883],[-79.296927197467753,43.717193130715664],[-79.299073229508608,43.718125472159834],[-79.300637046211847,43.717698550339655],[-79.301554982826659,43.718162386367872],[-79.303137837683252,43.717060430105789],[-79.302757743900983,43.719530823091176],[-79.303352793712364,43.720440036899831],[-79.302409390260422,43.720876214164718],[-79.301200252305676,43.7197327735295],[-79.299946615476884,43.720164317977158],[-79.299598195056518,43.721509699249836],[-79.300471644585357,43.723548540987942],[-79.298901304707385,43.724200456931911],[-79.298565574997383,43.725095834897594],[-79.300395288559287,43.726248534475616],[-79.301642691915291,43.726041987119316],[-79.302225072549234,43.727401205670766],[-79.30345343754621,43.727869637783236]]],[[[-79.549835226157541,43.7310368189993],[-79.549840656770812,43.730811792801703],[-79.551098221867946,43.730152458737301],[-79.551136200567313,43.728577274031224],[-79.552992645769834,43.72882589095191],[-79.553934411608239,43.728387621443808],[-79.554908629829882,43.726599182884058],[-79.554309680562341,43.725691226148847],[-79.550907280154092,43.725197942469229],[-79.544951798620843,43.727598317374444],[-79.544625145557234,43.728269443376433],[-79.545539730897616,43.72895637287241],[-79.545213076570832,43.729627500388851],[-79.545817370361618,43.73031047701329],[-79.548610240536348,43.730345982194919],[-79.549835226157541,43.7310368189993]]],[[[-79.51826029821072,43.727480443294787],[-79.518265846352449,43.727255420136004],[-79.519817342263352,43.727275526546819],[-79.521080690283412,43.726391502658117],[-79.521751093479693,43.72437432003818],[-79.520842391292774,43.723462180872446],[-79.521169280551874,43.72279112570601],[-79.519036157366145,43.721187834668349],[-79.51716344948926,43.721613740949856],[-79.515933482456461,43.721147584020507],[-79.514664611995286,43.722256575276752],[-79.517091279181344,43.724539042715513],[-79.51703020350206,43.727014296807305],[-79.51826029821072,43.727480443294787]]],[[[-79.256417309541035,43.72288482468894],[-79.257671301165146,43.722453764240029],[-79.258964380000663,43.720672721523478],[-79.260528531072879,43.72024635473538],[-79.262144700924779,43.718020004768505],[-79.261563317492886,43.716660596387236],[-79.263101342672357,43.717134173193664],[-79.269350858304463,43.715653335691314],[-79.270617553893132,43.714772136043088],[-79.270333250259,43.713867455721065],[-79.269415627033595,43.713403373598474],[-79.268168387692938,43.713609572049663],[-79.268194311933755,43.712709587567879],[-79.267276723157252,43.712245488744394],[-79.26571931717784,43.712446956903825],[-79.265124918135072,43.711537556655301],[-79.263574022250921,43.711514000059751],[-79.262934163356974,43.712179558178086],[-79.263211848221758,43.713309250706516],[-79.262578467835553,43.713749810785906],[-79.26286265364206,43.714654508468179],[-79.261582836996183,43.715985610763468],[-79.259101225608461,43.715947830180191],[-79.256877626937666,43.717714685036512],[-79.25715521976646,43.718844389761564],[-79.254964115905736,43.719486231792651],[-79.25432407552168,43.720151737782984],[-79.255228617251049,43.721065928909155],[-79.255189427968062,43.72241589430471],[-79.256417309541035,43.72288482468894]]],[[[-79.555545456569746,43.725931948085424],[-79.555550864840541,43.725706921118416],[-79.556487158433256,43.725493656435482],[-79.556824470571541,43.724372439879971],[-79.558081824447072,43.723713025306999],[-79.557488254846291,43.722580057211268],[-79.559045051796076,43.722374602128838],[-79.559681787219077,43.721707342544114],[-79.559088206053502,43.720574382230026],[-79.557536855893062,43.720554811243261],[-79.555702270971167,43.719406162214682],[-79.551358585354507,43.719351182899914],[-79.548217918427341,43.720886996194437],[-79.548185308640285,43.722237154621311],[-79.549415557100019,43.722702968090132],[-79.550923556448339,43.724522862835713],[-79.552475004480144,43.724542524988941],[-79.555545456569746,43.725931948085424]]],[[[-79.250891995770303,43.720774536277411],[-79.254020389157063,43.719922003941988],[-79.254680029083417,43.7185815168042],[-79.254402484028702,43.717451806814964],[-79.255662903559468,43.716795771955745],[-79.255068617414594,43.715886321877541],[-79.252302983325563,43.714943679372759],[-79.25232260559855,43.714268696871464],[-79.254216422495205,43.713172174730474],[-79.253925839598452,43.712492452063572],[-79.253008367893003,43.712028240529321],[-79.251761106663778,43.712234259448223],[-79.250850201675561,43.711545036749371],[-79.253449260840171,43.707533092522524],[-79.255026161525009,43.706656805637557],[-79.254451572549101,43.705072368186052],[-79.252616857840053,43.704143948904395],[-79.250756024129927,43.704115478622711],[-79.248552292476589,43.705207195578986],[-79.248222486673797,43.705877423619853],[-79.249113624283936,43.707241648238238],[-79.24755629550728,43.707442870131743],[-79.246593026892214,43.70855356544606],[-79.247160878813659,43.71036303229107],[-79.246514292152895,43.711253489371167],[-79.247385790034784,43.713292707697818],[-79.244548136578842,43.714824808896971],[-79.245142251804083,43.715734311004319],[-79.249135510470467,43.717146131620105],[-79.249419507292288,43.71805085909719],[-79.248165552250967,43.71848182984094],[-79.247829106014819,43.719377047422554],[-79.248429870807385,43.72006153988589],[-79.250891995770303,43.720774536277411]]],[[[-79.388949289132867,43.722804344357257],[-79.392075941757028,43.721948003248713],[-79.393365070611353,43.720165377369163],[-79.38972653219983,43.716962836134009],[-79.388163331673411,43.717390987531651],[-79.388139198879543,43.71829102637831],[-79.385961523236304,43.718485383725948],[-79.384069874988597,43.71958412353785],[-79.385280612659301,43.720726711613032],[-79.387148126427405,43.720527990235723],[-79.386193226930871,43.72141488756067],[-79.3864853558118,43.722094296714772],[-79.388949289132867,43.722804344357257]]],[[[-79.441430406950033,43.72173142025057],[-79.441436241530539,43.721506404886746],[-79.442372847728791,43.721294080171823],[-79.442700594301854,43.720623262134119],[-79.446441092994434,43.719998889868329],[-79.448290984450878,43.720474213910791],[-79.449877071222247,43.719145169533434],[-79.44774601399611,43.717540576777537],[-79.446510874255821,43.717298697626447],[-79.445568526090995,43.717736073516072],[-79.444971329346743,43.71682756816044],[-79.442512772219985,43.715893705978146],[-79.441248518209818,43.716776848805807],[-79.441225180522181,43.717676910871205],[-79.440276950921088,43.718339257849479],[-79.440575518432524,43.718793522634428],[-79.439000925863368,43.719672404689675],[-79.439287805310741,43.720576703030694],[-79.441430406950033,43.72173142025057]]],[[[-79.456018455503596,43.721704356299533],[-79.460706959230464,43.720417036225221],[-79.462539716342164,43.721567183993592],[-79.463803766860579,43.720683803170736],[-79.463516516353309,43.719779560950755],[-79.464769021044219,43.71934620417408],[-79.465096508217485,43.718675317832449],[-79.464493257004861,43.717991928160096],[-79.463258035570192,43.717750228932665],[-79.457633275844671,43.719250117086624],[-79.455771782912734,43.719224977654946],[-79.457035880569407,43.718341672098134],[-79.456186047641978,43.715178861781588],[-79.457748731913071,43.714749771532581],[-79.45864479654719,43.71611243257675],[-79.460195962291522,43.716133344041033],[-79.460845232899203,43.715016614404298],[-79.460247828885286,43.714108185462372],[-79.461810457676435,43.713679038745639],[-79.462137944983638,43.713008160271471],[-79.465550341265768,43.713054030856554],[-79.466440820704335,43.714641651641337],[-79.467991954181855,43.714662456756287],[-79.46898566444699,43.712199725045139],[-79.473058455863779,43.71067854861073],[-79.473385801276677,43.710007635477652],[-79.472782538839382,43.709324288459712],[-79.467509148057857,43.709253693076057],[-79.466928906603911,43.707670241626545],[-79.466009814532072,43.707207716938328],[-79.46101802090142,43.708266079432846],[-79.458881271634851,43.706886710625298],[-79.45761167484379,43.70799505990859],[-79.456072274907299,43.707524081515416],[-79.455118588030629,43.708411574997193],[-79.453889388122974,43.707944760285329],[-79.452953029236767,43.708157183576155],[-79.450723721065714,43.710377936744699],[-79.44916690732542,43.710581915558279],[-79.448523277905409,43.711473560639206],[-79.446960617182881,43.711902525242643],[-79.446931556722788,43.713027606815899],[-79.445983463446609,43.713690003703753],[-79.446264607355886,43.714819302722823],[-79.447183657734541,43.715281985110337],[-79.448120147353478,43.715069611312018],[-79.448412951943567,43.715748872840457],[-79.449337837246901,43.71598652190702],[-79.450917982376595,43.714882476530988],[-79.451509455681446,43.716015968818475],[-79.449946696113571,43.71644497249202],[-79.44991768691915,43.717570054759015],[-79.451767533249097,43.718045322007583],[-79.452364845300465,43.718953793360384],[-79.454823685305797,43.719887447196612],[-79.454788979404853,43.721237548182934],[-79.456018455503596,43.721704356299533]],[[-79.457220663105232,43.711141118263797],[-79.456904681432277,43.711361947379039],[-79.456910456008885,43.711136929957107],[-79.457220663105232,43.711141118263797]]],[[[-79.407003954651714,43.720806509081648],[-79.407009917884395,43.720581497407366],[-79.409193568231103,43.720161727144728],[-79.410106453476843,43.720849716202736],[-79.411043152620351,43.720637649811849],[-79.412349524324085,43.718179763502825],[-79.414538987011653,43.717534876509085],[-79.414568658102993,43.716409813283491],[-79.412719173273373,43.715933948903427],[-79.411156154372691,43.716362417856182],[-79.409336466883047,43.714761437971475],[-79.407785374246174,43.714739836861739],[-79.407147053160102,43.715406226265323],[-79.407439393233886,43.716085585708839],[-79.406807016792385,43.716526960938616],[-79.405255880523569,43.716505324813781],[-79.403650970758832,43.718508770571937],[-79.404247552626444,43.719417482338649],[-79.405482552306722,43.719659816332992],[-79.406079173064711,43.720568518958018],[-79.407003954651714,43.720806509081648]]],[[[-79.533286581330685,43.722272002865843],[-79.533292072223375,43.722046977979687],[-79.534228382565757,43.721833895862964],[-79.534571571649835,43.720487724787247],[-79.535823599763333,43.720053582161917],[-79.536150303342254,43.719382481137167],[-79.535546227340845,43.718699455205069],[-79.534310685144177,43.718458519896217],[-79.53495313264628,43.717566375741669],[-79.534349088116926,43.716883343717839],[-79.530337876389353,43.71593144658739],[-79.529074885771308,43.716815579423987],[-79.529357609259876,43.717944695691884],[-79.52810558068164,43.718378767583843],[-79.527446486852128,43.719945944750542],[-79.528050481807242,43.720629012235548],[-79.530222346695936,43.720656966031719],[-79.533286581330685,43.722272002865843]]],[[[-79.360169347045996,43.719693836799557],[-79.362365525340039,43.718824952735595],[-79.363283970129814,43.719288300490653],[-79.364531032652351,43.719081060595485],[-79.365443379962741,43.719769398354735],[-79.366380208851552,43.719557700284057],[-79.367019020585246,43.718891546864924],[-79.366739354486697,43.717762076625043],[-79.368631252672955,43.716663627463838],[-79.369555817352307,43.71690191758583],[-79.368910949964928,43.717793093758452],[-79.370127460472432,43.718710830078329],[-79.372603235918021,43.718971209848128],[-79.374787048255286,43.718552099874998],[-79.375699507604793,43.719240357505363],[-79.376946530330514,43.719032981413321],[-79.377585220950522,43.718366766947085],[-79.377287136392383,43.717912344964944],[-79.379166718540205,43.71726373574301],[-79.379495141891169,43.716593109161373],[-79.378278527305454,43.715675470695082],[-79.372980461563074,43.716500539304008],[-79.373315037260681,43.715604923285312],[-79.374574158569203,43.714947555428949],[-79.37459240842341,43.714272530436311],[-79.376484055238379,43.713173946645696],[-79.376514433700194,43.712048903527574],[-79.378405975161527,43.710950285867582],[-79.377195561719333,43.70980762816118],[-79.373132681593887,43.710875334384347],[-79.371599997607888,43.710178219076951],[-79.372263012938348,43.708611999801228],[-79.373521996683337,43.707954640656162],[-79.373886934149596,43.705933978033102],[-79.376629855800928,43.707773737497234],[-79.378192881719784,43.707345740585751],[-79.379105214579653,43.708033970277143],[-79.380351993064707,43.707826552825289],[-79.380643993990205,43.708505976419232],[-79.381878668138668,43.708748561031712],[-79.379981196803897,43.710072247771741],[-79.381191669241858,43.711214876822538],[-79.387115586536567,43.710173165738716],[-79.387055228444254,43.712423264260167],[-79.388588154218994,43.713120175640448],[-79.388880272795404,43.713799579417113],[-79.390735515179159,43.714050815776893],[-79.391946273266242,43.71519333452013],[-79.393515403221826,43.714540119480418],[-79.393861684806367,43.713194417111815],[-79.397912385280549,43.712575992956438],[-79.398210602054547,43.713030363529413],[-79.397572195095563,43.71369669828124],[-79.398484848587245,43.714384777389313],[-79.398765099635099,43.715514179501263],[-79.399994007283695,43.715981582440335],[-79.401252853420914,43.71532391625891],[-79.401539143336819,43.716228301020969],[-79.402762109566808,43.716920685984789],[-79.404337144241055,43.716042309926955],[-79.403752541475711,43.71468357551111],[-79.404689164799692,43.71447155986187],[-79.406305856927631,43.712018072115377],[-79.407540714402188,43.712260381967546],[-79.409103650134796,43.711831960940948],[-79.410326617873594,43.712524265416029],[-79.410607084587753,43.713653642100304],[-79.411836050390249,43.714120918642614],[-79.413100670109259,43.713238106585905],[-79.41314224059883,43.711663017911761],[-79.414722920061635,43.710559480667015],[-79.415062772566358,43.709438718546778],[-79.417544311620873,43.709473108923568],[-79.41882649899874,43.707915189877333],[-79.416684828503648,43.706760060163148],[-79.414800033610021,43.707634311941199],[-79.413869485632318,43.707621399948557],[-79.412956752927315,43.70693344182304],[-79.411710095205621,43.707141217089102],[-79.410809286884074,43.706003216824882],[-79.410188939518008,43.705994588266933],[-79.410833070151455,43.705103166067431],[-79.412389856434558,43.704899709184012],[-79.413344106437577,43.704012580560935],[-79.413069564684307,43.702658195613751],[-79.414017835210473,43.701996073466745],[-79.413737352223677,43.700866702783451],[-79.413134865401048,43.700183051497788],[-79.411894289567854,43.700165818073614],[-79.410981690595619,43.699477845375398],[-79.410355464150143,43.699694231646241],[-79.409442890135779,43.699006246981007],[-79.40881666335855,43.699222624825836],[-79.408524384064094,43.698543267986778],[-79.407283844815922,43.698525985037719],[-79.406371323986434,43.697837976513838],[-79.404164593690254,43.699157755472093],[-79.404128776142258,43.700507828583881],[-79.402220094670255,43.7022819219562],[-79.403132632991685,43.702969963422859],[-79.40280455017006,43.70364066467738],[-79.403406951466039,43.704324368765199],[-79.405578101017198,43.704354681902167],[-79.406478785348327,43.705492721832258],[-79.408632118205091,43.706198014578263],[-79.407987943103336,43.707089423527016],[-79.408584482885345,43.707998113671096],[-79.406711458472756,43.708422205015381],[-79.405739143415744,43.709984310934153],[-79.406031442890693,43.710663673955061],[-79.403561816589161,43.710179009485415],[-79.402649166250072,43.709490970530013],[-79.402374844719006,43.70813656444998],[-79.401456257306322,43.70767352804576],[-79.399899366286164,43.707876834192078],[-79.39868859787245,43.706734398256792],[-79.397119728244618,43.707387689202243],[-79.396237197295363,43.705574544926343],[-79.397173702484963,43.705362588781817],[-79.397501857592673,43.704691905001773],[-79.396899520786022,43.704008170800392],[-79.395354718166075,43.703761394099153],[-79.395999041362842,43.702870058208589],[-79.394472290849691,43.701948236722025],[-79.395122610349162,43.700831894287887],[-79.393906064208466,43.699914421024722],[-79.395462766179222,43.699711193405136],[-79.395742899926574,43.700840603798774],[-79.397281634077544,43.701312385620142],[-79.398546187925646,43.700429731885684],[-79.398582130638445,43.699079662433313],[-79.400132812566682,43.699101382280531],[-79.400782995615231,43.697985005004867],[-79.399566417682294,43.697067591125766],[-79.397711656046681,43.696816504932265],[-79.397747612952315,43.695466435174254],[-79.396531132073946,43.694548990084449],[-79.394050233890852,43.69451415293041],[-79.39278574243535,43.695396758689633],[-79.389046275778654,43.696019392099473],[-79.388401927066582,43.696910689354027],[-79.386553256895866,43.696434412345134],[-79.385306735123208,43.696641901858861],[-79.384315938543978,43.69887885321728],[-79.381512636238199,43.699289375720959],[-79.380558001526381,43.700176233075986],[-79.381768291461128,43.70131885499692],[-79.383945354968063,43.701124567570801],[-79.382686626978241,43.701782046318336],[-79.382662425388688,43.702682085202454],[-79.381725914585218,43.702893922357511],[-79.380187268557549,43.702421932441666],[-79.379317445622505,43.700158646098643],[-79.378082957957602,43.699916036366353],[-79.37620998664427,43.700339628857662],[-79.375918073069499,43.699660194396373],[-79.37436739522947,43.699638145832189],[-79.373157281100404,43.698495447919065],[-79.371910674532558,43.698702789825667],[-79.371582270868402,43.699373396834453],[-79.370055991470906,43.698451255789735],[-79.368499246689126,43.698654136470772],[-79.368541963514119,43.697079078270654],[-79.367003573635614,43.696606914308568],[-79.361937526427809,43.700361030314511],[-79.36253329945427,43.701269949935913],[-79.364077890457537,43.701517167371883],[-79.364679824824279,43.702201068636654],[-79.362776069202269,43.703749475956684],[-79.363049478860702,43.705103963789256],[-79.364277887027626,43.705571743995314],[-79.365530775699781,43.70513948056783],[-79.365512429975823,43.705814503599541],[-79.364588051486365,43.705576183241355],[-79.363633068827625,43.706462892760669],[-79.361443495927915,43.707106803240038],[-79.361686237036849,43.709586328801834],[-79.359794441977556,43.710684665782772],[-79.360384144122975,43.711818602952647],[-79.361935125179315,43.711840846109169],[-79.363455486029608,43.712988104091174],[-79.363443236739784,43.713438118368785],[-79.362208547181567,43.713195334388367],[-79.361265671581478,43.713632006690368],[-79.36123500617002,43.714757040953671],[-79.360000299313256,43.71451423287818],[-79.358734889934084,43.715396444335823],[-79.359306192808361,43.717205406074861],[-79.358350943675305,43.718092065570552],[-79.35894068685657,43.719226009491578],[-79.360169347045996,43.719693836799557]],[[-79.3813188684273,43.706489681486246],[-79.381002639119274,43.706710296929323],[-79.381008696680638,43.706485287566252],[-79.3813188684273,43.706489681486246]]],[[[-79.508199161542308,43.720146499479618],[-79.509772780829607,43.719266649558605],[-79.508920150609001,43.716104192019301],[-79.511413217098223,43.715686502797986],[-79.512061539096578,43.714569468363045],[-79.510842902405258,43.713653212714341],[-79.508349916998853,43.71407089078695],[-79.507779720166724,43.712037586559752],[-79.506239806149807,43.711567277249998],[-79.50497656181453,43.712451140613965],[-79.505242030063613,43.714255377641052],[-79.504316937829486,43.714018178228628],[-79.503375049311316,43.714456037902977],[-79.502715360405219,43.716023064823162],[-79.503933917907261,43.716939405695705],[-79.506111217421619,43.716742793500323],[-79.506371144290668,43.718772049625549],[-79.507273966951786,43.719909322779429],[-79.508199161542308,43.720146499479618]]],[[[-79.493622609262587,43.719730189547469],[-79.493628248110738,43.719505168610773],[-79.500182928290258,43.718015715146429],[-79.501136116461439,43.717127839584982],[-79.500842706101437,43.716448704641302],[-79.498383263322751,43.715516032290523],[-79.497114196115746,43.716624826761432],[-79.495241485806645,43.717050373895411],[-79.493075426096311,43.716796736317797],[-79.490892440250619,43.717218120220352],[-79.490255000627243,43.717884986637827],[-79.490548297178663,43.718564146972781],[-79.493622609262587,43.719730189547469]]],[[[-79.556633062345583,43.719417922028079],[-79.558205970857898,43.7185373948817],[-79.557917303275389,43.717633370091647],[-79.559163716374798,43.717423995955478],[-79.560431674441489,43.716314496866211],[-79.56110064176346,43.714297060104499],[-79.560496328382072,43.713614162271995],[-79.558945156818439,43.71359461285769],[-79.557971278752902,43.715383094366885],[-79.55703514853748,43.715596373831083],[-79.555516366554698,43.714226612382227],[-79.553954358463628,43.714657049688618],[-79.55367118520256,43.713527987445673],[-79.552751318995888,43.713066150400763],[-79.550568857424167,43.713488682394107],[-79.547798507363623,43.71255312907514],[-79.546856949259677,43.712991352026307],[-79.546524961273903,43.713887513090064],[-79.547123678973307,43.714795509174813],[-79.545882724550452,43.714779725810992],[-79.544614535365284,43.71588906044969],[-79.544287945667477,43.716560187659525],[-79.544892101376561,43.717243168712855],[-79.546437916667543,43.717487936529672],[-79.550808580194087,43.716417966761441],[-79.551407387381531,43.717325941261038],[-79.552958650044232,43.71734559429175],[-79.55355208455218,43.71847858502354],[-79.555103378420583,43.718498209356362],[-79.556633062345583,43.719417922028079]]],[[[-79.595753087747624,43.718779836153693],[-79.595758344193214,43.71855480497036],[-79.597009906934858,43.718119985255832],[-79.597346421289942,43.716998636925517],[-79.596126413047003,43.716083272998233],[-79.594359600077325,43.712009828292764],[-79.5928189794421,43.711540676633845],[-79.591556983854431,43.712425514442593],[-79.592156373773548,43.71333328380819],[-79.591220389736932,43.713546845483044],[-79.59087850857739,43.714893206013897],[-79.591472639847396,43.716026009629637],[-79.592697842372374,43.716716391319594],[-79.593633871109176,43.71650281825346],[-79.593912546905457,43.717856822265055],[-79.595753087747624,43.718779836153693]]],[[[-79.243993468854768,43.712565344558641],[-79.244000040232137,43.712340351307098],[-79.245260460660688,43.711684430755724],[-79.244705791248151,43.70942496872496],[-79.242600395078725,43.707141664567459],[-79.242323123901087,43.706011927788389],[-79.240792134869409,43.70531308480701],[-79.239525216446125,43.70619395115957],[-79.239795849633381,43.707548686762919],[-79.240706565977803,43.708237994896493],[-79.240370071586014,43.709133191140097],[-79.241894572732903,43.710057033987368],[-79.242158696062091,43.711636757363856],[-79.243993468854768,43.712565344558641]]],[[[-79.520105455298065,43.715574301094648],[-79.520110994231516,43.715349277277696],[-79.521047243422046,43.715136302110345],[-79.522033269879643,43.712898102528349],[-79.523922244381907,43.711797038462741],[-79.523013693757505,43.710884916843483],[-79.523334960914184,43.710438877067105],[-79.522116231196904,43.709522739757624],[-79.520249446703744,43.709723678781025],[-79.51901969560511,43.709257557247263],[-79.517801056340033,43.708341375004778],[-79.516244498291854,43.708546271820602],[-79.51498146271048,43.709430249247234],[-79.51556854707944,43.710788450980118],[-79.514322133213753,43.710997349615283],[-79.513679455520972,43.711889375404411],[-79.514898101238998,43.712805601181955],[-79.517701214522177,43.712391803017837],[-79.518570895121726,43.714879131839361],[-79.520105455298065,43.715574301094648]]],[[[-79.271638701369767,43.711636264678901],[-79.273835807866973,43.710769097436092],[-79.273861644736016,43.709869109813297],[-79.275425413025417,43.70944253189387],[-79.275761390562721,43.708547223827928],[-79.27304098094379,43.706030102674909],[-79.270850508448561,43.706672261317387],[-79.270818159461001,43.707797244666644],[-79.270184892833726,43.708237849211507],[-79.269926516190409,43.706433181145748],[-79.271231812127454,43.704201989541339],[-79.270630936689869,43.703517613481758],[-79.269396855947321,43.703273835727032],[-79.268440532291464,43.704159727282374],[-79.267206448081211,43.703915925822841],[-79.265939937443349,43.704797092230997],[-79.266217649312736,43.705926779224107],[-79.264634433428171,43.707028219666689],[-79.265228782546757,43.707937622288135],[-79.26584910433256,43.707947037860698],[-79.265183344236462,43.709512593878131],[-79.266398072708725,43.710431406828981],[-79.267961905481471,43.710004932228735],[-79.26855633348643,43.710914318412584],[-79.270417395121072,43.710942502377222],[-79.271638701369767,43.711636264678901]]],[[[-79.47920000675559,43.713236494846122],[-79.479205698290258,43.713011475152271],[-79.483261268583632,43.712164992182721],[-79.48604188531985,43.712652054588062],[-79.487914518722349,43.712226656870129],[-79.488563234581576,43.711109760898573],[-79.487373333229769,43.709068156907442],[-79.486143860025564,43.708601685396921],[-79.48363958006307,43.709468866123103],[-79.482105608959088,43.708773214821548],[-79.479922844918249,43.709194392848126],[-79.479285372849077,43.709861198442304],[-79.479584197642026,43.710315365639424],[-79.477683084965292,43.711865725022186],[-79.47797051506231,43.712769935401191],[-79.47920000675559,43.713236494846122]]],[[[-79.44419202284007,43.710964484822746],[-79.445766309853056,43.710085525399656],[-79.445491011764943,43.708731208417944],[-79.446450656667537,43.707618781087504],[-79.445227360163983,43.706926857966721],[-79.445560808252324,43.706031012050282],[-79.444343374411943,43.705114063529912],[-79.445589887257157,43.704905929826168],[-79.446233486648609,43.704014299878153],[-79.444143796543884,43.700834529428427],[-79.441972733726288,43.700804950706342],[-79.441404903754744,43.69877134608506],[-79.443587536325069,43.698350901496063],[-79.44418453639517,43.699259413870273],[-79.445109152261125,43.699497093790534],[-79.446372980310599,43.698613899397998],[-79.446086089202964,43.697709615460269],[-79.447625158093487,43.69818072426294],[-79.448894723499109,43.697072483755974],[-79.450433799296817,43.697543554863294],[-79.451370000199461,43.697331149509615],[-79.452656841640007,43.695547813211142],[-79.452691564287676,43.694197707492997],[-79.455763881365783,43.695364744104147],[-79.457946297015866,43.694944021668753],[-79.458905487336693,43.693831480465576],[-79.457998200990048,43.692918857697677],[-79.457429893935014,43.690885323070368],[-79.455311163369274,43.688830839116385],[-79.453433264249938,43.689480729506002],[-79.452761002340438,43.691497495029999],[-79.453352293137016,43.6926309793621],[-79.452404596930279,43.693293437644456],[-79.451485836401147,43.692830799930427],[-79.450607649829522,43.690793032308363],[-79.448471754113854,43.689413477552606],[-79.446605383546355,43.689613219756851],[-79.44565185066871,43.690500639068851],[-79.445359192279099,43.689821369864177],[-79.442901720787106,43.68888752818151],[-79.441638051252156,43.689770687930036],[-79.441614741365399,43.690670754430599],[-79.439133949011222,43.690636898144952],[-79.438853039590668,43.689507580663097],[-79.436401532407203,43.688348584580076],[-79.436120683921104,43.687219260875558],[-79.435202143761344,43.686756495030721],[-79.433950120532259,43.687189537095549],[-79.433622469887695,43.687860335099238],[-79.432066189729994,43.688064089589851],[-79.433353391099615,43.686280973524163],[-79.43153398960122,43.684680343825704],[-79.430299590957986,43.684438299235772],[-79.430007134526818,43.683758993074271],[-79.432230320711966,43.681763646708312],[-79.433154619723297,43.682001419304711],[-79.434716590818837,43.681572631143787],[-79.437384378045664,43.686336162175124],[-79.438613008077255,43.686803147605247],[-79.440479314031634,43.686603534942449],[-79.441386238178893,43.687516292382497],[-79.442638217075626,43.687083168162133],[-79.443919268825326,43.685524944761752],[-79.443006513652549,43.684837223983394],[-79.443345682614776,43.683716362801952],[-79.442748842877123,43.682807846154638],[-79.446188540034385,43.681729183105688],[-79.446826066862812,43.681062560002928],[-79.446527630841629,43.680608310742343],[-79.447475186644652,43.67994589776405],[-79.446568279597003,43.679033187808095],[-79.447544824104952,43.67724568520736],[-79.446643761396288,43.67610795826527],[-79.445725305063178,43.675645277468689],[-79.443549331636362,43.67584075966279],[-79.44419845261433,43.674724115118792],[-79.443911698017473,43.673819824259695],[-79.445169182646183,43.673161649157656],[-79.444894043351169,43.671807325003577],[-79.443975665537522,43.671344630990539],[-79.442729845997363,43.671552758591233],[-79.440916450882881,43.669727259788644],[-79.439682316520944,43.66948531998316],[-79.438419016175487,43.670368452436009],[-79.438699838346508,43.671497773176199],[-79.437746485370639,43.67238513179781],[-79.434628892938591,43.673017761852492],[-79.433394718712421,43.672775753637204],[-79.433447408103973,43.670750605372923],[-79.432844986039797,43.670067055706284],[-79.431920870208288,43.669829282909248],[-79.429113347625133,43.670466016818018],[-79.428153998440038,43.671578309640175],[-79.429680520826921,43.672499681953681],[-79.429645308586629,43.67384977803264],[-79.428691786072292,43.674737058175886],[-79.429276593623726,43.676095676803506],[-79.42738707099771,43.677195173722623],[-79.428597814878913,43.678337310503181],[-79.427351801565905,43.678545267203084],[-79.42705940534789,43.677865953756907],[-79.426135194870795,43.677628133015766],[-79.423911966723878,43.679623361439887],[-79.422689496268561,43.678931206296369],[-79.421753489003848,43.679143380129922],[-79.421115709440542,43.679809859653993],[-79.42140804694688,43.680489187211094],[-79.42046610644833,43.680926364771594],[-79.419541876916568,43.680688490506455],[-79.420501533208011,43.679576276328049],[-79.418706319303539,43.67707538984282],[-79.417168023048617,43.676603901492683],[-79.416261631400829,43.675690958243869],[-79.41440152226258,43.675665165403224],[-79.41535526705367,43.674778008083756],[-79.415063024178167,43.674098665850266],[-79.416630827800574,43.673445108675971],[-79.420672727831416,43.67305084401395],[-79.421555551954299,43.674863813447011],[-79.423105627455584,43.674885212260612],[-79.423743331557063,43.674218719949195],[-79.423480455039851,43.672414320953031],[-79.425048126213653,43.671760646048462],[-79.425691658134056,43.670869126046092],[-79.427253388339395,43.670440435527283],[-79.427306279920984,43.668415292391643],[-79.428873805694224,43.667761562353292],[-79.428885546650918,43.667311530050448],[-79.429780275549248,43.668674407868117],[-79.432254293974296,43.668933470090131],[-79.433154977992785,43.670071306163365],[-79.434079102671177,43.670309069099524],[-79.435020779182963,43.66987177454341],[-79.436541524225333,43.671018073161356],[-79.437477355674815,43.670805775214816],[-79.439079834983588,43.668801802167366],[-79.438173220171876,43.667889028294979],[-79.439143989851303,43.666326612406806],[-79.438564880548228,43.664743022815678],[-79.442933489140941,43.663677140936123],[-79.443260897517149,43.663006309963372],[-79.444483292625222,43.663698245586168],[-79.445728943375059,43.66349009606855],[-79.446372080539021,43.662598452441742],[-79.445477058803846,43.661235698867436],[-79.446722655251335,43.661027537616434],[-79.447050006487061,43.66035669463907],[-79.448898083455333,43.660831986353408],[-79.448576545588125,43.661277816333879],[-79.449787386311286,43.662419732891543],[-79.449770011983404,43.663094788633359],[-79.448506993151597,43.663978037781298],[-79.449103742039469,43.664886525756721],[-79.450963549196672,43.66491174898399],[-79.451876101435147,43.665599405372404],[-79.454671623478575,43.665412142709378],[-79.456818360417486,43.666341538285181],[-79.458374002676052,43.666137436343426],[-79.459906617766251,43.666833391113691],[-79.461772241958528,43.666633419771109],[-79.462690689715259,43.667095972081775],[-79.463942093079154,43.666662604389259],[-79.464206164611284,43.668466929636224],[-79.46574464092329,43.668937787758466],[-79.466686073042084,43.668500228429046],[-79.467018974500846,43.667604306214137],[-79.469808835501198,43.667641694341683],[-79.470750218494075,43.667204100698982],[-79.47107733949737,43.666533186139773],[-79.469578906848696,43.664487255896738],[-79.470503098516375,43.664724725339966],[-79.471393030318026,43.666312311930795],[-79.473235787227281,43.667012235879248],[-79.474171435028097,43.66679963444966],[-79.476386846912561,43.665028413700441],[-79.475795375637318,43.663895040881798],[-79.478292164691624,43.663253020856054],[-79.478641913810549,43.661681996115718],[-79.479577460420799,43.661469348736006],[-79.480535705501225,43.660356605996306],[-79.480828629357688,43.661035792207016],[-79.483601209654481,43.661747905486884],[-79.482631660089154,43.663310718233852],[-79.483854525332788,43.664002239355284],[-79.484733478925847,43.666039771424273],[-79.485962080550422,43.666506248657988],[-79.487218963354948,43.665847601055823],[-79.487511988055942,43.666526770990238],[-79.488746268583327,43.666768196255127],[-79.486536803476625,43.668314638244397],[-79.487748512995651,43.669456163760032],[-79.486795904774212,43.670343942930039],[-79.487387644677668,43.671477261510987],[-79.488312017095225,43.671714589224841],[-79.491744660011662,43.670859554177078],[-79.492646509096005,43.671996937725801],[-79.493880923275199,43.672238309231957],[-79.49514346696111,43.671354552651529],[-79.49517158460074,43.670229437529436],[-79.496405973608873,43.67047078145248],[-79.497037213043939,43.670028890371377],[-79.498559165435637,43.671174380760675],[-79.499494794595122,43.670961571773319],[-79.500447228495702,43.670073684268807],[-79.499849648339264,43.669165453271361],[-79.500774037399793,43.669402680465225],[-79.501715230227731,43.668964829000494],[-79.502689978740321,43.667176826060739],[-79.500260516256319,43.665119095536546],[-79.501196045112522,43.664906270955385],[-79.502114778409393,43.665368510523223],[-79.503055897934033,43.664930646666249],[-79.503388239984588,43.664034609860174],[-79.502796265965685,43.662901369417881],[-79.503432969582065,43.662234416438423],[-79.50099247667336,43.660626750572462],[-79.497295496574992,43.659677810909159],[-79.496033233323885,43.660561597020184],[-79.496613824678761,43.662144917823618],[-79.495357120176777,43.662803671784538],[-79.496258921815837,43.663941027617327],[-79.494111640311388,43.66301236502408],[-79.493824183559767,43.662108187551709],[-79.494770933055122,43.661445368518429],[-79.494483473191679,43.660541192429214],[-79.495728900542176,43.660332494290202],[-79.496371270201735,43.65944055754472],[-79.495768234344084,43.658757329580951],[-79.494224145444903,43.658511898656265],[-79.493638023136484,43.65715358956674],[-79.492719480340483,43.656691283966509],[-79.49114727899142,43.65757092848775],[-79.491113462352786,43.658921067107599],[-79.489868049717842,43.659129715185856],[-79.489287663513096,43.657546362302718],[-79.490245667043681,43.656433533877731],[-79.491181093279636,43.656220789526778],[-79.492465855534363,43.654436962582267],[-79.490324607394882,43.653283209784242],[-79.490031611080624,43.652604046013408],[-79.488172149823484,43.652579463892472],[-79.489141376536864,43.6510165966858],[-79.487631400418081,43.649420940816881],[-79.486707370495694,43.649183611727182],[-79.486741274340275,43.647833473542804],[-79.485822926108568,43.647371114621009],[-79.484577736601139,43.647579708667891],[-79.482453882065712,43.645750744452648],[-79.480605984549342,43.645275997117793],[-79.480640020417653,43.643925861819916],[-79.479721779077138,43.643463455119203],[-79.479096377208464,43.643680232335569],[-79.475761864418558,43.640709535530959],[-79.473902782330214,43.64068472664848],[-79.472939038484157,43.642022442130106],[-79.474758302214113,43.643622421345007],[-79.473805924633965,43.644510099302636],[-79.474408570113326,43.645193439058481],[-79.475952231039798,43.645439132092903],[-79.476245035055683,43.646118329945629],[-79.477478851214201,43.646359870947158],[-79.477765992927118,43.647264087251294],[-79.472796497509549,43.647647985354148],[-79.472136797691235,43.649214852555204],[-79.473652052616018,43.650585685529215],[-79.471792667755395,43.650560837886488],[-79.471144326983364,43.65167765512787],[-79.469600528357006,43.651431895336422],[-79.467729676601877,43.651857023254124],[-79.468068184477758,43.650736072900138],[-79.466851495341572,43.649819367046724],[-79.465279108399159,43.650698653761211],[-79.464050992147122,43.650231960040884],[-79.462180141285728,43.650656997160503],[-79.46153736808472,43.651548736922074],[-79.462742526987938,43.652915539114609],[-79.459012124904888,43.653315496472544],[-79.45742225027584,43.654869730893992],[-79.458019048589335,43.655778174368805],[-79.459247228145898,43.656244933463398],[-79.459224208531722,43.657145012759621],[-79.457639996681579,43.658474228123112],[-79.457915371052991,43.659828527995984],[-79.456348358218122,43.660482665068066],[-79.456325291893876,43.661382742466188],[-79.45539544012847,43.661370179053051],[-79.453581953265385,43.659544876952523],[-79.452026467528881,43.659748916180746],[-79.451704958579185,43.660194755477526],[-79.450470971833511,43.659952934070716],[-79.450821422639436,43.658382004141238],[-79.451458644421606,43.657715348106514],[-79.452686810221948,43.658182177390195],[-79.453932320527343,43.657973936129324],[-79.454569503924247,43.65730726212368],[-79.454271121571708,43.656853032144085],[-79.455843828081001,43.655973902597985],[-79.454638768527033,43.654607029776123],[-79.455924565476451,43.652823628762306],[-79.454708023502064,43.651906796060089],[-79.4559591632093,43.651473510834037],[-79.456865811507527,43.652386146460067],[-79.458403820474686,43.652857097739748],[-79.459339295936829,43.652644614758643],[-79.461577583394231,43.649973594793892],[-79.462513003335985,43.649761084897648],[-79.462541708887187,43.648635982556513],[-79.460395503843614,43.64770669976879],[-79.459769990959884,43.647923369373757],[-79.459500373516761,43.646344051173692],[-79.458593773058283,43.645431436275473],[-79.456441980834157,43.644727101446165],[-79.455179450392379,43.645610434274879],[-79.454290239822612,43.644022726763765],[-79.453366431006842,43.643785131047302],[-79.453710927985966,43.64243920521907],[-79.455283260323128,43.641560075756743],[-79.454072721774011,43.640418218099555],[-79.452517733061455,43.640622272059666],[-79.451301484998353,43.639705405647376],[-79.450056345783437,43.63991362438361],[-79.449138406313381,43.639450976037551],[-79.447881677813726,43.640109209745916],[-79.447858501483836,43.641009286763058],[-79.445677985529414,43.641429848554154],[-79.445654775232484,43.642329924422157],[-79.444725222064719,43.642317278580187],[-79.443514871930788,43.641175311998389],[-79.441661621054863,43.640924959916703],[-79.44072044959016,43.641362318863976],[-79.440387315290565,43.642258164748739],[-79.441837674668619,43.646104609738856],[-79.442738212849719,43.647242372259939],[-79.443357964939892,43.647250815185643],[-79.44270913905487,43.648367464352113],[-79.444229502104562,43.64951365887142],[-79.447661459319832,43.64865993526648],[-79.447334182096853,43.649330782375998],[-79.447924978450317,43.650464295166358],[-79.446059816980096,43.650664047786996],[-79.445411002177863,43.651780711849398],[-79.44724140779627,43.652931082768198],[-79.44783223577474,43.654064595850024],[-79.44750492936987,43.654735442424276],[-79.446586787482545,43.654272771653964],[-79.445651244560565,43.654485149126465],[-79.444055187298218,43.656264209948766],[-79.441575808965965,43.656230427693252],[-79.439675482541958,43.657780179843677],[-79.439026470013786,43.658896803379008],[-79.440856963161053,43.660047276599023],[-79.440523719622504,43.660943118527697],[-79.439295596133292,43.660476159304785],[-79.438412432524629,43.658663317660746],[-79.437488467121597,43.658425591733824],[-79.436546989295763,43.658862910437584],[-79.435897907035056,43.659979514949782],[-79.436810210683703,43.660667288511824],[-79.43707928512103,43.662246648428464],[-79.436436015769374,43.663138237790712],[-79.434874538219574,43.663567058181783],[-79.431184342773832,43.662390976310427],[-79.431845255118375,43.660824367287169],[-79.430938868236538,43.659911538254995],[-79.429085101298,43.659660975073457],[-79.427523665158759,43.660089695839197],[-79.426652617561871,43.657826735978951],[-79.429488901521424,43.656064969416413],[-79.432529552440087,43.658357685953305],[-79.435020698911501,43.6579416313579],[-79.435658088255934,43.657275065950465],[-79.435079151336922,43.655691458962565],[-79.435453346789373,43.653220511157315],[-79.436991201248972,43.653691748367166],[-79.437558499824192,43.655725381794028],[-79.438774851040804,43.65664239371371],[-79.440336121417715,43.656213516407398],[-79.440985079551325,43.655096884127808],[-79.439815339078635,43.652379752352786],[-79.440166017145586,43.650808856603774],[-79.439557883735489,43.650350359888925],[-79.440838205862448,43.648792150807544],[-79.440247559373859,43.647658603308194],[-79.439019705970011,43.647191644174647],[-79.439668586346002,43.646075016572674],[-79.439376197455374,43.645395731196352],[-79.438452429989809,43.645158015534456],[-79.440364025335626,43.643158238222554],[-79.440381492902972,43.642483183131453],[-79.43948106830004,43.64134540286198],[-79.437949336886874,43.640649184444925],[-79.437972660849638,43.639749111610108],[-79.439241138762384,43.638640951557115],[-79.438960441957065,43.637511628023596],[-79.439907387934156,43.636849264029401],[-79.439930679579263,43.63594918975425],[-79.438410734710715,43.634802941795229],[-79.437469637280245,43.635240275505936],[-79.436546032269732,43.635002546484273],[-79.436288744720073,43.632973143470721],[-79.434757261370265,43.632276885047354],[-79.430706468509996,43.633121728833515],[-79.430367377192937,43.634242562841536],[-79.431244104954516,43.636280482722171],[-79.429665710070353,43.637384296414751],[-79.428736240236091,43.637371521705568],[-79.427526294525563,43.636229390916945],[-79.426292900263661,43.635987316343211],[-79.425030124284319,43.636870313452022],[-79.425316434180033,43.637774650378802],[-79.423779078120219,43.637303262341817],[-79.422837838449325,43.637740473159504],[-79.42130639613157,43.637044035550502],[-79.418798325672,43.638134853068323],[-79.416957099931608,43.637434070924584],[-79.413233321270809,43.637607529045653],[-79.411386249267167,43.637131673869831],[-79.410498320829007,43.635543642890013],[-79.408639455711636,43.635517775098059],[-79.408002008970442,43.636184191195781],[-79.40856817737793,43.638217957028751],[-79.407912871751734,43.639559416954171],[-79.408508771198598,43.640468107588354],[-79.40785938198681,43.641584551378912],[-79.404802652922541,43.639966243230667],[-79.40324156809001,43.640394638809852],[-79.402329955627636,43.639706605507072],[-79.402067842379495,43.637902158915253],[-79.404605968623798,43.635686639339973],[-79.404010173773457,43.634777929253751],[-79.402776910887241,43.634535602712909],[-79.402800754812347,43.633635544176812],[-79.401883283310781,43.6331725228018],[-79.400638124720217,43.633380202750601],[-79.399732618398943,43.632467135603093],[-79.397558084510521,43.632661765160165],[-79.395657408336405,43.634210785466074],[-79.396235113576765,43.635794578735251],[-79.393428835761199,43.636430458227522],[-79.393107027520486,43.636876129633315],[-79.392189584175028,43.636413031071562],[-79.39125414169898,43.6366249651606],[-79.390300668277575,43.637511930894838],[-79.3905864573141,43.638416346701661],[-79.38809584362977,43.638831441751286],[-79.385556985477692,43.641046581924812],[-79.384937314506317,43.64103782662567],[-79.384949372466707,43.640587801826669],[-79.386856545946983,43.638813956022219],[-79.386254968402199,43.638130170211831],[-79.384711895157068,43.637883273799837],[-79.380040428659953,43.638717544460889],[-79.377531567686447,43.639807443186278],[-79.37629831742467,43.639564831137726],[-79.375028683011195,43.640672273908038],[-79.373157546252827,43.64109584907866],[-79.371565824256322,43.642648862575818],[-79.372167276418239,43.6433327232888],[-79.373400585378846,43.643575380716648],[-79.372440664203296,43.644687201449258],[-79.373959572061565,43.645834309221058],[-79.37148070723417,43.645799013353212],[-79.370308206177569,43.64330622847843],[-79.369390847055556,43.642842948588388],[-79.366912110862003,43.642807555571217],[-79.365028646598518,43.64368101588208],[-79.363181793781379,43.64320438508183],[-79.360988417349461,43.644073339574639],[-79.360034384940533,43.644960042751244],[-79.359979276636224,43.646985127423207],[-79.358721444060308,43.647642361892856],[-79.359316670329719,43.648551297353059],[-79.356509432060349,43.64918625324254],[-79.355549110964901,43.650297924670014],[-79.356150452557614,43.650981867135648],[-79.357699863912231,43.651004143206322],[-79.359838418200582,43.652160340282073],[-79.361400101203316,43.651732548185358],[-79.362268601224628,43.653995967771202],[-79.361630447785629,43.654662111935565],[-79.357607863433927,43.654379276365916],[-79.356647476665927,43.655490955062412],[-79.356938972040922,43.656170436993271],[-79.355371000447931,43.656823173934775],[-79.354398239298931,43.658384848689217],[-79.354999645616871,43.65906879735298],[-79.35434906309402,43.660184914660626],[-79.354956631381654,43.660643855398142],[-79.354913613658297,43.662218912973678],[-79.357380860561832,43.662704595608886],[-79.358286155806454,43.663617990744989],[-79.359538203321691,43.663185776865539],[-79.359513688460567,43.664085811489556],[-79.358255488208286,43.664743033210001],[-79.35854704350065,43.665422510975191],[-79.362229814977283,43.666825927441025],[-79.364101828016416,43.666402546863992],[-79.364697313275244,43.667311455626894],[-79.366551015746865,43.667563062538449],[-79.368058177169971,43.66916027029832],[-79.369601973011058,43.669407401817203],[-79.368957636184263,43.67029859337346],[-79.36954713937611,43.671432487468117],[-79.368282791604614,43.67231482746832],[-79.369182300273238,43.673453148976883],[-79.370106208435658,43.673691426008048],[-79.371680556367295,43.672813483451144],[-79.372610547106945,43.672826730552075],[-79.375698380232222,43.673320853126853],[-79.376920183427501,43.67401350145569],[-79.37626376516674,43.67535475466893],[-79.376853453786822,43.67648861302812],[-79.375905193650169,43.677150429487995],[-79.376488823577077,43.678509299498437],[-79.377704675547051,43.67942695062964],[-79.379874899738113,43.679457738094349],[-79.379832505635775,43.681032810027034],[-79.381048459484646,43.681950426776417],[-79.383546952521101,43.68131050624806],[-79.383577165259467,43.680185452905889],[-79.384525391719464,43.679523572546898],[-79.384233477657233,43.678844157055536],[-79.385479632312865,43.678636672961154],[-79.386117787809141,43.677970398140303],[-79.385527909569731,43.676836584938201],[-79.383357773785534,43.676805906254785],[-79.384001972331561,43.675914632238694],[-79.383722162041877,43.674785193536209],[-79.386214297452753,43.674370219929415],[-79.386542394632443,43.673699563390194],[-79.387782409783711,43.673717063577485],[-79.388706400020055,43.673955191405994],[-79.38958224758602,43.675993404359822],[-79.393916474417708,43.676279495304307],[-79.392646364166865,43.677387120003047],[-79.393230376709383,43.678745910330889],[-79.394148463779459,43.679209007334379],[-79.392902324324027,43.679416586230445],[-79.392264227016398,43.680082899705162],[-79.391668200636829,43.679174128158358],[-79.390124056112882,43.678927289893522],[-79.389181920732796,43.679364206539368],[-79.388525711768793,43.680705532317674],[-79.389091594067693,43.682739375654059],[-79.391845979588794,43.684128745258874],[-79.393098227963762,43.683696168010201],[-79.393110242878137,43.683246144775872],[-79.394970566948473,43.683272287660088],[-79.395298618736987,43.6826016062275],[-79.39777902748952,43.682636408789328],[-79.398751084574357,43.681074359775323],[-79.398453015013175,43.680619990537473],[-79.399705144267486,43.680187338767972],[-79.400367079306562,43.67862093214228],[-79.401941129097025,43.677742568559829],[-79.40164902519507,43.677063194465291],[-79.402585065964047,43.676851185835829],[-79.404397489279418,43.678677276210223],[-79.405935733011077,43.679148935597958],[-79.407181826084482,43.678941213777478],[-79.408696305862449,43.680312889992777],[-79.409948358288716,43.679880124727205],[-79.409960245663143,43.679430097491256],[-79.411826403744627,43.679230950529643],[-79.412428672621871,43.679914607704951],[-79.411480740019513,43.680576724180071],[-79.411772971530681,43.681256074695],[-79.414235560552882,43.681965560963071],[-79.415171636718483,43.68175344988763],[-79.41510646171092,43.684228604454098],[-79.416024804630439,43.684691529099737],[-79.419125455133482,43.684734463341741],[-79.419727861314556,43.685418083507599],[-79.419394153764472,43.686313853055069],[-79.420610827440768,43.687231058776803],[-79.423097353551668,43.687040300201225],[-79.424396576699124,43.684807258606824],[-79.424671304368744,43.686161623050843],[-79.423723403153929,43.686823840942971],[-79.423705721734279,43.687498885396131],[-79.424600619157815,43.688861801894163],[-79.428584753586918,43.690717423725474],[-79.42983688788739,43.690284442400198],[-79.43017046456464,43.689388640940365],[-79.430784778883009,43.689622173986692],[-79.431416694629434,43.689180657126435],[-79.434792572811915,43.690577520143513],[-79.434137243615169,43.69191911881542],[-79.432896825594568,43.691902115875173],[-79.43225902838104,43.692568655982235],[-79.433124893245392,43.695056586106965],[-79.432159348036407,43.696393918559735],[-79.433674834697925,43.697765274877007],[-79.432744430905032,43.69775251882043],[-79.43122896612185,43.696381150484676],[-79.428426067849685,43.696792830753424],[-79.430011946265481,43.695464054005214],[-79.429719443073708,43.694784747613433],[-79.426665332846923,43.692941974008306],[-79.424781117065223,43.693816401212466],[-79.42327182997569,43.692219916034496],[-79.422347416502632,43.691982062116864],[-79.420129429359847,43.693752187871816],[-79.420720121396201,43.694885831642594],[-79.419783857809989,43.695097984894261],[-79.419450093233181,43.695993752336861],[-79.420052612209247,43.696677371259547],[-79.42282016189813,43.697615983192264],[-79.423387351046983,43.699649670887986],[-79.421508781022183,43.700299025080866],[-79.421222258226493,43.69939468451728],[-79.419689286866074,43.698698208922529],[-79.418419157519381,43.699806115933242],[-79.416868443649193,43.699784643884961],[-79.416230385302811,43.700451089661605],[-79.416510913570306,43.701580454987209],[-79.415252521537155,43.702238297721614],[-79.415538966443606,43.703142651660372],[-79.418915236691433,43.704539986790088],[-79.419500092362284,43.705898649658231],[-79.420728973266463,43.706365829803602],[-79.421683126140536,43.705478630242645],[-79.423842542309174,43.705958625058585],[-79.424796643358491,43.705071398643256],[-79.426640011076842,43.705772079199519],[-79.428214409614242,43.704893362655625],[-79.428548097588035,43.703997569733296],[-79.431017688319187,43.704481693856437],[-79.43192472856849,43.705394525533592],[-79.43347559826573,43.705415795480683],[-79.435055745077719,43.704311967695354],[-79.434763144372809,43.70363267372722],[-79.436945997154794,43.703212359701077],[-79.43786479883002,43.703675114214846],[-79.436910910220234,43.704562453190171],[-79.437507867422028,43.705470998905625],[-79.438742726554352,43.705712971677741],[-79.440311116038444,43.705059101590656],[-79.440925629613488,43.705292582487765],[-79.439328043776428,43.707071539677521],[-79.438391650532907,43.707283843104342],[-79.438362434477142,43.708408921007027],[-79.440814787414851,43.709567883907361],[-79.442365771292174,43.709589034831687],[-79.443267235758242,43.710726795359669],[-79.44419202284007,43.710964484822746]],[[-79.383728202699558,43.674560182609632],[-79.383722162041877,43.674785193536209],[-79.383412153271223,43.674780808654042],[-79.383418195086264,43.674555797761705],[-79.383728202699558,43.674560182609632]],[[-79.409327404334235,43.668166464461905],[-79.410233579261174,43.669079460533268],[-79.411771627947189,43.66955103906843],[-79.412642269853265,43.671814101925897],[-79.411962927424369,43.674055629708263],[-79.410096930671642,43.674254781535382],[-79.407336604169416,43.67309086363143],[-79.404820807586816,43.674406354196257],[-79.404790997823881,43.675531420395892],[-79.40385498495607,43.675743447578007],[-79.40232878708936,43.6748217355671],[-79.401392777246102,43.675033742641411],[-79.400796659420621,43.674125016585286],[-79.400176643549102,43.67411633869596],[-79.400826542340639,43.672999952298809],[-79.402042664087389,43.673917349305597],[-79.403598666811234,43.673713999192628],[-79.405780628757256,43.673294265108261],[-79.40610850337815,43.672623548828099],[-79.408588514214827,43.672658110586134],[-79.409846349107781,43.672000329613617],[-79.410496046197821,43.670883884725441],[-79.409291741210396,43.669516548310625],[-79.408367732317544,43.669278586562214],[-79.409327404334235,43.668166464461905]],[[-79.38209187009592,43.666208457517143],[-79.384243511764268,43.666914188261082],[-79.383587337491477,43.668255488894751],[-79.382371614578403,43.667337900748549],[-79.380809664063676,43.667765974351717],[-79.380433123871441,43.670236700803741],[-79.377922939727313,43.671326581942814],[-79.377643262704055,43.670197129593753],[-79.378275351463344,43.669755908067252],[-79.378281411409176,43.669530897547688],[-79.380177614784273,43.668207210661194],[-79.379277971096926,43.667068972682699],[-79.379606102759695,43.66639833581911],[-79.380827814028251,43.667090941682233],[-79.382079780005498,43.66665847965718],[-79.38209187009592,43.666208457517143]],[[-79.359848148742557,43.663190225558907],[-79.359538203321691,43.663185776865539],[-79.359544331859496,43.662960768185606],[-79.359854276123684,43.662965216844206],[-79.359848148742557,43.663190225558907]],[[-79.500266119577432,43.664894071756663],[-79.500260516256319,43.665119095536546],[-79.499950540050705,43.665115027424697],[-79.49995614452888,43.664890003676618],[-79.500266119577432,43.664894071756663]],[[-79.382564992120408,43.660137541740006],[-79.382868884601834,43.660366939158017],[-79.382249015782648,43.660358166216454],[-79.382564992120408,43.660137541740006]],[[-79.411412822457535,43.659641789665137],[-79.412014897105053,43.660325448214664],[-79.413558665153616,43.660571985506301],[-79.414762895343785,43.661939277763366],[-79.413195375375579,43.662592814846001],[-79.413165734290288,43.66371788795535],[-79.412218069780707,43.664380016377898],[-79.41280833945126,43.665513699996922],[-79.411246640929122,43.665942193827824],[-79.410918861664413,43.666612927040745],[-79.411520998031079,43.667296588368764],[-79.410275160735353,43.66750436183537],[-79.409947361720242,43.668175091788683],[-79.409643325448712,43.667945764503536],[-79.409649267835746,43.667720750452126],[-79.409357121710443,43.667041394325629],[-79.410304859723837,43.666379291050731],[-79.411252576911963,43.665717179522211],[-79.410966358507565,43.664812812826902],[-79.406978524742783,43.663181617097159],[-79.407312277766948,43.662285881174689],[-79.406716190298695,43.661377184610593],[-79.408885795074639,43.661407411401321],[-79.409213566795884,43.660736683343565],[-79.410459266735572,43.660528919126435],[-79.411412822457535,43.659641789665137]],[[-79.480231433829488,43.66012746286286],[-79.47991580779653,43.660348362670447],[-79.479921486166788,43.660123340812099],[-79.480231433829488,43.66012746286286]],[[-79.397829607768045,43.657426298384109],[-79.398139529434943,43.657430642800854],[-79.398133546200768,43.657655655996976],[-79.398443469093408,43.657659999607731],[-79.398723486409253,43.65878940855518],[-79.399635339246871,43.659477472233448],[-79.39803182061442,43.661480878870123],[-79.398305862176656,43.662835301263485],[-79.395474358710246,43.664371260167805],[-79.396070303138458,43.665280012754842],[-79.3976141260259,43.665526766207243],[-79.396672255739674,43.665963749674702],[-79.396338323368028,43.666859451204495],[-79.395414409206936,43.666621386022214],[-79.393524586972106,43.667720319791563],[-79.392928658282599,43.666811554522546],[-79.391092890210118,43.665885337928138],[-79.387063362466904,43.665828537934203],[-79.388661341529811,43.664050306046889],[-79.390806975332723,43.664980925439245],[-79.392058828538012,43.664548352131519],[-79.39270276324288,43.663657023194226],[-79.39241683366518,43.66275261418297],[-79.393674629916049,43.662095009659971],[-79.39310276309196,43.660286195081767],[-79.393722634481094,43.660294909156967],[-79.394032570279947,43.660299264934622],[-79.397155881814925,43.659442724535907],[-79.397203777938799,43.657642620125237],[-79.397829607768045,43.657426298384109]],[[-79.398455433179649,43.657209973138102],[-79.398139529434943,43.657430642800854],[-79.398145512599825,43.657205629595182],[-79.398455433179649,43.657209973138102]],[[-79.416770437454659,43.656339679247971],[-79.416454603997948,43.65656040067109],[-79.416460518591322,43.656335385427404],[-79.416770437454659,43.656339679247971]],[[-79.399111151266666,43.655868577659199],[-79.398795257049969,43.656089249330343],[-79.398801237486339,43.655864235999545],[-79.399111151266666,43.655868577659199]],[[-79.415226762973703,43.656093186627238],[-79.414910925302735,43.656313903726229],[-79.414916845609454,43.656088888640802],[-79.415226762973703,43.656093186627238]],[[-79.464837351076326,43.655869964704884],[-79.464515957450047,43.656315842048954],[-79.464527427537504,43.655865801236175],[-79.464837351076326,43.655869964704884]],[[-79.400082721762828,43.654306503066941],[-79.399760862833773,43.654752191153207],[-79.39977281586863,43.654302164164086],[-79.400082721762828,43.654306503066941]],[[-79.373825992272174,43.650784548432746],[-79.373510034721434,43.651005149358724],[-79.37351610849484,43.650780138629962],[-79.373825992272174,43.650784548432746]],[[-79.406107855093865,43.649213453977914],[-79.407025600681038,43.64967644443297],[-79.408271077662576,43.649468700287379],[-79.408229469970109,43.651043802440412],[-79.409439333323462,43.652186133644733],[-79.410672984296838,43.652428393509503],[-79.41122751247562,43.654912173739234],[-79.410601755012308,43.655128570088635],[-79.407824445157672,43.654639717076471],[-79.407228422192006,43.653731023053709],[-79.405684857049195,43.653484403046207],[-79.406954214826413,43.652376617533044],[-79.406107855093865,43.649213453977914]],[[-79.418193252802368,43.649381363652935],[-79.417877461660524,43.649602089903937],[-79.417883369506526,43.649377074230642],[-79.418193252802368,43.649381363652935]],[[-79.40679305605093,43.646746936077797],[-79.406477238152206,43.646967630492504],[-79.406483188010398,43.646742615958487],[-79.40679305605093,43.646746936077797]],[[-79.406167369024786,43.646963309499874],[-79.406477238152206,43.646967630492504],[-79.406471288225134,43.647192645017007],[-79.406465338229111,43.647417659531961],[-79.405511909575395,43.648304751391933],[-79.405803927335981,43.648984117436981],[-79.403944652017302,43.648958166987605],[-79.403032904662751,43.648270138169245],[-79.402097312436908,43.648482158350788],[-79.401513371972769,43.647123407841377],[-79.396293507950048,43.645249500307479],[-79.395691759773712,43.64456576226879],[-79.396031556603475,43.64344504398067],[-79.397247020402091,43.644362486255609],[-79.400977217630953,43.643964542388886],[-79.401870977397607,43.645327629054151],[-79.404331987088909,43.646037308664383],[-79.406167369024786,43.646963309499874]],[[-79.425830316063099,43.641833490908823],[-79.426110783708637,43.642962842440589],[-79.427034466220121,43.643200656711343],[-79.426706992452608,43.643871442331651],[-79.42514007304797,43.644525154361844],[-79.424485060927552,43.645866712459537],[-79.422935730770973,43.645845343591304],[-79.421982566180873,43.646732577181211],[-79.421696267873287,43.645828233384037],[-79.420468600872951,43.64536107752749],[-79.42049218966379,43.644461012981495],[-79.422339560785304,43.644936724894791],[-79.423900635978725,43.644508068463956],[-79.42516947082575,43.643400070960048],[-79.423655513304581,43.642028612927341],[-79.425830316063099,43.641833490908823]],[[-79.432991883404071,43.640581320552059],[-79.433594021929608,43.641264868426049],[-79.431980413042339,43.64371881705506],[-79.433190590808806,43.644860902785837],[-79.434430040652501,43.644877888068663],[-79.434728215214207,43.645332167626847],[-79.433155491117788,43.646211007685928],[-79.433126239511807,43.647336094840881],[-79.431851607991433,43.648669198139345],[-79.433991543584256,43.649824028154931],[-79.434278044586378,43.650728343610247],[-79.432751992294143,43.649807036594282],[-79.431506585038562,43.650015048729827],[-79.430904385913763,43.649331489902643],[-79.430927822140873,43.648431421470235],[-79.431880884748892,43.647544111933904],[-79.431933578639644,43.645518956164317],[-79.429829006823994,43.643013986515982],[-79.431080131152356,43.642580972946185],[-79.431126986236478,43.64078083364388],[-79.431752522741334,43.640564321000632],[-79.432991883404071,43.640581320552059]]],[[[-79.25969799191283,43.706052767911245],[-79.261274764754731,43.705176392393327],[-79.26039639340182,43.703362266919861],[-79.262580349830245,43.702945304064208],[-79.262619346664849,43.701595328750216],[-79.263569217048655,43.700934482348401],[-79.263285078856086,43.70002978524775],[-79.262367719607639,43.699565649870628],[-79.256429852618041,43.701050866831672],[-79.254219803776564,43.702367692283921],[-79.255427693590178,43.703511612660868],[-79.256674761634642,43.703305550173134],[-79.256642151357624,43.704430525734765],[-79.25969799191283,43.706052767911245]]],[[[-79.510959926461325,43.708927728811268],[-79.51096549832495,43.70870270566418],[-79.511901673740482,43.70848980417616],[-79.512239709908471,43.707368726493584],[-79.510174254379905,43.70306499694312],[-79.508640127941746,43.702369699051324],[-79.507377115060237,43.703253593606902],[-79.507670539360646,43.703932713426553],[-79.506102886767806,43.704587519188124],[-79.505770344401725,43.705483555085671],[-79.504213824072153,43.705688288588568],[-79.503255266345022,43.706801217247822],[-79.50447364917143,43.707717551230573],[-79.50790256128569,43.707087085004666],[-79.50881640330914,43.707774300297963],[-79.509442375131925,43.707557370807066],[-79.509730266206205,43.70846150850155],[-79.510959926461325,43.708927728811268]]],[[[-79.296328107074245,43.705479283064797],[-79.297897978447949,43.704827392906282],[-79.298239962023857,43.703707012135347],[-79.299474178211568,43.703950480381756],[-79.300417332815201,43.703514322128214],[-79.30076561821221,43.702168932291961],[-79.300164421425009,43.701484706163718],[-79.301689675826367,43.70240776415929],[-79.303253062804075,43.7019807984369],[-79.303284798747413,43.700855794858391],[-79.304550690183902,43.69997420361419],[-79.303955815018398,43.69906499592247],[-79.299645923775572,43.697875472201858],[-79.29652566708755,43.69850428634885],[-79.295879935777094,43.699395038643132],[-79.294645828265587,43.699151533153781],[-79.293702702692386,43.699587644518836],[-79.293658022986293,43.701162641972942],[-79.292411113751029,43.701369111024178],[-79.291771680497817,43.702034838788734],[-79.292372785719877,43.702719107540013],[-79.292049868500612,43.703164471272707],[-79.296328107074245,43.705479283064797]]],[[[-79.277725491799572,43.704975329302471],[-79.277731935275838,43.704750331721712],[-79.281472986071918,43.704131370223855],[-79.282125407938324,43.703015706253453],[-79.281524418152102,43.702331385498368],[-79.280290313747031,43.702087725032932],[-79.279695789418696,43.701178397062655],[-79.277841462948118,43.70092537137225],[-79.277563551963539,43.699795708454538],[-79.27912703138233,43.699369074381885],[-79.279159215512962,43.698244084445541],[-79.277014203865164,43.69731138267781],[-79.276387541272058,43.697527027213461],[-79.27579956832912,43.696392682281136],[-79.274565610165155,43.69614896214015],[-79.273622391976318,43.69658490633639],[-79.272640395344368,43.698370826067404],[-79.272931128103238,43.699050505121889],[-79.271677734003816,43.699481744669491],[-79.271341750948224,43.700377041919147],[-79.271942604340111,43.701061414214109],[-79.273176651149399,43.701305163979477],[-79.272847140347636,43.701975468452865],[-79.273448026518949,43.702659833196627],[-79.27468856693298,43.702678569979007],[-79.276801496320871,43.704736304642573],[-79.277725491799572,43.704975329302471]]],[[[-79.287992428235484,43.704004134736273],[-79.287998833094818,43.703779135906267],[-79.288935664014772,43.703568072650143],[-79.289290605178039,43.701997722999216],[-79.290550326785734,43.701341289972987],[-79.291228117574931,43.699325572899845],[-79.293411731132053,43.698908014488154],[-79.294051112193173,43.698242276352957],[-79.29315268715537,43.697103385348697],[-79.292532468269826,43.697094119768238],[-79.292868117956885,43.696198754231709],[-79.293798432716201,43.69621264838419],[-79.295323455584452,43.697135788391137],[-79.296589380985907,43.696254285433078],[-79.295096241755431,43.694206162125475],[-79.29143261570573,43.692125587479445],[-79.290179493766232,43.692557035048523],[-79.289843826317181,43.693452392910068],[-79.288603466239124,43.693433823705433],[-79.287395130839357,43.692290245079661],[-79.285844712851315,43.692266998747165],[-79.283958544109623,43.693139070598058],[-79.283926455427121,43.694264064375218],[-79.282996175590469,43.694250090370481],[-79.28270534979265,43.693570434886432],[-79.281471418844632,43.693326789708138],[-79.278344786459655,43.694180106835425],[-79.277388741060975,43.695066079213795],[-79.277944528107227,43.697325406142532],[-79.280690489195152,43.698942418516921],[-79.282867732759371,43.698750060885004],[-79.284140289027903,43.697643701125294],[-79.285601067665155,43.700816955159631],[-79.284632184739522,43.702152984318666],[-79.287992428235484,43.704004134736273]]],[[[-79.501083928327944,43.706772758191264],[-79.502335899955668,43.706338980856955],[-79.503610248831762,43.705005099414109],[-79.503017888550389,43.703871862133013],[-79.503954014654852,43.703659024909115],[-79.504280977417721,43.702988016961172],[-79.503057091300192,43.702296704207356],[-79.503389654957786,43.701400676049445],[-79.502791731736096,43.700492460144901],[-79.504043559583096,43.700058661580435],[-79.50471421401663,43.698041573889981],[-79.505971565422129,43.697382730069378],[-79.505379231464431,43.696249504003163],[-79.503518408972795,43.696225152283965],[-79.502300268984342,43.695308809888147],[-79.499176498912178,43.696168213843649],[-79.497597722649999,43.697272950000411],[-79.498195536026046,43.698181191986379],[-79.500665491147274,43.698663815905107],[-79.501268970843768,43.699347019971526],[-79.500033971606612,43.699105720932685],[-79.499081060355678,43.699993593897091],[-79.498161829599695,43.699531325351181],[-79.497225748945269,43.699744115902924],[-79.496588569136875,43.70041102331664],[-79.496870611682837,43.70154021320068],[-79.496244659625475,43.701757074291564],[-79.495686233512487,43.699273669118512],[-79.494158008112478,43.698353158257795],[-79.491293326117898,43.701241623192814],[-79.491569629192853,43.70259584600506],[-79.493109195226083,43.703066348753147],[-79.493097920046779,43.703516391808762],[-79.495844459756995,43.705353341472986],[-79.496769384315215,43.705590607421748],[-79.499267704938546,43.704948155407742],[-79.49985439116567,43.706306433168258],[-79.501083928327944,43.706772758191264]]],[[[-79.526525314205671,43.706878523359201],[-79.528696681074436,43.706906499183987],[-79.530269656230871,43.706026355869852],[-79.530607336335578,43.704905218348443],[-79.529089429312336,43.703535115451075],[-79.526624542711772,43.702828075302129],[-79.525367295974206,43.703487147367255],[-79.525101261433207,43.701682945915337],[-79.522331863131541,43.70074678659951],[-79.521750246654719,43.699163591900309],[-79.520830849258019,43.698701503357974],[-79.518942237331288,43.699802523812536],[-79.517396996665582,43.699557391353537],[-79.516455429809369,43.699995364507615],[-79.516427680969628,43.701120484671129],[-79.518260950107589,43.702269749244657],[-79.516721198345493,43.701799582803986],[-79.515779591174365,43.702237549651969],[-79.515447206168773,43.703133616310723],[-79.517269421639682,43.704732944752408],[-79.519429623150572,43.705211143636731],[-79.520686969748837,43.704552138532158],[-79.522226823851952,43.705022252754695],[-79.523135276187517,43.705934380112971],[-79.526525314205671,43.706878523359201]]],[[[-79.318791414876117,43.701084982232167],[-79.320348369772518,43.700882782610556],[-79.320677348955087,43.700212332367997],[-79.321601460757805,43.700451004063041],[-79.322544404809349,43.700014659421349],[-79.322594600847424,43.698214635075566],[-79.323847620282862,43.697782830543787],[-79.324176542751943,43.697112368975098],[-79.322961175397268,43.696194158376571],[-79.321714460485381,43.696400950686233],[-79.320207887549813,43.694803147800094],[-79.318024594189183,43.695221224045035],[-79.317106871193545,43.694757522158639],[-79.316163972660803,43.695193823005525],[-79.315816075483255,43.696539267587418],[-79.314544115028937,43.697645990181471],[-79.31633553676636,43.700148444496698],[-79.318791414876117,43.701084982232167]]],[[[-79.328418114623517,43.700776015159072],[-79.331234294014322,43.699916794331351],[-79.331277988184482,43.698341766045161],[-79.334720478681092,43.697266507522983],[-79.335074186483439,43.695695994232288],[-79.337579930780038,43.694832092479523],[-79.337629668029336,43.693032052699408],[-79.338256073947903,43.692816067835203],[-79.339806547924383,43.69283860349892],[-79.340395705266758,43.693972638444961],[-79.34254781721971,43.694679159079023],[-79.343800625614577,43.694247132013807],[-79.344135499538453,43.693351603021341],[-79.346002276244434,43.693153541902717],[-79.345667431138111,43.694049076855762],[-79.346573003038785,43.694962564649032],[-79.348737577886126,43.695218958167928],[-79.349320753067701,43.69657795585556],[-79.350238759560668,43.697041403234003],[-79.35240958918196,43.69707272212213],[-79.353060626772418,43.695956629681149],[-79.352465048595022,43.69504766295163],[-79.354027903130586,43.694619993182016],[-79.354064837248345,43.693269952141613],[-79.354697342417154,43.6928288693342],[-79.354107923806964,43.691694903824938],[-79.352557468097629,43.691672562608446],[-79.35319612519028,43.691006481080635],[-79.352904515450305,43.690326991582722],[-79.355695275104566,43.690367181186389],[-79.356650110151875,43.689480533420749],[-79.356680834232606,43.688355496748009],[-79.357604916903597,43.68859387709891],[-79.358547420267243,43.688157227394633],[-79.359204378511706,43.686816087287404],[-79.358013224948152,43.684998212046025],[-79.35896180363369,43.68433655000382],[-79.358700838497739,43.68253203497769],[-79.361807414638335,43.682351514212222],[-79.363072070433617,43.681469252172576],[-79.362166441060737,43.680555892322651],[-79.362190930357357,43.679655859106809],[-79.359735213298677,43.67872025398767],[-79.360993694608268,43.678063021875666],[-79.361650481837984,43.67672186282693],[-79.365395109639451,43.675875100767691],[-79.366033453919854,43.67520894084192],[-79.365437873721717,43.674300038704942],[-79.362666202777476,43.673585072779943],[-79.361413958179142,43.674017317119471],[-79.36108558136273,43.674687897028221],[-79.359219421500356,43.674886215021253],[-79.35801621996599,43.67351835621615],[-79.357396223465443,43.673509446388849],[-79.35771849679098,43.67306388558233],[-79.356503081500577,43.672146027644864],[-79.35532457899329,43.669878109784101],[-79.354406940104383,43.669414707086247],[-79.354425387005605,43.668739683493165],[-79.357525122243857,43.668784275734538],[-79.358467311699243,43.668347620341592],[-79.35880181302683,43.667452038736812],[-79.356358925191984,43.666066351176816],[-79.356711862551407,43.664495750825012],[-79.356110384171501,43.663811810631941],[-79.354250697011096,43.663785044763266],[-79.353029365904433,43.663092160261321],[-79.353667705157989,43.662426068004244],[-79.353078586526237,43.661292096402576],[-79.353729204953794,43.660175987099827],[-79.353127802586769,43.659492031930355],[-79.353766101411807,43.658825938097131],[-79.353486930258256,43.657696432341247],[-79.352569488744393,43.657233017104296],[-79.351013762091142,43.65743567691846],[-79.348899865005322,43.655379284378377],[-79.347325657823134,43.656256917605411],[-79.347902279234347,43.657840932481733],[-79.346030428265507,43.658264050693049],[-79.345689613851832,43.659384601346574],[-79.341679195362914,43.658651187336076],[-79.341102731451244,43.657067143763307],[-79.339875489202541,43.656599129250786],[-79.337693714416886,43.657017608354188],[-79.336100660102119,43.65857010228612],[-79.334563512745873,43.658097518307173],[-79.33019351996397,43.659159233839816],[-79.329238796424022,43.660045666510833],[-79.329833690000598,43.660954748467958],[-79.331377103900337,43.661202390876142],[-79.330713591301858,43.662768376727009],[-79.331934651919013,43.663461495565578],[-79.331915956409432,43.664136512105763],[-79.33068864617222,43.663668398311074],[-79.329746336505835,43.664104822930163],[-79.329070261634968,43.666120807557398],[-79.327501737279306,43.666773151946629],[-79.327173027678199,43.667443629771945],[-79.328387893545582,43.668361791704271],[-79.330241458531418,43.668613985704226],[-79.330842685227282,43.669298057568298],[-79.330204022189633,43.6699640163122],[-79.330495282219417,43.670643560377272],[-79.332646446450255,43.671350255022922],[-79.333185436764012,43.674284367709333],[-79.335646765313442,43.674995529143523],[-79.335925670829013,43.676125071121469],[-79.334964530190916,43.677236551532928],[-79.336793531432932,43.678388665338254],[-79.336471075299755,43.678834163792004],[-79.332440791257454,43.678775424617172],[-79.331870630185449,43.676966335626354],[-79.330636822356325,43.676723223016666],[-79.329074279970158,43.677150578922863],[-79.327257970963913,43.675548335287708],[-79.328219224018682,43.674436921242666],[-79.327004241009718,43.67351875652183],[-79.326068005114351,43.673730142673577],[-79.326080516729235,43.673280133756819],[-79.327016745536596,43.673068747373151],[-79.327041753721105,43.672168728960465],[-79.327977961989646,43.671957334328532],[-79.328312935824968,43.671061850141491],[-79.327711721278007,43.670377765348299],[-79.326161835159951,43.67035507486105],[-79.324029573683731,43.668973246650971],[-79.325920669217652,43.667875483529912],[-79.325028327246841,43.666511830292166],[-79.323491070524966,43.666039096121011],[-79.32538208181299,43.664941340043242],[-79.324787218605934,43.664032235967568],[-79.323243762360235,43.66378450392974],[-79.322958880704178,43.662879937938506],[-79.322041603860029,43.662416280510719],[-79.318923411721428,43.663045743535925],[-79.31828468733778,43.663711635296721],[-79.31673498021172,43.663688819749744],[-79.315210451641079,43.662765968762137],[-79.313319329642098,43.663863555000304],[-79.313287822020442,43.664988571716052],[-79.310137843338936,43.666742806465052],[-79.309802626825913,43.667638234013019],[-79.311934507243961,43.669020321954086],[-79.313813217814655,43.668372769138955],[-79.315982973748163,43.668404763190395],[-79.31626777365662,43.669309344458988],[-79.317488793576331,43.670002616366126],[-79.319367478189349,43.669354971860997],[-79.319304674994655,43.671605009877098],[-79.317735904234922,43.672257215579975],[-79.317407054916586,43.67292766244595],[-79.319539297865461,43.674309613129971],[-79.318280457652733,43.674966383028391],[-79.317691895641005,43.673832240170498],[-79.316451921845982,43.673813979636499],[-79.315243430577539,43.672670689568143],[-79.314300869961059,43.673106982047656],[-79.313073521786364,43.672638679005509],[-79.312137254273793,43.672849950469391],[-79.310524178072555,43.675077074274441],[-79.311087365546598,43.677111262236998],[-79.312011084979318,43.677350006048954],[-79.31166321078409,43.678695442187617],[-79.310442086628143,43.678002107262657],[-79.308259344337557,43.678420006887855],[-79.307620335445009,43.679085832736511],[-79.307911379700911,43.679765429895923],[-79.305703223227511,43.681083287010146],[-79.306000587261778,43.681537886815143],[-79.304127720992497,43.681960300081521],[-79.304773136527203,43.681069493525378],[-79.303868412044324,43.680155686051066],[-79.302020963958384,43.679678059284413],[-79.300458153158033,43.680105019071519],[-79.299850817477093,43.679645793632723],[-79.302672729180074,43.678562262852616],[-79.30577288828394,43.678608266599404],[-79.307050921582473,43.677276632081778],[-79.306766226890446,43.676372030693216],[-79.307689916848915,43.676610809005098],[-79.309568910348887,43.675963331405114],[-79.309897863899153,43.675292909129681],[-79.308986824620931,43.674604143939717],[-79.309334731919506,43.673258715613407],[-79.308733714944964,43.672574534365779],[-79.307810082025597,43.67233576527159],[-79.306861147308979,43.672996997924862],[-79.305317543625264,43.672749021566311],[-79.305975499791515,43.671408200600119],[-79.307538046093313,43.670981160407749],[-79.309486349903736,43.667858652029416],[-79.30827178839904,43.666940293909384],[-79.306412049990257,43.666912748231738],[-79.30582378748791,43.665778547632797],[-79.303654137525328,43.665746362282185],[-79.302433366280013,43.665052946051155],[-79.30147814517062,43.665939137683878],[-79.298682238254486,43.666122644371733],[-79.297707864294566,43.667683807543639],[-79.296771624370464,43.667894953653139],[-79.296094404974639,43.669910723089437],[-79.294519064345067,43.670787607811612],[-79.295075301386689,43.673046867484004],[-79.29413896890749,43.673257990310809],[-79.292854362370932,43.674814478565089],[-79.292240755674058,43.674580214622097],[-79.292259902699996,43.673905213118992],[-79.294189967077429,43.671457983911601],[-79.292671980348615,43.670309835064714],[-79.291735682925534,43.67052093885497],[-79.290831313131193,43.669607032389351],[-79.288984296192112,43.669129201010811],[-79.287725243237617,43.669785631139767],[-79.286504580323452,43.669092046866581],[-79.284631977189278,43.669514145578063],[-79.284302778122012,43.670184491640647],[-79.282423708206863,43.670831552856477],[-79.28087384675338,43.670808248151197],[-79.280234623186047,43.671473918019643],[-79.280512470434417,43.672603578472348],[-79.278607552833122,43.674150570833788],[-79.278898245065889,43.674830236643047],[-79.282586066945314,43.676011197598953],[-79.283793992184755,43.677154823304633],[-79.285363245421664,43.676503092326726],[-79.285654025007688,43.677182742126305],[-79.28190827531489,43.678026870847376],[-79.281572573378966,43.678922205898033],[-79.282160495721641,43.680056523422536],[-79.281217586513819,43.680492536573595],[-79.278466002347471,43.679100544255121],[-79.277206626326674,43.679756852021271],[-79.276225025485971,43.681542813912998],[-79.274687792515223,43.681069424325095],[-79.273751268087423,43.681280376533849],[-79.273086029201082,43.68284599390784],[-79.273693187684458,43.683305358515142],[-79.273654464050963,43.68465534606824],[-79.272704964488483,43.685316284227767],[-79.270244004183709,43.684603773507725],[-79.269307409929269,43.684814687991818],[-79.268325489528621,43.686600575226038],[-79.265502604648987,43.68768323964553],[-79.26482410011451,43.689698795864075],[-79.263260778961538,43.690125237403706],[-79.262918232335551,43.691245506451274],[-79.260708688655853,43.692562467972564],[-79.262161606989437,43.695960997688573],[-79.261192291307339,43.697296821778188],[-79.262090105945262,43.698435954012695],[-79.263330551826101,43.698454812619445],[-79.264551524849878,43.699148646540202],[-79.265494847212111,43.69871277918196],[-79.266496510936364,43.696251934875626],[-79.267439773615081,43.695816050255871],[-79.267775786767302,43.694920764338875],[-79.270902598786748,43.694067739677131],[-79.27123208498125,43.693397439563569],[-79.270631313597534,43.692713064059262],[-79.272840651735621,43.691395907160768],[-79.272543494580461,43.69094122515623],[-79.273493086597838,43.690280290465175],[-79.27320884363624,43.689375614786954],[-79.273841885704357,43.688934988426574],[-79.273551187866232,43.688255311177386],[-79.274190668297479,43.687589684760852],[-79.276063905751101,43.687167768999181],[-79.276089688045047,43.686267776590768],[-79.280113925901233,43.686553509351882],[-79.281024804124655,43.687242500907452],[-79.277904923741289,43.687870813545324],[-79.276309511956441,43.689422426758668],[-79.275372861852446,43.689633389902625],[-79.273770882490226,43.691409963089257],[-79.274978937193424,43.692553681385206],[-79.276225716592776,43.692347400239527],[-79.278441359648909,43.690805134614848],[-79.279410187744844,43.689469154662717],[-79.285029898924179,43.688203058606575],[-79.287574428110119,43.685990263203323],[-79.288194530975119,43.685999553819137],[-79.288782644190718,43.687133839116044],[-79.290332932338885,43.687157043445318],[-79.290972217990856,43.686491319734472],[-79.290694117637344,43.685361683064542],[-79.291972627421842,43.684030226558221],[-79.290789968827056,43.681986683792893],[-79.291739220761642,43.681325590842299],[-79.29202370952973,43.68223022559544],[-79.293251080155201,43.682698754519166],[-79.294833130263768,43.681596893943613],[-79.29385839446617,43.68315801448275],[-79.294763008195233,43.684071899006227],[-79.293187271609838,43.684948756880566],[-79.293471797692064,43.685853388116598],[-79.294389198922374,43.686317275325663],[-79.29594584178065,43.686115402815282],[-79.298084400821722,43.687272749854195],[-79.299660130053212,43.686395824612354],[-79.299951116574775,43.68707544032236],[-79.299938403596883,43.687525442093708],[-79.299001860067591,43.687736600852332],[-79.297160589040047,43.687033892260175],[-79.296224044175176,43.68724502823239],[-79.294616360441452,43.689246905824099],[-79.296432186363177,43.690849657195578],[-79.298628181537907,43.689981991874561],[-79.298292654625172,43.690877377237022],[-79.299178368059287,43.692466230288225],[-79.297602470258752,43.693343145274838],[-79.298197194454374,43.694252384423677],[-79.300646184515955,43.69541430507676],[-79.301899295103752,43.694982742663875],[-79.303107963509632,43.696126172760763],[-79.304354730384574,43.69591958441751],[-79.305000298762238,43.695028781053651],[-79.304418145824684,43.693669573341687],[-79.306025630414297,43.691667555927381],[-79.305139745601096,43.690078752988086],[-79.306418044186259,43.68874713231525],[-79.308563227549072,43.689679285840157],[-79.30943655421882,43.691718067368136],[-79.311297061849402,43.691745576182974],[-79.311936169469121,43.691079732709895],[-79.31163871517596,43.690625147587276],[-79.31225887353591,43.69063430842661],[-79.313461350451391,43.692002633821026],[-79.315005482594245,43.692250507908234],[-79.31626472486775,43.691593782435184],[-79.316599990240064,43.690698340136493],[-79.31721385823792,43.690932476824635],[-79.318156681681444,43.690496165798123],[-79.318504487631202,43.68915071131179],[-79.320079977906914,43.688273500712498],[-79.32131397499758,43.688516729981508],[-79.32252289258571,43.689659959796565],[-79.32409207296574,43.689007696755837],[-79.324687160904091,43.689916804444096],[-79.322504074428977,43.690334969987475],[-79.321858814729993,43.691225877949968],[-79.324289356019619,43.693062307885008],[-79.326149919393444,43.693089575613477],[-79.327017635185513,43.69535323564314],[-79.325144472853083,43.695775987883884],[-79.324499190971054,43.696666909632775],[-79.325720854010854,43.697360100859136],[-79.325081827762588,43.698026022119137],[-79.325366891747407,43.698930580667941],[-79.32628474314383,43.699394217931889],[-79.326911254858302,43.699178297216626],[-79.327190093979766,43.700307855088397],[-79.328418114623517,43.700776015159072]],[[-79.28758083050829,43.685765263710778],[-79.287574428110119,43.685990263203323],[-79.287264376788897,43.685985616634532],[-79.287270780344883,43.685760617178275],[-79.28758083050829,43.685765263710778]],[[-79.294845878770602,43.681146892897885],[-79.29452947584231,43.681367266949323],[-79.294535851216395,43.681142266457783],[-79.294845878770602,43.681146892897885]],[[-79.294858626982077,43.680696891813589],[-79.294542226516597,43.68091726595658],[-79.294548601742946,43.680692265445749],[-79.294858626982077,43.680696891813589]],[[-79.330201985024502,43.681218788484948],[-79.3298857081938,43.681439262519],[-79.329891951452709,43.681214257931551],[-79.330201985024502,43.681218788484948]],[[-79.34633619369329,43.681003206093401],[-79.346019975778233,43.681223725755032],[-79.34602615869386,43.680998719317195],[-79.34633619369329,43.681003206093401]],[[-79.329575673536652,43.681434731089681],[-79.3298857081938,43.681439262519],[-79.329879464862543,43.681664267096835],[-79.330189500749668,43.681668797721002],[-79.330480813227624,43.68234834139286],[-79.33201854036993,43.68282098779801],[-79.334808922605376,43.682861681792751],[-79.334480200433305,43.683532178722103],[-79.335081619855671,43.68421622972604],[-79.339075015670204,43.685624914544981],[-79.340017601716013,43.685188418875221],[-79.340687342163349,43.683397379247133],[-79.342597191265099,43.681624327431805],[-79.342311941028086,43.680719806415894],[-79.345089867736689,43.681210260278156],[-79.343824959889801,43.682092319215165],[-79.344104048357039,43.683221842851935],[-79.34285766927664,43.683428871756668],[-79.34221898244806,43.684094895804812],[-79.3433724731957,43.687262963625926],[-79.340916754095616,43.686326954969807],[-79.338417626070054,43.686965932225917],[-79.337772636940471,43.687856934909391],[-79.338361709689465,43.688990979901909],[-79.337096538438573,43.689872959007047],[-79.337381749096906,43.690777491090351],[-79.335192486476174,43.691420904839809],[-79.335515022256061,43.690975412169259],[-79.335521246547472,43.690750407313878],[-79.334305827932667,43.689832315694119],[-79.332122805799898,43.690250666146852],[-79.33215398915361,43.689125643571892],[-79.33123000548575,43.688887058891567],[-79.331552556110935,43.688441577469447],[-79.333109144885057,43.688239197591017],[-79.333754206543873,43.687348222462397],[-79.335000695522595,43.68714129479936],[-79.335645717231074,43.686250308190431],[-79.335044271678171,43.685566259961526],[-79.332272469422463,43.684850555597414],[-79.332594989871112,43.684405070459249],[-79.331398456223127,43.68281193544194],[-79.329228163986741,43.682780225718091],[-79.329575673536652,43.681434731089681]],[[-79.351625285434253,43.680404331427916],[-79.351910674998948,43.681308831437384],[-79.350955904596134,43.682195441765863],[-79.351563663593154,43.68265440195988],[-79.352171431852554,43.683113359032639],[-79.353417775379128,43.682906227908084],[-79.354937255702879,43.684053590692642],[-79.353666272712033,43.685160766711434],[-79.352128307525788,43.684688408189245],[-79.35118581426471,43.685125005321666],[-79.350894253886111,43.684445510832099],[-79.350274147078693,43.684436560606557],[-79.350608866219403,43.683541008767996],[-79.350007274344179,43.682857036721131],[-79.346323830105831,43.681453219029549],[-79.346640048164147,43.681232698536981],[-79.346950084464538,43.681237183667136],[-79.348177880543773,43.681705129119734],[-79.350068954786295,43.680606968032237],[-79.351625285434253,43.680404331427916]],[[-79.315990875990991,43.679209488856557],[-79.316282015979468,43.679889066221172],[-79.317515825570013,43.680132333820914],[-79.317193218670795,43.680577775279261],[-79.3184019017677,43.68172104637479],[-79.317750389410236,43.682836936107456],[-79.318971696560098,43.683530195311143],[-79.31864908132269,43.683975640505416],[-79.317111435489352,43.683502815483656],[-79.316478761296366,43.683943688048394],[-79.314934834595221,43.683695836881746],[-79.313985793358881,43.684357125809221],[-79.312441867408737,43.684109240967565],[-79.311809153287598,43.684550086971804],[-79.308721324617522,43.684054237944636],[-79.307158443908676,43.684481287988895],[-79.30493108247228,43.686474130960001],[-79.30337445664891,43.686676126215254],[-79.303083432981268,43.68599651857869],[-79.303703540913972,43.686005725062017],[-79.303709883029754,43.685780723681944],[-79.304665395840431,43.684894520946806],[-79.30469074849951,43.683994514744981],[-79.305633549291755,43.683558306256096],[-79.30841127986082,43.684049648895723],[-79.309980459054643,43.683397579153144],[-79.309993095140456,43.682947574717339],[-79.311524355670485,43.683645496823509],[-79.312460794300094,43.683434233527258],[-79.314434471313817,43.679411638685359],[-79.315990875990991,43.679209488856557]],[[-79.322570303467145,43.676830199682534],[-79.32225402288077,43.677050652675284],[-79.322260293700438,43.676825648791933],[-79.322570303467145,43.676830199682534]],[[-79.302243065336313,43.671803003367792],[-79.301926739033078,43.67202339949467],[-79.301933084694042,43.671798397769322],[-79.302243065336313,43.671803003367792]],[[-79.305981830190845,43.67118319837882],[-79.305975499791515,43.671408200600119],[-79.305665520582153,43.671403605155831],[-79.305671852138516,43.671178602970429],[-79.305981830190845,43.67118319837882]],[[-79.350748851581656,43.667111009445819],[-79.349781963688045,43.668447630238461],[-79.350997201389902,43.669365557428925],[-79.349726465505299,43.670472696132393],[-79.347854231067885,43.670895837282714],[-79.3475195471771,43.671791383424654],[-79.348121003588602,43.672475367636586],[-79.349670961535551,43.672497761249666],[-79.350582444966747,43.6731862091819],[-79.353682403075325,43.673230909225886],[-79.355821654609016,43.674387188445152],[-79.356100937719688,43.675516687241078],[-79.354854756328862,43.675723850459462],[-79.354259341811186,43.674814892725522],[-79.353019324737232,43.674797028537384],[-79.351810108125164,43.67365411407976],[-79.350235456287592,43.674531777782761],[-79.349323956997992,43.673843326977838],[-79.346831613476581,43.674257492331655],[-79.345610161334818,43.673564527726626],[-79.344345424999275,43.674446596239804],[-79.344605930994447,43.676251139099186],[-79.342094867907548,43.677340217727114],[-79.342417274556638,43.676894702498579],[-79.342423470000469,43.676669696299435],[-79.342460641156151,43.675319658903106],[-79.340315418497326,43.674388139342803],[-79.340030233718608,43.673483612624374],[-79.342479225765032,43.674644640075421],[-79.344035424068622,43.674442104597397],[-79.344673985446633,43.67377606736212],[-79.34438873746825,43.672871550431566],[-79.34564725703008,43.672214487419495],[-79.346298136073443,43.671098426556426],[-79.345715259107834,43.669739412626235],[-79.346967521319399,43.669307340400771],[-79.348256797016845,43.667525210937242],[-79.350748851581656,43.667111009445819]]],[[[-79.469553590407415,43.702078029910453],[-79.46955931580591,43.701853010786536],[-79.470817122347086,43.701194561049299],[-79.470552735949866,43.699390256049099],[-79.471488899334219,43.699177685298039],[-79.471816195955739,43.698506774692483],[-79.47121306329862,43.697823420012249],[-79.469668085771147,43.697577645628392],[-79.469082165228585,43.696219222137508],[-79.467847368697676,43.695977577936468],[-79.466905509230202,43.696415138581045],[-79.466572434667967,43.697311053717456],[-79.46804862798362,43.700257098759614],[-79.467721279566504,43.700927997615551],[-79.469553590407415,43.702078029910453]]],[[[-79.533775021619846,43.702244751009339],[-79.533780506850974,43.702019725282561],[-79.536904113948893,43.70115937350328],[-79.537540860887262,43.700492235183894],[-79.53724164114972,43.700038213326359],[-79.538504155166024,43.699153981069188],[-79.537290885461886,43.698012977522325],[-79.535108872222608,43.698435221463619],[-79.534222276539822,43.696623083293467],[-79.53515818556221,43.696409987019422],[-79.537922125100664,43.697570862491261],[-79.53918457656016,43.69668662147739],[-79.541992237780875,43.696047186735193],[-79.542628873417698,43.695380017934603],[-79.542335091166521,43.694700981949232],[-79.543581076655798,43.694491771078205],[-79.543907547816715,43.693820641805516],[-79.544837938521127,43.69383249218231],[-79.545425558354651,43.695190551414598],[-79.54820593762885,43.695676098520714],[-79.548804506940215,43.69658408643533],[-79.550034240861137,43.697049888028566],[-79.550627429714154,43.69818289430367],[-79.549071235475949,43.698388243870085],[-79.548434637618385,43.699055448775333],[-79.549027814898636,43.700188462823597],[-79.549952881800948,43.700425300303642],[-79.551514544753132,43.699994911911197],[-79.551803037981387,43.700898953072475],[-79.552722713064327,43.701360796018498],[-79.556776527288292,43.700511676726457],[-79.557728607954743,43.699623310981245],[-79.557445426937434,43.69849425520394],[-79.558691443133128,43.698284880065231],[-79.559648847391458,43.697171468648556],[-79.557814922770021,43.69602285828109],[-79.556253406497348,43.696453335125469],[-79.556264206564535,43.696003278711828],[-79.559681171469776,43.695821297446855],[-79.560643900559143,43.694482847770011],[-79.561868308148277,43.695173551599275],[-79.562804102498063,43.694960227173155],[-79.563130363331254,43.694289040104145],[-79.564066139635784,43.694075705058836],[-79.56472398348086,43.692508292696402],[-79.565953762667405,43.692973923842274],[-79.566894868587809,43.692535535809249],[-79.567868095606428,43.690746962553078],[-79.56758476105864,43.689617928153147],[-79.566355036703328,43.689152315065769],[-79.565103869273742,43.689586806420685],[-79.564189643169854,43.688900034094132],[-79.562029645863987,43.688422683247666],[-79.561131613384589,43.687060799807831],[-79.558041423025529,43.686571658461752],[-79.556779459368258,43.687456116121446],[-79.557682791411764,43.68859300374303],[-79.556420779411283,43.68947745647634],[-79.557024810693832,43.690160374663421],[-79.556698505807958,43.690831544137104],[-79.559141721499046,43.692438049725801],[-79.56038760628968,43.692228654057082],[-79.559745812883719,43.693120954025559],[-79.555730349132261,43.692394989308312],[-79.554468227774592,43.693279418399506],[-79.554446602580001,43.694179530906752],[-79.552580389676748,43.694381006770939],[-79.552912172551416,43.693484822390616],[-79.552318984339536,43.692351827116738],[-79.553570298423352,43.691917478032856],[-79.553896644178224,43.691246318182955],[-79.552982523647245,43.690559457815191],[-79.552400187798213,43.688976406524361],[-79.551159762913997,43.688960687790527],[-79.5499356058384,43.688269871964472],[-79.548983595914791,43.689158175395363],[-79.54744392589167,43.688688423229664],[-79.546502743413512,43.689126650217446],[-79.545213357882133,43.691136113603037],[-79.543956557135658,43.691795397776474],[-79.543929330367334,43.692920533442518],[-79.539908625169161,43.692419042504113],[-79.538689996045619,43.691503080742777],[-79.53933208067626,43.690610902928356],[-79.539038357712201,43.689931858766272],[-79.537498749273539,43.689461973473918],[-79.534995983769022,43.69033030420367],[-79.534663954060235,43.691226433532186],[-79.535572394899575,43.692138463870883],[-79.533374129821425,43.693235756407084],[-79.532759365934865,43.693002768897671],[-79.531878407414439,43.69096558698191],[-79.533129833972382,43.69053146330409],[-79.533456398245292,43.689860364779626],[-79.532237919970584,43.688944335927175],[-79.530992013751188,43.689153424375455],[-79.530698392157618,43.688474360037539],[-79.531035957017593,43.687353216402727],[-79.531982709658024,43.686690091721339],[-79.531689088090474,43.686011029656768],[-79.532635812165623,43.685347899013209],[-79.532037596352239,43.684439829688301],[-79.531417436145404,43.68443186217538],[-79.532059549249098,43.683539724610633],[-79.531765941226539,43.682860662584936],[-79.530226571627239,43.682390682102927],[-79.528355153125531,43.682816792791158],[-79.52745797005413,43.681454655379312],[-79.525597586273179,43.681430669509943],[-79.524944372738645,43.682772821260947],[-79.525547977079995,43.683455900595099],[-79.5243021637244,43.683664917579051],[-79.523034254294842,43.684774022232759],[-79.523632336165818,43.685682136757926],[-79.524252507083474,43.685690146688337],[-79.523610255618166,43.686582238088306],[-79.524828553207271,43.687498356765573],[-79.526068933390249,43.687514360808819],[-79.526046887867324,43.688414462837173],[-79.528195573978579,43.689342541162098],[-79.528467159869606,43.690921714102693],[-79.529979244381252,43.692516849233243],[-79.531452961197914,43.695687145516153],[-79.531120847283646,43.696583262571501],[-79.531708180758116,43.697941387718338],[-79.529204979005641,43.698809584201143],[-79.529160963390964,43.700609787073354],[-79.53037962547053,43.701525849597147],[-79.533775021619846,43.702244751009339]]],[[[-79.48074220641314,43.701326938008911],[-79.480747889815873,43.701101917683445],[-79.481684046293751,43.700889263328236],[-79.481718124067385,43.699539140539891],[-79.483291573195842,43.698659650023863],[-79.483940220880712,43.697542776848849],[-79.483664110155274,43.696188537268263],[-79.482130473200613,43.695492889664905],[-79.479322242460412,43.696130844714858],[-79.477782965443225,43.695660159825728],[-79.475663365704449,43.69360604226857],[-79.473802650451873,43.693581207993404],[-79.473165281770733,43.694247982639361],[-79.473452566809925,43.695152204851638],[-79.471884786270763,43.695806540033615],[-79.471557505941618,43.696477451369582],[-79.472775191651152,43.697394114796474],[-79.474015746228943,43.697410686636815],[-79.474291643922939,43.698764946149126],[-79.473344074947704,43.699427579380149],[-79.473637095055665,43.70010678113082],[-79.476405673440183,43.701044109215744],[-79.477674779353961,43.699935542588399],[-79.478921079119985,43.699727041824445],[-79.479208474968772,43.700631250373583],[-79.48074220641314,43.701326938008911]]],[[[-79.513652888898363,43.700409141106995],[-79.515220351954071,43.699754228572822],[-79.51586842404221,43.698637166059491],[-79.514965745425656,43.697499958943339],[-79.510972851671966,43.695872330168903],[-79.508491764758773,43.695839976113909],[-79.507550193985594,43.696277876069267],[-79.506896410453905,43.697619913178869],[-79.507499951671122,43.698303085323595],[-79.509355265951086,43.698552396531966],[-79.510872593624185,43.699922754508179],[-79.512118787886195,43.699713889999259],[-79.513652888898363,43.700409141106995]]],[[[-79.414411029584457,43.69885019156127],[-79.415663432398901,43.698417370282755],[-79.415693062685691,43.697292302668259],[-79.417273311044667,43.696188721001846],[-79.417326586003412,43.694163596755715],[-79.416109826261462,43.693246355765211],[-79.413939066398399,43.693216248724234],[-79.411815825389638,43.691385993919923],[-79.41275205703549,43.691173905372594],[-79.412781734257308,43.690048837912649],[-79.414683782973157,43.688499567573558],[-79.414081405031283,43.687815921574256],[-79.41223279687577,43.687340060477304],[-79.410354499982319,43.687989236662439],[-79.410068198934241,43.687084869705004],[-79.408535670562031,43.686388249787605],[-79.407593546048645,43.686825317952561],[-79.407259650472724,43.687721048962992],[-79.408708892435214,43.691567869223469],[-79.409609452285366,43.692705884910389],[-79.410229662484582,43.692714514539077],[-79.409889823866024,43.693835265517741],[-79.411058956211122,43.696552676259302],[-79.412275702795398,43.69746997036895],[-79.412901899247757,43.697253573034018],[-79.413182351603012,43.698382945961313],[-79.414411029584457,43.69885019156127]]],[[[-79.369782449295883,43.697096781206874],[-79.371345241427207,43.696668873617512],[-79.372652672684964,43.694211448446943],[-79.373899183396134,43.694004096793215],[-79.374537633250185,43.693337892927964],[-79.373941751969127,43.692429033078284],[-79.370573330633903,43.690805384332201],[-79.369004587695954,43.691458292714863],[-79.368341690454017,43.693024499244885],[-79.365860889686047,43.692989051258792],[-79.364596026661545,43.693871339288172],[-79.365185664695971,43.695005253720467],[-79.366426105653645,43.695022992414664],[-79.367636021882817,43.69616575918495],[-79.369782449295883,43.697096781206874]]],[[[-79.495770633288828,43.695898338748044],[-79.495776259418918,43.695673316647571],[-79.497033655807854,43.695014571611516],[-79.496441513588948,43.693881301527306],[-79.490002341283756,43.69087015120963],[-79.488130390729992,43.691295594556337],[-79.487803316224998,43.691966555927863],[-79.488406582881382,43.69264982560253],[-79.495770633288828,43.695898338748044]]],[[[-79.395916906359332,43.69431527434773],[-79.3959229055382,43.694090262844057],[-79.397795551604247,43.693666341628784],[-79.398135613441582,43.692545630042822],[-79.40004409607657,43.690771599086666],[-79.399745970754111,43.690317233075817],[-79.401934538638912,43.689672571068094],[-79.401958441068132,43.688772521615363],[-79.403210717597972,43.688339834246342],[-79.403550646034375,43.687219103525656],[-79.40544091273064,43.68612001413883],[-79.403675983841751,43.68249383643613],[-79.401517576379433,43.682013473995873],[-79.400605367733277,43.681325422367024],[-79.39873312670889,43.681749396734418],[-79.39839314284275,43.682870113251923],[-79.396484869766979,43.684644122112289],[-79.39677095512549,43.685548520151684],[-79.397993251574349,43.686240949293349],[-79.394570480970017,43.686643108492945],[-79.393032140957402,43.68617129511594],[-79.391767813828608,43.687053893330813],[-79.392065862844149,43.687508279226769],[-79.389889315045224,43.687702729857229],[-79.388667085203949,43.687010215180855],[-79.387086569756121,43.688113398538725],[-79.387974610070756,43.68970159979709],[-79.38951299787108,43.690173481767815],[-79.3900850138875,43.691982307919169],[-79.391009292147785,43.692220420876616],[-79.392261716395993,43.691787856085035],[-79.393167973676384,43.692700985350996],[-79.394104287185087,43.69248905097642],[-79.394384365668273,43.693618465164612],[-79.395916906359332,43.69431527434773]]],[[[-79.506681219488186,43.693790465907213],[-79.510746265362684,43.692492933371774],[-79.510774112062336,43.691367814403925],[-79.511721147815706,43.690704862147427],[-79.511128767070971,43.689571663992538],[-79.508332258625458,43.689760293490764],[-79.508974769460465,43.688868292175272],[-79.508371303009611,43.688185127843646],[-79.505580440322518,43.688148667296453],[-79.504362428482722,43.687232347527008],[-79.502485087454772,43.68788305258942],[-79.500325647817633,43.687404542868265],[-79.49906844780061,43.688063327795085],[-79.496604560681916,43.687355652446641],[-79.49478904509732,43.685530982899145],[-79.493227375872792,43.685960596671826],[-79.491682603484165,43.685715122563941],[-79.492962370301896,43.684156330094922],[-79.492680473881322,43.683027129478624],[-79.493317507029317,43.682360239852315],[-79.492714283829031,43.681676995599737],[-79.491169623195233,43.681431516003308],[-79.490267665895999,43.680294120969606],[-79.488728700848029,43.679823586906878],[-79.487167139869541,43.680253119795822],[-79.487138862815343,43.681378228789661],[-79.484923146418822,43.683149648925763],[-79.483378482849773,43.682904063983401],[-79.485622540316783,43.680007566016734],[-79.485053405795071,43.67797415250083],[-79.483835914156359,43.677057619905234],[-79.481958680946022,43.677707990249907],[-79.481631616160215,43.678378935574727],[-79.47884692830263,43.678116807735854],[-79.477905429442728,43.678554465634448],[-79.477876980999696,43.679679570137019],[-79.479415853501493,43.68015024906726],[-79.478135828090714,43.681708886990215],[-79.478704759749007,43.683742330769761],[-79.480553813747363,43.684217122816541],[-79.481495383683722,43.683779444529719],[-79.482684607447808,43.685821108281992],[-79.485751443532422,43.687212363752153],[-79.487307540019799,43.687007875066421],[-79.487905098844905,43.687916168729245],[-79.488829724132216,43.688153495297257],[-79.489416019853167,43.689511824721784],[-79.490340675784495,43.689749139442021],[-79.491282264434275,43.689311381144087],[-79.493402258173575,43.691365216004613],[-79.494648329777519,43.691156540037312],[-79.494975323832904,43.690485557812003],[-79.496525855133356,43.690505966790504],[-79.498668530022769,43.691659616969176],[-79.501166248867108,43.691017113287153],[-79.503331421516151,43.691270585738671],[-79.504239381234797,43.692182858350066],[-79.505474257219063,43.692424110420298],[-79.505152958828944,43.692870100824393],[-79.505756433813389,43.693553281759634],[-79.506681219488186,43.693790465907213]],[[-79.481805453338893,43.68378356407699],[-79.481495383683722,43.683779444529719],[-79.481501060793363,43.683554423432334],[-79.481811129290378,43.683558542947409],[-79.481805453338893,43.68378356407699]]],[[[-79.47878163070277,43.692972304147389],[-79.478787319779826,43.692747283696541],[-79.480992213834512,43.691426034716315],[-79.480095990205669,43.690063541204104],[-79.483839894794869,43.68921288703249],[-79.484166997365847,43.688541937118558],[-79.483569489555677,43.687633624735916],[-79.482340480429116,43.687167117419854],[-79.47921686630626,43.688025978923065],[-79.478016338488246,43.686434322195723],[-79.475845760528784,43.686405394373281],[-79.47648871066167,43.68551358174124],[-79.476195724641414,43.684834386193586],[-79.474346688161333,43.684359523900788],[-79.475609771863873,43.683475992901073],[-79.475029545736135,43.68189257619261],[-79.474110777799908,43.681430119506018],[-79.472864843551051,43.681638573769099],[-79.471951808840828,43.680951079757691],[-79.470705877735043,43.681159510532872],[-79.470068610629468,43.681826270739066],[-79.470355794825622,43.682730501082951],[-79.467806557245268,43.685397509154079],[-79.468099450540279,43.686076724792727],[-79.470545777202943,43.68746006868281],[-79.471791839876801,43.687251641801659],[-79.472079073705203,43.688155867744797],[-79.472997926823652,43.688618341519408],[-79.475179985092637,43.688197284081305],[-79.472969376657616,43.689743441464159],[-79.472935114274705,43.691093561084699],[-79.475703270352,43.692030901371652],[-79.476966498730121,43.691147358591991],[-79.477552552224481,43.692505744704107],[-79.47878163070277,43.692972304147389]]],[[[-79.383274959093868,43.691435975571459],[-79.383281004933238,43.691210965352404],[-79.384533461021903,43.690778485734235],[-79.386466413985389,43.688104644070329],[-79.385554290687637,43.68741647422685],[-79.38502471703427,43.684032552116662],[-79.383194601300957,43.682881194410371],[-79.381930203648565,43.68376368309184],[-79.38250193533689,43.685572544667494],[-79.377887368856591,43.684156561424537],[-79.376622867761725,43.68503898955391],[-79.376598589642015,43.685939028384588],[-79.375036113716703,43.686367013539062],[-79.373741120870406,43.688374454891665],[-79.375875225544661,43.68975537951583],[-79.377735734990068,43.689781806000539],[-79.37864780207066,43.690470037148508],[-79.381456761469735,43.689834568161366],[-79.382046682569879,43.690968400684348],[-79.383274959093868,43.691435975571459]]],[[[-79.51421869510429,43.690062070490661],[-79.515791429605287,43.689182120699371],[-79.515210089699977,43.687598893652364],[-79.5170540203614,43.68829812505335],[-79.518299953113114,43.688089188981749],[-79.519590161179181,43.686080040094588],[-79.51837197298056,43.685163866892189],[-79.517120556998776,43.685597829417929],[-79.514329803164827,43.685561584183702],[-79.513427343411237,43.684424365607953],[-79.511888084068602,43.68395413968242],[-79.510946725591566,43.684392071523959],[-79.510614374791913,43.685288127219899],[-79.512989390296539,43.689595888906872],[-79.51421869510429,43.690062070490661]]],[[[-79.459681254006966,43.687764342877337],[-79.459687013452566,43.687539324228979],[-79.461869118387639,43.687118521701564],[-79.462845350069088,43.685330885998532],[-79.462564015958819,43.684201619577827],[-79.464763199575629,43.683105701735997],[-79.464476098168817,43.682201458608468],[-79.463557409057771,43.681738918219573],[-79.465434959575717,43.681088855411346],[-79.466663709750136,43.681555541274406],[-79.467605335318581,43.681117978120376],[-79.467633977130461,43.679992879289557],[-79.468265525132423,43.679551152444212],[-79.46797838632078,43.678646917046436],[-79.46892567954032,43.677984322031563],[-79.468328504346246,43.67707593325791],[-79.466491233658843,43.676150907843812],[-79.465239648708433,43.676584300113426],[-79.464964043044148,43.675230018163539],[-79.464045454969565,43.674767482668813],[-79.460899232119601,43.676525928465949],[-79.460864714899387,43.677876043593756],[-79.459917336559883,43.67853857050477],[-79.460210109046159,43.679217805341374],[-79.457413958059817,43.67940519379777],[-79.455811789592062,43.681409425248624],[-79.456104528499907,43.682088669793487],[-79.454531132640213,43.682967788945646],[-79.455403571288215,43.685230547684746],[-79.457832265989211,43.687289214184233],[-79.459681254006966,43.687764342877337]]],[[[-79.539082061522265,43.688131644562368],[-79.539087524213656,43.687906617744396],[-79.540333378724185,43.687697440226962],[-79.540969941696559,43.687030278740451],[-79.541002673292823,43.685680116294002],[-79.539784160942219,43.684764166833766],[-79.540105160355594,43.684318074224265],[-79.543162395362089,43.686157861108974],[-79.544413642887264,43.685723610959137],[-79.548444798608628,43.685774882564687],[-79.549385914297261,43.685336638402809],[-79.549413031880519,43.68421149851482],[-79.547884341813358,43.683291697709677],[-79.548537053191623,43.681949407872416],[-79.546404606042785,43.680346626661233],[-79.546747262298041,43.679000402414054],[-79.549864069299403,43.67836470184244],[-79.551376421810261,43.679959560747676],[-79.553552248759331,43.679762022527292],[-79.553541434538019,43.6802120796861],[-79.552295777766872,43.680421404271222],[-79.551343929377566,43.681309730766067],[-79.552557141132496,43.68245058736256],[-79.558170802255461,43.681170965385185],[-79.558453923968344,43.682300021750031],[-79.559988138139943,43.682994654108249],[-79.561249960294802,43.682110158394487],[-79.560961407151041,43.681206137477496],[-79.563452689676467,43.680787285347684],[-79.56348490998667,43.679437108006425],[-79.564741240801325,43.678777601145129],[-79.564452649652821,43.677873588027936],[-79.563223187980455,43.677407943955345],[-79.559475691009311,43.678486255793921],[-79.557033022755462,43.676879761270605],[-79.552676174000624,43.677499960639238],[-79.551484713605547,43.675458991567758],[-79.554019052304852,43.67324011239868],[-79.552506792951434,43.671645288022034],[-79.551582154766919,43.671408476080593],[-79.550325839536313,43.67206783923055],[-79.549727481054845,43.67115985858166],[-79.548182836158787,43.670915149759885],[-79.546921064838855,43.671799503464293],[-79.547209364844818,43.672703557704189],[-79.546279299634975,43.672691731154025],[-79.545360107590412,43.672229840917552],[-79.54663277314971,43.670895448479264],[-79.546034482056669,43.669987449254364],[-79.542624401292656,43.669944015342459],[-79.541710728794612,43.66925706865554],[-79.53860523770382,43.669442498258562],[-79.537968840050624,43.670109650813906],[-79.538256997615477,43.671013725893886],[-79.53731056386998,43.671676908768625],[-79.537604183649009,43.672355957950735],[-79.538523316424403,43.67281790975477],[-79.539774316217233,43.672383705991749],[-79.540698920285806,43.672620612994791],[-79.538479619253337,43.674618128350957],[-79.539077839504088,43.67552616546056],[-79.540312525236047,43.675767038879577],[-79.541889958395984,43.674661689589897],[-79.543750146604367,43.674685407396424],[-79.544663923542075,43.675372338623824],[-79.545594029484931,43.675384178891527],[-79.546850465328717,43.674724869827728],[-79.548079741436396,43.675190687732297],[-79.548982729387333,43.676327641634906],[-79.546170629254107,43.677192292143118],[-79.544326684607455,43.676493529297005],[-79.542118254902363,43.678041058465809],[-79.542395612631779,43.679395178271179],[-79.5433148892498,43.679857093006262],[-79.543940448606861,43.679639967686988],[-79.544544240742681,43.680322949623054],[-79.543586836680404,43.681436237517723],[-79.544495270803125,43.682348198261018],[-79.54416342902725,43.683244359004803],[-79.541677373451193,43.683437759865619],[-79.541998351636167,43.68299166154123],[-79.540502545171393,43.680721600058028],[-79.540524368673999,43.679821490988409],[-79.539305979969399,43.678905537284919],[-79.537744785435322,43.679335766837688],[-79.53741286147671,43.680231907256562],[-79.532114427039744,43.681289461255275],[-79.531787896975501,43.681960557367248],[-79.5323915720613,43.682643601628186],[-79.535176737023903,43.682904430641635],[-79.535165784248704,43.683354483877494],[-79.532978806765342,43.684001721944796],[-79.532951382223899,43.685126853640313],[-79.536324000395155,43.686745774485502],[-79.536949656222447,43.686528689053667],[-79.538157227490885,43.687894721838994],[-79.539082061522265,43.688131644562368]],[[-79.54011061849603,43.68409304715297],[-79.540105160355594,43.684318074224265],[-79.539795079729473,43.684314112781379],[-79.539800539028221,43.684089085741029],[-79.54011061849603,43.68409304715297]],[[-79.540730777621391,43.684100967454306],[-79.540725321797566,43.684325994587461],[-79.540420698027106,43.684097007724056],[-79.540730777621391,43.684100967454306]]],[[[-79.571391578902293,43.686064029411561],[-79.572963391851061,43.685183279191314],[-79.572364563580123,43.684275412615612],[-79.573925652036294,43.683844708801303],[-79.574877213092293,43.682956190566806],[-79.573390822262624,43.68023648139139],[-79.572471302799784,43.679774805384149],[-79.569354645028497,43.680411124707334],[-79.568697061579314,43.681978570434993],[-79.567162769427071,43.681284053853901],[-79.566227203529991,43.681497417616427],[-79.564944006135477,43.683282087953671],[-79.565831347348578,43.685094001925258],[-79.570172587924105,43.685148397586374],[-79.570466642390741,43.685827366785865],[-79.571391578902293,43.686064029411561]]],[[[-79.497353962197394,43.68218828734171],[-79.498921116484226,43.681533592074288],[-79.500471420025491,43.681553944234295],[-79.501750870463866,43.679995047675533],[-79.501181188989861,43.677961706624991],[-79.499957840489856,43.677270365588889],[-79.498385196483895,43.678150100386425],[-79.498667179991259,43.679279289079517],[-79.497128171903015,43.678808867485756],[-79.495865497392501,43.679692643035899],[-79.495826137397216,43.681267802025047],[-79.497353962197394,43.68218828734171]]],[[[-79.471710311329431,43.678246690929427],[-79.473599078345558,43.677146449841146],[-79.47397755809537,43.67445034289112],[-79.472438874630228,43.673979593034446],[-79.471187376261,43.674413051902981],[-79.468775891134342,43.67167960502622],[-79.466295849367398,43.671646349654424],[-79.465624232311256,43.673663206246935],[-79.466221333888285,43.674571608576258],[-79.471710311329431,43.678246690929427]]],[[[-79.458080154928538,43.677613411334754],[-79.458085918318162,43.677388392454809],[-79.459021778429971,43.677175918632734],[-79.45935484492712,43.676280022465427],[-79.461542291719141,43.675634200156495],[-79.461875311734801,43.674738295726897],[-79.464056935958766,43.674317443413386],[-79.464395649893433,43.673196511082054],[-79.46317857353003,43.67227976372164],[-79.463528774707044,43.670708794250402],[-79.462926007065306,43.670025398117239],[-79.461686023106935,43.670008714196541],[-79.45954483553038,43.668854388219174],[-79.457989126336159,43.669058505023202],[-79.459573615649077,43.667729291218755],[-79.458976680298605,43.666820855594175],[-79.457742527108522,43.666579110533988],[-79.454935412187396,43.667216485548046],[-79.453098649938099,43.666291250789847],[-79.450882518294534,43.668062008754653],[-79.451461982768592,43.669645540340269],[-79.45238617744468,43.669883156217566],[-79.451737261757401,43.670999851230476],[-79.453556806423705,43.672600164785337],[-79.453522129324767,43.673950276175283],[-79.451925769211485,43.675729436848997],[-79.453142739083589,43.676646302015826],[-79.454078603889187,43.676433868740155],[-79.454997138186741,43.676896483466528],[-79.455938772017205,43.676459016283431],[-79.458080154928538,43.677613411334754]]],[[[-79.571872533700571,43.678866936235394],[-79.573123429332242,43.67843236624693],[-79.573454813715628,43.677536114382107],[-79.574379636046174,43.677772751568398],[-79.575320441818647,43.67733428890881],[-79.575651787186374,43.676438029973987],[-79.574742961422174,43.675526310746029],[-79.573208759910372,43.67483187587856],[-79.570097711087342,43.675243189081925],[-79.568253537707335,43.674544809095039],[-79.566366542574272,43.675646640307086],[-79.566040424093245,43.676317840636372],[-79.566644437713194,43.677000709187055],[-79.569434859699442,43.677035671778171],[-79.570947705056824,43.678630278707367],[-79.571872533700571,43.678866936235394]]],[[[-79.558337863850142,43.674195062125797],[-79.558343251934787,43.673970032837609],[-79.560524222366169,43.673547328924833],[-79.561165788022734,43.67265501856496],[-79.559637203042612,43.671735374755976],[-79.559979510347048,43.670389104075902],[-79.558777163935318,43.668798266300833],[-79.556008719649228,43.667862931668331],[-79.55474712613497,43.668747374732888],[-79.555345537994725,43.669655330189933],[-79.553426032538312,43.672107121457067],[-79.555563782406054,43.673484743394404],[-79.557113918176057,43.673504324488022],[-79.558337863850142,43.674195062125797]]],[[[-79.546969935193729,43.669774248894129],[-79.548220812704201,43.669339950701136],[-79.548547088639538,43.66866880267591],[-79.546485703994549,43.664140654878224],[-79.54834557109848,43.664164293396674],[-79.549313444548091,43.662600899626995],[-79.548736878075161,43.660792798382488],[-79.54720335656593,43.6600980220677],[-79.547839544546974,43.65943081403806],[-79.547545867798149,43.65875178893058],[-79.546626875681156,43.65828991063001],[-79.544141858895529,43.658483380456133],[-79.542918394597947,43.657792495688099],[-79.541977669043249,43.658230694018158],[-79.541645932450308,43.659126852464354],[-79.539780771787946,43.659328135137308],[-79.538894578895452,43.657516027294896],[-79.537344867012578,43.657496204879379],[-79.536708585350965,43.658163353352293],[-79.53699120654295,43.659292460120831],[-79.534152364808335,43.661281963845006],[-79.534440426127674,43.662186048500047],[-79.535669349296171,43.66265199593488],[-79.537540088715232,43.662225754447881],[-79.53782820525295,43.663129831198233],[-79.539057174668415,43.663595742765558],[-79.541259692174378,43.662273290677931],[-79.541281490324707,43.661373178388928],[-79.542526786406356,43.661163968198593],[-79.543418581803166,43.662751020791575],[-79.542760532169552,43.664318315219553],[-79.544576899637264,43.666142240584605],[-79.54392428129762,43.667484512573004],[-79.54512076928259,43.669300529283582],[-79.546969935193729,43.669774248894129]]],[[[-79.580461634407712,43.669744951310243],[-79.580466939000033,43.669519919672169],[-79.581402270225837,43.66930643566053],[-79.582358784481997,43.668192816452041],[-79.583588213162571,43.668658254827804],[-79.584833525524175,43.668448583910617],[-79.585469392647141,43.667781162849323],[-79.584865252721414,43.667098391080003],[-79.585185823770516,43.666652164654053],[-79.587339960953727,43.667354103839216],[-79.588900505680641,43.666923186787407],[-79.588937412211706,43.665347958600194],[-79.587088033607088,43.664874915100476],[-79.586494465490063,43.663742086801285],[-79.588086571022387,43.66196098391444],[-79.587487734550379,43.661053193039798],[-79.583479331115058,43.6601031915067],[-79.582213002208078,43.661212978896614],[-79.583694055721836,43.664157613329884],[-79.581844756812899,43.663684485940763],[-79.580893609015149,43.664573070675146],[-79.579963655602242,43.664561519891357],[-79.578124999813426,43.663638269123823],[-79.577184430439075,43.664076759106614],[-79.576831911204295,43.66587315141912],[-79.575896618392463,43.666086598656754],[-79.575565337624354,43.666982860711812],[-79.576784051516967,43.667898433925743],[-79.578344682245259,43.667467662291898],[-79.579232208798089,43.669279479410442],[-79.580461634407712,43.669744951310243]],[[-79.584875827963714,43.666648326727888],[-79.584560543470332,43.666869520112101],[-79.584565832218189,43.666644487961342],[-79.584875827963714,43.666648326727888]]],[[[-79.527146145747579,43.668845201396771],[-79.528087143826184,43.668407129832573],[-79.529316141668076,43.668873146201626],[-79.530251632910051,43.668660083251588],[-79.530899078032107,43.667542920914748],[-79.530301058361644,43.666634842624298],[-79.531851000447219,43.666654763825534],[-79.532487427430112,43.665987645391247],[-79.532193894833924,43.665308583581378],[-79.533450260273668,43.664649419826929],[-79.532259699529831,43.662608258634521],[-79.531335283164125,43.662371285588428],[-79.530084434932604,43.662805399786684],[-79.528872041222556,43.661664312420349],[-79.526984752881603,43.662765491256003],[-79.525445931840579,43.662295452582882],[-79.524200557943473,43.662504475420199],[-79.523553046266443,43.663621599764184],[-79.524460911130461,43.664533714407902],[-79.521942443850378,43.666076853227302],[-79.522540330975829,43.666984973474563],[-79.525928182050279,43.667929109381369],[-79.526221655532794,43.668608186162189],[-79.527146145747579,43.668845201396771]]],[[[-79.567585736520826,43.663506664368967],[-79.567591088053703,43.663281633745569],[-79.568526364702947,43.663068254188197],[-79.570135001508689,43.660612315591422],[-79.570183072523278,43.658587036357147],[-79.568350098359417,43.657438600938598],[-79.567099609655301,43.657873125769747],[-79.566142985470194,43.658986617579629],[-79.564929973545901,43.657845903645097],[-79.563380235330513,43.657826434067033],[-79.562102848499265,43.659386055200564],[-79.56238595251483,43.660515105609548],[-79.564544957543276,43.660992438192324],[-79.564512781715038,43.662342620533934],[-79.567585736520826,43.663506664368967]]],[[[-79.509643354904682,43.66186537622962],[-79.511198721689325,43.661660550750064],[-79.512466347341942,43.660551569220011],[-79.511868674782122,43.659643398364928],[-79.514674870022887,43.659004610226319],[-79.515316947322333,43.658112562558308],[-79.514099379583925,43.657196348473612],[-79.510673382868376,43.657827047632864],[-79.509804790303932,43.655339651101023],[-79.510751259143291,43.6546766948547],[-79.51045246163595,43.654222605469116],[-79.511415583834719,43.652884567211039],[-79.510508090089701,43.651972352475759],[-79.508355432794318,43.651268983886666],[-79.508997517136649,43.650376970714767],[-79.508399994120012,43.649468782351654],[-79.510298315850477,43.647917855909832],[-79.507858205218511,43.646310338466506],[-79.506917414076383,43.646748247945496],[-79.505993344626418,43.64651107419283],[-79.506010079286185,43.645835998850806],[-79.507238444191046,43.646302245365916],[-79.50911999430177,43.645426412814054],[-79.509717489849308,43.646334597615223],[-79.511266895480915,43.64635479048043],[-79.510940334666302,43.64702583038828],[-79.511543430974228,43.647708980430494],[-79.514000344493226,43.648641343559973],[-79.51524546289771,43.648432427800103],[-79.514913388661228,43.649328505220005],[-79.515815368936416,43.650465711718169],[-79.519528681724111,43.65073897089524],[-79.51885355949581,43.652981202476369],[-79.520071117455572,43.653897366377819],[-79.522589113936306,43.652354259042475],[-79.525666230130781,43.653294386647801],[-79.526927912296202,43.652410263777533],[-79.526634504797258,43.651731187949778],[-79.522046557592091,43.649195873001851],[-79.523900431175434,43.649444929455093],[-79.52511248962287,43.650586067102076],[-79.526047709083457,43.650373034081262],[-79.527259827010568,43.651514149616041],[-79.528825860110601,43.650859024871345],[-79.528836847817033,43.650408970345993],[-79.530375395420108,43.65087896037948],[-79.531310602003529,43.650665884098949],[-79.532577626628168,43.64955666888649],[-79.531680822361011,43.648194562587733],[-79.532615982695901,43.647981474871855],[-79.532947787094628,43.647085341973259],[-79.534508172181361,43.646655164284162],[-79.534519115852575,43.646205108280434],[-79.535443299102056,43.646442052896752],[-79.536704694526833,43.645557817001929],[-79.536128657560482,43.643749654541104],[-79.537085580298196,43.642636415504732],[-79.53834141429887,43.641977188015055],[-79.540825764253412,43.641783834466878],[-79.542706698184048,43.640907439372924],[-79.543032872741549,43.640236302548345],[-79.541815229605305,43.639320380140823],[-79.539646285421327,43.639292687449078],[-79.53936915020887,43.637938555209892],[-79.537836314572999,43.637243660205947],[-79.536580575203715,43.637902883989639],[-79.5356018551266,43.639916234173043],[-79.534047125611508,43.64012140166637],[-79.533084712421612,43.641459643565376],[-79.531209108757878,43.642110850145158],[-79.531176207544135,43.643461017012243],[-79.52993124288129,43.643670108766273],[-79.529289539401802,43.644562245987295],[-79.527120418792265,43.644534312990444],[-79.526528176735951,43.643401188117565],[-79.523750387935181,43.642915146011241],[-79.523457059806148,43.642236062098156],[-79.522532990353142,43.641999021967386],[-79.522577113960679,43.640198805936805],[-79.52134874904668,43.639732723898049],[-79.521055462661664,43.63905363406051],[-79.526665683424199,43.637775502277044],[-79.527905041338556,43.637791472002384],[-79.528812594403277,43.638703551486046],[-79.52974761608489,43.638490484953515],[-79.530405702133208,43.636923259379778],[-79.5316614865134,43.636264104006138],[-79.531373580532986,43.63536001070969],[-79.530455067718279,43.634898007326576],[-79.528900452454948,43.635103106562347],[-79.528601609977585,43.63464906255934],[-79.529237724944025,43.633981954312432],[-79.528020419139011,43.633065888713737],[-79.521481203198817,43.634332074728036],[-79.52119345902895,43.633427957797508],[-79.520269533054361,43.633190901063266],[-79.519068961931524,43.631599660955004],[-79.519400869912957,43.630703566485018],[-79.518814430053979,43.629345375876319],[-79.521613620537806,43.628931420113965],[-79.522565052581129,43.628043327811874],[-79.522271805712435,43.62736424036386],[-79.520733919384782,43.626894148817556],[-79.517929288332937,43.627533111516705],[-79.517342910722178,43.62617491354132],[-79.516114870559164,43.625708778802128],[-79.514538279659334,43.626813793061132],[-79.51482589470757,43.627717925880852],[-79.513575658316753,43.62815187052523],[-79.512369811815915,43.62678558924673],[-79.51330470198792,43.626572654999293],[-79.513968618762362,43.624780498435271],[-79.514903472367308,43.624567550509084],[-79.515229860944984,43.623896494343036],[-79.511263997705697,43.621368817849202],[-79.510019428096285,43.6215776990257],[-79.509383238009747,43.622244700526593],[-79.509980517366301,43.62315288427682],[-79.509654075036366,43.623823924752301],[-79.506545281488698,43.624233542937326],[-79.50528390743797,43.62511744919275],[-79.504055985344692,43.62465118644171],[-79.503121094561209,43.62486404505556],[-79.502546250205071,43.623055724353257],[-79.501318391625986,43.622589432937083],[-79.502292364304225,43.620801408655105],[-79.500782770030071,43.61920592429685],[-79.500500996870755,43.618076732809683],[-79.498969121977922,43.617381327915375],[-79.497386840326911,43.618711131113145],[-79.496159110680424,43.618244785783006],[-79.495207454372832,43.619132656318541],[-79.493962880329477,43.619341362572285],[-79.4929943092922,43.620904288289026],[-79.493591326777519,43.621812554119323],[-79.496058129281565,43.622295237922557],[-79.497274727230234,43.623211635468095],[-79.498524972628886,43.622777869011053],[-79.499166885946948,43.621885904474262],[-79.500084956675593,43.622348154018269],[-79.497229874720404,43.625011836149511],[-79.498131166344081,43.626149176813364],[-79.496582289081132,43.626128813374962],[-79.496294955753086,43.62522463847629],[-79.495072718468762,43.624533255287275],[-79.492583337334864,43.624950647531435],[-79.490364265554788,43.626947246963084],[-79.490657148925251,43.627626411073635],[-79.489113876651572,43.627380921715051],[-79.487852185297896,43.628264630405631],[-79.488150687636008,43.628718776527037],[-79.483486907633903,43.62933228513883],[-79.482827697668966,43.630899225920977],[-79.484044260619811,43.631815762578057],[-79.487440804951419,43.632310960333825],[-79.489339103870506,43.630760377530144],[-79.490865567938954,43.63168093739943],[-79.492110407646621,43.631472269179532],[-79.49275251096131,43.63058034471721],[-79.492155423064887,43.629672074774795],[-79.493394595014138,43.629688416235787],[-79.494295880936875,43.630825786210472],[-79.495529463488964,43.631067129448134],[-79.498041499095223,43.629749577127278],[-79.498052708410015,43.629299527220603],[-79.49990586257961,43.629548963474186],[-79.501421277142143,43.630919434788183],[-79.504209484992856,43.630955959031816],[-79.505470998949406,43.630072067501139],[-79.504608570569474,43.627359602866981],[-79.505560223759105,43.626471655158376],[-79.507418894861019,43.626495942950747],[-79.508928844322938,43.628091342833201],[-79.510809795079624,43.627215471220921],[-79.510765340257151,43.62901568176359],[-79.508242472472688,43.630783570311664],[-79.508518877928921,43.632137769153054],[-79.509121802092054,43.632820931163131],[-79.510355488963782,43.633062115719518],[-79.511926768095492,43.6321821900654],[-79.512856194037795,43.63219428723437],[-79.51343142867772,43.634002558963367],[-79.511533634150112,43.635553548565078],[-79.511826796641188,43.636232661458784],[-79.513674678512274,43.636706904209696],[-79.514581997300468,43.637619093554498],[-79.516142259774966,43.637189164316467],[-79.517376065715467,43.637430274586045],[-79.515483802012724,43.638756302329455],[-79.516988730000662,43.64057662624878],[-79.515411758520216,43.641681644431998],[-79.515704992907786,43.642360747723494],[-79.51970556430625,43.643538123959615],[-79.521265946502012,43.643108126864725],[-79.521243863393593,43.644008233963326],[-79.51752542049546,43.643960062409974],[-79.51626932309469,43.644619057075637],[-79.515046463690766,43.643927880868951],[-79.513165044440399,43.644803813129521],[-79.512202094733084,43.646141870377491],[-79.511582334212861,43.646133800851871],[-79.511615677335399,43.644783646558402],[-79.512561957694814,43.644120671462076],[-79.512290967589379,43.642541457163141],[-79.513873565949211,43.64121145723874],[-79.513270505910484,43.640528319294383],[-79.510802813339026,43.640045995817239],[-79.509889954678741,43.639358802926324],[-79.509945575285911,43.637108544635701],[-79.510880634559342,43.636895633017971],[-79.511212694905552,43.635999565303308],[-79.509995628324589,43.635083311365257],[-79.508125554077196,43.635509113214404],[-79.506339076114742,43.632559499816011],[-79.505105416726579,43.632318272260036],[-79.504164827356846,43.632756162978858],[-79.503827098085139,43.633877234834095],[-79.507400052268267,43.639776509549208],[-79.506785932569699,43.639543389471882],[-79.505839663219874,43.640206317374016],[-79.504915697849185,43.639969136150746],[-79.503653964814944,43.640853016958474],[-79.5039358920165,43.641982198700241],[-79.502032008053376,43.643758046154495],[-79.503249122817735,43.644674384339197],[-79.504494192951739,43.644465584937024],[-79.505722518038397,43.644931847283459],[-79.505711359868243,43.645381897533355],[-79.504173152893387,43.644911579794382],[-79.503232357917994,43.645349458968134],[-79.502894534391359,43.646470524402673],[-79.5034751813821,43.648053814771849],[-79.500979279990716,43.648696399676517],[-79.500331496701008,43.649813390984853],[-79.500934498228958,43.650496595358021],[-79.502478412412842,43.650741933372714],[-79.503036724367774,43.653225323344365],[-79.504575132535535,43.653695658649838],[-79.505172637529213,43.65460386613448],[-79.506716675339135,43.654849148482249],[-79.50756840949488,43.658011641221528],[-79.505664111437838,43.659787538610267],[-79.507180400868336,43.661157939374775],[-79.508420228734565,43.661174127201164],[-79.509643354904682,43.66186537622962]]],[[[-79.578835218225777,43.659820439953002],[-79.580390321211837,43.659614668682558],[-79.581026141131488,43.658947270738928],[-79.580122793667059,43.657810561968603],[-79.578588974209765,43.65711620256377],[-79.578000951004384,43.655758299918347],[-79.579598392387723,43.653752281314176],[-79.579005070295949,43.652619415395975],[-79.580559986241866,43.652413639010753],[-79.58119572623842,43.651746238239909],[-79.580602392672716,43.650613380087378],[-79.579373352533764,43.650147913515539],[-79.578123092888887,43.650582562673669],[-79.576899387500092,43.649892037641102],[-79.575959026680181,43.650330521385186],[-79.57562783958366,43.651226787226797],[-79.574067614157798,43.651657528462117],[-79.57284926442928,43.650741928833099],[-79.571914194670342,43.650955347062961],[-79.569696730136172,43.652953501290312],[-79.569990631505036,43.653632473195586],[-79.571529596306021,43.65410191446],[-79.572432726059404,43.655238688880615],[-79.575510801277574,43.656177486594167],[-79.574869627954087,43.657069885320972],[-79.573945119377242,43.656833255606017],[-79.573004628022474,43.657271712736112],[-79.572972645931102,43.658621900949953],[-79.575740943359278,43.659556823866069],[-79.577611319570039,43.659129920947009],[-79.578835218225777,43.659820439953002]]],[[[-79.600022449048382,43.655354872531149],[-79.600027677933852,43.655129838430305],[-79.601593040310007,43.654473707450066],[-79.606976406704206,43.649587285515537],[-79.607622225915378,43.648469662958789],[-79.607018019984039,43.647787005286141],[-79.605783619677766,43.647546855576472],[-79.604843500013999,43.647985580498066],[-79.598824557165713,43.653539407712088],[-79.598793157729133,43.654889611858827],[-79.600022449048382,43.655354872531149]]],[[[-79.562573879321889,43.652639041986227],[-79.563818926206594,43.65242959592954],[-79.564460210407844,43.651537260081156],[-79.56326883785573,43.649496406444797],[-79.562045328610054,43.648805724888398],[-79.563001861040135,43.647692264261742],[-79.562713432775737,43.646788244394578],[-79.566138294986786,43.646155967632424],[-79.566736664647948,43.647063866198756],[-79.567660994494773,43.647300552163252],[-79.568916601374042,43.646640985912832],[-79.569253202809648,43.645519708361988],[-79.57232540303275,43.646683617506433],[-79.574195400006275,43.646256764394124],[-79.575734212163184,43.646726147485111],[-79.576995034029608,43.6458414588555],[-79.576706403060754,43.644937471259986],[-79.57578738921211,43.644475826202481],[-79.577373972379675,43.642919896398809],[-79.577090660618282,43.641790877020711],[-79.576171691098395,43.641329235424699],[-79.574307183485175,43.641531091386916],[-79.572795153913972,43.639936530453838],[-79.570615486193034,43.640359488926997],[-79.569979753969662,43.641026832173701],[-79.569386733031678,43.639893918084724],[-79.570636829443714,43.639459361527301],[-79.570968021153561,43.638563108486679],[-79.572223408276329,43.637903501914693],[-79.571635705507958,43.63654556663144],[-79.573184902290294,43.636564916830871],[-79.573510715012134,43.635893687520031],[-79.574734100614748,43.636584246042823],[-79.576593140637328,43.636607413393648],[-79.577538589594596,43.635943887727166],[-79.578767328274466,43.636409370991629],[-79.580022586817464,43.635749676716479],[-79.580348319269888,43.635078426714514],[-79.579749857007783,43.634170596388131],[-79.581010353692037,43.633285857160956],[-79.580716420693989,43.632606910903768],[-79.579177925551789,43.632137598181586],[-79.577917426947948,43.633022317330891],[-79.577303092780582,43.632789573137934],[-79.579519549864116,43.630791250836054],[-79.578306834553786,43.629650677726133],[-79.57643207076535,43.630302639601233],[-79.574904304712234,43.629383204933639],[-79.573029513982618,43.630035110628533],[-79.570235927548552,43.630225297696477],[-79.569594962984183,43.631117673500555],[-79.570198577771407,43.631800522825557],[-79.568943297907822,43.632460109288765],[-79.567955055013158,43.634923818264113],[-79.562944140503191,43.637111911324034],[-79.562618203973685,43.63778310864754],[-79.563836138611549,43.638698813590565],[-79.566015790154395,43.638275984128256],[-79.564439761026208,43.639381692600054],[-79.565038040290034,43.640289599821173],[-79.563782526227072,43.640949125414707],[-79.564076305566189,43.641628112183788],[-79.562206385752518,43.642054801046825],[-79.561570543275295,43.642722095781629],[-79.562783193742717,43.6438628432104],[-79.564957682213787,43.643665068039098],[-79.56338149053434,43.644770758682618],[-79.560897076644025,43.644964601780224],[-79.55937994433981,43.643594898682444],[-79.557819807648642,43.644025419779737],[-79.55689556844797,43.643788655320769],[-79.555944379939731,43.644677034659566],[-79.554710261096915,43.64443633686983],[-79.553769829823111,43.644874637370428],[-79.553726630549605,43.646674876980583],[-79.550926812389832,43.647089609644965],[-79.550633157100663,43.646410591401199],[-79.549404441862592,43.64594480661755],[-79.551279977259085,43.645293300744996],[-79.551606082026666,43.644622138948002],[-79.551002555901874,43.643939194058206],[-79.548213688920768,43.643903802762566],[-79.547925500108761,43.642999748348167],[-79.547006742020429,43.642537875188452],[-79.545756417665828,43.642972169746457],[-79.54541939637501,43.644093372645109],[-79.544196204843104,43.643402503760342],[-79.542635970224865,43.643832816128274],[-79.542342423811689,43.643153777740018],[-79.541108394241874,43.642912934199956],[-79.53829775868607,43.643777416214036],[-79.538270471873702,43.644902558531598],[-79.53605213721697,43.646900049399584],[-79.536650056460957,43.647808099097212],[-79.538199518764941,43.64782792745288],[-79.53911283199983,43.648514899576561],[-79.539738077399846,43.648297791738855],[-79.540336066012529,43.64920582291245],[-79.541570220475592,43.649446676304336],[-79.543456824910038,43.648345244487857],[-79.543500333406357,43.646545013596345],[-79.544391948520087,43.648132059858526],[-79.543739531869008,43.649474337579647],[-79.544027685978548,43.650378401108412],[-79.544946538545645,43.650840298960468],[-79.548665451527299,43.650887584450949],[-79.549878014292943,43.652028466118502],[-79.551449232724096,43.651147998714499],[-79.550867291012565,43.649564934880765],[-79.554297825170991,43.648707987488315],[-79.555184361993639,43.65051998324352],[-79.556733906749642,43.650539561341169],[-79.55705998111732,43.649868384129086],[-79.55953922872024,43.649899657959239],[-79.560762730415917,43.65059036612822],[-79.561344942649143,43.65217338303966],[-79.562573879321889,43.652639041986227]],[[-79.56749016441546,43.641445852752717],[-79.567174951633305,43.641667000059421],[-79.567180300623576,43.641441968613485],[-79.56749016441546,43.641445852752717]],[[-79.573232830565303,43.634539626351916],[-79.572917675212082,43.634760790545847],[-79.572923001484668,43.63453575826297],[-79.573232830565303,43.634539626351916]]],[[[-79.587510155490193,43.646872287374443],[-79.587515429538527,43.64664725414702],[-79.588770810944965,43.645987466532098],[-79.589684683807562,43.646674042173593],[-79.591228892798611,43.646918184869925],[-79.592494750991293,43.645808288540657],[-79.591286751364166,43.644442814907464],[-79.589742605288151,43.644198673749578],[-79.588828768562507,43.643512098783745],[-79.588870914918857,43.641711830615819],[-79.58580919308595,43.64009829775091],[-79.583918320209577,43.64142547751814],[-79.583860165191354,43.643900840928282],[-79.585078549646283,43.644816324629211],[-79.586018758963846,43.644377763353063],[-79.586633244954115,43.644610462304946],[-79.5859818031565,43.645952995358314],[-79.587510155490193,43.646872287374443]]],[[[-79.498065426867967,43.641229909250988],[-79.499620294140328,43.641025233506362],[-79.50025679464477,43.64035829291398],[-79.49967070082883,43.639000011172449],[-79.500605823614791,43.638787184645658],[-79.50062821077556,43.637887085165474],[-79.501889923988031,43.637003237064576],[-79.501596870632227,43.636324100332175],[-79.500678578095261,43.635861860781127],[-79.499433674420004,43.636070621297122],[-79.498842035585668,43.634937360044987],[-79.497292932120246,43.634917002992701],[-79.496385918267876,43.634004680345313],[-79.494194730062887,43.634876225935919],[-79.492358319472146,43.63395162272672],[-79.490499431433093,43.633927086753125],[-79.490533232344276,43.632576942590006],[-79.48931091611631,43.631885497429316],[-79.488375863737787,43.632098232759049],[-79.486776014828649,43.634102947768802],[-79.485531103694711,43.634311556723127],[-79.484894508230113,43.634978414531687],[-79.485491536025606,43.635886720763978],[-79.486725183700784,43.636128159832431],[-79.485767449121226,43.63724096633814],[-79.4860546761156,43.638145164394246],[-79.487592563731809,43.638615721976272],[-79.492893575421959,43.637335157417908],[-79.492572489851653,43.637781119528775],[-79.49347950040341,43.638693471846217],[-79.495642762300307,43.638947064481123],[-79.495000608767924,43.639839003244639],[-79.495603452395642,43.640522234578711],[-79.498065426867967,43.641229909250988]]],[[[-79.471446834160034,43.639751514079379],[-79.471452540057783,43.639526492293932],[-79.47270330498327,43.639093017265772],[-79.473351475217086,43.637976186379781],[-79.473058741009339,43.63729698123894],[-79.474642048982517,43.635967534153977],[-79.473741064002596,43.634830014491378],[-79.472817313991101,43.634592576596411],[-79.470304537864791,43.635909562246994],[-79.470006137173002,43.635455371522063],[-79.471893571438926,43.634355131332036],[-79.471600870205449,43.633675922541613],[-79.468210109270046,43.6329552331852],[-79.465060493248728,43.634938861497268],[-79.465944136767845,43.636751511182929],[-79.464676182206958,43.637859975873546],[-79.466196711816792,43.639005882424719],[-79.467751617583048,43.638801640968424],[-79.471446834160034,43.639751514079379]]],[[[-79.557623014447572,43.639295868898529],[-79.55762839864407,43.639070838302132],[-79.55888393859712,43.638411380501616],[-79.558627893567362,43.636157165568626],[-79.559562776562245,43.635943852979153],[-79.559888736398108,43.635272664494607],[-79.55805666007754,43.634124071987429],[-79.556855063193581,43.632533214940899],[-79.555931002987933,43.632296444724751],[-79.554675560709086,43.632955872094243],[-79.554653984070598,43.633855994218287],[-79.553403894329307,43.634290376369393],[-79.552431197221765,43.636078850344369],[-79.557623014447572,43.639295868898529]]],[[[-79.530775859964592,43.634451934360889],[-79.532966522578491,43.633579679568498],[-79.533298236775167,43.632683542264196],[-79.531798480143664,43.63063839815085],[-79.530636030845088,43.627472076586372],[-79.529098073553243,43.627002096642656],[-79.527831471126262,43.628111283349433],[-79.528999273303683,43.631052603132687],[-79.527749064945141,43.631486703059124],[-79.527422771364115,43.632157795513869],[-79.530775859964592,43.634451934360889]]],[[[-79.359174743960438,43.630991655071696],[-79.359180866974739,43.630766645160826],[-79.360748112568729,43.630113841704393],[-79.36267397370726,43.627665371449389],[-79.360244815514832,43.625829761036222],[-79.359011924643539,43.625586967477794],[-79.357438651582697,43.62646475908145],[-79.356776221274089,43.628030922221363],[-79.35799077132468,43.628948770054059],[-79.357947880375619,43.630523838792442],[-79.359174743960438,43.630991655071696]]],[[[-79.486027371450817,43.626889880994462],[-79.487277771337006,43.626456240153487],[-79.487615761576734,43.625335219680167],[-79.483346891132086,43.622577467361886],[-79.484000335330066,43.621235543675184],[-79.483397811632813,43.620552253643687],[-79.482474238571228,43.620314895882913],[-79.480897187909392,43.621419440082263],[-79.479663864582662,43.621177942256153],[-79.478092418180296,43.622057423250851],[-79.477765629843248,43.622728367636789],[-79.479291713019904,43.623649077773649],[-79.478970603596451,43.624095002294943],[-79.479573110762587,43.62477831504156],[-79.481116274303133,43.625023931806105],[-79.482366668949595,43.624590344514658],[-79.486027371450817,43.626889880994462]]],[[[-79.48986303166572,43.622213551676595],[-79.48986866538587,43.621988527276301],[-79.492059440409861,43.621117056822364],[-79.493332159778163,43.619783247853732],[-79.493067387412481,43.61797896545572],[-79.492149437599423,43.617516660945],[-79.490904887392631,43.617725334284096],[-79.490307949501982,43.616817054969943],[-79.492808250985931,43.615949657179485],[-79.494345632606041,43.616420118180365],[-79.495595756073058,43.615986381528941],[-79.498659391291199,43.617377259823613],[-79.499920695438234,43.616493424587787],[-79.499030705351672,43.614906046532326],[-79.499064292976669,43.613555892567796],[-79.500308730985751,43.613347128565728],[-79.500950514022549,43.612455150746982],[-79.497290090255547,43.610156091135671],[-79.496704338422333,43.60879779245186],[-79.498303166940758,43.606792915321634],[-79.49985714266117,43.606588222272613],[-79.501129376731541,43.60525431623671],[-79.504867704775634,43.60440288045848],[-79.50639375563955,43.605323230812019],[-79.5073283309397,43.605110340184602],[-79.508921150537176,43.603330333778011],[-79.508628170729196,43.60265121241369],[-79.510491663935952,43.602450412562071],[-79.51114427843693,43.601108317248695],[-79.513007716612179,43.600907475511207],[-79.513654717292695,43.599790392168707],[-79.516120796638333,43.600272634075971],[-79.517016563129104,43.601634858337327],[-79.51824964960575,43.601875950262468],[-79.519200693008315,43.600987876490812],[-79.521993050561932,43.600798918986236],[-79.522656406328565,43.599006696370594],[-79.523601836236779,43.598343612726254],[-79.525111535104998,43.599938802465616],[-79.526355608599189,43.599729749056699],[-79.527311989471357,43.598616576164304],[-79.529468496955673,43.599094541035683],[-79.531646933731693,43.59867234733683],[-79.532304508668943,43.59710509336773],[-79.531712610085165,43.595971991457517],[-79.533255271373037,43.596216897912448],[-79.534151370446111,43.597578993444095],[-79.535699541538904,43.597598837589409],[-79.536335177521508,43.596931678999262],[-79.536052829516677,43.595802562949153],[-79.536998064115167,43.595139365325892],[-79.536699349970931,43.594685341353838],[-79.538269240364528,43.593805028195327],[-79.537693608794456,43.591996864040787],[-79.534000195420063,43.591049152059306],[-79.53249047450096,43.589454077151998],[-79.531556226259767,43.589667178821585],[-79.530904192966219,43.591009401517844],[-79.529676752281219,43.59054341840811],[-79.528742477770137,43.590756496655672],[-79.528084884503002,43.592323731487333],[-79.526216263100636,43.592749853141335],[-79.526183306875183,43.594100028682419],[-79.524613236942912,43.594980173153338],[-79.525210488947067,43.595888280928001],[-79.52582973737205,43.595896269286378],[-79.525199495094071,43.596338339027774],[-79.522445902636349,43.594952176633079],[-79.520577162069756,43.595378204162444],[-79.52025099537758,43.596049281906339],[-79.51903457819752,43.595133127583587],[-79.517171336180652,43.595334070633612],[-79.516585268903029,43.593975866077265],[-79.515357883227466,43.593509730137228],[-79.51409729000288,43.59439374935144],[-79.514075137544964,43.595293861229152],[-79.51525827671847,43.597560235339387],[-79.512145328929321,43.59819505545498],[-79.50877826637111,43.596575477188168],[-79.509414184717485,43.595908472346444],[-79.508811614586804,43.595225312868187],[-79.509137902850611,43.594554269448174],[-79.507921687057475,43.593637999477686],[-79.502658323177386,43.593569169885555],[-79.501707160045058,43.594457105281435],[-79.500463117715881,43.594665890899151],[-79.499827115302139,43.595332844829052],[-79.50011996220654,43.596011987647188],[-79.502580190554454,43.596719544842564],[-79.500677732076397,43.598495403454898],[-79.501252306406741,43.600303736888165],[-79.499698497296833,43.600508451543277],[-79.49937207082921,43.6011794653447],[-79.496878081206305,43.601821993258959],[-79.496534800960021,43.603168075853858],[-79.497126100988623,43.60430135000351],[-79.495262511991726,43.604501930375299],[-79.493747886584828,43.603131382944177],[-79.492177117414286,43.604011070143223],[-79.493038679386373,43.606723626339694],[-79.492070296203934,43.60828655017032],[-79.492960008817263,43.609873980124],[-79.491405927358869,43.610078577697877],[-79.490764030942003,43.610970500585815],[-79.492903807745137,43.612124231690451],[-79.491969075482444,43.612337001778407],[-79.490741517684143,43.611870600242831],[-79.489834941282439,43.610958228531757],[-79.488900217069968,43.611170973666425],[-79.488252634156908,43.612287906229156],[-79.487329166529037,43.612050588941905],[-79.485133008993287,43.61314699814033],[-79.484153007970278,43.615159896948064],[-79.484738533231265,43.616518255265866],[-79.485977430795117,43.616534673207056],[-79.485622517970256,43.618330763151128],[-79.484665055044132,43.619443567610368],[-79.484957839729546,43.620122745719073],[-79.487103466145697,43.621051562721789],[-79.487728603489785,43.620834737005929],[-79.488325540255161,43.621743029188174],[-79.48986303166572,43.622213551676595]]],[[[-79.376218019325989,43.619529971761892],[-79.378100562197886,43.618656309111429],[-79.378446572502511,43.617310628463898],[-79.380001178666433,43.617107576147554],[-79.380286724819285,43.618012016898604],[-79.381513517160187,43.618479593051831],[-79.383414041972628,43.616930801820516],[-79.382818746678169,43.616021986243155],[-79.380978623734123,43.615320638835726],[-79.380407541846864,43.613511759327281],[-79.37949054913787,43.613048564067149],[-79.37793604647247,43.613251611188453],[-79.377298508126572,43.61391785689144],[-79.378185253080972,43.615506132976648],[-79.376940387074939,43.615713559757225],[-79.376296754971193,43.616604811446862],[-79.374742150844341,43.616807813391915],[-79.374104538996065,43.617474039731718],[-79.37499124860561,43.619062339149934],[-79.376218019325989,43.619529971761892]]],[[[-79.509438844316193,43.619994435992858],[-79.509444404592671,43.619769409487461],[-79.510379195008795,43.619556497502245],[-79.510716715546337,43.618435400653922],[-79.508670930061626,43.613456543971743],[-79.507133506346051,43.612986274926826],[-79.505872380430816,43.613870192881222],[-79.506159808562714,43.614774346732183],[-79.50396946272356,43.615646094709973],[-79.502685895272066,43.617430079585588],[-79.505434457532942,43.619041747192199],[-79.507923512377687,43.618624069788552],[-79.508210992100871,43.619528218521353],[-79.509438844316193,43.619994435992858]]],[[[-79.557156571492655,43.619931476326698],[-79.557161953792559,43.619706445011417],[-79.561519934365208,43.6188609781492],[-79.562780367348921,43.617976436957633],[-79.562193060879096,43.616618454155244],[-79.559752781779906,43.615012034623028],[-79.558818225810612,43.615225354051567],[-79.557899799461964,43.614763571015118],[-79.556639364709,43.615648058800318],[-79.557231918019525,43.616781037054992],[-79.556286556017369,43.617444397962224],[-79.55562936464878,43.619011790114946],[-79.557156571492655,43.619931476326698]]],[[[-79.533415272241285,43.615127322811375],[-79.533420742168488,43.614902293678568],[-79.536224628426112,43.614262938789814],[-79.536257383198375,43.612912761950099],[-79.539104733115238,43.610473096748429],[-79.5385016816861,43.609790088691057],[-79.537268347562332,43.609549212169718],[-79.533214957881697,43.610622764379073],[-79.532633859857171,43.609039609100407],[-79.531096352309078,43.60856966102051],[-79.529835664397979,43.609453850380334],[-79.530720915686246,43.6112660293958],[-79.529769873167183,43.612154197594563],[-79.531600742529278,43.613303230773134],[-79.531883080025068,43.614432354445526],[-79.533415272241285,43.615127322811375]]],[[[-79.543092818404901,43.612099697306903],[-79.543098251671495,43.611874667082802],[-79.544032807580336,43.611661476134685],[-79.544358800660376,43.610990329758557],[-79.546515891339851,43.61146798007605],[-79.548080670835148,43.610812569476934],[-79.548091499624661,43.610362507920982],[-79.550264818269369,43.610164994941705],[-79.550590733972967,43.609493829533143],[-79.551818723641617,43.609959594191352],[-79.552758617590285,43.609521299734794],[-79.552801789775671,43.607721049150292],[-79.554366405027537,43.607065549753742],[-79.554393355832772,43.605940391925273],[-79.551937516426662,43.605008906069173],[-79.55038914412863,43.604989279176344],[-79.54850404028285,43.606090854337133],[-79.548216012681152,43.605186797316144],[-79.549503385202598,43.60317724358341],[-79.5507312389296,43.603643018506212],[-79.551671040944669,43.603204731255332],[-79.552637808910632,43.601641278246795],[-79.552338945165289,43.60118729355505],[-79.553284090296629,43.600523960513556],[-79.552686368039446,43.599615993602853],[-79.551143534443412,43.599371347252287],[-79.546786833675355,43.600216438960736],[-79.545884988878484,43.599079469565908],[-79.544651840890808,43.598838674952219],[-79.542766829948121,43.599940157861042],[-79.543358974496229,43.601073205230783],[-79.534954666797006,43.602766589686304],[-79.532450026371663,43.60385995736943],[-79.532123942399977,43.60453106925641],[-79.532726869779708,43.605214109808401],[-79.535513929537672,43.605249853851987],[-79.535807225583355,43.60592891045895],[-79.537045934549653,43.605944771915944],[-79.538268294068402,43.606635709853343],[-79.540452389415094,43.605988321740924],[-79.541441243811903,43.603524847605975],[-79.543000436403091,43.60309453404961],[-79.543603474498312,43.603777518919784],[-79.544836718388254,43.604018326005068],[-79.545727770176441,43.605605364975787],[-79.544494490211378,43.605364567064143],[-79.542000780511856,43.606008083573101],[-79.541365108036118,43.606675272180532],[-79.541642163305312,43.608029405380584],[-79.539745916710643,43.609580892083294],[-79.540338093886533,43.610713953783879],[-79.541576903556447,43.610729767520709],[-79.541864855482416,43.611633839393029],[-79.543092818404901,43.612099697306903]]],[[[-79.54354899356089,43.593197125593818],[-79.543554421545679,43.592972094577242],[-79.545417514113623,43.59277071904593],[-79.546693871462566,43.591211253010719],[-79.548252708157676,43.590780861897649],[-79.547991805178029,43.588751644931151],[-79.546161348926546,43.587602875637963],[-79.544298418430884,43.587804265754222],[-79.543081792277775,43.586888363295962],[-79.541832604350262,43.587322634867547],[-79.540914730387442,43.586860720961582],[-79.539654645228893,43.587745030329636],[-79.540545330956633,43.589332108776802],[-79.539611111279669,43.58954527672482],[-79.539279744584618,43.590441443592468],[-79.540805985205935,43.59136133904299],[-79.542994927240969,43.590488861518274],[-79.541718491223932,43.592048285302155],[-79.54354899356089,43.593197125593818]]],[[[-79.426887453133702,43.767451329290814],[-79.424069378158904,43.768312870859383],[-79.423741149300795,43.76898362297019],[-79.42464902369764,43.76989651550042],[-79.421830802307099,43.770757999282104],[-79.421502534444059,43.771428744104838],[-79.422105809459609,43.772112355295967],[-79.424589946897839,43.772146631520783],[-79.425497880889807,43.773059517733252],[-79.427366913791332,43.772860163284442],[-79.428280795668499,43.773548016222627],[-79.429856976877019,43.772669313524446],[-79.429593570150118,43.770864949357183],[-79.43084150128422,43.770657000177032],[-79.431480168326758,43.769990489494944],[-79.430888573327451,43.768856901565243],[-79.429025566316952,43.768831303649627],[-79.426887453133702,43.767451329290814]]]]},"properties":{"OBJECTID":3,"FacilityID":null,"Name":"0 - 5","FromBreak":0,"ToBreak":5,"Shape_Length":1205256.0971089287,"Shape_Area":219097500}}]
}